compound_sequence,pit_laps,total_time
"('SOFT',)",[],51.867332
"('MEDIUM',)",[],41.962868
"('HARD',)",[],56.698895
"('SOFT', 'SOFT')",[10],72.29768
"('SOFT', 'SOFT')",[11],72.33269
"('SOFT', 'SOFT')",[12],72.36768
"('SOFT', 'SOFT')",[13],72.40269
"('SOFT', 'SOFT')",[14],72.43768
"('SOFT', 'SOFT')",[15],72.47269
"('SOFT', 'SOFT')",[16],72.50768
"('SOFT', 'SOFT')",[17],72.54269
"('SOFT', 'SOFT')",[18],72.57768
"('SOFT', 'SOFT')",[19],72.612686
"('SOFT', 'SOFT')",[20],72.64769
"('SOFT', 'SOFT')",[21],72.682686
"('SOFT', 'SOFT')",[22],72.71768
"('SOFT', 'SOFT')",[23],72.752686
"('SOFT', 'SOFT')",[24],72.78769
"('SOFT', 'SOFT')",[25],72.822685
"('SOFT', 'SOFT')",[26],72.85768
"('SOFT', 'SOFT')",[27],72.892685
"('SOFT', 'SOFT')",[28],72.92769
"('SOFT', 'SOFT')",[29],72.962685
"('SOFT', 'SOFT')",[30],72.99768
"('SOFT', 'SOFT')",[31],73.032684
"('SOFT', 'SOFT')",[32],73.06769
"('SOFT', 'SOFT')",[33],73.10268
"('SOFT', 'SOFT')",[34],73.13768
"('SOFT', 'SOFT')",[35],73.17268
"('SOFT', 'SOFT')",[36],73.20769
"('SOFT', 'SOFT')",[37],73.24269
"('SOFT', 'SOFT')",[38],73.27769
"('SOFT', 'SOFT')",[39],73.31268
"('SOFT', 'SOFT')",[40],73.34769
"('SOFT', 'SOFT')",[41],73.38269
"('SOFT', 'SOFT')",[42],73.41769
"('SOFT', 'SOFT')",[43],73.45268
"('SOFT', 'SOFT')",[44],73.487686
"('SOFT', 'SOFT')",[45],73.52268
"('SOFT', 'SOFT')",[46],73.557686
"('SOFT', 'MEDIUM')",[10],64.12111
"('SOFT', 'MEDIUM')",[11],64.330086
"('SOFT', 'MEDIUM')",[12],64.53905
"('SOFT', 'MEDIUM')",[13],64.748024
"('SOFT', 'MEDIUM')",[14],64.956985
"('SOFT', 'MEDIUM')",[15],65.16596
"('SOFT', 'MEDIUM')",[16],65.37492
"('SOFT', 'MEDIUM')",[17],65.5839
"('SOFT', 'MEDIUM')",[18],65.79287
"('SOFT', 'MEDIUM')",[19],66.00185
"('SOFT', 'MEDIUM')",[20],66.210815
"('SOFT', 'MEDIUM')",[21],66.419785
"('SOFT', 'MEDIUM')",[22],66.62875
"('SOFT', 'MEDIUM')",[23],66.83772
"('SOFT', 'MEDIUM')",[24],67.04669
"('SOFT', 'MEDIUM')",[25],67.25566
"('SOFT', 'MEDIUM')",[26],67.46463
"('SOFT', 'MEDIUM')",[27],67.6736
"('SOFT', 'MEDIUM')",[28],67.88257
"('SOFT', 'MEDIUM')",[29],68.09154
"('SOFT', 'MEDIUM')",[30],68.30051
"('SOFT', 'MEDIUM')",[31],68.509476
"('SOFT', 'MEDIUM')",[32],68.718445
"('SOFT', 'MEDIUM')",[33],68.92741
"('SOFT', 'MEDIUM')",[34],69.136375
"('SOFT', 'MEDIUM')",[35],69.34535
"('SOFT', 'MEDIUM')",[36],69.55432
"('SOFT', 'MEDIUM')",[37],69.7633
"('SOFT', 'MEDIUM')",[38],69.972275
"('SOFT', 'MEDIUM')",[39],70.181244
"('SOFT', 'MEDIUM')",[40],70.390205
"('SOFT', 'MEDIUM')",[41],70.59918
"('SOFT', 'MEDIUM')",[42],70.80815
"('SOFT', 'MEDIUM')",[43],71.01712
"('SOFT', 'MEDIUM')",[44],71.22609
"('SOFT', 'MEDIUM')",[45],71.43505
"('SOFT', 'MEDIUM')",[46],71.64403
"('SOFT', 'HARD')",[10],76.271866
"('SOFT', 'HARD')",[11],76.22231
"('SOFT', 'HARD')",[12],76.17275
"('SOFT', 'HARD')",[13],76.1232
"('SOFT', 'HARD')",[14],76.07364
"('SOFT', 'HARD')",[15],76.024086
"('SOFT', 'HARD')",[16],75.974525
"('SOFT', 'HARD')",[17],75.92497
"('SOFT', 'HARD')",[18],75.87541
"('SOFT', 'HARD')",[19],75.82586
"('SOFT', 'HARD')",[20],75.7763
"('SOFT', 'HARD')",[21],75.726746
"('SOFT', 'HARD')",[22],75.677185
"('SOFT', 'HARD')",[23],75.627625
"('SOFT', 'HARD')",[24],75.57807
"('SOFT', 'HARD')",[25],75.52852
"('SOFT', 'HARD')",[26],75.47896
"('SOFT', 'HARD')",[27],75.4294
"('SOFT', 'HARD')",[28],75.379845
"('SOFT', 'HARD')",[29],75.33029
"('SOFT', 'HARD')",[30],75.28073
"('SOFT', 'HARD')",[31],75.23117
"('SOFT', 'HARD')",[32],75.18162
"('SOFT', 'HARD')",[33],75.13206
"('SOFT', 'HARD')",[34],75.082504
"('SOFT', 'HARD')",[35],75.03294
"('SOFT', 'HARD')",[36],74.98339
"('SOFT', 'HARD')",[37],74.93384
"('SOFT', 'HARD')",[38],74.88428
"('SOFT', 'HARD')",[39],74.83472
"('SOFT', 'HARD')",[40],74.78516
"('SOFT', 'HARD')",[41],74.7356
"('SOFT', 'HARD')",[42],74.686035
"('SOFT', 'HARD')",[43],74.636475
"('SOFT', 'HARD')",[44],74.58693
"('SOFT', 'HARD')",[45],74.53736
"('SOFT', 'HARD')",[46],74.48781
"('MEDIUM', 'SOFT')",[10],70.74376
"('MEDIUM', 'SOFT')",[11],70.6048
"('MEDIUM', 'SOFT')",[12],70.46582
"('MEDIUM', 'SOFT')",[13],70.32686
"('MEDIUM', 'SOFT')",[14],70.18788
"('MEDIUM', 'SOFT')",[15],70.04892
"('MEDIUM', 'SOFT')",[16],69.90994
"('MEDIUM', 'SOFT')",[17],69.77098
"('MEDIUM', 'SOFT')",[18],69.632
"('MEDIUM', 'SOFT')",[19],69.493034
"('MEDIUM', 'SOFT')",[20],69.354065
"('MEDIUM', 'SOFT')",[21],69.215096
"('MEDIUM', 'SOFT')",[22],69.076126
"('MEDIUM', 'SOFT')",[23],68.93716
"('MEDIUM', 'SOFT')",[24],68.79819
"('MEDIUM', 'SOFT')",[25],68.65922
"('MEDIUM', 'SOFT')",[26],68.52025
"('MEDIUM', 'SOFT')",[27],68.38128
"('MEDIUM', 'SOFT')",[28],68.24231
"('MEDIUM', 'SOFT')",[29],68.10334
"('MEDIUM', 'SOFT')",[30],67.96437
"('MEDIUM', 'SOFT')",[31],67.8254
"('MEDIUM', 'SOFT')",[32],67.68643
"('MEDIUM', 'SOFT')",[33],67.54746
"('MEDIUM', 'SOFT')",[34],67.40849
"('MEDIUM', 'SOFT')",[35],67.26952
"('MEDIUM', 'SOFT')",[36],67.130554
"('MEDIUM', 'SOFT')",[37],66.99158
"('MEDIUM', 'SOFT')",[38],66.85261
"('MEDIUM', 'SOFT')",[39],66.71364
"('MEDIUM', 'SOFT')",[40],66.57467
"('MEDIUM', 'SOFT')",[41],66.4357
"('MEDIUM', 'SOFT')",[42],66.29673
"('MEDIUM', 'SOFT')",[43],66.15776
"('MEDIUM', 'SOFT')",[44],66.01878
"('MEDIUM', 'SOFT')",[45],65.87982
"('MEDIUM', 'SOFT')",[46],65.74085
"('MEDIUM', 'MEDIUM')",[10],62.56719
"('MEDIUM', 'MEDIUM')",[11],62.60219
"('MEDIUM', 'MEDIUM')",[12],62.637188
"('MEDIUM', 'MEDIUM')",[13],62.672188
"('MEDIUM', 'MEDIUM')",[14],62.707188
"('MEDIUM', 'MEDIUM')",[15],62.742188
"('MEDIUM', 'MEDIUM')",[16],62.777187
"('MEDIUM', 'MEDIUM')",[17],62.81219
"('MEDIUM', 'MEDIUM')",[18],62.84719
"('MEDIUM', 'MEDIUM')",[19],62.88219
"('MEDIUM', 'MEDIUM')",[20],62.91719
"('MEDIUM', 'MEDIUM')",[21],62.95219
"('MEDIUM', 'MEDIUM')",[22],62.98719
"('MEDIUM', 'MEDIUM')",[23],63.02219
"('MEDIUM', 'MEDIUM')",[24],63.05719
"('MEDIUM', 'MEDIUM')",[25],63.09219
"('MEDIUM', 'MEDIUM')",[26],63.12719
"('MEDIUM', 'MEDIUM')",[27],63.16219
"('MEDIUM', 'MEDIUM')",[28],63.19719
"('MEDIUM', 'MEDIUM')",[29],63.23219
"('MEDIUM', 'MEDIUM')",[30],63.26719
"('MEDIUM', 'MEDIUM')",[31],63.30219
"('MEDIUM', 'MEDIUM')",[32],63.33719
"('MEDIUM', 'MEDIUM')",[33],63.37219
"('MEDIUM', 'MEDIUM')",[34],63.40719
"('MEDIUM', 'MEDIUM')",[35],63.44219
"('MEDIUM', 'MEDIUM')",[36],63.477192
"('MEDIUM', 'MEDIUM')",[37],63.51219
"('MEDIUM', 'MEDIUM')",[38],63.54719
"('MEDIUM', 'MEDIUM')",[39],63.58219
"('MEDIUM', 'MEDIUM')",[40],63.61719
"('MEDIUM', 'MEDIUM')",[41],63.65219
"('MEDIUM', 'MEDIUM')",[42],63.68719
"('MEDIUM', 'MEDIUM')",[43],63.722187
"('MEDIUM', 'MEDIUM')",[44],63.757187
"('MEDIUM', 'MEDIUM')",[45],63.79219
"('MEDIUM', 'MEDIUM')",[46],63.82719
"('MEDIUM', 'HARD')",[10],74.71794
"('MEDIUM', 'HARD')",[11],74.494415
"('MEDIUM', 'HARD')",[12],74.27089
"('MEDIUM', 'HARD')",[13],74.04736
"('MEDIUM', 'HARD')",[14],73.82384
"('MEDIUM', 'HARD')",[15],73.60031
"('MEDIUM', 'HARD')",[16],73.376785
"('MEDIUM', 'HARD')",[17],73.15326
"('MEDIUM', 'HARD')",[18],72.92973
"('MEDIUM', 'HARD')",[19],72.70621
"('MEDIUM', 'HARD')",[20],72.48268
"('MEDIUM', 'HARD')",[21],72.259155
"('MEDIUM', 'HARD')",[22],72.03563
"('MEDIUM', 'HARD')",[23],71.8121
"('MEDIUM', 'HARD')",[24],71.58858
"('MEDIUM', 'HARD')",[25],71.36505
"('MEDIUM', 'HARD')",[26],71.141525
"('MEDIUM', 'HARD')",[27],70.918
"('MEDIUM', 'HARD')",[28],70.69447
"('MEDIUM', 'HARD')",[29],70.47095
"('MEDIUM', 'HARD')",[30],70.24742
"('MEDIUM', 'HARD')",[31],70.023895
"('MEDIUM', 'HARD')",[32],69.80037
"('MEDIUM', 'HARD')",[33],69.57684
"('MEDIUM', 'HARD')",[34],69.35332
"('MEDIUM', 'HARD')",[35],69.12979
"('MEDIUM', 'HARD')",[36],68.906265
"('MEDIUM', 'HARD')",[37],68.68273
"('MEDIUM', 'HARD')",[38],68.4592
"('MEDIUM', 'HARD')",[39],68.23567
"('MEDIUM', 'HARD')",[40],68.012146
"('MEDIUM', 'HARD')",[41],67.78861
"('MEDIUM', 'HARD')",[42],67.56508
"('MEDIUM', 'HARD')",[43],67.34155
"('MEDIUM', 'HARD')",[44],67.11803
"('MEDIUM', 'HARD')",[45],66.8945
"('MEDIUM', 'HARD')",[46],66.670975
"('HARD', 'SOFT')",[10],73.0705
"('HARD', 'SOFT')",[11],73.19006
"('HARD', 'SOFT')",[12],73.30962
"('HARD', 'SOFT')",[13],73.429184
"('HARD', 'SOFT')",[14],73.54874
"('HARD', 'SOFT')",[15],73.66829
"('HARD', 'SOFT')",[16],73.78785
"('HARD', 'SOFT')",[17],73.90741
"('HARD', 'SOFT')",[18],74.02696
"('HARD', 'SOFT')",[19],74.146515
"('HARD', 'SOFT')",[20],74.26608
"('HARD', 'SOFT')",[21],74.385635
"('HARD', 'SOFT')",[22],74.50519
"('HARD', 'SOFT')",[23],74.62475
"('HARD', 'SOFT')",[24],74.74431
"('HARD', 'SOFT')",[25],74.86386
"('HARD', 'SOFT')",[26],74.98341
"('HARD', 'SOFT')",[27],75.102974
"('HARD', 'SOFT')",[28],75.222534
"('HARD', 'SOFT')",[29],75.34209
"('HARD', 'SOFT')",[30],75.46165
"('HARD', 'SOFT')",[31],75.5812
"('HARD', 'SOFT')",[32],75.70076
"('HARD', 'SOFT')",[33],75.82031
"('HARD', 'SOFT')",[34],75.939865
"('HARD', 'SOFT')",[35],76.059425
"('HARD', 'SOFT')",[36],76.178986
"('HARD', 'SOFT')",[37],76.29854
"('HARD', 'SOFT')",[38],76.4181
"('HARD', 'SOFT')",[39],76.53766
"('HARD', 'SOFT')",[40],76.65721
"('HARD', 'SOFT')",[41],76.77678
"('HARD', 'SOFT')",[42],76.89633
"('HARD', 'SOFT')",[43],77.0159
"('HARD', 'SOFT')",[44],77.13545
"('HARD', 'SOFT')",[45],77.25501
"('HARD', 'SOFT')",[46],77.374565
"('HARD', 'MEDIUM')",[10],64.893936
"('HARD', 'MEDIUM')",[11],65.18746
"('HARD', 'MEDIUM')",[12],65.48099
"('HARD', 'MEDIUM')",[13],65.77451
"('HARD', 'MEDIUM')",[14],66.06804
"('HARD', 'MEDIUM')",[15],66.361565
"('HARD', 'MEDIUM')",[16],66.65509
"('HARD', 'MEDIUM')",[17],66.94862
"('HARD', 'MEDIUM')",[18],67.24215
"('HARD', 'MEDIUM')",[19],67.535675
"('HARD', 'MEDIUM')",[20],67.82921
"('HARD', 'MEDIUM')",[21],68.12273
"('HARD', 'MEDIUM')",[22],68.41626
"('HARD', 'MEDIUM')",[23],68.70978
"('HARD', 'MEDIUM')",[24],69.00331
"('HARD', 'MEDIUM')",[25],69.29683
"('HARD', 'MEDIUM')",[26],69.59036
"('HARD', 'MEDIUM')",[27],69.88388
"('HARD', 'MEDIUM')",[28],70.177414
"('HARD', 'MEDIUM')",[29],70.47093
"('HARD', 'MEDIUM')",[30],70.764465
"('HARD', 'MEDIUM')",[31],71.05798
"('HARD', 'MEDIUM')",[32],71.35152
"('HARD', 'MEDIUM')",[33],71.64504
"('HARD', 'MEDIUM')",[34],71.93856
"('HARD', 'MEDIUM')",[35],72.232086
"('HARD', 'MEDIUM')",[36],72.52562
"('HARD', 'MEDIUM')",[37],72.819145
"('HARD', 'MEDIUM')",[38],73.112686
"('HARD', 'MEDIUM')",[39],73.406204
"('HARD', 'MEDIUM')",[40],73.69974
"('HARD', 'MEDIUM')",[41],73.99327
"('HARD', 'MEDIUM')",[42],74.28679
"('HARD', 'MEDIUM')",[43],74.58032
"('HARD', 'MEDIUM')",[44],74.873856
"('HARD', 'MEDIUM')",[45],75.16738
"('HARD', 'MEDIUM')",[46],75.46091
"('HARD', 'HARD')",[10],77.04469
"('HARD', 'HARD')",[11],77.07969
"('HARD', 'HARD')",[12],77.114685
"('HARD', 'HARD')",[13],77.14969
"('HARD', 'HARD')",[14],77.18469
"('HARD', 'HARD')",[15],77.21969
"('HARD', 'HARD')",[16],77.25469
"('HARD', 'HARD')",[17],77.28969
"('HARD', 'HARD')",[18],77.32469
"('HARD', 'HARD')",[19],77.35969
"('HARD', 'HARD')",[20],77.39469
"('HARD', 'HARD')",[21],77.42969
"('HARD', 'HARD')",[22],77.46469
"('HARD', 'HARD')",[23],77.499695
"('HARD', 'HARD')",[24],77.53469
"('HARD', 'HARD')",[25],77.56969
"('HARD', 'HARD')",[26],77.60469
"('HARD', 'HARD')",[27],77.639694
"('HARD', 'HARD')",[28],77.67469
"('HARD', 'HARD')",[29],77.70969
"('HARD', 'HARD')",[30],77.74469
"('HARD', 'HARD')",[31],77.77969
"('HARD', 'HARD')",[32],77.81469
"('HARD', 'HARD')",[33],77.84969
"('HARD', 'HARD')",[34],77.88469
"('HARD', 'HARD')",[35],77.91969
"('HARD', 'HARD')",[36],77.95469
"('HARD', 'HARD')",[37],77.989685
"('HARD', 'HARD')",[38],78.02469
"('HARD', 'HARD')",[39],78.05969
"('HARD', 'HARD')",[40],78.09469
"('HARD', 'HARD')",[41],78.12969
"('HARD', 'HARD')",[42],78.16469
"('HARD', 'HARD')",[43],78.19969
"('HARD', 'HARD')",[44],78.234695
"('HARD', 'HARD')",[45],78.26969
"('HARD', 'HARD')",[46],78.30469
"('SOFT', 'SOFT', 'SOFT')","[10, 11]",92.76304
"('SOFT', 'SOFT', 'SOFT')","[10, 12]",92.798035
"('SOFT', 'SOFT', 'SOFT')","[10, 13]",92.83304
"('SOFT', 'SOFT', 'SOFT')","[10, 14]",92.868034
"('SOFT', 'SOFT', 'SOFT')","[10, 15]",92.90304
"('SOFT', 'SOFT', 'SOFT')","[10, 16]",92.938034
"('SOFT', 'SOFT', 'SOFT')","[10, 17]",92.97304
"('SOFT', 'SOFT', 'SOFT')","[10, 18]",93.00803
"('SOFT', 'SOFT', 'SOFT')","[10, 19]",93.04304
"('SOFT', 'SOFT', 'SOFT')","[10, 20]",93.07803
"('SOFT', 'SOFT', 'SOFT')","[10, 21]",93.11304
"('SOFT', 'SOFT', 'SOFT')","[10, 22]",93.14804
"('SOFT', 'SOFT', 'SOFT')","[10, 23]",93.18304
"('SOFT', 'SOFT', 'SOFT')","[10, 24]",93.21803
"('SOFT', 'SOFT', 'SOFT')","[10, 25]",93.25304
"('SOFT', 'SOFT', 'SOFT')","[10, 26]",93.28804
"('SOFT', 'SOFT', 'SOFT')","[10, 27]",93.32304
"('SOFT', 'SOFT', 'SOFT')","[10, 28]",93.35803
"('SOFT', 'SOFT', 'SOFT')","[10, 29]",93.393036
"('SOFT', 'SOFT', 'SOFT')","[10, 30]",93.42804
"('SOFT', 'SOFT', 'SOFT')","[10, 31]",93.463036
"('SOFT', 'SOFT', 'SOFT')","[10, 32]",93.49803
"('SOFT', 'SOFT', 'SOFT')","[10, 33]",93.533035
"('SOFT', 'SOFT', 'SOFT')","[10, 34]",93.56804
"('SOFT', 'SOFT', 'SOFT')","[10, 35]",93.603035
"('SOFT', 'SOFT', 'SOFT')","[10, 36]",93.63803
"('SOFT', 'SOFT', 'SOFT')","[10, 37]",93.673035
"('SOFT', 'SOFT', 'SOFT')","[10, 38]",93.70804
"('SOFT', 'SOFT', 'SOFT')","[10, 39]",93.74304
"('SOFT', 'SOFT', 'SOFT')","[10, 40]",93.778046
"('SOFT', 'SOFT', 'SOFT')","[10, 41]",93.81304
"('SOFT', 'SOFT', 'SOFT')","[10, 42]",93.84804
"('SOFT', 'SOFT', 'SOFT')","[10, 43]",93.88304
"('SOFT', 'SOFT', 'SOFT')","[10, 44]",93.918045
"('SOFT', 'SOFT', 'SOFT')","[10, 45]",93.95304
"('SOFT', 'SOFT', 'SOFT')","[10, 46]",93.98804
"('SOFT', 'SOFT', 'SOFT')","[11, 12]",92.83304
"('SOFT', 'SOFT', 'SOFT')","[11, 13]",92.86804
"('SOFT', 'SOFT', 'SOFT')","[11, 14]",92.90304
"('SOFT', 'SOFT', 'SOFT')","[11, 15]",92.93804
"('SOFT', 'SOFT', 'SOFT')","[11, 16]",92.97304
"('SOFT', 'SOFT', 'SOFT')","[11, 17]",93.00804
"('SOFT', 'SOFT', 'SOFT')","[11, 18]",93.04304
"('SOFT', 'SOFT', 'SOFT')","[11, 19]",93.07804
"('SOFT', 'SOFT', 'SOFT')","[11, 20]",93.11304
"('SOFT', 'SOFT', 'SOFT')","[11, 21]",93.14804
"('SOFT', 'SOFT', 'SOFT')","[11, 22]",93.18304
"('SOFT', 'SOFT', 'SOFT')","[11, 23]",93.21804
"('SOFT', 'SOFT', 'SOFT')","[11, 24]",93.25304
"('SOFT', 'SOFT', 'SOFT')","[11, 25]",93.28804
"('SOFT', 'SOFT', 'SOFT')","[11, 26]",93.323044
"('SOFT', 'SOFT', 'SOFT')","[11, 27]",93.35804
"('SOFT', 'SOFT', 'SOFT')","[11, 28]",93.393036
"('SOFT', 'SOFT', 'SOFT')","[11, 29]",93.42804
"('SOFT', 'SOFT', 'SOFT')","[11, 30]",93.463036
"('SOFT', 'SOFT', 'SOFT')","[11, 31]",93.49804
"('SOFT', 'SOFT', 'SOFT')","[11, 32]",93.533035
"('SOFT', 'SOFT', 'SOFT')","[11, 33]",93.56804
"('SOFT', 'SOFT', 'SOFT')","[11, 34]",93.60304
"('SOFT', 'SOFT', 'SOFT')","[11, 35]",93.63804
"('SOFT', 'SOFT', 'SOFT')","[11, 36]",93.673035
"('SOFT', 'SOFT', 'SOFT')","[11, 37]",93.70804
"('SOFT', 'SOFT', 'SOFT')","[11, 38]",93.743034
"('SOFT', 'SOFT', 'SOFT')","[11, 39]",93.778046
"('SOFT', 'SOFT', 'SOFT')","[11, 40]",93.81305
"('SOFT', 'SOFT', 'SOFT')","[11, 41]",93.84804
"('SOFT', 'SOFT', 'SOFT')","[11, 42]",93.88304
"('SOFT', 'SOFT', 'SOFT')","[11, 43]",93.918045
"('SOFT', 'SOFT', 'SOFT')","[11, 44]",93.95303
"('SOFT', 'SOFT', 'SOFT')","[11, 45]",93.988045
"('SOFT', 'SOFT', 'SOFT')","[11, 46]",94.02304
"('SOFT', 'SOFT', 'SOFT')","[12, 13]",92.90304
"('SOFT', 'SOFT', 'SOFT')","[12, 14]",92.938034
"('SOFT', 'SOFT', 'SOFT')","[12, 15]",92.97304
"('SOFT', 'SOFT', 'SOFT')","[12, 16]",93.00803
"('SOFT', 'SOFT', 'SOFT')","[12, 17]",93.04304
"('SOFT', 'SOFT', 'SOFT')","[12, 18]",93.07803
"('SOFT', 'SOFT', 'SOFT')","[12, 19]",93.11304
"('SOFT', 'SOFT', 'SOFT')","[12, 20]",93.14804
"('SOFT', 'SOFT', 'SOFT')","[12, 21]",93.183044
"('SOFT', 'SOFT', 'SOFT')","[12, 22]",93.21804
"('SOFT', 'SOFT', 'SOFT')","[12, 23]",93.25304
"('SOFT', 'SOFT', 'SOFT')","[12, 24]",93.28804
"('SOFT', 'SOFT', 'SOFT')","[12, 25]",93.323044
"('SOFT', 'SOFT', 'SOFT')","[12, 26]",93.35804
"('SOFT', 'SOFT', 'SOFT')","[12, 27]",93.393036
"('SOFT', 'SOFT', 'SOFT')","[12, 28]",93.42804
"('SOFT', 'SOFT', 'SOFT')","[12, 29]",93.46304
"('SOFT', 'SOFT', 'SOFT')","[12, 30]",93.49804
"('SOFT', 'SOFT', 'SOFT')","[12, 31]",93.533035
"('SOFT', 'SOFT', 'SOFT')","[12, 32]",93.56804
"('SOFT', 'SOFT', 'SOFT')","[12, 33]",93.60304
"('SOFT', 'SOFT', 'SOFT')","[12, 34]",93.63804
"('SOFT', 'SOFT', 'SOFT')","[12, 35]",93.673035
"('SOFT', 'SOFT', 'SOFT')","[12, 36]",93.70804
"('SOFT', 'SOFT', 'SOFT')","[12, 37]",93.74304
"('SOFT', 'SOFT', 'SOFT')","[12, 38]",93.77804
"('SOFT', 'SOFT', 'SOFT')","[12, 39]",93.813034
"('SOFT', 'SOFT', 'SOFT')","[12, 40]",93.84804
"('SOFT', 'SOFT', 'SOFT')","[12, 41]",93.88304
"('SOFT', 'SOFT', 'SOFT')","[12, 42]",93.91804
"('SOFT', 'SOFT', 'SOFT')","[12, 43]",93.95303
"('SOFT', 'SOFT', 'SOFT')","[12, 44]",93.98804
"('SOFT', 'SOFT', 'SOFT')","[12, 45]",94.02304
"('SOFT', 'SOFT', 'SOFT')","[12, 46]",94.05804
"('SOFT', 'SOFT', 'SOFT')","[13, 14]",92.97304
"('SOFT', 'SOFT', 'SOFT')","[13, 15]",93.00804
"('SOFT', 'SOFT', 'SOFT')","[13, 16]",93.04304
"('SOFT', 'SOFT', 'SOFT')","[13, 17]",93.07804
"('SOFT', 'SOFT', 'SOFT')","[13, 18]",93.11304
"('SOFT', 'SOFT', 'SOFT')","[13, 19]",93.14804
"('SOFT', 'SOFT', 'SOFT')","[13, 20]",93.183044
"('SOFT', 'SOFT', 'SOFT')","[13, 21]",93.21805
"('SOFT', 'SOFT', 'SOFT')","[13, 22]",93.253044
"('SOFT', 'SOFT', 'SOFT')","[13, 23]",93.28804
"('SOFT', 'SOFT', 'SOFT')","[13, 24]",93.323044
"('SOFT', 'SOFT', 'SOFT')","[13, 25]",93.35803
"('SOFT', 'SOFT', 'SOFT')","[13, 26]",93.393036
"('SOFT', 'SOFT', 'SOFT')","[13, 27]",93.42804
"('SOFT', 'SOFT', 'SOFT')","[13, 28]",93.46304
"('SOFT', 'SOFT', 'SOFT')","[13, 29]",93.49805
"('SOFT', 'SOFT', 'SOFT')","[13, 30]",93.53304
"('SOFT', 'SOFT', 'SOFT')","[13, 31]",93.56804
"('SOFT', 'SOFT', 'SOFT')","[13, 32]",93.60304
"('SOFT', 'SOFT', 'SOFT')","[13, 33]",93.63803
"('SOFT', 'SOFT', 'SOFT')","[13, 34]",93.673035
"('SOFT', 'SOFT', 'SOFT')","[13, 35]",93.70804
"('SOFT', 'SOFT', 'SOFT')","[13, 36]",93.74304
"('SOFT', 'SOFT', 'SOFT')","[13, 37]",93.778046
"('SOFT', 'SOFT', 'SOFT')","[13, 38]",93.81304
"('SOFT', 'SOFT', 'SOFT')","[13, 39]",93.84804
"('SOFT', 'SOFT', 'SOFT')","[13, 40]",93.88304
"('SOFT', 'SOFT', 'SOFT')","[13, 41]",93.918045
"('SOFT', 'SOFT', 'SOFT')","[13, 42]",93.95304
"('SOFT', 'SOFT', 'SOFT')","[13, 43]",93.98804
"('SOFT', 'SOFT', 'SOFT')","[13, 44]",94.02304
"('SOFT', 'SOFT', 'SOFT')","[13, 45]",94.05804
"('SOFT', 'SOFT', 'SOFT')","[13, 46]",94.09304
"('SOFT', 'SOFT', 'SOFT')","[14, 15]",93.04304
"('SOFT', 'SOFT', 'SOFT')","[14, 16]",93.07803
"('SOFT', 'SOFT', 'SOFT')","[14, 17]",93.11304
"('SOFT', 'SOFT', 'SOFT')","[14, 18]",93.14803
"('SOFT', 'SOFT', 'SOFT')","[14, 19]",93.18304
"('SOFT', 'SOFT', 'SOFT')","[14, 20]",93.21803
"('SOFT', 'SOFT', 'SOFT')","[14, 21]",93.25304
"('SOFT', 'SOFT', 'SOFT')","[14, 22]",93.28804
"('SOFT', 'SOFT', 'SOFT')","[14, 23]",93.32304
"('SOFT', 'SOFT', 'SOFT')","[14, 24]",93.35803
"('SOFT', 'SOFT', 'SOFT')","[14, 25]",93.393036
"('SOFT', 'SOFT', 'SOFT')","[14, 26]",93.42804
"('SOFT', 'SOFT', 'SOFT')","[14, 27]",93.463036
"('SOFT', 'SOFT', 'SOFT')","[14, 28]",93.49803
"('SOFT', 'SOFT', 'SOFT')","[14, 29]",93.533035
"('SOFT', 'SOFT', 'SOFT')","[14, 30]",93.56804
"('SOFT', 'SOFT', 'SOFT')","[14, 31]",93.603035
"('SOFT', 'SOFT', 'SOFT')","[14, 32]",93.63803
"('SOFT', 'SOFT', 'SOFT')","[14, 33]",93.673035
"('SOFT', 'SOFT', 'SOFT')","[14, 34]",93.70804
"('SOFT', 'SOFT', 'SOFT')","[14, 35]",93.743034
"('SOFT', 'SOFT', 'SOFT')","[14, 36]",93.77803
"('SOFT', 'SOFT', 'SOFT')","[14, 37]",93.813034
"('SOFT', 'SOFT', 'SOFT')","[14, 38]",93.84804
"('SOFT', 'SOFT', 'SOFT')","[14, 39]",93.88304
"('SOFT', 'SOFT', 'SOFT')","[14, 40]",93.918045
"('SOFT', 'SOFT', 'SOFT')","[14, 41]",93.95304
"('SOFT', 'SOFT', 'SOFT')","[14, 42]",93.98804
"('SOFT', 'SOFT', 'SOFT')","[14, 43]",94.02304
"('SOFT', 'SOFT', 'SOFT')","[14, 44]",94.058044
"('SOFT', 'SOFT', 'SOFT')","[14, 45]",94.09304
"('SOFT', 'SOFT', 'SOFT')","[14, 46]",94.12804
"('SOFT', 'SOFT', 'SOFT')","[15, 16]",93.11304
"('SOFT', 'SOFT', 'SOFT')","[15, 17]",93.14804
"('SOFT', 'SOFT', 'SOFT')","[15, 18]",93.18304
"('SOFT', 'SOFT', 'SOFT')","[15, 19]",93.21804
"('SOFT', 'SOFT', 'SOFT')","[15, 20]",93.25304
"('SOFT', 'SOFT', 'SOFT')","[15, 21]",93.28804
"('SOFT', 'SOFT', 'SOFT')","[15, 22]",93.32304
"('SOFT', 'SOFT', 'SOFT')","[15, 23]",93.35804
"('SOFT', 'SOFT', 'SOFT')","[15, 24]",93.393036
"('SOFT', 'SOFT', 'SOFT')","[15, 25]",93.42804
"('SOFT', 'SOFT', 'SOFT')","[15, 26]",93.46304
"('SOFT', 'SOFT', 'SOFT')","[15, 27]",93.49804
"('SOFT', 'SOFT', 'SOFT')","[15, 28]",93.533035
"('SOFT', 'SOFT', 'SOFT')","[15, 29]",93.56804
"('SOFT', 'SOFT', 'SOFT')","[15, 30]",93.603035
"('SOFT', 'SOFT', 'SOFT')","[15, 31]",93.63804
"('SOFT', 'SOFT', 'SOFT')","[15, 32]",93.673035
"('SOFT', 'SOFT', 'SOFT')","[15, 33]",93.70804
"('SOFT', 'SOFT', 'SOFT')","[15, 34]",93.74304
"('SOFT', 'SOFT', 'SOFT')","[15, 35]",93.77804
"('SOFT', 'SOFT', 'SOFT')","[15, 36]",93.813034
"('SOFT', 'SOFT', 'SOFT')","[15, 37]",93.84804
"('SOFT', 'SOFT', 'SOFT')","[15, 38]",93.88303
"('SOFT', 'SOFT', 'SOFT')","[15, 39]",93.918045
"('SOFT', 'SOFT', 'SOFT')","[15, 40]",93.95305
"('SOFT', 'SOFT', 'SOFT')","[15, 41]",93.98804
"('SOFT', 'SOFT', 'SOFT')","[15, 42]",94.02304
"('SOFT', 'SOFT', 'SOFT')","[15, 43]",94.058044
"('SOFT', 'SOFT', 'SOFT')","[15, 44]",94.09303
"('SOFT', 'SOFT', 'SOFT')","[15, 45]",94.128044
"('SOFT', 'SOFT', 'SOFT')","[15, 46]",94.16304
"('SOFT', 'SOFT', 'SOFT')","[16, 17]",93.18304
"('SOFT', 'SOFT', 'SOFT')","[16, 18]",93.21803
"('SOFT', 'SOFT', 'SOFT')","[16, 19]",93.25304
"('SOFT', 'SOFT', 'SOFT')","[16, 20]",93.28804
"('SOFT', 'SOFT', 'SOFT')","[16, 21]",93.323044
"('SOFT', 'SOFT', 'SOFT')","[16, 22]",93.35804
"('SOFT', 'SOFT', 'SOFT')","[16, 23]",93.393036
"('SOFT', 'SOFT', 'SOFT')","[16, 24]",93.42804
"('SOFT', 'SOFT', 'SOFT')","[16, 25]",93.46304
"('SOFT', 'SOFT', 'SOFT')","[16, 26]",93.49804
"('SOFT', 'SOFT', 'SOFT')","[16, 27]",93.533035
"('SOFT', 'SOFT', 'SOFT')","[16, 28]",93.56804
"('SOFT', 'SOFT', 'SOFT')","[16, 29]",93.60304
"('SOFT', 'SOFT', 'SOFT')","[16, 30]",93.63804
"('SOFT', 'SOFT', 'SOFT')","[16, 31]",93.673035
"('SOFT', 'SOFT', 'SOFT')","[16, 32]",93.70804
"('SOFT', 'SOFT', 'SOFT')","[16, 33]",93.74304
"('SOFT', 'SOFT', 'SOFT')","[16, 34]",93.77804
"('SOFT', 'SOFT', 'SOFT')","[16, 35]",93.813034
"('SOFT', 'SOFT', 'SOFT')","[16, 36]",93.84804
"('SOFT', 'SOFT', 'SOFT')","[16, 37]",93.88304
"('SOFT', 'SOFT', 'SOFT')","[16, 38]",93.91804
"('SOFT', 'SOFT', 'SOFT')","[16, 39]",93.95303
"('SOFT', 'SOFT', 'SOFT')","[16, 40]",93.98804
"('SOFT', 'SOFT', 'SOFT')","[16, 41]",94.02304
"('SOFT', 'SOFT', 'SOFT')","[16, 42]",94.05804
"('SOFT', 'SOFT', 'SOFT')","[16, 43]",94.09303
"('SOFT', 'SOFT', 'SOFT')","[16, 44]",94.12804
"('SOFT', 'SOFT', 'SOFT')","[16, 45]",94.16304
"('SOFT', 'SOFT', 'SOFT')","[16, 46]",94.19804
"('SOFT', 'SOFT', 'SOFT')","[17, 18]",93.25304
"('SOFT', 'SOFT', 'SOFT')","[17, 19]",93.28804
"('SOFT', 'SOFT', 'SOFT')","[17, 20]",93.323044
"('SOFT', 'SOFT', 'SOFT')","[17, 21]",93.35805
"('SOFT', 'SOFT', 'SOFT')","[17, 22]",93.39304
"('SOFT', 'SOFT', 'SOFT')","[17, 23]",93.42804
"('SOFT', 'SOFT', 'SOFT')","[17, 24]",93.46304
"('SOFT', 'SOFT', 'SOFT')","[17, 25]",93.49803
"('SOFT', 'SOFT', 'SOFT')","[17, 26]",93.533035
"('SOFT', 'SOFT', 'SOFT')","[17, 27]",93.56804
"('SOFT', 'SOFT', 'SOFT')","[17, 28]",93.60304
"('SOFT', 'SOFT', 'SOFT')","[17, 29]",93.63805
"('SOFT', 'SOFT', 'SOFT')","[17, 30]",93.67304
"('SOFT', 'SOFT', 'SOFT')","[17, 31]",93.70804
"('SOFT', 'SOFT', 'SOFT')","[17, 32]",93.74304
"('SOFT', 'SOFT', 'SOFT')","[17, 33]",93.77803
"('SOFT', 'SOFT', 'SOFT')","[17, 34]",93.813034
"('SOFT', 'SOFT', 'SOFT')","[17, 35]",93.84804
"('SOFT', 'SOFT', 'SOFT')","[17, 36]",93.88304
"('SOFT', 'SOFT', 'SOFT')","[17, 37]",93.918045
"('SOFT', 'SOFT', 'SOFT')","[17, 38]",93.95304
"('SOFT', 'SOFT', 'SOFT')","[17, 39]",93.98804
"('SOFT', 'SOFT', 'SOFT')","[17, 40]",94.02304
"('SOFT', 'SOFT', 'SOFT')","[17, 41]",94.058044
"('SOFT', 'SOFT', 'SOFT')","[17, 42]",94.09304
"('SOFT', 'SOFT', 'SOFT')","[17, 43]",94.12804
"('SOFT', 'SOFT', 'SOFT')","[17, 44]",94.16304
"('SOFT', 'SOFT', 'SOFT')","[17, 45]",94.19804
"('SOFT', 'SOFT', 'SOFT')","[17, 46]",94.23304
"('SOFT', 'SOFT', 'SOFT')","[18, 19]",93.32304
"('SOFT', 'SOFT', 'SOFT')","[18, 20]",93.35803
"('SOFT', 'SOFT', 'SOFT')","[18, 21]",93.393036
"('SOFT', 'SOFT', 'SOFT')","[18, 22]",93.42804
"('SOFT', 'SOFT', 'SOFT')","[18, 23]",93.463036
"('SOFT', 'SOFT', 'SOFT')","[18, 24]",93.49803
"('SOFT', 'SOFT', 'SOFT')","[18, 25]",93.533035
"('SOFT', 'SOFT', 'SOFT')","[18, 26]",93.56804
"('SOFT', 'SOFT', 'SOFT')","[18, 27]",93.603035
"('SOFT', 'SOFT', 'SOFT')","[18, 28]",93.63803
"('SOFT', 'SOFT', 'SOFT')","[18, 29]",93.673035
"('SOFT', 'SOFT', 'SOFT')","[18, 30]",93.70804
"('SOFT', 'SOFT', 'SOFT')","[18, 31]",93.743034
"('SOFT', 'SOFT', 'SOFT')","[18, 32]",93.77803
"('SOFT', 'SOFT', 'SOFT')","[18, 33]",93.813034
"('SOFT', 'SOFT', 'SOFT')","[18, 34]",93.84804
"('SOFT', 'SOFT', 'SOFT')","[18, 35]",93.88303
"('SOFT', 'SOFT', 'SOFT')","[18, 36]",93.91803
"('SOFT', 'SOFT', 'SOFT')","[18, 37]",93.95303
"('SOFT', 'SOFT', 'SOFT')","[18, 38]",93.98804
"('SOFT', 'SOFT', 'SOFT')","[18, 39]",94.02304
"('SOFT', 'SOFT', 'SOFT')","[18, 40]",94.058044
"('SOFT', 'SOFT', 'SOFT')","[18, 41]",94.09304
"('SOFT', 'SOFT', 'SOFT')","[18, 42]",94.12804
"('SOFT', 'SOFT', 'SOFT')","[18, 43]",94.16304
"('SOFT', 'SOFT', 'SOFT')","[18, 44]",94.198044
"('SOFT', 'SOFT', 'SOFT')","[18, 45]",94.23304
"('SOFT', 'SOFT', 'SOFT')","[18, 46]",94.268036
"('SOFT', 'SOFT', 'SOFT')","[19, 20]",93.393036
"('SOFT', 'SOFT', 'SOFT')","[19, 21]",93.42804
"('SOFT', 'SOFT', 'SOFT')","[19, 22]",93.463036
"('SOFT', 'SOFT', 'SOFT')","[19, 23]",93.49804
"('SOFT', 'SOFT', 'SOFT')","[19, 24]",93.533035
"('SOFT', 'SOFT', 'SOFT')","[19, 25]",93.56804
"('SOFT', 'SOFT', 'SOFT')","[19, 26]",93.60304
"('SOFT', 'SOFT', 'SOFT')","[19, 27]",93.63804
"('SOFT', 'SOFT', 'SOFT')","[19, 28]",93.673035
"('SOFT', 'SOFT', 'SOFT')","[19, 29]",93.70804
"('SOFT', 'SOFT', 'SOFT')","[19, 30]",93.743034
"('SOFT', 'SOFT', 'SOFT')","[19, 31]",93.77804
"('SOFT', 'SOFT', 'SOFT')","[19, 32]",93.813034
"('SOFT', 'SOFT', 'SOFT')","[19, 33]",93.84804
"('SOFT', 'SOFT', 'SOFT')","[19, 34]",93.88304
"('SOFT', 'SOFT', 'SOFT')","[19, 35]",93.91804
"('SOFT', 'SOFT', 'SOFT')","[19, 36]",93.95303
"('SOFT', 'SOFT', 'SOFT')","[19, 37]",93.98804
"('SOFT', 'SOFT', 'SOFT')","[19, 38]",94.02303
"('SOFT', 'SOFT', 'SOFT')","[19, 39]",94.058044
"('SOFT', 'SOFT', 'SOFT')","[19, 40]",94.09305
"('SOFT', 'SOFT', 'SOFT')","[19, 41]",94.12804
"('SOFT', 'SOFT', 'SOFT')","[19, 42]",94.16304
"('SOFT', 'SOFT', 'SOFT')","[19, 43]",94.198044
"('SOFT', 'SOFT', 'SOFT')","[19, 44]",94.23303
"('SOFT', 'SOFT', 'SOFT')","[19, 45]",94.26804
"('SOFT', 'SOFT', 'SOFT')","[19, 46]",94.30304
"('SOFT', 'SOFT', 'SOFT')","[20, 21]",93.46304
"('SOFT', 'SOFT', 'SOFT')","[20, 22]",93.49804
"('SOFT', 'SOFT', 'SOFT')","[20, 23]",93.533035
"('SOFT', 'SOFT', 'SOFT')","[20, 24]",93.56804
"('SOFT', 'SOFT', 'SOFT')","[20, 25]",93.60304
"('SOFT', 'SOFT', 'SOFT')","[20, 26]",93.63804
"('SOFT', 'SOFT', 'SOFT')","[20, 27]",93.67304
"('SOFT', 'SOFT', 'SOFT')","[20, 28]",93.70804
"('SOFT', 'SOFT', 'SOFT')","[20, 29]",93.74304
"('SOFT', 'SOFT', 'SOFT')","[20, 30]",93.77804
"('SOFT', 'SOFT', 'SOFT')","[20, 31]",93.813034
"('SOFT', 'SOFT', 'SOFT')","[20, 32]",93.84804
"('SOFT', 'SOFT', 'SOFT')","[20, 33]",93.88304
"('SOFT', 'SOFT', 'SOFT')","[20, 34]",93.91804
"('SOFT', 'SOFT', 'SOFT')","[20, 35]",93.95304
"('SOFT', 'SOFT', 'SOFT')","[20, 36]",93.98804
"('SOFT', 'SOFT', 'SOFT')","[20, 37]",94.02304
"('SOFT', 'SOFT', 'SOFT')","[20, 38]",94.05804
"('SOFT', 'SOFT', 'SOFT')","[20, 39]",94.09303
"('SOFT', 'SOFT', 'SOFT')","[20, 40]",94.12804
"('SOFT', 'SOFT', 'SOFT')","[20, 41]",94.16304
"('SOFT', 'SOFT', 'SOFT')","[20, 42]",94.198044
"('SOFT', 'SOFT', 'SOFT')","[20, 43]",94.23305
"('SOFT', 'SOFT', 'SOFT')","[20, 44]",94.268036
"('SOFT', 'SOFT', 'SOFT')","[20, 45]",94.30304
"('SOFT', 'SOFT', 'SOFT')","[20, 46]",94.338036
"('SOFT', 'SOFT', 'SOFT')","[21, 22]",93.53304
"('SOFT', 'SOFT', 'SOFT')","[21, 23]",93.56804
"('SOFT', 'SOFT', 'SOFT')","[21, 24]",93.60304
"('SOFT', 'SOFT', 'SOFT')","[21, 25]",93.63803
"('SOFT', 'SOFT', 'SOFT')","[21, 26]",93.673035
"('SOFT', 'SOFT', 'SOFT')","[21, 27]",93.70804
"('SOFT', 'SOFT', 'SOFT')","[21, 28]",93.74304
"('SOFT', 'SOFT', 'SOFT')","[21, 29]",93.778046
"('SOFT', 'SOFT', 'SOFT')","[21, 30]",93.81304
"('SOFT', 'SOFT', 'SOFT')","[21, 31]",93.84804
"('SOFT', 'SOFT', 'SOFT')","[21, 32]",93.88304
"('SOFT', 'SOFT', 'SOFT')","[21, 33]",93.91803
"('SOFT', 'SOFT', 'SOFT')","[21, 34]",93.95303
"('SOFT', 'SOFT', 'SOFT')","[21, 35]",93.98804
"('SOFT', 'SOFT', 'SOFT')","[21, 36]",94.02304
"('SOFT', 'SOFT', 'SOFT')","[21, 37]",94.058044
"('SOFT', 'SOFT', 'SOFT')","[21, 38]",94.09304
"('SOFT', 'SOFT', 'SOFT')","[21, 39]",94.12804
"('SOFT', 'SOFT', 'SOFT')","[21, 40]",94.16304
"('SOFT', 'SOFT', 'SOFT')","[21, 41]",94.198044
"('SOFT', 'SOFT', 'SOFT')","[21, 42]",94.23304
"('SOFT', 'SOFT', 'SOFT')","[21, 43]",94.268036
"('SOFT', 'SOFT', 'SOFT')","[21, 44]",94.30304
"('SOFT', 'SOFT', 'SOFT')","[21, 45]",94.338036
"('SOFT', 'SOFT', 'SOFT')","[21, 46]",94.37304
"('SOFT', 'SOFT', 'SOFT')","[22, 23]",93.60304
"('SOFT', 'SOFT', 'SOFT')","[22, 24]",93.63803
"('SOFT', 'SOFT', 'SOFT')","[22, 25]",93.673035
"('SOFT', 'SOFT', 'SOFT')","[22, 26]",93.70804
"('SOFT', 'SOFT', 'SOFT')","[22, 27]",93.743034
"('SOFT', 'SOFT', 'SOFT')","[22, 28]",93.778046
"('SOFT', 'SOFT', 'SOFT')","[22, 29]",93.813034
"('SOFT', 'SOFT', 'SOFT')","[22, 30]",93.84804
"('SOFT', 'SOFT', 'SOFT')","[22, 31]",93.88304
"('SOFT', 'SOFT', 'SOFT')","[22, 32]",93.91803
"('SOFT', 'SOFT', 'SOFT')","[22, 33]",93.95303
"('SOFT', 'SOFT', 'SOFT')","[22, 34]",93.98804
"('SOFT', 'SOFT', 'SOFT')","[22, 35]",94.02303
"('SOFT', 'SOFT', 'SOFT')","[22, 36]",94.058044
"('SOFT', 'SOFT', 'SOFT')","[22, 37]",94.09303
"('SOFT', 'SOFT', 'SOFT')","[22, 38]",94.12804
"('SOFT', 'SOFT', 'SOFT')","[22, 39]",94.16304
"('SOFT', 'SOFT', 'SOFT')","[22, 40]",94.198044
"('SOFT', 'SOFT', 'SOFT')","[22, 41]",94.23304
"('SOFT', 'SOFT', 'SOFT')","[22, 42]",94.268036
"('SOFT', 'SOFT', 'SOFT')","[22, 43]",94.30304
"('SOFT', 'SOFT', 'SOFT')","[22, 44]",94.33804
"('SOFT', 'SOFT', 'SOFT')","[22, 45]",94.37304
"('SOFT', 'SOFT', 'SOFT')","[22, 46]",94.40804
"('SOFT', 'SOFT', 'SOFT')","[23, 24]",93.673035
"('SOFT', 'SOFT', 'SOFT')","[23, 25]",93.70804
"('SOFT', 'SOFT', 'SOFT')","[23, 26]",93.74304
"('SOFT', 'SOFT', 'SOFT')","[23, 27]",93.77804
"('SOFT', 'SOFT', 'SOFT')","[23, 28]",93.813034
"('SOFT', 'SOFT', 'SOFT')","[23, 29]",93.84804
"('SOFT', 'SOFT', 'SOFT')","[23, 30]",93.88303
"('SOFT', 'SOFT', 'SOFT')","[23, 31]",93.91804
"('SOFT', 'SOFT', 'SOFT')","[23, 32]",93.95303
"('SOFT', 'SOFT', 'SOFT')","[23, 33]",93.98804
"('SOFT', 'SOFT', 'SOFT')","[23, 34]",94.02304
"('SOFT', 'SOFT', 'SOFT')","[23, 35]",94.05804
"('SOFT', 'SOFT', 'SOFT')","[23, 36]",94.09303
"('SOFT', 'SOFT', 'SOFT')","[23, 37]",94.12804
"('SOFT', 'SOFT', 'SOFT')","[23, 38]",94.16303
"('SOFT', 'SOFT', 'SOFT')","[23, 39]",94.198044
"('SOFT', 'SOFT', 'SOFT')","[23, 40]",94.23305
"('SOFT', 'SOFT', 'SOFT')","[23, 41]",94.268036
"('SOFT', 'SOFT', 'SOFT')","[23, 42]",94.30304
"('SOFT', 'SOFT', 'SOFT')","[23, 43]",94.33804
"('SOFT', 'SOFT', 'SOFT')","[23, 44]",94.37303
"('SOFT', 'SOFT', 'SOFT')","[23, 45]",94.40804
"('SOFT', 'SOFT', 'SOFT')","[23, 46]",94.44304
"('SOFT', 'SOFT', 'SOFT')","[24, 25]",93.74304
"('SOFT', 'SOFT', 'SOFT')","[24, 26]",93.77804
"('SOFT', 'SOFT', 'SOFT')","[24, 27]",93.81304
"('SOFT', 'SOFT', 'SOFT')","[24, 28]",93.84804
"('SOFT', 'SOFT', 'SOFT')","[24, 29]",93.88304
"('SOFT', 'SOFT', 'SOFT')","[24, 30]",93.91804
"('SOFT', 'SOFT', 'SOFT')","[24, 31]",93.95303
"('SOFT', 'SOFT', 'SOFT')","[24, 32]",93.98804
"('SOFT', 'SOFT', 'SOFT')","[24, 33]",94.02304
"('SOFT', 'SOFT', 'SOFT')","[24, 34]",94.05804
"('SOFT', 'SOFT', 'SOFT')","[24, 35]",94.09304
"('SOFT', 'SOFT', 'SOFT')","[24, 36]",94.12804
"('SOFT', 'SOFT', 'SOFT')","[24, 37]",94.16304
"('SOFT', 'SOFT', 'SOFT')","[24, 38]",94.19804
"('SOFT', 'SOFT', 'SOFT')","[24, 39]",94.23303
"('SOFT', 'SOFT', 'SOFT')","[24, 40]",94.268036
"('SOFT', 'SOFT', 'SOFT')","[24, 41]",94.30304
"('SOFT', 'SOFT', 'SOFT')","[24, 42]",94.33804
"('SOFT', 'SOFT', 'SOFT')","[24, 43]",94.37305
"('SOFT', 'SOFT', 'SOFT')","[24, 44]",94.408035
"('SOFT', 'SOFT', 'SOFT')","[24, 45]",94.44304
"('SOFT', 'SOFT', 'SOFT')","[24, 46]",94.478035
"('SOFT', 'SOFT', 'SOFT')","[25, 26]",93.813034
"('SOFT', 'SOFT', 'SOFT')","[25, 27]",93.84804
"('SOFT', 'SOFT', 'SOFT')","[25, 28]",93.88304
"('SOFT', 'SOFT', 'SOFT')","[25, 29]",93.918045
"('SOFT', 'SOFT', 'SOFT')","[25, 30]",93.95304
"('SOFT', 'SOFT', 'SOFT')","[25, 31]",93.98804
"('SOFT', 'SOFT', 'SOFT')","[25, 32]",94.02304
"('SOFT', 'SOFT', 'SOFT')","[25, 33]",94.05803
"('SOFT', 'SOFT', 'SOFT')","[25, 34]",94.09303
"('SOFT', 'SOFT', 'SOFT')","[25, 35]",94.12804
"('SOFT', 'SOFT', 'SOFT')","[25, 36]",94.16304
"('SOFT', 'SOFT', 'SOFT')","[25, 37]",94.198044
"('SOFT', 'SOFT', 'SOFT')","[25, 38]",94.23304
"('SOFT', 'SOFT', 'SOFT')","[25, 39]",94.268036
"('SOFT', 'SOFT', 'SOFT')","[25, 40]",94.30304
"('SOFT', 'SOFT', 'SOFT')","[25, 41]",94.33804
"('SOFT', 'SOFT', 'SOFT')","[25, 42]",94.37304
"('SOFT', 'SOFT', 'SOFT')","[25, 43]",94.408035
"('SOFT', 'SOFT', 'SOFT')","[25, 44]",94.44304
"('SOFT', 'SOFT', 'SOFT')","[25, 45]",94.478035
"('SOFT', 'SOFT', 'SOFT')","[25, 46]",94.51304
"('SOFT', 'SOFT', 'SOFT')","[26, 27]",93.88303
"('SOFT', 'SOFT', 'SOFT')","[26, 28]",93.918045
"('SOFT', 'SOFT', 'SOFT')","[26, 29]",93.95303
"('SOFT', 'SOFT', 'SOFT')","[26, 30]",93.98804
"('SOFT', 'SOFT', 'SOFT')","[26, 31]",94.02304
"('SOFT', 'SOFT', 'SOFT')","[26, 32]",94.05803
"('SOFT', 'SOFT', 'SOFT')","[26, 33]",94.09303
"('SOFT', 'SOFT', 'SOFT')","[26, 34]",94.12804
"('SOFT', 'SOFT', 'SOFT')","[26, 35]",94.16303
"('SOFT', 'SOFT', 'SOFT')","[26, 36]",94.198044
"('SOFT', 'SOFT', 'SOFT')","[26, 37]",94.23303
"('SOFT', 'SOFT', 'SOFT')","[26, 38]",94.268036
"('SOFT', 'SOFT', 'SOFT')","[26, 39]",94.30304
"('SOFT', 'SOFT', 'SOFT')","[26, 40]",94.33804
"('SOFT', 'SOFT', 'SOFT')","[26, 41]",94.37304
"('SOFT', 'SOFT', 'SOFT')","[26, 42]",94.408035
"('SOFT', 'SOFT', 'SOFT')","[26, 43]",94.44304
"('SOFT', 'SOFT', 'SOFT')","[26, 44]",94.47804
"('SOFT', 'SOFT', 'SOFT')","[26, 45]",94.51304
"('SOFT', 'SOFT', 'SOFT')","[26, 46]",94.54804
"('SOFT', 'SOFT', 'SOFT')","[27, 28]",93.95303
"('SOFT', 'SOFT', 'SOFT')","[27, 29]",93.98804
"('SOFT', 'SOFT', 'SOFT')","[27, 30]",94.02303
"('SOFT', 'SOFT', 'SOFT')","[27, 31]",94.05804
"('SOFT', 'SOFT', 'SOFT')","[27, 32]",94.09303
"('SOFT', 'SOFT', 'SOFT')","[27, 33]",94.12804
"('SOFT', 'SOFT', 'SOFT')","[27, 34]",94.16304
"('SOFT', 'SOFT', 'SOFT')","[27, 35]",94.19804
"('SOFT', 'SOFT', 'SOFT')","[27, 36]",94.23303
"('SOFT', 'SOFT', 'SOFT')","[27, 37]",94.268036
"('SOFT', 'SOFT', 'SOFT')","[27, 38]",94.30303
"('SOFT', 'SOFT', 'SOFT')","[27, 39]",94.33804
"('SOFT', 'SOFT', 'SOFT')","[27, 40]",94.37305
"('SOFT', 'SOFT', 'SOFT')","[27, 41]",94.408035
"('SOFT', 'SOFT', 'SOFT')","[27, 42]",94.44304
"('SOFT', 'SOFT', 'SOFT')","[27, 43]",94.47804
"('SOFT', 'SOFT', 'SOFT')","[27, 44]",94.51303
"('SOFT', 'SOFT', 'SOFT')","[27, 45]",94.54804
"('SOFT', 'SOFT', 'SOFT')","[27, 46]",94.58304
"('SOFT', 'SOFT', 'SOFT')","[28, 29]",94.02304
"('SOFT', 'SOFT', 'SOFT')","[28, 30]",94.05804
"('SOFT', 'SOFT', 'SOFT')","[28, 31]",94.09303
"('SOFT', 'SOFT', 'SOFT')","[28, 32]",94.12804
"('SOFT', 'SOFT', 'SOFT')","[28, 33]",94.16304
"('SOFT', 'SOFT', 'SOFT')","[28, 34]",94.19804
"('SOFT', 'SOFT', 'SOFT')","[28, 35]",94.23304
"('SOFT', 'SOFT', 'SOFT')","[28, 36]",94.268036
"('SOFT', 'SOFT', 'SOFT')","[28, 37]",94.30304
"('SOFT', 'SOFT', 'SOFT')","[28, 38]",94.338036
"('SOFT', 'SOFT', 'SOFT')","[28, 39]",94.37303
"('SOFT', 'SOFT', 'SOFT')","[28, 40]",94.408035
"('SOFT', 'SOFT', 'SOFT')","[28, 41]",94.44304
"('SOFT', 'SOFT', 'SOFT')","[28, 42]",94.47804
"('SOFT', 'SOFT', 'SOFT')","[28, 43]",94.51305
"('SOFT', 'SOFT', 'SOFT')","[28, 44]",94.548035
"('SOFT', 'SOFT', 'SOFT')","[28, 45]",94.58304
"('SOFT', 'SOFT', 'SOFT')","[28, 46]",94.618034
"('SOFT', 'SOFT', 'SOFT')","[29, 30]",94.09304
"('SOFT', 'SOFT', 'SOFT')","[29, 31]",94.12804
"('SOFT', 'SOFT', 'SOFT')","[29, 32]",94.16304
"('SOFT', 'SOFT', 'SOFT')","[29, 33]",94.19803
"('SOFT', 'SOFT', 'SOFT')","[29, 34]",94.23303
"('SOFT', 'SOFT', 'SOFT')","[29, 35]",94.268036
"('SOFT', 'SOFT', 'SOFT')","[29, 36]",94.30304
"('SOFT', 'SOFT', 'SOFT')","[29, 37]",94.33804
"('SOFT', 'SOFT', 'SOFT')","[29, 38]",94.37304
"('SOFT', 'SOFT', 'SOFT')","[29, 39]",94.408035
"('SOFT', 'SOFT', 'SOFT')","[29, 40]",94.44304
"('SOFT', 'SOFT', 'SOFT')","[29, 41]",94.47804
"('SOFT', 'SOFT', 'SOFT')","[29, 42]",94.51304
"('SOFT', 'SOFT', 'SOFT')","[29, 43]",94.548035
"('SOFT', 'SOFT', 'SOFT')","[29, 44]",94.58304
"('SOFT', 'SOFT', 'SOFT')","[29, 45]",94.618034
"('SOFT', 'SOFT', 'SOFT')","[29, 46]",94.65304
"('SOFT', 'SOFT', 'SOFT')","[30, 31]",94.16304
"('SOFT', 'SOFT', 'SOFT')","[30, 32]",94.19803
"('SOFT', 'SOFT', 'SOFT')","[30, 33]",94.23303
"('SOFT', 'SOFT', 'SOFT')","[30, 34]",94.268036
"('SOFT', 'SOFT', 'SOFT')","[30, 35]",94.30303
"('SOFT', 'SOFT', 'SOFT')","[30, 36]",94.33804
"('SOFT', 'SOFT', 'SOFT')","[30, 37]",94.37303
"('SOFT', 'SOFT', 'SOFT')","[30, 38]",94.408035
"('SOFT', 'SOFT', 'SOFT')","[30, 39]",94.44304
"('SOFT', 'SOFT', 'SOFT')","[30, 40]",94.47804
"('SOFT', 'SOFT', 'SOFT')","[30, 41]",94.51304
"('SOFT', 'SOFT', 'SOFT')","[30, 42]",94.548035
"('SOFT', 'SOFT', 'SOFT')","[30, 43]",94.58304
"('SOFT', 'SOFT', 'SOFT')","[30, 44]",94.61804
"('SOFT', 'SOFT', 'SOFT')","[30, 45]",94.65304
"('SOFT', 'SOFT', 'SOFT')","[30, 46]",94.68804
"('SOFT', 'SOFT', 'SOFT')","[31, 32]",94.23303
"('SOFT', 'SOFT', 'SOFT')","[31, 33]",94.268036
"('SOFT', 'SOFT', 'SOFT')","[31, 34]",94.30304
"('SOFT', 'SOFT', 'SOFT')","[31, 35]",94.338036
"('SOFT', 'SOFT', 'SOFT')","[31, 36]",94.37303
"('SOFT', 'SOFT', 'SOFT')","[31, 37]",94.408035
"('SOFT', 'SOFT', 'SOFT')","[31, 38]",94.44303
"('SOFT', 'SOFT', 'SOFT')","[31, 39]",94.47804
"('SOFT', 'SOFT', 'SOFT')","[31, 40]",94.51305
"('SOFT', 'SOFT', 'SOFT')","[31, 41]",94.548035
"('SOFT', 'SOFT', 'SOFT')","[31, 42]",94.58304
"('SOFT', 'SOFT', 'SOFT')","[31, 43]",94.61804
"('SOFT', 'SOFT', 'SOFT')","[31, 44]",94.65303
"('SOFT', 'SOFT', 'SOFT')","[31, 45]",94.68804
"('SOFT', 'SOFT', 'SOFT')","[31, 46]",94.72304
"('SOFT', 'SOFT', 'SOFT')","[32, 33]",94.30304
"('SOFT', 'SOFT', 'SOFT')","[32, 34]",94.338036
"('SOFT', 'SOFT', 'SOFT')","[32, 35]",94.37304
"('SOFT', 'SOFT', 'SOFT')","[32, 36]",94.408035
"('SOFT', 'SOFT', 'SOFT')","[32, 37]",94.44304
"('SOFT', 'SOFT', 'SOFT')","[32, 38]",94.478035
"('SOFT', 'SOFT', 'SOFT')","[32, 39]",94.51303
"('SOFT', 'SOFT', 'SOFT')","[32, 40]",94.548035
"('SOFT', 'SOFT', 'SOFT')","[32, 41]",94.58304
"('SOFT', 'SOFT', 'SOFT')","[32, 42]",94.61804
"('SOFT', 'SOFT', 'SOFT')","[32, 43]",94.653046
"('SOFT', 'SOFT', 'SOFT')","[32, 44]",94.688034
"('SOFT', 'SOFT', 'SOFT')","[32, 45]",94.72304
"('SOFT', 'SOFT', 'SOFT')","[32, 46]",94.75803
"('SOFT', 'SOFT', 'SOFT')","[33, 34]",94.37303
"('SOFT', 'SOFT', 'SOFT')","[33, 35]",94.40803
"('SOFT', 'SOFT', 'SOFT')","[33, 36]",94.44304
"('SOFT', 'SOFT', 'SOFT')","[33, 37]",94.47803
"('SOFT', 'SOFT', 'SOFT')","[33, 38]",94.51303
"('SOFT', 'SOFT', 'SOFT')","[33, 39]",94.548035
"('SOFT', 'SOFT', 'SOFT')","[33, 40]",94.58304
"('SOFT', 'SOFT', 'SOFT')","[33, 41]",94.618034
"('SOFT', 'SOFT', 'SOFT')","[33, 42]",94.65303
"('SOFT', 'SOFT', 'SOFT')","[33, 43]",94.688034
"('SOFT', 'SOFT', 'SOFT')","[33, 44]",94.72304
"('SOFT', 'SOFT', 'SOFT')","[33, 45]",94.75803
"('SOFT', 'SOFT', 'SOFT')","[33, 46]",94.79304
"('SOFT', 'SOFT', 'SOFT')","[34, 35]",94.44303
"('SOFT', 'SOFT', 'SOFT')","[34, 36]",94.47803
"('SOFT', 'SOFT', 'SOFT')","[34, 37]",94.51303
"('SOFT', 'SOFT', 'SOFT')","[34, 38]",94.54803
"('SOFT', 'SOFT', 'SOFT')","[34, 39]",94.58304
"('SOFT', 'SOFT', 'SOFT')","[34, 40]",94.61804
"('SOFT', 'SOFT', 'SOFT')","[34, 41]",94.65303
"('SOFT', 'SOFT', 'SOFT')","[34, 42]",94.688034
"('SOFT', 'SOFT', 'SOFT')","[34, 43]",94.72304
"('SOFT', 'SOFT', 'SOFT')","[34, 44]",94.758026
"('SOFT', 'SOFT', 'SOFT')","[34, 45]",94.79304
"('SOFT', 'SOFT', 'SOFT')","[34, 46]",94.82803
"('SOFT', 'SOFT', 'SOFT')","[35, 36]",94.51303
"('SOFT', 'SOFT', 'SOFT')","[35, 37]",94.548035
"('SOFT', 'SOFT', 'SOFT')","[35, 38]",94.58303
"('SOFT', 'SOFT', 'SOFT')","[35, 39]",94.61804
"('SOFT', 'SOFT', 'SOFT')","[35, 40]",94.653046
"('SOFT', 'SOFT', 'SOFT')","[35, 41]",94.688034
"('SOFT', 'SOFT', 'SOFT')","[35, 42]",94.72304
"('SOFT', 'SOFT', 'SOFT')","[35, 43]",94.75804
"('SOFT', 'SOFT', 'SOFT')","[35, 44]",94.79303
"('SOFT', 'SOFT', 'SOFT')","[35, 45]",94.82804
"('SOFT', 'SOFT', 'SOFT')","[35, 46]",94.86304
"('SOFT', 'SOFT', 'SOFT')","[36, 37]",94.58304
"('SOFT', 'SOFT', 'SOFT')","[36, 38]",94.618034
"('SOFT', 'SOFT', 'SOFT')","[36, 39]",94.65303
"('SOFT', 'SOFT', 'SOFT')","[36, 40]",94.688034
"('SOFT', 'SOFT', 'SOFT')","[36, 41]",94.72304
"('SOFT', 'SOFT', 'SOFT')","[36, 42]",94.75804
"('SOFT', 'SOFT', 'SOFT')","[36, 43]",94.793045
"('SOFT', 'SOFT', 'SOFT')","[36, 44]",94.82803
"('SOFT', 'SOFT', 'SOFT')","[36, 45]",94.86304
"('SOFT', 'SOFT', 'SOFT')","[36, 46]",94.89803
"('SOFT', 'SOFT', 'SOFT')","[37, 38]",94.65304
"('SOFT', 'SOFT', 'SOFT')","[37, 39]",94.688034
"('SOFT', 'SOFT', 'SOFT')","[37, 40]",94.72304
"('SOFT', 'SOFT', 'SOFT')","[37, 41]",94.75804
"('SOFT', 'SOFT', 'SOFT')","[37, 42]",94.793045
"('SOFT', 'SOFT', 'SOFT')","[37, 43]",94.82805
"('SOFT', 'SOFT', 'SOFT')","[37, 44]",94.86304
"('SOFT', 'SOFT', 'SOFT')","[37, 45]",94.89804
"('SOFT', 'SOFT', 'SOFT')","[37, 46]",94.93304
"('SOFT', 'SOFT', 'SOFT')","[38, 39]",94.72304
"('SOFT', 'SOFT', 'SOFT')","[38, 40]",94.75804
"('SOFT', 'SOFT', 'SOFT')","[38, 41]",94.793045
"('SOFT', 'SOFT', 'SOFT')","[38, 42]",94.82804
"('SOFT', 'SOFT', 'SOFT')","[38, 43]",94.86304
"('SOFT', 'SOFT', 'SOFT')","[38, 44]",94.89804
"('SOFT', 'SOFT', 'SOFT')","[38, 45]",94.93304
"('SOFT', 'SOFT', 'SOFT')","[38, 46]",94.96804
"('SOFT', 'SOFT', 'SOFT')","[39, 40]",94.793045
"('SOFT', 'SOFT', 'SOFT')","[39, 41]",94.82804
"('SOFT', 'SOFT', 'SOFT')","[39, 42]",94.86304
"('SOFT', 'SOFT', 'SOFT')","[39, 43]",94.89804
"('SOFT', 'SOFT', 'SOFT')","[39, 44]",94.933044
"('SOFT', 'SOFT', 'SOFT')","[39, 45]",94.96804
"('SOFT', 'SOFT', 'SOFT')","[39, 46]",95.003044
"('SOFT', 'SOFT', 'SOFT')","[40, 41]",94.86304
"('SOFT', 'SOFT', 'SOFT')","[40, 42]",94.89804
"('SOFT', 'SOFT', 'SOFT')","[40, 43]",94.933044
"('SOFT', 'SOFT', 'SOFT')","[40, 44]",94.96803
"('SOFT', 'SOFT', 'SOFT')","[40, 45]",95.00304
"('SOFT', 'SOFT', 'SOFT')","[40, 46]",95.03803
"('SOFT', 'SOFT', 'SOFT')","[41, 42]",94.933044
"('SOFT', 'SOFT', 'SOFT')","[41, 43]",94.96805
"('SOFT', 'SOFT', 'SOFT')","[41, 44]",95.00304
"('SOFT', 'SOFT', 'SOFT')","[41, 45]",95.03805
"('SOFT', 'SOFT', 'SOFT')","[41, 46]",95.073044
"('SOFT', 'SOFT', 'SOFT')","[42, 43]",95.00304
"('SOFT', 'SOFT', 'SOFT')","[42, 44]",95.03804
"('SOFT', 'SOFT', 'SOFT')","[42, 45]",95.07304
"('SOFT', 'SOFT', 'SOFT')","[42, 46]",95.10804
"('SOFT', 'SOFT', 'SOFT')","[43, 44]",95.073044
"('SOFT', 'SOFT', 'SOFT')","[43, 45]",95.10804
"('SOFT', 'SOFT', 'SOFT')","[43, 46]",95.14304
"('SOFT', 'SOFT', 'SOFT')","[44, 45]",95.14304
"('SOFT', 'SOFT', 'SOFT')","[44, 46]",95.17805
"('SOFT', 'SOFT', 'SOFT')","[45, 46]",95.213036
"('SOFT', 'SOFT', 'MEDIUM')","[10, 11]",84.76044
"('SOFT', 'SOFT', 'MEDIUM')","[10, 12]",84.969406
"('SOFT', 'SOFT', 'MEDIUM')","[10, 13]",85.178375
"('SOFT', 'SOFT', 'MEDIUM')","[10, 14]",85.387344
"('SOFT', 'SOFT', 'MEDIUM')","[10, 15]",85.59631
"('SOFT', 'SOFT', 'MEDIUM')","[10, 16]",85.80528
"('SOFT', 'SOFT', 'MEDIUM')","[10, 17]",86.01425
"('SOFT', 'SOFT', 'MEDIUM')","[10, 18]",86.22322
"('SOFT', 'SOFT', 'MEDIUM')","[10, 19]",86.43219
"('SOFT', 'SOFT', 'MEDIUM')","[10, 20]",86.64116
"('SOFT', 'SOFT', 'MEDIUM')","[10, 21]",86.850136
"('SOFT', 'SOFT', 'MEDIUM')","[10, 22]",87.059105
"('SOFT', 'SOFT', 'MEDIUM')","[10, 23]",87.26807
"('SOFT', 'SOFT', 'MEDIUM')","[10, 24]",87.477036
"('SOFT', 'SOFT', 'MEDIUM')","[10, 25]",87.68601
"('SOFT', 'SOFT', 'MEDIUM')","[10, 26]",87.89498
"('SOFT', 'SOFT', 'MEDIUM')","[10, 27]",88.10394
"('SOFT', 'SOFT', 'MEDIUM')","[10, 28]",88.31291
"('SOFT', 'SOFT', 'MEDIUM')","[10, 29]",88.52189
"('SOFT', 'SOFT', 'MEDIUM')","[10, 30]",88.73086
"('SOFT', 'SOFT', 'MEDIUM')","[10, 31]",88.93982
"('SOFT', 'SOFT', 'MEDIUM')","[10, 32]",89.14879
"('SOFT', 'SOFT', 'MEDIUM')","[10, 33]",89.357765
"('SOFT', 'SOFT', 'MEDIUM')","[10, 34]",89.566734
"('SOFT', 'SOFT', 'MEDIUM')","[10, 35]",89.775696
"('SOFT', 'SOFT', 'MEDIUM')","[10, 36]",89.98467
"('SOFT', 'SOFT', 'MEDIUM')","[10, 37]",90.19365
"('SOFT', 'SOFT', 'MEDIUM')","[10, 38]",90.40262
"('SOFT', 'SOFT', 'MEDIUM')","[10, 39]",90.61159
"('SOFT', 'SOFT', 'MEDIUM')","[10, 40]",90.820564
"('SOFT', 'SOFT', 'MEDIUM')","[10, 41]",91.02953
"('SOFT', 'SOFT', 'MEDIUM')","[10, 42]",91.238495
"('SOFT', 'SOFT', 'MEDIUM')","[10, 43]",91.447464
"('SOFT', 'SOFT', 'MEDIUM')","[10, 44]",91.65644
"('SOFT', 'SOFT', 'MEDIUM')","[10, 45]",91.86541
"('SOFT', 'SOFT', 'MEDIUM')","[10, 46]",92.07437
"('SOFT', 'SOFT', 'MEDIUM')","[11, 12]",85.00441
"('SOFT', 'SOFT', 'MEDIUM')","[11, 13]",85.21338
"('SOFT', 'SOFT', 'MEDIUM')","[11, 14]",85.42235
"('SOFT', 'SOFT', 'MEDIUM')","[11, 15]",85.63132
"('SOFT', 'SOFT', 'MEDIUM')","[11, 16]",85.84029
"('SOFT', 'SOFT', 'MEDIUM')","[11, 17]",86.049255
"('SOFT', 'SOFT', 'MEDIUM')","[11, 18]",86.258224
"('SOFT', 'SOFT', 'MEDIUM')","[11, 19]",86.46719
"('SOFT', 'SOFT', 'MEDIUM')","[11, 20]",86.67616
"('SOFT', 'SOFT', 'MEDIUM')","[11, 21]",86.88513
"('SOFT', 'SOFT', 'MEDIUM')","[11, 22]",87.0941
"('SOFT', 'SOFT', 'MEDIUM')","[11, 23]",87.30307
"('SOFT', 'SOFT', 'MEDIUM')","[11, 24]",87.51204
"('SOFT', 'SOFT', 'MEDIUM')","[11, 25]",87.721016
"('SOFT', 'SOFT', 'MEDIUM')","[11, 26]",87.929985
"('SOFT', 'SOFT', 'MEDIUM')","[11, 27]",88.13895
"('SOFT', 'SOFT', 'MEDIUM')","[11, 28]",88.347916
"('SOFT', 'SOFT', 'MEDIUM')","[11, 29]",88.556885
"('SOFT', 'SOFT', 'MEDIUM')","[11, 30]",88.765854
"('SOFT', 'SOFT', 'MEDIUM')","[11, 31]",88.97482
"('SOFT', 'SOFT', 'MEDIUM')","[11, 32]",89.18379
"('SOFT', 'SOFT', 'MEDIUM')","[11, 33]",89.39277
"('SOFT', 'SOFT', 'MEDIUM')","[11, 34]",89.60174
"('SOFT', 'SOFT', 'MEDIUM')","[11, 35]",89.8107
"('SOFT', 'SOFT', 'MEDIUM')","[11, 36]",90.01968
"('SOFT', 'SOFT', 'MEDIUM')","[11, 37]",90.228645
"('SOFT', 'SOFT', 'MEDIUM')","[11, 38]",90.43762
"('SOFT', 'SOFT', 'MEDIUM')","[11, 39]",90.64659
"('SOFT', 'SOFT', 'MEDIUM')","[11, 40]",90.85557
"('SOFT', 'SOFT', 'MEDIUM')","[11, 41]",91.06453
"('SOFT', 'SOFT', 'MEDIUM')","[11, 42]",91.2735
"('SOFT', 'SOFT', 'MEDIUM')","[11, 43]",91.48247
"('SOFT', 'SOFT', 'MEDIUM')","[11, 44]",91.69144
"('SOFT', 'SOFT', 'MEDIUM')","[11, 45]",91.90041
"('SOFT', 'SOFT', 'MEDIUM')","[11, 46]",92.109375
"('SOFT', 'SOFT', 'MEDIUM')","[12, 13]",85.248375
"('SOFT', 'SOFT', 'MEDIUM')","[12, 14]",85.45734
"('SOFT', 'SOFT', 'MEDIUM')","[12, 15]",85.66631
"('SOFT', 'SOFT', 'MEDIUM')","[12, 16]",85.875275
"('SOFT', 'SOFT', 'MEDIUM')","[12, 17]",86.08425
"('SOFT', 'SOFT', 'MEDIUM')","[12, 18]",86.29322
"('SOFT', 'SOFT', 'MEDIUM')","[12, 19]",86.5022
"('SOFT', 'SOFT', 'MEDIUM')","[12, 20]",86.71117
"('SOFT', 'SOFT', 'MEDIUM')","[12, 21]",86.920135
"('SOFT', 'SOFT', 'MEDIUM')","[12, 22]",87.129105
"('SOFT', 'SOFT', 'MEDIUM')","[12, 23]",87.33807
"('SOFT', 'SOFT', 'MEDIUM')","[12, 24]",87.54704
"('SOFT', 'SOFT', 'MEDIUM')","[12, 25]",87.75601
"('SOFT', 'SOFT', 'MEDIUM')","[12, 26]",87.96498
"('SOFT', 'SOFT', 'MEDIUM')","[12, 27]",88.17395
"('SOFT', 'SOFT', 'MEDIUM')","[12, 28]",88.38292
"('SOFT', 'SOFT', 'MEDIUM')","[12, 29]",88.59189
"('SOFT', 'SOFT', 'MEDIUM')","[12, 30]",88.80086
"('SOFT', 'SOFT', 'MEDIUM')","[12, 31]",89.00983
"('SOFT', 'SOFT', 'MEDIUM')","[12, 32]",89.218796
"('SOFT', 'SOFT', 'MEDIUM')","[12, 33]",89.427765
"('SOFT', 'SOFT', 'MEDIUM')","[12, 34]",89.636734
"('SOFT', 'SOFT', 'MEDIUM')","[12, 35]",89.8457
"('SOFT', 'SOFT', 'MEDIUM')","[12, 36]",90.05467
"('SOFT', 'SOFT', 'MEDIUM')","[12, 37]",90.26365
"('SOFT', 'SOFT', 'MEDIUM')","[12, 38]",90.472626
"('SOFT', 'SOFT', 'MEDIUM')","[12, 39]",90.681595
"('SOFT', 'SOFT', 'MEDIUM')","[12, 40]",90.890564
"('SOFT', 'SOFT', 'MEDIUM')","[12, 41]",91.09953
"('SOFT', 'SOFT', 'MEDIUM')","[12, 42]",91.3085
"('SOFT', 'SOFT', 'MEDIUM')","[12, 43]",91.51747
"('SOFT', 'SOFT', 'MEDIUM')","[12, 44]",91.72644
"('SOFT', 'SOFT', 'MEDIUM')","[12, 45]",91.93541
"('SOFT', 'SOFT', 'MEDIUM')","[12, 46]",92.14438
"('SOFT', 'SOFT', 'MEDIUM')","[13, 14]",85.49234
"('SOFT', 'SOFT', 'MEDIUM')","[13, 15]",85.70132
"('SOFT', 'SOFT', 'MEDIUM')","[13, 16]",85.91028
"('SOFT', 'SOFT', 'MEDIUM')","[13, 17]",86.119255
"('SOFT', 'SOFT', 'MEDIUM')","[13, 18]",86.328224
"('SOFT', 'SOFT', 'MEDIUM')","[13, 19]",86.5372
"('SOFT', 'SOFT', 'MEDIUM')","[13, 20]",86.74617
"('SOFT', 'SOFT', 'MEDIUM')","[13, 21]",86.95514
"('SOFT', 'SOFT', 'MEDIUM')","[13, 22]",87.16411
"('SOFT', 'SOFT', 'MEDIUM')","[13, 23]",87.37308
"('SOFT', 'SOFT', 'MEDIUM')","[13, 24]",87.58205
"('SOFT', 'SOFT', 'MEDIUM')","[13, 25]",87.79101
"('SOFT', 'SOFT', 'MEDIUM')","[13, 26]",87.99998
"('SOFT', 'SOFT', 'MEDIUM')","[13, 27]",88.208954
"('SOFT', 'SOFT', 'MEDIUM')","[13, 28]",88.41792
"('SOFT', 'SOFT', 'MEDIUM')","[13, 29]",88.62689
"('SOFT', 'SOFT', 'MEDIUM')","[13, 30]",88.83586
"('SOFT', 'SOFT', 'MEDIUM')","[13, 31]",89.04483
"('SOFT', 'SOFT', 'MEDIUM')","[13, 32]",89.2538
"('SOFT', 'SOFT', 'MEDIUM')","[13, 33]",89.46276
"('SOFT', 'SOFT', 'MEDIUM')","[13, 34]",89.67173
"('SOFT', 'SOFT', 'MEDIUM')","[13, 35]",89.88071
"('SOFT', 'SOFT', 'MEDIUM')","[13, 36]",90.089676
"('SOFT', 'SOFT', 'MEDIUM')","[13, 37]",90.29865
"('SOFT', 'SOFT', 'MEDIUM')","[13, 38]",90.50763
"('SOFT', 'SOFT', 'MEDIUM')","[13, 39]",90.7166
"('SOFT', 'SOFT', 'MEDIUM')","[13, 40]",90.92556
"('SOFT', 'SOFT', 'MEDIUM')","[13, 41]",91.13454
"('SOFT', 'SOFT', 'MEDIUM')","[13, 42]",91.343506
"('SOFT', 'SOFT', 'MEDIUM')","[13, 43]",91.552475
"('SOFT', 'SOFT', 'MEDIUM')","[13, 44]",91.761444
"('SOFT', 'SOFT', 'MEDIUM')","[13, 45]",91.970406
"('SOFT', 'SOFT', 'MEDIUM')","[13, 46]",92.17938
"('SOFT', 'SOFT', 'MEDIUM')","[14, 15]",85.73631
"('SOFT', 'SOFT', 'MEDIUM')","[14, 16]",85.94528
"('SOFT', 'SOFT', 'MEDIUM')","[14, 17]",86.15425
"('SOFT', 'SOFT', 'MEDIUM')","[14, 18]",86.36322
"('SOFT', 'SOFT', 'MEDIUM')","[14, 19]",86.57219
"('SOFT', 'SOFT', 'MEDIUM')","[14, 20]",86.78116
"('SOFT', 'SOFT', 'MEDIUM')","[14, 21]",86.990135
"('SOFT', 'SOFT', 'MEDIUM')","[14, 22]",87.199104
"('SOFT', 'SOFT', 'MEDIUM')","[14, 23]",87.408066
"('SOFT', 'SOFT', 'MEDIUM')","[14, 24]",87.617035
"('SOFT', 'SOFT', 'MEDIUM')","[14, 25]",87.82601
"('SOFT', 'SOFT', 'MEDIUM')","[14, 26]",88.03498
"('SOFT', 'SOFT', 'MEDIUM')","[14, 27]",88.24394
"('SOFT', 'SOFT', 'MEDIUM')","[14, 28]",88.45291
"('SOFT', 'SOFT', 'MEDIUM')","[14, 29]",88.66189
"('SOFT', 'SOFT', 'MEDIUM')","[14, 30]",88.87086
"('SOFT', 'SOFT', 'MEDIUM')","[14, 31]",89.07982
"('SOFT', 'SOFT', 'MEDIUM')","[14, 32]",89.28879
"('SOFT', 'SOFT', 'MEDIUM')","[14, 33]",89.497765
"('SOFT', 'SOFT', 'MEDIUM')","[14, 34]",89.70673
"('SOFT', 'SOFT', 'MEDIUM')","[14, 35]",89.915695
"('SOFT', 'SOFT', 'MEDIUM')","[14, 36]",90.12467
"('SOFT', 'SOFT', 'MEDIUM')","[14, 37]",90.33365
"('SOFT', 'SOFT', 'MEDIUM')","[14, 38]",90.54262
"('SOFT', 'SOFT', 'MEDIUM')","[14, 39]",90.75159
"('SOFT', 'SOFT', 'MEDIUM')","[14, 40]",90.96056
"('SOFT', 'SOFT', 'MEDIUM')","[14, 41]",91.16953
"('SOFT', 'SOFT', 'MEDIUM')","[14, 42]",91.378494
"('SOFT', 'SOFT', 'MEDIUM')","[14, 43]",91.58746
"('SOFT', 'SOFT', 'MEDIUM')","[14, 44]",91.79644
"('SOFT', 'SOFT', 'MEDIUM')","[14, 45]",92.00541
"('SOFT', 'SOFT', 'MEDIUM')","[14, 46]",92.21437
"('SOFT', 'SOFT', 'MEDIUM')","[15, 16]",85.980286
"('SOFT', 'SOFT', 'MEDIUM')","[15, 17]",86.189255
"('SOFT', 'SOFT', 'MEDIUM')","[15, 18]",86.398224
"('SOFT', 'SOFT', 'MEDIUM')","[15, 19]",86.60719
"('SOFT', 'SOFT', 'MEDIUM')","[15, 20]",86.81616
"('SOFT', 'SOFT', 'MEDIUM')","[15, 21]",87.02513
"('SOFT', 'SOFT', 'MEDIUM')","[15, 22]",87.2341
"('SOFT', 'SOFT', 'MEDIUM')","[15, 23]",87.44307
"('SOFT', 'SOFT', 'MEDIUM')","[15, 24]",87.65204
"('SOFT', 'SOFT', 'MEDIUM')","[15, 25]",87.861015
"('SOFT', 'SOFT', 'MEDIUM')","[15, 26]",88.069984
"('SOFT', 'SOFT', 'MEDIUM')","[15, 27]",88.278946
"('SOFT', 'SOFT', 'MEDIUM')","[15, 28]",88.487915
"('SOFT', 'SOFT', 'MEDIUM')","[15, 29]",88.696884
"('SOFT', 'SOFT', 'MEDIUM')","[15, 30]",88.90585
"('SOFT', 'SOFT', 'MEDIUM')","[15, 31]",89.11482
"('SOFT', 'SOFT', 'MEDIUM')","[15, 32]",89.32379
"('SOFT', 'SOFT', 'MEDIUM')","[15, 33]",89.53277
"('SOFT', 'SOFT', 'MEDIUM')","[15, 34]",89.74174
"('SOFT', 'SOFT', 'MEDIUM')","[15, 35]",89.9507
"('SOFT', 'SOFT', 'MEDIUM')","[15, 36]",90.159676
"('SOFT', 'SOFT', 'MEDIUM')","[15, 37]",90.368645
"('SOFT', 'SOFT', 'MEDIUM')","[15, 38]",90.57762
"('SOFT', 'SOFT', 'MEDIUM')","[15, 39]",90.78659
"('SOFT', 'SOFT', 'MEDIUM')","[15, 40]",90.99557
"('SOFT', 'SOFT', 'MEDIUM')","[15, 41]",91.20453
"('SOFT', 'SOFT', 'MEDIUM')","[15, 42]",91.4135
"('SOFT', 'SOFT', 'MEDIUM')","[15, 43]",91.62247
"('SOFT', 'SOFT', 'MEDIUM')","[15, 44]",91.831436
"('SOFT', 'SOFT', 'MEDIUM')","[15, 45]",92.04041
"('SOFT', 'SOFT', 'MEDIUM')","[15, 46]",92.249374
"('SOFT', 'SOFT', 'MEDIUM')","[16, 17]",86.22425
"('SOFT', 'SOFT', 'MEDIUM')","[16, 18]",86.43322
"('SOFT', 'SOFT', 'MEDIUM')","[16, 19]",86.6422
"('SOFT', 'SOFT', 'MEDIUM')","[16, 20]",86.851166
"('SOFT', 'SOFT', 'MEDIUM')","[16, 21]",87.060135
"('SOFT', 'SOFT', 'MEDIUM')","[16, 22]",87.269104
"('SOFT', 'SOFT', 'MEDIUM')","[16, 23]",87.47807
"('SOFT', 'SOFT', 'MEDIUM')","[16, 24]",87.68704
"('SOFT', 'SOFT', 'MEDIUM')","[16, 25]",87.89601
"('SOFT', 'SOFT', 'MEDIUM')","[16, 26]",88.10498
"('SOFT', 'SOFT', 'MEDIUM')","[16, 27]",88.31395
"('SOFT', 'SOFT', 'MEDIUM')","[16, 28]",88.52292
"('SOFT', 'SOFT', 'MEDIUM')","[16, 29]",88.73189
"('SOFT', 'SOFT', 'MEDIUM')","[16, 30]",88.94086
"('SOFT', 'SOFT', 'MEDIUM')","[16, 31]",89.149826
"('SOFT', 'SOFT', 'MEDIUM')","[16, 32]",89.358795
"('SOFT', 'SOFT', 'MEDIUM')","[16, 33]",89.567764
"('SOFT', 'SOFT', 'MEDIUM')","[16, 34]",89.77673
"('SOFT', 'SOFT', 'MEDIUM')","[16, 35]",89.9857
"('SOFT', 'SOFT', 'MEDIUM')","[16, 36]",90.19467
"('SOFT', 'SOFT', 'MEDIUM')","[16, 37]",90.40365
"('SOFT', 'SOFT', 'MEDIUM')","[16, 38]",90.612625
"('SOFT', 'SOFT', 'MEDIUM')","[16, 39]",90.821594
"('SOFT', 'SOFT', 'MEDIUM')","[16, 40]",91.03056
"('SOFT', 'SOFT', 'MEDIUM')","[16, 41]",91.23953
"('SOFT', 'SOFT', 'MEDIUM')","[16, 42]",91.4485
"('SOFT', 'SOFT', 'MEDIUM')","[16, 43]",91.65747
"('SOFT', 'SOFT', 'MEDIUM')","[16, 44]",91.86644
"('SOFT', 'SOFT', 'MEDIUM')","[16, 45]",92.07541
"('SOFT', 'SOFT', 'MEDIUM')","[16, 46]",92.28438
"('SOFT', 'SOFT', 'MEDIUM')","[17, 18]",86.46822
"('SOFT', 'SOFT', 'MEDIUM')","[17, 19]",86.6772
"('SOFT', 'SOFT', 'MEDIUM')","[17, 20]",86.88617
"('SOFT', 'SOFT', 'MEDIUM')","[17, 21]",87.09514
"('SOFT', 'SOFT', 'MEDIUM')","[17, 22]",87.30411
"('SOFT', 'SOFT', 'MEDIUM')","[17, 23]",87.51308
"('SOFT', 'SOFT', 'MEDIUM')","[17, 24]",87.722046
"('SOFT', 'SOFT', 'MEDIUM')","[17, 25]",87.93101
"('SOFT', 'SOFT', 'MEDIUM')","[17, 26]",88.13998
"('SOFT', 'SOFT', 'MEDIUM')","[17, 27]",88.34895
"('SOFT', 'SOFT', 'MEDIUM')","[17, 28]",88.55792
"('SOFT', 'SOFT', 'MEDIUM')","[17, 29]",88.76689
"('SOFT', 'SOFT', 'MEDIUM')","[17, 30]",88.97586
"('SOFT', 'SOFT', 'MEDIUM')","[17, 31]",89.18483
"('SOFT', 'SOFT', 'MEDIUM')","[17, 32]",89.3938
"('SOFT', 'SOFT', 'MEDIUM')","[17, 33]",89.60276
"('SOFT', 'SOFT', 'MEDIUM')","[17, 34]",89.81173
"('SOFT', 'SOFT', 'MEDIUM')","[17, 35]",90.020706
"('SOFT', 'SOFT', 'MEDIUM')","[17, 36]",90.229675
"('SOFT', 'SOFT', 'MEDIUM')","[17, 37]",90.43865
"('SOFT', 'SOFT', 'MEDIUM')","[17, 38]",90.64763
"('SOFT', 'SOFT', 'MEDIUM')","[17, 39]",90.8566
"('SOFT', 'SOFT', 'MEDIUM')","[17, 40]",91.06556
"('SOFT', 'SOFT', 'MEDIUM')","[17, 41]",91.274536
"('SOFT', 'SOFT', 'MEDIUM')","[17, 42]",91.483505
"('SOFT', 'SOFT', 'MEDIUM')","[17, 43]",91.692474
"('SOFT', 'SOFT', 'MEDIUM')","[17, 44]",91.90144
"('SOFT', 'SOFT', 'MEDIUM')","[17, 45]",92.110405
"('SOFT', 'SOFT', 'MEDIUM')","[17, 46]",92.31938
"('SOFT', 'SOFT', 'MEDIUM')","[18, 19]",86.71219
"('SOFT', 'SOFT', 'MEDIUM')","[18, 20]",86.92116
"('SOFT', 'SOFT', 'MEDIUM')","[18, 21]",87.130135
"('SOFT', 'SOFT', 'MEDIUM')","[18, 22]",87.3391
"('SOFT', 'SOFT', 'MEDIUM')","[18, 23]",87.548065
"('SOFT', 'SOFT', 'MEDIUM')","[18, 24]",87.757034
"('SOFT', 'SOFT', 'MEDIUM')","[18, 25]",87.96601
"('SOFT', 'SOFT', 'MEDIUM')","[18, 26]",88.17498
"('SOFT', 'SOFT', 'MEDIUM')","[18, 27]",88.38394
"('SOFT', 'SOFT', 'MEDIUM')","[18, 28]",88.59291
"('SOFT', 'SOFT', 'MEDIUM')","[18, 29]",88.80189
"('SOFT', 'SOFT', 'MEDIUM')","[18, 30]",89.01086
"('SOFT', 'SOFT', 'MEDIUM')","[18, 31]",89.21982
"('SOFT', 'SOFT', 'MEDIUM')","[18, 32]",89.42879
"('SOFT', 'SOFT', 'MEDIUM')","[18, 33]",89.637764
"('SOFT', 'SOFT', 'MEDIUM')","[18, 34]",89.84673
"('SOFT', 'SOFT', 'MEDIUM')","[18, 35]",90.055695
"('SOFT', 'SOFT', 'MEDIUM')","[18, 36]",90.26467
"('SOFT', 'SOFT', 'MEDIUM')","[18, 37]",90.47365
"('SOFT', 'SOFT', 'MEDIUM')","[18, 38]",90.68262
"('SOFT', 'SOFT', 'MEDIUM')","[18, 39]",90.89159
"('SOFT', 'SOFT', 'MEDIUM')","[18, 40]",91.10056
"('SOFT', 'SOFT', 'MEDIUM')","[18, 41]",91.30953
"('SOFT', 'SOFT', 'MEDIUM')","[18, 42]",91.51849
"('SOFT', 'SOFT', 'MEDIUM')","[18, 43]",91.72746
"('SOFT', 'SOFT', 'MEDIUM')","[18, 44]",91.93644
"('SOFT', 'SOFT', 'MEDIUM')","[18, 45]",92.14541
"('SOFT', 'SOFT', 'MEDIUM')","[18, 46]",92.35437
"('SOFT', 'SOFT', 'MEDIUM')","[19, 20]",86.95616
"('SOFT', 'SOFT', 'MEDIUM')","[19, 21]",87.16513
"('SOFT', 'SOFT', 'MEDIUM')","[19, 22]",87.3741
"('SOFT', 'SOFT', 'MEDIUM')","[19, 23]",87.58307
"('SOFT', 'SOFT', 'MEDIUM')","[19, 24]",87.79204
"('SOFT', 'SOFT', 'MEDIUM')","[19, 25]",88.001015
"('SOFT', 'SOFT', 'MEDIUM')","[19, 26]",88.209984
"('SOFT', 'SOFT', 'MEDIUM')","[19, 27]",88.418945
"('SOFT', 'SOFT', 'MEDIUM')","[19, 28]",88.627914
"('SOFT', 'SOFT', 'MEDIUM')","[19, 29]",88.83688
"('SOFT', 'SOFT', 'MEDIUM')","[19, 30]",89.04585
"('SOFT', 'SOFT', 'MEDIUM')","[19, 31]",89.25482
"('SOFT', 'SOFT', 'MEDIUM')","[19, 32]",89.46379
"('SOFT', 'SOFT', 'MEDIUM')","[19, 33]",89.67277
"('SOFT', 'SOFT', 'MEDIUM')","[19, 34]",89.88174
"('SOFT', 'SOFT', 'MEDIUM')","[19, 35]",90.0907
"('SOFT', 'SOFT', 'MEDIUM')","[19, 36]",90.299675
"('SOFT', 'SOFT', 'MEDIUM')","[19, 37]",90.508644
"('SOFT', 'SOFT', 'MEDIUM')","[19, 38]",90.71762
"('SOFT', 'SOFT', 'MEDIUM')","[19, 39]",90.92659
"('SOFT', 'SOFT', 'MEDIUM')","[19, 40]",91.13557
"('SOFT', 'SOFT', 'MEDIUM')","[19, 41]",91.34453
"('SOFT', 'SOFT', 'MEDIUM')","[19, 42]",91.5535
"('SOFT', 'SOFT', 'MEDIUM')","[19, 43]",91.76247
"('SOFT', 'SOFT', 'MEDIUM')","[19, 44]",91.971436
"('SOFT', 'SOFT', 'MEDIUM')","[19, 45]",92.18041
"('SOFT', 'SOFT', 'MEDIUM')","[19, 46]",92.38937
"('SOFT', 'SOFT', 'MEDIUM')","[20, 21]",87.200134
"('SOFT', 'SOFT', 'MEDIUM')","[20, 22]",87.4091
"('SOFT', 'SOFT', 'MEDIUM')","[20, 23]",87.61807
"('SOFT', 'SOFT', 'MEDIUM')","[20, 24]",87.82704
"('SOFT', 'SOFT', 'MEDIUM')","[20, 25]",88.03601
"('SOFT', 'SOFT', 'MEDIUM')","[20, 26]",88.24498
"('SOFT', 'SOFT', 'MEDIUM')","[20, 27]",88.45395
"('SOFT', 'SOFT', 'MEDIUM')","[20, 28]",88.66292
"('SOFT', 'SOFT', 'MEDIUM')","[20, 29]",88.87189
"('SOFT', 'SOFT', 'MEDIUM')","[20, 30]",89.08086
"('SOFT', 'SOFT', 'MEDIUM')","[20, 31]",89.289825
"('SOFT', 'SOFT', 'MEDIUM')","[20, 32]",89.498795
"('SOFT', 'SOFT', 'MEDIUM')","[20, 33]",89.70776
"('SOFT', 'SOFT', 'MEDIUM')","[20, 34]",89.91673
"('SOFT', 'SOFT', 'MEDIUM')","[20, 35]",90.1257
"('SOFT', 'SOFT', 'MEDIUM')","[20, 36]",90.33467
"('SOFT', 'SOFT', 'MEDIUM')","[20, 37]",90.54365
"('SOFT', 'SOFT', 'MEDIUM')","[20, 38]",90.752625
"('SOFT', 'SOFT', 'MEDIUM')","[20, 39]",90.96159
"('SOFT', 'SOFT', 'MEDIUM')","[20, 40]",91.17056
"('SOFT', 'SOFT', 'MEDIUM')","[20, 41]",91.37953
"('SOFT', 'SOFT', 'MEDIUM')","[20, 42]",91.5885
"('SOFT', 'SOFT', 'MEDIUM')","[20, 43]",91.79747
"('SOFT', 'SOFT', 'MEDIUM')","[20, 44]",92.00644
"('SOFT', 'SOFT', 'MEDIUM')","[20, 45]",92.21541
"('SOFT', 'SOFT', 'MEDIUM')","[20, 46]",92.42438
"('SOFT', 'SOFT', 'MEDIUM')","[21, 22]",87.44411
"('SOFT', 'SOFT', 'MEDIUM')","[21, 23]",87.653076
"('SOFT', 'SOFT', 'MEDIUM')","[21, 24]",87.862045
"('SOFT', 'SOFT', 'MEDIUM')","[21, 25]",88.07101
"('SOFT', 'SOFT', 'MEDIUM')","[21, 26]",88.279976
"('SOFT', 'SOFT', 'MEDIUM')","[21, 27]",88.48895
"('SOFT', 'SOFT', 'MEDIUM')","[21, 28]",88.69792
"('SOFT', 'SOFT', 'MEDIUM')","[21, 29]",88.90689
"('SOFT', 'SOFT', 'MEDIUM')","[21, 30]",89.11586
"('SOFT', 'SOFT', 'MEDIUM')","[21, 31]",89.32483
"('SOFT', 'SOFT', 'MEDIUM')","[21, 32]",89.5338
"('SOFT', 'SOFT', 'MEDIUM')","[21, 33]",89.74276
"('SOFT', 'SOFT', 'MEDIUM')","[21, 34]",89.95173
"('SOFT', 'SOFT', 'MEDIUM')","[21, 35]",90.160706
"('SOFT', 'SOFT', 'MEDIUM')","[21, 36]",90.369675
"('SOFT', 'SOFT', 'MEDIUM')","[21, 37]",90.57865
"('SOFT', 'SOFT', 'MEDIUM')","[21, 38]",90.78763
"('SOFT', 'SOFT', 'MEDIUM')","[21, 39]",90.9966
"('SOFT', 'SOFT', 'MEDIUM')","[21, 40]",91.20556
"('SOFT', 'SOFT', 'MEDIUM')","[21, 41]",91.414536
"('SOFT', 'SOFT', 'MEDIUM')","[21, 42]",91.623505
"('SOFT', 'SOFT', 'MEDIUM')","[21, 43]",91.83247
"('SOFT', 'SOFT', 'MEDIUM')","[21, 44]",92.04144
"('SOFT', 'SOFT', 'MEDIUM')","[21, 45]",92.250404
"('SOFT', 'SOFT', 'MEDIUM')","[21, 46]",92.45938
"('SOFT', 'SOFT', 'MEDIUM')","[22, 23]",87.68808
"('SOFT', 'SOFT', 'MEDIUM')","[22, 24]",87.89703
"('SOFT', 'SOFT', 'MEDIUM')","[22, 25]",88.10601
"('SOFT', 'SOFT', 'MEDIUM')","[22, 26]",88.31498
"('SOFT', 'SOFT', 'MEDIUM')","[22, 27]",88.52394
"('SOFT', 'SOFT', 'MEDIUM')","[22, 28]",88.732925
"('SOFT', 'SOFT', 'MEDIUM')","[22, 29]",88.94189
"('SOFT', 'SOFT', 'MEDIUM')","[22, 30]",89.150856
"('SOFT', 'SOFT', 'MEDIUM')","[22, 31]",89.35983
"('SOFT', 'SOFT', 'MEDIUM')","[22, 32]",89.56879
"('SOFT', 'SOFT', 'MEDIUM')","[22, 33]",89.77776
"('SOFT', 'SOFT', 'MEDIUM')","[22, 34]",89.98673
"('SOFT', 'SOFT', 'MEDIUM')","[22, 35]",90.195694
"('SOFT', 'SOFT', 'MEDIUM')","[22, 36]",90.40468
"('SOFT', 'SOFT', 'MEDIUM')","[22, 37]",90.61365
"('SOFT', 'SOFT', 'MEDIUM')","[22, 38]",90.82262
"('SOFT', 'SOFT', 'MEDIUM')","[22, 39]",91.0316
"('SOFT', 'SOFT', 'MEDIUM')","[22, 40]",91.24056
"('SOFT', 'SOFT', 'MEDIUM')","[22, 41]",91.44953
"('SOFT', 'SOFT', 'MEDIUM')","[22, 42]",91.65849
"('SOFT', 'SOFT', 'MEDIUM')","[22, 43]",91.86746
"('SOFT', 'SOFT', 'MEDIUM')","[22, 44]",92.07644
"('SOFT', 'SOFT', 'MEDIUM')","[22, 45]",92.28541
"('SOFT', 'SOFT', 'MEDIUM')","[22, 46]",92.494385
"('SOFT', 'SOFT', 'MEDIUM')","[23, 24]",87.93204
"('SOFT', 'SOFT', 'MEDIUM')","[23, 25]",88.141014
"('SOFT', 'SOFT', 'MEDIUM')","[23, 26]",88.34998
"('SOFT', 'SOFT', 'MEDIUM')","[23, 27]",88.558945
"('SOFT', 'SOFT', 'MEDIUM')","[23, 28]",88.767914
"('SOFT', 'SOFT', 'MEDIUM')","[23, 29]",88.97688
"('SOFT', 'SOFT', 'MEDIUM')","[23, 30]",89.18585
"('SOFT', 'SOFT', 'MEDIUM')","[23, 31]",89.39482
"('SOFT', 'SOFT', 'MEDIUM')","[23, 32]",89.60379
"('SOFT', 'SOFT', 'MEDIUM')","[23, 33]",89.81277
"('SOFT', 'SOFT', 'MEDIUM')","[23, 34]",90.021736
"('SOFT', 'SOFT', 'MEDIUM')","[23, 35]",90.2307
"('SOFT', 'SOFT', 'MEDIUM')","[23, 36]",90.439674
"('SOFT', 'SOFT', 'MEDIUM')","[23, 37]",90.64864
"('SOFT', 'SOFT', 'MEDIUM')","[23, 38]",90.85762
"('SOFT', 'SOFT', 'MEDIUM')","[23, 39]",91.06659
"('SOFT', 'SOFT', 'MEDIUM')","[23, 40]",91.275566
"('SOFT', 'SOFT', 'MEDIUM')","[23, 41]",91.48453
"('SOFT', 'SOFT', 'MEDIUM')","[23, 42]",91.6935
"('SOFT', 'SOFT', 'MEDIUM')","[23, 43]",91.902466
"('SOFT', 'SOFT', 'MEDIUM')","[23, 44]",92.111435
"('SOFT', 'SOFT', 'MEDIUM')","[23, 45]",92.32041
"('SOFT', 'SOFT', 'MEDIUM')","[23, 46]",92.52937
"('SOFT', 'SOFT', 'MEDIUM')","[24, 25]",88.17601
"('SOFT', 'SOFT', 'MEDIUM')","[24, 26]",88.38498
"('SOFT', 'SOFT', 'MEDIUM')","[24, 27]",88.59395
"('SOFT', 'SOFT', 'MEDIUM')","[24, 28]",88.80292
"('SOFT', 'SOFT', 'MEDIUM')","[24, 29]",89.01189
"('SOFT', 'SOFT', 'MEDIUM')","[24, 30]",89.220856
"('SOFT', 'SOFT', 'MEDIUM')","[24, 31]",89.429825
"('SOFT', 'SOFT', 'MEDIUM')","[24, 32]",89.638794
"('SOFT', 'SOFT', 'MEDIUM')","[24, 33]",89.84776
"('SOFT', 'SOFT', 'MEDIUM')","[24, 34]",90.05673
"('SOFT', 'SOFT', 'MEDIUM')","[24, 35]",90.2657
"('SOFT', 'SOFT', 'MEDIUM')","[24, 36]",90.47467
"('SOFT', 'SOFT', 'MEDIUM')","[24, 37]",90.68365
"('SOFT', 'SOFT', 'MEDIUM')","[24, 38]",90.892624
"('SOFT', 'SOFT', 'MEDIUM')","[24, 39]",91.10159
"('SOFT', 'SOFT', 'MEDIUM')","[24, 40]",91.31056
"('SOFT', 'SOFT', 'MEDIUM')","[24, 41]",91.51953
"('SOFT', 'SOFT', 'MEDIUM')","[24, 42]",91.7285
"('SOFT', 'SOFT', 'MEDIUM')","[24, 43]",91.93747
"('SOFT', 'SOFT', 'MEDIUM')","[24, 44]",92.14644
"('SOFT', 'SOFT', 'MEDIUM')","[24, 45]",92.35541
"('SOFT', 'SOFT', 'MEDIUM')","[24, 46]",92.56438
"('SOFT', 'SOFT', 'MEDIUM')","[25, 26]",88.419975
"('SOFT', 'SOFT', 'MEDIUM')","[25, 27]",88.62895
"('SOFT', 'SOFT', 'MEDIUM')","[25, 28]",88.83792
"('SOFT', 'SOFT', 'MEDIUM')","[25, 29]",89.04689
"('SOFT', 'SOFT', 'MEDIUM')","[25, 30]",89.25586
"('SOFT', 'SOFT', 'MEDIUM')","[25, 31]",89.46483
"('SOFT', 'SOFT', 'MEDIUM')","[25, 32]",89.6738
"('SOFT', 'SOFT', 'MEDIUM')","[25, 33]",89.88276
"('SOFT', 'SOFT', 'MEDIUM')","[25, 34]",90.09173
"('SOFT', 'SOFT', 'MEDIUM')","[25, 35]",90.300705
"('SOFT', 'SOFT', 'MEDIUM')","[25, 36]",90.509674
"('SOFT', 'SOFT', 'MEDIUM')","[25, 37]",90.71865
"('SOFT', 'SOFT', 'MEDIUM')","[25, 38]",90.92763
"('SOFT', 'SOFT', 'MEDIUM')","[25, 39]",91.1366
"('SOFT', 'SOFT', 'MEDIUM')","[25, 40]",91.34556
"('SOFT', 'SOFT', 'MEDIUM')","[25, 41]",91.554535
"('SOFT', 'SOFT', 'MEDIUM')","[25, 42]",91.763504
"('SOFT', 'SOFT', 'MEDIUM')","[25, 43]",91.97247
"('SOFT', 'SOFT', 'MEDIUM')","[25, 44]",92.18144
"('SOFT', 'SOFT', 'MEDIUM')","[25, 45]",92.3904
"('SOFT', 'SOFT', 'MEDIUM')","[25, 46]",92.59938
"('SOFT', 'SOFT', 'MEDIUM')","[26, 27]",88.66394
"('SOFT', 'SOFT', 'MEDIUM')","[26, 28]",88.872925
"('SOFT', 'SOFT', 'MEDIUM')","[26, 29]",89.08189
"('SOFT', 'SOFT', 'MEDIUM')","[26, 30]",89.290855
"('SOFT', 'SOFT', 'MEDIUM')","[26, 31]",89.49983
"('SOFT', 'SOFT', 'MEDIUM')","[26, 32]",89.708786
"('SOFT', 'SOFT', 'MEDIUM')","[26, 33]",89.91776
"('SOFT', 'SOFT', 'MEDIUM')","[26, 34]",90.12673
"('SOFT', 'SOFT', 'MEDIUM')","[26, 35]",90.33569
"('SOFT', 'SOFT', 'MEDIUM')","[26, 36]",90.54468
"('SOFT', 'SOFT', 'MEDIUM')","[26, 37]",90.75365
"('SOFT', 'SOFT', 'MEDIUM')","[26, 38]",90.962616
"('SOFT', 'SOFT', 'MEDIUM')","[26, 39]",91.1716
"('SOFT', 'SOFT', 'MEDIUM')","[26, 40]",91.38056
"('SOFT', 'SOFT', 'MEDIUM')","[26, 41]",91.58953
"('SOFT', 'SOFT', 'MEDIUM')","[26, 42]",91.79849
"('SOFT', 'SOFT', 'MEDIUM')","[26, 43]",92.00746
"('SOFT', 'SOFT', 'MEDIUM')","[26, 44]",92.21644
"('SOFT', 'SOFT', 'MEDIUM')","[26, 45]",92.42541
"('SOFT', 'SOFT', 'MEDIUM')","[26, 46]",92.634384
"('SOFT', 'SOFT', 'MEDIUM')","[27, 28]",88.90791
"('SOFT', 'SOFT', 'MEDIUM')","[27, 29]",89.11688
"('SOFT', 'SOFT', 'MEDIUM')","[27, 30]",89.32585
"('SOFT', 'SOFT', 'MEDIUM')","[27, 31]",89.53482
"('SOFT', 'SOFT', 'MEDIUM')","[27, 32]",89.74379
"('SOFT', 'SOFT', 'MEDIUM')","[27, 33]",89.95277
"('SOFT', 'SOFT', 'MEDIUM')","[27, 34]",90.161736
"('SOFT', 'SOFT', 'MEDIUM')","[27, 35]",90.3707
"('SOFT', 'SOFT', 'MEDIUM')","[27, 36]",90.57967
"('SOFT', 'SOFT', 'MEDIUM')","[27, 37]",90.78864
"('SOFT', 'SOFT', 'MEDIUM')","[27, 38]",90.99762
"('SOFT', 'SOFT', 'MEDIUM')","[27, 39]",91.20659
"('SOFT', 'SOFT', 'MEDIUM')","[27, 40]",91.415565
"('SOFT', 'SOFT', 'MEDIUM')","[27, 41]",91.62453
"('SOFT', 'SOFT', 'MEDIUM')","[27, 42]",91.833496
"('SOFT', 'SOFT', 'MEDIUM')","[27, 43]",92.042465
"('SOFT', 'SOFT', 'MEDIUM')","[27, 44]",92.251434
"('SOFT', 'SOFT', 'MEDIUM')","[27, 45]",92.46041
"('SOFT', 'SOFT', 'MEDIUM')","[27, 46]",92.66937
"('SOFT', 'SOFT', 'MEDIUM')","[28, 29]",89.151886
"('SOFT', 'SOFT', 'MEDIUM')","[28, 30]",89.360855
"('SOFT', 'SOFT', 'MEDIUM')","[28, 31]",89.569824
"('SOFT', 'SOFT', 'MEDIUM')","[28, 32]",89.77879
"('SOFT', 'SOFT', 'MEDIUM')","[28, 33]",89.98776
"('SOFT', 'SOFT', 'MEDIUM')","[28, 34]",90.19673
"('SOFT', 'SOFT', 'MEDIUM')","[28, 35]",90.4057
"('SOFT', 'SOFT', 'MEDIUM')","[28, 36]",90.61467
"('SOFT', 'SOFT', 'MEDIUM')","[28, 37]",90.82365
"('SOFT', 'SOFT', 'MEDIUM')","[28, 38]",91.03262
"('SOFT', 'SOFT', 'MEDIUM')","[28, 39]",91.24159
"('SOFT', 'SOFT', 'MEDIUM')","[28, 40]",91.45056
"('SOFT', 'SOFT', 'MEDIUM')","[28, 41]",91.65953
"('SOFT', 'SOFT', 'MEDIUM')","[28, 42]",91.8685
"('SOFT', 'SOFT', 'MEDIUM')","[28, 43]",92.07747
"('SOFT', 'SOFT', 'MEDIUM')","[28, 44]",92.28644
"('SOFT', 'SOFT', 'MEDIUM')","[28, 45]",92.49541
"('SOFT', 'SOFT', 'MEDIUM')","[28, 46]",92.70438
"('SOFT', 'SOFT', 'MEDIUM')","[29, 30]",89.39586
"('SOFT', 'SOFT', 'MEDIUM')","[29, 31]",89.60483
"('SOFT', 'SOFT', 'MEDIUM')","[29, 32]",89.8138
"('SOFT', 'SOFT', 'MEDIUM')","[29, 33]",90.02276
"('SOFT', 'SOFT', 'MEDIUM')","[29, 34]",90.23173
"('SOFT', 'SOFT', 'MEDIUM')","[29, 35]",90.440704
"('SOFT', 'SOFT', 'MEDIUM')","[29, 36]",90.64967
"('SOFT', 'SOFT', 'MEDIUM')","[29, 37]",90.85865
"('SOFT', 'SOFT', 'MEDIUM')","[29, 38]",91.06763
"('SOFT', 'SOFT', 'MEDIUM')","[29, 39]",91.276596
"('SOFT', 'SOFT', 'MEDIUM')","[29, 40]",91.48556
"('SOFT', 'SOFT', 'MEDIUM')","[29, 41]",91.694534
"('SOFT', 'SOFT', 'MEDIUM')","[29, 42]",91.9035
"('SOFT', 'SOFT', 'MEDIUM')","[29, 43]",92.11247
"('SOFT', 'SOFT', 'MEDIUM')","[29, 44]",92.32144
"('SOFT', 'SOFT', 'MEDIUM')","[29, 45]",92.5304
"('SOFT', 'SOFT', 'MEDIUM')","[29, 46]",92.73938
"('SOFT', 'SOFT', 'MEDIUM')","[30, 31]",89.63983
"('SOFT', 'SOFT', 'MEDIUM')","[30, 32]",89.848785
"('SOFT', 'SOFT', 'MEDIUM')","[30, 33]",90.05776
"('SOFT', 'SOFT', 'MEDIUM')","[30, 34]",90.26673
"('SOFT', 'SOFT', 'MEDIUM')","[30, 35]",90.47569
"('SOFT', 'SOFT', 'MEDIUM')","[30, 36]",90.68468
"('SOFT', 'SOFT', 'MEDIUM')","[30, 37]",90.89365
"('SOFT', 'SOFT', 'MEDIUM')","[30, 38]",91.102615
"('SOFT', 'SOFT', 'MEDIUM')","[30, 39]",91.3116
"('SOFT', 'SOFT', 'MEDIUM')","[30, 40]",91.52056
"('SOFT', 'SOFT', 'MEDIUM')","[30, 41]",91.72953
"('SOFT', 'SOFT', 'MEDIUM')","[30, 42]",91.93849
"('SOFT', 'SOFT', 'MEDIUM')","[30, 43]",92.14746
"('SOFT', 'SOFT', 'MEDIUM')","[30, 44]",92.35644
"('SOFT', 'SOFT', 'MEDIUM')","[30, 45]",92.56541
"('SOFT', 'SOFT', 'MEDIUM')","[30, 46]",92.77438
"('SOFT', 'SOFT', 'MEDIUM')","[31, 32]",89.88379
"('SOFT', 'SOFT', 'MEDIUM')","[31, 33]",90.092766
"('SOFT', 'SOFT', 'MEDIUM')","[31, 34]",90.301735
"('SOFT', 'SOFT', 'MEDIUM')","[31, 35]",90.5107
"('SOFT', 'SOFT', 'MEDIUM')","[31, 36]",90.71967
"('SOFT', 'SOFT', 'MEDIUM')","[31, 37]",90.92864
"('SOFT', 'SOFT', 'MEDIUM')","[31, 38]",91.13762
"('SOFT', 'SOFT', 'MEDIUM')","[31, 39]",91.34659
"('SOFT', 'SOFT', 'MEDIUM')","[31, 40]",91.555565
"('SOFT', 'SOFT', 'MEDIUM')","[31, 41]",91.76453
"('SOFT', 'SOFT', 'MEDIUM')","[31, 42]",91.973495
"('SOFT', 'SOFT', 'MEDIUM')","[31, 43]",92.182465
"('SOFT', 'SOFT', 'MEDIUM')","[31, 44]",92.39143
"('SOFT', 'SOFT', 'MEDIUM')","[31, 45]",92.60041
"('SOFT', 'SOFT', 'MEDIUM')","[31, 46]",92.80937
"('SOFT', 'SOFT', 'MEDIUM')","[32, 33]",90.12776
"('SOFT', 'SOFT', 'MEDIUM')","[32, 34]",90.33673
"('SOFT', 'SOFT', 'MEDIUM')","[32, 35]",90.5457
"('SOFT', 'SOFT', 'MEDIUM')","[32, 36]",90.75467
"('SOFT', 'SOFT', 'MEDIUM')","[32, 37]",90.963646
"('SOFT', 'SOFT', 'MEDIUM')","[32, 38]",91.17262
"('SOFT', 'SOFT', 'MEDIUM')","[32, 39]",91.38159
"('SOFT', 'SOFT', 'MEDIUM')","[32, 40]",91.59056
"('SOFT', 'SOFT', 'MEDIUM')","[32, 41]",91.79953
"('SOFT', 'SOFT', 'MEDIUM')","[32, 42]",92.0085
"('SOFT', 'SOFT', 'MEDIUM')","[32, 43]",92.21747
"('SOFT', 'SOFT', 'MEDIUM')","[32, 44]",92.42644
"('SOFT', 'SOFT', 'MEDIUM')","[32, 45]",92.63541
"('SOFT', 'SOFT', 'MEDIUM')","[32, 46]",92.844376
"('SOFT', 'SOFT', 'MEDIUM')","[33, 34]",90.37173
"('SOFT', 'SOFT', 'MEDIUM')","[33, 35]",90.58069
"('SOFT', 'SOFT', 'MEDIUM')","[33, 36]",90.78967
"('SOFT', 'SOFT', 'MEDIUM')","[33, 37]",90.99864
"('SOFT', 'SOFT', 'MEDIUM')","[33, 38]",91.20761
"('SOFT', 'SOFT', 'MEDIUM')","[33, 39]",91.416595
"('SOFT', 'SOFT', 'MEDIUM')","[33, 40]",91.62556
"('SOFT', 'SOFT', 'MEDIUM')","[33, 41]",91.834526
"('SOFT', 'SOFT', 'MEDIUM')","[33, 42]",92.04349
"('SOFT', 'SOFT', 'MEDIUM')","[33, 43]",92.25246
"('SOFT', 'SOFT', 'MEDIUM')","[33, 44]",92.46143
"('SOFT', 'SOFT', 'MEDIUM')","[33, 45]",92.6704
"('SOFT', 'SOFT', 'MEDIUM')","[33, 46]",92.87938
"('SOFT', 'SOFT', 'MEDIUM')","[34, 35]",90.61569
"('SOFT', 'SOFT', 'MEDIUM')","[34, 36]",90.82467
"('SOFT', 'SOFT', 'MEDIUM')","[34, 37]",91.03364
"('SOFT', 'SOFT', 'MEDIUM')","[34, 38]",91.242615
"('SOFT', 'SOFT', 'MEDIUM')","[34, 39]",91.451584
"('SOFT', 'SOFT', 'MEDIUM')","[34, 40]",91.66056
"('SOFT', 'SOFT', 'MEDIUM')","[34, 41]",91.86952
"('SOFT', 'SOFT', 'MEDIUM')","[34, 42]",92.07849
"('SOFT', 'SOFT', 'MEDIUM')","[34, 43]",92.28746
"('SOFT', 'SOFT', 'MEDIUM')","[34, 44]",92.49643
"('SOFT', 'SOFT', 'MEDIUM')","[34, 45]",92.70541
"('SOFT', 'SOFT', 'MEDIUM')","[34, 46]",92.91437
"('SOFT', 'SOFT', 'MEDIUM')","[35, 36]",90.85967
"('SOFT', 'SOFT', 'MEDIUM')","[35, 37]",91.06864
"('SOFT', 'SOFT', 'MEDIUM')","[35, 38]",91.27762
"('SOFT', 'SOFT', 'MEDIUM')","[35, 39]",91.48659
"('SOFT', 'SOFT', 'MEDIUM')","[35, 40]",91.695564
"('SOFT', 'SOFT', 'MEDIUM')","[35, 41]",91.904526
"('SOFT', 'SOFT', 'MEDIUM')","[35, 42]",92.113495
"('SOFT', 'SOFT', 'MEDIUM')","[35, 43]",92.322464
"('SOFT', 'SOFT', 'MEDIUM')","[35, 44]",92.53143
"('SOFT', 'SOFT', 'MEDIUM')","[35, 45]",92.74041
"('SOFT', 'SOFT', 'MEDIUM')","[35, 46]",92.94937
"('SOFT', 'SOFT', 'MEDIUM')","[36, 37]",91.103645
"('SOFT', 'SOFT', 'MEDIUM')","[36, 38]",91.31262
"('SOFT', 'SOFT', 'MEDIUM')","[36, 39]",91.52159
"('SOFT', 'SOFT', 'MEDIUM')","[36, 40]",91.73056
"('SOFT', 'SOFT', 'MEDIUM')","[36, 41]",91.93953
"('SOFT', 'SOFT', 'MEDIUM')","[36, 42]",92.1485
"('SOFT', 'SOFT', 'MEDIUM')","[36, 43]",92.35747
"('SOFT', 'SOFT', 'MEDIUM')","[36, 44]",92.56644
"('SOFT', 'SOFT', 'MEDIUM')","[36, 45]",92.775406
"('SOFT', 'SOFT', 'MEDIUM')","[36, 46]",92.984375
"('SOFT', 'SOFT', 'MEDIUM')","[37, 38]",91.347626
"('SOFT', 'SOFT', 'MEDIUM')","[37, 39]",91.556595
"('SOFT', 'SOFT', 'MEDIUM')","[37, 40]",91.765564
"('SOFT', 'SOFT', 'MEDIUM')","[37, 41]",91.97453
"('SOFT', 'SOFT', 'MEDIUM')","[37, 42]",92.1835
"('SOFT', 'SOFT', 'MEDIUM')","[37, 43]",92.39247
"('SOFT', 'SOFT', 'MEDIUM')","[37, 44]",92.60144
"('SOFT', 'SOFT', 'MEDIUM')","[37, 45]",92.81041
"('SOFT', 'SOFT', 'MEDIUM')","[37, 46]",93.01938
"('SOFT', 'SOFT', 'MEDIUM')","[38, 39]",91.5916
"('SOFT', 'SOFT', 'MEDIUM')","[38, 40]",91.80056
"('SOFT', 'SOFT', 'MEDIUM')","[38, 41]",92.00954
"('SOFT', 'SOFT', 'MEDIUM')","[38, 42]",92.218506
"('SOFT', 'SOFT', 'MEDIUM')","[38, 43]",92.427475
"('SOFT', 'SOFT', 'MEDIUM')","[38, 44]",92.636444
"('SOFT', 'SOFT', 'MEDIUM')","[38, 45]",92.845406
"('SOFT', 'SOFT', 'MEDIUM')","[38, 46]",93.05438
"('SOFT', 'SOFT', 'MEDIUM')","[39, 40]",91.83556
"('SOFT', 'SOFT', 'MEDIUM')","[39, 41]",92.04453
"('SOFT', 'SOFT', 'MEDIUM')","[39, 42]",92.253494
"('SOFT', 'SOFT', 'MEDIUM')","[39, 43]",92.46246
"('SOFT', 'SOFT', 'MEDIUM')","[39, 44]",92.67144
"('SOFT', 'SOFT', 'MEDIUM')","[39, 45]",92.88041
"('SOFT', 'SOFT', 'MEDIUM')","[39, 46]",93.089386
"('SOFT', 'SOFT', 'MEDIUM')","[40, 41]",92.07953
"('SOFT', 'SOFT', 'MEDIUM')","[40, 42]",92.2885
"('SOFT', 'SOFT', 'MEDIUM')","[40, 43]",92.49747
"('SOFT', 'SOFT', 'MEDIUM')","[40, 44]",92.706436
"('SOFT', 'SOFT', 'MEDIUM')","[40, 45]",92.915405
"('SOFT', 'SOFT', 'MEDIUM')","[40, 46]",93.124374
"('SOFT', 'SOFT', 'MEDIUM')","[41, 42]",92.3235
"('SOFT', 'SOFT', 'MEDIUM')","[41, 43]",92.53247
"('SOFT', 'SOFT', 'MEDIUM')","[41, 44]",92.74144
"('SOFT', 'SOFT', 'MEDIUM')","[41, 45]",92.95042
"('SOFT', 'SOFT', 'MEDIUM')","[41, 46]",93.15938
"('SOFT', 'SOFT', 'MEDIUM')","[42, 43]",92.567474
"('SOFT', 'SOFT', 'MEDIUM')","[42, 44]",92.77644
"('SOFT', 'SOFT', 'MEDIUM')","[42, 45]",92.985405
"('SOFT', 'SOFT', 'MEDIUM')","[42, 46]",93.19438
"('SOFT', 'SOFT', 'MEDIUM')","[43, 44]",92.81144
"('SOFT', 'SOFT', 'MEDIUM')","[43, 45]",93.02041
"('SOFT', 'SOFT', 'MEDIUM')","[43, 46]",93.229385
"('SOFT', 'SOFT', 'MEDIUM')","[44, 45]",93.05541
"('SOFT', 'SOFT', 'MEDIUM')","[44, 46]",93.26439
"('SOFT', 'SOFT', 'MEDIUM')","[45, 46]",93.29938
"('SOFT', 'SOFT', 'HARD')","[10, 11]",96.652664
"('SOFT', 'SOFT', 'HARD')","[10, 12]",96.6031
"('SOFT', 'SOFT', 'HARD')","[10, 13]",96.55355
"('SOFT', 'SOFT', 'HARD')","[10, 14]",96.50399
"('SOFT', 'SOFT', 'HARD')","[10, 15]",96.45444
"('SOFT', 'SOFT', 'HARD')","[10, 16]",96.40488
"('SOFT', 'SOFT', 'HARD')","[10, 17]",96.35532
"('SOFT', 'SOFT', 'HARD')","[10, 18]",96.30576
"('SOFT', 'SOFT', 'HARD')","[10, 19]",96.25621
"('SOFT', 'SOFT', 'HARD')","[10, 20]",96.20665
"('SOFT', 'SOFT', 'HARD')","[10, 21]",96.1571
"('SOFT', 'SOFT', 'HARD')","[10, 22]",96.107544
"('SOFT', 'SOFT', 'HARD')","[10, 23]",96.05798
"('SOFT', 'SOFT', 'HARD')","[10, 24]",96.00842
"('SOFT', 'SOFT', 'HARD')","[10, 25]",95.95887
"('SOFT', 'SOFT', 'HARD')","[10, 26]",95.90932
"('SOFT', 'SOFT', 'HARD')","[10, 27]",95.85976
"('SOFT', 'SOFT', 'HARD')","[10, 28]",95.810196
"('SOFT', 'SOFT', 'HARD')","[10, 29]",95.76064
"('SOFT', 'SOFT', 'HARD')","[10, 30]",95.71109
"('SOFT', 'SOFT', 'HARD')","[10, 31]",95.66153
"('SOFT', 'SOFT', 'HARD')","[10, 32]",95.61197
"('SOFT', 'SOFT', 'HARD')","[10, 33]",95.562416
"('SOFT', 'SOFT', 'HARD')","[10, 34]",95.51286
"('SOFT', 'SOFT', 'HARD')","[10, 35]",95.4633
"('SOFT', 'SOFT', 'HARD')","[10, 36]",95.41374
"('SOFT', 'SOFT', 'HARD')","[10, 37]",95.36419
"('SOFT', 'SOFT', 'HARD')","[10, 38]",95.31464
"('SOFT', 'SOFT', 'HARD')","[10, 39]",95.265076
"('SOFT', 'SOFT', 'HARD')","[10, 40]",95.215515
"('SOFT', 'SOFT', 'HARD')","[10, 41]",95.165955
"('SOFT', 'SOFT', 'HARD')","[10, 42]",95.116394
"('SOFT', 'SOFT', 'HARD')","[10, 43]",95.06683
"('SOFT', 'SOFT', 'HARD')","[10, 44]",95.01727
"('SOFT', 'SOFT', 'HARD')","[10, 45]",94.96772
"('SOFT', 'SOFT', 'HARD')","[10, 46]",94.91816
"('SOFT', 'SOFT', 'HARD')","[11, 12]",96.63811
"('SOFT', 'SOFT', 'HARD')","[11, 13]",96.588554
"('SOFT', 'SOFT', 'HARD')","[11, 14]",96.538994
"('SOFT', 'SOFT', 'HARD')","[11, 15]",96.48944
"('SOFT', 'SOFT', 'HARD')","[11, 16]",96.43988
"('SOFT', 'SOFT', 'HARD')","[11, 17]",96.39033
"('SOFT', 'SOFT', 'HARD')","[11, 18]",96.34077
"('SOFT', 'SOFT', 'HARD')","[11, 19]",96.291214
"('SOFT', 'SOFT', 'HARD')","[11, 20]",96.24165
"('SOFT', 'SOFT', 'HARD')","[11, 21]",96.19209
"('SOFT', 'SOFT', 'HARD')","[11, 22]",96.14253
"('SOFT', 'SOFT', 'HARD')","[11, 23]",96.09299
"('SOFT', 'SOFT', 'HARD')","[11, 24]",96.04343
"('SOFT', 'SOFT', 'HARD')","[11, 25]",95.99387
"('SOFT', 'SOFT', 'HARD')","[11, 26]",95.94432
"('SOFT', 'SOFT', 'HARD')","[11, 27]",95.89476
"('SOFT', 'SOFT', 'HARD')","[11, 28]",95.8452
"('SOFT', 'SOFT', 'HARD')","[11, 29]",95.79564
"('SOFT', 'SOFT', 'HARD')","[11, 30]",95.74608
"('SOFT', 'SOFT', 'HARD')","[11, 31]",95.69653
"('SOFT', 'SOFT', 'HARD')","[11, 32]",95.64697
"('SOFT', 'SOFT', 'HARD')","[11, 33]",95.59742
"('SOFT', 'SOFT', 'HARD')","[11, 34]",95.54787
"('SOFT', 'SOFT', 'HARD')","[11, 35]",95.49831
"('SOFT', 'SOFT', 'HARD')","[11, 36]",95.448746
"('SOFT', 'SOFT', 'HARD')","[11, 37]",95.399185
"('SOFT', 'SOFT', 'HARD')","[11, 38]",95.349625
"('SOFT', 'SOFT', 'HARD')","[11, 39]",95.30008
"('SOFT', 'SOFT', 'HARD')","[11, 40]",95.25052
"('SOFT', 'SOFT', 'HARD')","[11, 41]",95.20095
"('SOFT', 'SOFT', 'HARD')","[11, 42]",95.1514
"('SOFT', 'SOFT', 'HARD')","[11, 43]",95.10184
"('SOFT', 'SOFT', 'HARD')","[11, 44]",95.05228
"('SOFT', 'SOFT', 'HARD')","[11, 45]",95.00272
"('SOFT', 'SOFT', 'HARD')","[11, 46]",94.95316
"('SOFT', 'SOFT', 'HARD')","[12, 13]",96.62355
"('SOFT', 'SOFT', 'HARD')","[12, 14]",96.57399
"('SOFT', 'SOFT', 'HARD')","[12, 15]",96.52444
"('SOFT', 'SOFT', 'HARD')","[12, 16]",96.47488
"('SOFT', 'SOFT', 'HARD')","[12, 17]",96.42532
"('SOFT', 'SOFT', 'HARD')","[12, 18]",96.37576
"('SOFT', 'SOFT', 'HARD')","[12, 19]",96.32621
"('SOFT', 'SOFT', 'HARD')","[12, 20]",96.27665
"('SOFT', 'SOFT', 'HARD')","[12, 21]",96.2271
"('SOFT', 'SOFT', 'HARD')","[12, 22]",96.177536
"('SOFT', 'SOFT', 'HARD')","[12, 23]",96.127975
"('SOFT', 'SOFT', 'HARD')","[12, 24]",96.07842
"('SOFT', 'SOFT', 'HARD')","[12, 25]",96.02887
"('SOFT', 'SOFT', 'HARD')","[12, 26]",95.97931
"('SOFT', 'SOFT', 'HARD')","[12, 27]",95.92975
"('SOFT', 'SOFT', 'HARD')","[12, 28]",95.880196
"('SOFT', 'SOFT', 'HARD')","[12, 29]",95.83064
"('SOFT', 'SOFT', 'HARD')","[12, 30]",95.78108
"('SOFT', 'SOFT', 'HARD')","[12, 31]",95.73152
"('SOFT', 'SOFT', 'HARD')","[12, 32]",95.68197
"('SOFT', 'SOFT', 'HARD')","[12, 33]",95.632416
"('SOFT', 'SOFT', 'HARD')","[12, 34]",95.582855
"('SOFT', 'SOFT', 'HARD')","[12, 35]",95.533295
"('SOFT', 'SOFT', 'HARD')","[12, 36]",95.48374
"('SOFT', 'SOFT', 'HARD')","[12, 37]",95.43419
"('SOFT', 'SOFT', 'HARD')","[12, 38]",95.38463
"('SOFT', 'SOFT', 'HARD')","[12, 39]",95.33507
"('SOFT', 'SOFT', 'HARD')","[12, 40]",95.285515
"('SOFT', 'SOFT', 'HARD')","[12, 41]",95.235954
"('SOFT', 'SOFT', 'HARD')","[12, 42]",95.186386
"('SOFT', 'SOFT', 'HARD')","[12, 43]",95.136826
"('SOFT', 'SOFT', 'HARD')","[12, 44]",95.08728
"('SOFT', 'SOFT', 'HARD')","[12, 45]",95.03772
"('SOFT', 'SOFT', 'HARD')","[12, 46]",94.98816
"('SOFT', 'SOFT', 'HARD')","[13, 14]",96.60899
"('SOFT', 'SOFT', 'HARD')","[13, 15]",96.55944
"('SOFT', 'SOFT', 'HARD')","[13, 16]",96.50988
"('SOFT', 'SOFT', 'HARD')","[13, 17]",96.46033
"('SOFT', 'SOFT', 'HARD')","[13, 18]",96.41077
"('SOFT', 'SOFT', 'HARD')","[13, 19]",96.36121
"('SOFT', 'SOFT', 'HARD')","[13, 20]",96.31165
"('SOFT', 'SOFT', 'HARD')","[13, 21]",96.2621
"('SOFT', 'SOFT', 'HARD')","[13, 22]",96.21254
"('SOFT', 'SOFT', 'HARD')","[13, 23]",96.16298
"('SOFT', 'SOFT', 'HARD')","[13, 24]",96.11343
"('SOFT', 'SOFT', 'HARD')","[13, 25]",96.063866
"('SOFT', 'SOFT', 'HARD')","[13, 26]",96.01431
"('SOFT', 'SOFT', 'HARD')","[13, 27]",95.96475
"('SOFT', 'SOFT', 'HARD')","[13, 28]",95.9152
"('SOFT', 'SOFT', 'HARD')","[13, 29]",95.86565
"('SOFT', 'SOFT', 'HARD')","[13, 30]",95.816086
"('SOFT', 'SOFT', 'HARD')","[13, 31]",95.766525
"('SOFT', 'SOFT', 'HARD')","[13, 32]",95.71697
"('SOFT', 'SOFT', 'HARD')","[13, 33]",95.66741
"('SOFT', 'SOFT', 'HARD')","[13, 34]",95.61786
"('SOFT', 'SOFT', 'HARD')","[13, 35]",95.5683
"('SOFT', 'SOFT', 'HARD')","[13, 36]",95.518745
"('SOFT', 'SOFT', 'HARD')","[13, 37]",95.46919
"('SOFT', 'SOFT', 'HARD')","[13, 38]",95.41963
"('SOFT', 'SOFT', 'HARD')","[13, 39]",95.37007
"('SOFT', 'SOFT', 'HARD')","[13, 40]",95.32051
"('SOFT', 'SOFT', 'HARD')","[13, 41]",95.27096
"('SOFT', 'SOFT', 'HARD')","[13, 42]",95.22139
"('SOFT', 'SOFT', 'HARD')","[13, 43]",95.17183
"('SOFT', 'SOFT', 'HARD')","[13, 44]",95.122284
"('SOFT', 'SOFT', 'HARD')","[13, 45]",95.072716
"('SOFT', 'SOFT', 'HARD')","[13, 46]",95.02316
"('SOFT', 'SOFT', 'HARD')","[14, 15]",96.59444
"('SOFT', 'SOFT', 'HARD')","[14, 16]",96.544876
"('SOFT', 'SOFT', 'HARD')","[14, 17]",96.49532
"('SOFT', 'SOFT', 'HARD')","[14, 18]",96.44576
"('SOFT', 'SOFT', 'HARD')","[14, 19]",96.39621
"('SOFT', 'SOFT', 'HARD')","[14, 20]",96.34665
"('SOFT', 'SOFT', 'HARD')","[14, 21]",96.2971
"('SOFT', 'SOFT', 'HARD')","[14, 22]",96.24754
"('SOFT', 'SOFT', 'HARD')","[14, 23]",96.19798
"('SOFT', 'SOFT', 'HARD')","[14, 24]",96.14842
"('SOFT', 'SOFT', 'HARD')","[14, 25]",96.09887
"('SOFT', 'SOFT', 'HARD')","[14, 26]",96.04932
"('SOFT', 'SOFT', 'HARD')","[14, 27]",95.999756
"('SOFT', 'SOFT', 'HARD')","[14, 28]",95.950195
"('SOFT', 'SOFT', 'HARD')","[14, 29]",95.90064
"('SOFT', 'SOFT', 'HARD')","[14, 30]",95.85109
"('SOFT', 'SOFT', 'HARD')","[14, 31]",95.80153
"('SOFT', 'SOFT', 'HARD')","[14, 32]",95.75197
"('SOFT', 'SOFT', 'HARD')","[14, 33]",95.702415
"('SOFT', 'SOFT', 'HARD')","[14, 34]",95.65286
"('SOFT', 'SOFT', 'HARD')","[14, 35]",95.6033
"('SOFT', 'SOFT', 'HARD')","[14, 36]",95.55374
"('SOFT', 'SOFT', 'HARD')","[14, 37]",95.50419
"('SOFT', 'SOFT', 'HARD')","[14, 38]",95.454636
"('SOFT', 'SOFT', 'HARD')","[14, 39]",95.405075
"('SOFT', 'SOFT', 'HARD')","[14, 40]",95.355515
"('SOFT', 'SOFT', 'HARD')","[14, 41]",95.305954
"('SOFT', 'SOFT', 'HARD')","[14, 42]",95.25639
"('SOFT', 'SOFT', 'HARD')","[14, 43]",95.20683
"('SOFT', 'SOFT', 'HARD')","[14, 44]",95.15727
"('SOFT', 'SOFT', 'HARD')","[14, 45]",95.10772
"('SOFT', 'SOFT', 'HARD')","[14, 46]",95.05816
"('SOFT', 'SOFT', 'HARD')","[15, 16]",96.57988
"('SOFT', 'SOFT', 'HARD')","[15, 17]",96.53033
"('SOFT', 'SOFT', 'HARD')","[15, 18]",96.48077
"('SOFT', 'SOFT', 'HARD')","[15, 19]",96.43121
"('SOFT', 'SOFT', 'HARD')","[15, 20]",96.38165
"('SOFT', 'SOFT', 'HARD')","[15, 21]",96.33209
"('SOFT', 'SOFT', 'HARD')","[15, 22]",96.28253
"('SOFT', 'SOFT', 'HARD')","[15, 23]",96.23299
"('SOFT', 'SOFT', 'HARD')","[15, 24]",96.183426
"('SOFT', 'SOFT', 'HARD')","[15, 25]",96.13387
"('SOFT', 'SOFT', 'HARD')","[15, 26]",96.08432
"('SOFT', 'SOFT', 'HARD')","[15, 27]",96.03476
"('SOFT', 'SOFT', 'HARD')","[15, 28]",95.9852
"('SOFT', 'SOFT', 'HARD')","[15, 29]",95.93564
"('SOFT', 'SOFT', 'HARD')","[15, 30]",95.88608
"('SOFT', 'SOFT', 'HARD')","[15, 31]",95.83653
"('SOFT', 'SOFT', 'HARD')","[15, 32]",95.78697
"('SOFT', 'SOFT', 'HARD')","[15, 33]",95.73742
"('SOFT', 'SOFT', 'HARD')","[15, 34]",95.68787
"('SOFT', 'SOFT', 'HARD')","[15, 35]",95.638306
"('SOFT', 'SOFT', 'HARD')","[15, 36]",95.588745
"('SOFT', 'SOFT', 'HARD')","[15, 37]",95.539185
"('SOFT', 'SOFT', 'HARD')","[15, 38]",95.489624
"('SOFT', 'SOFT', 'HARD')","[15, 39]",95.44008
"('SOFT', 'SOFT', 'HARD')","[15, 40]",95.39052
"('SOFT', 'SOFT', 'HARD')","[15, 41]",95.34095
"('SOFT', 'SOFT', 'HARD')","[15, 42]",95.2914
"('SOFT', 'SOFT', 'HARD')","[15, 43]",95.24184
"('SOFT', 'SOFT', 'HARD')","[15, 44]",95.192276
"('SOFT', 'SOFT', 'HARD')","[15, 45]",95.14272
"('SOFT', 'SOFT', 'HARD')","[15, 46]",95.09316
"('SOFT', 'SOFT', 'HARD')","[16, 17]",96.56532
"('SOFT', 'SOFT', 'HARD')","[16, 18]",96.51576
"('SOFT', 'SOFT', 'HARD')","[16, 19]",96.46621
"('SOFT', 'SOFT', 'HARD')","[16, 20]",96.41665
"('SOFT', 'SOFT', 'HARD')","[16, 21]",96.367096
"('SOFT', 'SOFT', 'HARD')","[16, 22]",96.317535
"('SOFT', 'SOFT', 'HARD')","[16, 23]",96.267975
"('SOFT', 'SOFT', 'HARD')","[16, 24]",96.21842
"('SOFT', 'SOFT', 'HARD')","[16, 25]",96.16887
"('SOFT', 'SOFT', 'HARD')","[16, 26]",96.11931
"('SOFT', 'SOFT', 'HARD')","[16, 27]",96.06975
"('SOFT', 'SOFT', 'HARD')","[16, 28]",96.020195
"('SOFT', 'SOFT', 'HARD')","[16, 29]",95.97064
"('SOFT', 'SOFT', 'HARD')","[16, 30]",95.92108
"('SOFT', 'SOFT', 'HARD')","[16, 31]",95.87152
"('SOFT', 'SOFT', 'HARD')","[16, 32]",95.82197
"('SOFT', 'SOFT', 'HARD')","[16, 33]",95.772415
"('SOFT', 'SOFT', 'HARD')","[16, 34]",95.722855
"('SOFT', 'SOFT', 'HARD')","[16, 35]",95.673294
"('SOFT', 'SOFT', 'HARD')","[16, 36]",95.62374
"('SOFT', 'SOFT', 'HARD')","[16, 37]",95.57419
"('SOFT', 'SOFT', 'HARD')","[16, 38]",95.52463
"('SOFT', 'SOFT', 'HARD')","[16, 39]",95.47507
"('SOFT', 'SOFT', 'HARD')","[16, 40]",95.425514
"('SOFT', 'SOFT', 'HARD')","[16, 41]",95.37595
"('SOFT', 'SOFT', 'HARD')","[16, 42]",95.326385
"('SOFT', 'SOFT', 'HARD')","[16, 43]",95.276825
"('SOFT', 'SOFT', 'HARD')","[16, 44]",95.22728
"('SOFT', 'SOFT', 'HARD')","[16, 45]",95.17772
"('SOFT', 'SOFT', 'HARD')","[16, 46]",95.12816
"('SOFT', 'SOFT', 'HARD')","[17, 18]",96.550766
"('SOFT', 'SOFT', 'HARD')","[17, 19]",96.50121
"('SOFT', 'SOFT', 'HARD')","[17, 20]",96.45165
"('SOFT', 'SOFT', 'HARD')","[17, 21]",96.4021
"('SOFT', 'SOFT', 'HARD')","[17, 22]",96.35254
"('SOFT', 'SOFT', 'HARD')","[17, 23]",96.30298
"('SOFT', 'SOFT', 'HARD')","[17, 24]",96.253426
"('SOFT', 'SOFT', 'HARD')","[17, 25]",96.203865
"('SOFT', 'SOFT', 'HARD')","[17, 26]",96.15431
"('SOFT', 'SOFT', 'HARD')","[17, 27]",96.10475
"('SOFT', 'SOFT', 'HARD')","[17, 28]",96.0552
"('SOFT', 'SOFT', 'HARD')","[17, 29]",96.005646
"('SOFT', 'SOFT', 'HARD')","[17, 30]",95.956085
"('SOFT', 'SOFT', 'HARD')","[17, 31]",95.906525
"('SOFT', 'SOFT', 'HARD')","[17, 32]",95.85697
"('SOFT', 'SOFT', 'HARD')","[17, 33]",95.80741
"('SOFT', 'SOFT', 'HARD')","[17, 34]",95.75786
"('SOFT', 'SOFT', 'HARD')","[17, 35]",95.7083
"('SOFT', 'SOFT', 'HARD')","[17, 36]",95.658745
"('SOFT', 'SOFT', 'HARD')","[17, 37]",95.60919
"('SOFT', 'SOFT', 'HARD')","[17, 38]",95.55963
"('SOFT', 'SOFT', 'HARD')","[17, 39]",95.51007
"('SOFT', 'SOFT', 'HARD')","[17, 40]",95.46051
"('SOFT', 'SOFT', 'HARD')","[17, 41]",95.41096
"('SOFT', 'SOFT', 'HARD')","[17, 42]",95.36139
"('SOFT', 'SOFT', 'HARD')","[17, 43]",95.31183
"('SOFT', 'SOFT', 'HARD')","[17, 44]",95.26228
"('SOFT', 'SOFT', 'HARD')","[17, 45]",95.212715
"('SOFT', 'SOFT', 'HARD')","[17, 46]",95.16316
"('SOFT', 'SOFT', 'HARD')","[18, 19]",96.53621
"('SOFT', 'SOFT', 'HARD')","[18, 20]",96.48665
"('SOFT', 'SOFT', 'HARD')","[18, 21]",96.437096
"('SOFT', 'SOFT', 'HARD')","[18, 22]",96.38754
"('SOFT', 'SOFT', 'HARD')","[18, 23]",96.33798
"('SOFT', 'SOFT', 'HARD')","[18, 24]",96.28842
"('SOFT', 'SOFT', 'HARD')","[18, 25]",96.23887
"('SOFT', 'SOFT', 'HARD')","[18, 26]",96.189316
"('SOFT', 'SOFT', 'HARD')","[18, 27]",96.139755
"('SOFT', 'SOFT', 'HARD')","[18, 28]",96.090195
"('SOFT', 'SOFT', 'HARD')","[18, 29]",96.04064
"('SOFT', 'SOFT', 'HARD')","[18, 30]",95.99109
"('SOFT', 'SOFT', 'HARD')","[18, 31]",95.94153
"('SOFT', 'SOFT', 'HARD')","[18, 32]",95.89197
"('SOFT', 'SOFT', 'HARD')","[18, 33]",95.842415
"('SOFT', 'SOFT', 'HARD')","[18, 34]",95.79286
"('SOFT', 'SOFT', 'HARD')","[18, 35]",95.7433
"('SOFT', 'SOFT', 'HARD')","[18, 36]",95.69374
"('SOFT', 'SOFT', 'HARD')","[18, 37]",95.64419
"('SOFT', 'SOFT', 'HARD')","[18, 38]",95.594635
"('SOFT', 'SOFT', 'HARD')","[18, 39]",95.545074
"('SOFT', 'SOFT', 'HARD')","[18, 40]",95.495514
"('SOFT', 'SOFT', 'HARD')","[18, 41]",95.44595
"('SOFT', 'SOFT', 'HARD')","[18, 42]",95.39639
"('SOFT', 'SOFT', 'HARD')","[18, 43]",95.34683
"('SOFT', 'SOFT', 'HARD')","[18, 44]",95.29727
"('SOFT', 'SOFT', 'HARD')","[18, 45]",95.24772
"('SOFT', 'SOFT', 'HARD')","[18, 46]",95.19816
"('SOFT', 'SOFT', 'HARD')","[19, 20]",96.52165
"('SOFT', 'SOFT', 'HARD')","[19, 21]",96.47209
"('SOFT', 'SOFT', 'HARD')","[19, 22]",96.42253
"('SOFT', 'SOFT', 'HARD')","[19, 23]",96.372986
"('SOFT', 'SOFT', 'HARD')","[19, 24]",96.323425
"('SOFT', 'SOFT', 'HARD')","[19, 25]",96.27387
"('SOFT', 'SOFT', 'HARD')","[19, 26]",96.22432
"('SOFT', 'SOFT', 'HARD')","[19, 27]",96.17476
"('SOFT', 'SOFT', 'HARD')","[19, 28]",96.1252
"('SOFT', 'SOFT', 'HARD')","[19, 29]",96.07564
"('SOFT', 'SOFT', 'HARD')","[19, 30]",96.02608
"('SOFT', 'SOFT', 'HARD')","[19, 31]",95.97653
"('SOFT', 'SOFT', 'HARD')","[19, 32]",95.92697
"('SOFT', 'SOFT', 'HARD')","[19, 33]",95.87742
"('SOFT', 'SOFT', 'HARD')","[19, 34]",95.827866
"('SOFT', 'SOFT', 'HARD')","[19, 35]",95.778305
"('SOFT', 'SOFT', 'HARD')","[19, 36]",95.728745
"('SOFT', 'SOFT', 'HARD')","[19, 37]",95.679184
"('SOFT', 'SOFT', 'HARD')","[19, 38]",95.62962
"('SOFT', 'SOFT', 'HARD')","[19, 39]",95.58008
"('SOFT', 'SOFT', 'HARD')","[19, 40]",95.53052
"('SOFT', 'SOFT', 'HARD')","[19, 41]",95.48095
"('SOFT', 'SOFT', 'HARD')","[19, 42]",95.4314
"('SOFT', 'SOFT', 'HARD')","[19, 43]",95.381836
"('SOFT', 'SOFT', 'HARD')","[19, 44]",95.332275
"('SOFT', 'SOFT', 'HARD')","[19, 45]",95.28272
"('SOFT', 'SOFT', 'HARD')","[19, 46]",95.23316
"('SOFT', 'SOFT', 'HARD')","[20, 21]",96.507095
"('SOFT', 'SOFT', 'HARD')","[20, 22]",96.457535
"('SOFT', 'SOFT', 'HARD')","[20, 23]",96.407974
"('SOFT', 'SOFT', 'HARD')","[20, 24]",96.35843
"('SOFT', 'SOFT', 'HARD')","[20, 25]",96.30887
"('SOFT', 'SOFT', 'HARD')","[20, 26]",96.25931
"('SOFT', 'SOFT', 'HARD')","[20, 27]",96.20976
"('SOFT', 'SOFT', 'HARD')","[20, 28]",96.160194
"('SOFT', 'SOFT', 'HARD')","[20, 29]",96.11064
"('SOFT', 'SOFT', 'HARD')","[20, 30]",96.06108
"('SOFT', 'SOFT', 'HARD')","[20, 31]",96.01152
"('SOFT', 'SOFT', 'HARD')","[20, 32]",95.961975
"('SOFT', 'SOFT', 'HARD')","[20, 33]",95.912415
"('SOFT', 'SOFT', 'HARD')","[20, 34]",95.862854
"('SOFT', 'SOFT', 'HARD')","[20, 35]",95.81331
"('SOFT', 'SOFT', 'HARD')","[20, 36]",95.76374
"('SOFT', 'SOFT', 'HARD')","[20, 37]",95.71419
"('SOFT', 'SOFT', 'HARD')","[20, 38]",95.66463
"('SOFT', 'SOFT', 'HARD')","[20, 39]",95.61507
"('SOFT', 'SOFT', 'HARD')","[20, 40]",95.56551
"('SOFT', 'SOFT', 'HARD')","[20, 41]",95.51595
"('SOFT', 'SOFT', 'HARD')","[20, 42]",95.4664
"('SOFT', 'SOFT', 'HARD')","[20, 43]",95.41684
"('SOFT', 'SOFT', 'HARD')","[20, 44]",95.36728
"('SOFT', 'SOFT', 'HARD')","[20, 45]",95.31772
"('SOFT', 'SOFT', 'HARD')","[20, 46]",95.26816
"('SOFT', 'SOFT', 'HARD')","[21, 22]",96.49254
"('SOFT', 'SOFT', 'HARD')","[21, 23]",96.44298
"('SOFT', 'SOFT', 'HARD')","[21, 24]",96.393425
"('SOFT', 'SOFT', 'HARD')","[21, 25]",96.343864
"('SOFT', 'SOFT', 'HARD')","[21, 26]",96.29431
"('SOFT', 'SOFT', 'HARD')","[21, 27]",96.24475
"('SOFT', 'SOFT', 'HARD')","[21, 28]",96.1952
"('SOFT', 'SOFT', 'HARD')","[21, 29]",96.145645
"('SOFT', 'SOFT', 'HARD')","[21, 30]",96.096085
"('SOFT', 'SOFT', 'HARD')","[21, 31]",96.046524
"('SOFT', 'SOFT', 'HARD')","[21, 32]",95.99697
"('SOFT', 'SOFT', 'HARD')","[21, 33]",95.94741
"('SOFT', 'SOFT', 'HARD')","[21, 34]",95.89786
"('SOFT', 'SOFT', 'HARD')","[21, 35]",95.8483
"('SOFT', 'SOFT', 'HARD')","[21, 36]",95.798744
"('SOFT', 'SOFT', 'HARD')","[21, 37]",95.74919
"('SOFT', 'SOFT', 'HARD')","[21, 38]",95.69963
"('SOFT', 'SOFT', 'HARD')","[21, 39]",95.65007
"('SOFT', 'SOFT', 'HARD')","[21, 40]",95.60051
"('SOFT', 'SOFT', 'HARD')","[21, 41]",95.55096
"('SOFT', 'SOFT', 'HARD')","[21, 42]",95.50139
"('SOFT', 'SOFT', 'HARD')","[21, 43]",95.45183
"('SOFT', 'SOFT', 'HARD')","[21, 44]",95.40228
"('SOFT', 'SOFT', 'HARD')","[21, 45]",95.352715
"('SOFT', 'SOFT', 'HARD')","[21, 46]",95.30316
"('SOFT', 'SOFT', 'HARD')","[22, 23]",96.47798
"('SOFT', 'SOFT', 'HARD')","[22, 24]",96.42842
"('SOFT', 'SOFT', 'HARD')","[22, 25]",96.37887
"('SOFT', 'SOFT', 'HARD')","[22, 26]",96.329315
"('SOFT', 'SOFT', 'HARD')","[22, 27]",96.279755
"('SOFT', 'SOFT', 'HARD')","[22, 28]",96.2302
"('SOFT', 'SOFT', 'HARD')","[22, 29]",96.18064
"('SOFT', 'SOFT', 'HARD')","[22, 30]",96.13109
"('SOFT', 'SOFT', 'HARD')","[22, 31]",96.08153
"('SOFT', 'SOFT', 'HARD')","[22, 32]",96.03197
"('SOFT', 'SOFT', 'HARD')","[22, 33]",95.982414
"('SOFT', 'SOFT', 'HARD')","[22, 34]",95.93286
"('SOFT', 'SOFT', 'HARD')","[22, 35]",95.8833
"('SOFT', 'SOFT', 'HARD')","[22, 36]",95.83375
"('SOFT', 'SOFT', 'HARD')","[22, 37]",95.78419
"('SOFT', 'SOFT', 'HARD')","[22, 38]",95.734634
"('SOFT', 'SOFT', 'HARD')","[22, 39]",95.685074
"('SOFT', 'SOFT', 'HARD')","[22, 40]",95.63551
"('SOFT', 'SOFT', 'HARD')","[22, 41]",95.58595
"('SOFT', 'SOFT', 'HARD')","[22, 42]",95.53639
"('SOFT', 'SOFT', 'HARD')","[22, 43]",95.48683
"('SOFT', 'SOFT', 'HARD')","[22, 44]",95.43727
"('SOFT', 'SOFT', 'HARD')","[22, 45]",95.38772
"('SOFT', 'SOFT', 'HARD')","[22, 46]",95.338165
"('SOFT', 'SOFT', 'HARD')","[23, 24]",96.463425
"('SOFT', 'SOFT', 'HARD')","[23, 25]",96.41387
"('SOFT', 'SOFT', 'HARD')","[23, 26]",96.36432
"('SOFT', 'SOFT', 'HARD')","[23, 27]",96.31476
"('SOFT', 'SOFT', 'HARD')","[23, 28]",96.2652
"('SOFT', 'SOFT', 'HARD')","[23, 29]",96.21564
"('SOFT', 'SOFT', 'HARD')","[23, 30]",96.16608
"('SOFT', 'SOFT', 'HARD')","[23, 31]",96.11653
"('SOFT', 'SOFT', 'HARD')","[23, 32]",96.06697
"('SOFT', 'SOFT', 'HARD')","[23, 33]",96.01742
"('SOFT', 'SOFT', 'HARD')","[23, 34]",95.967865
"('SOFT', 'SOFT', 'HARD')","[23, 35]",95.918304
"('SOFT', 'SOFT', 'HARD')","[23, 36]",95.868744
"('SOFT', 'SOFT', 'HARD')","[23, 37]",95.81918
"('SOFT', 'SOFT', 'HARD')","[23, 38]",95.76962
"('SOFT', 'SOFT', 'HARD')","[23, 39]",95.72008
"('SOFT', 'SOFT', 'HARD')","[23, 40]",95.67052
"('SOFT', 'SOFT', 'HARD')","[23, 41]",95.62095
"('SOFT', 'SOFT', 'HARD')","[23, 42]",95.571396
"('SOFT', 'SOFT', 'HARD')","[23, 43]",95.521835
"('SOFT', 'SOFT', 'HARD')","[23, 44]",95.472275
"('SOFT', 'SOFT', 'HARD')","[23, 45]",95.42272
"('SOFT', 'SOFT', 'HARD')","[23, 46]",95.37316
"('SOFT', 'SOFT', 'HARD')","[24, 25]",96.44887
"('SOFT', 'SOFT', 'HARD')","[24, 26]",96.39931
"('SOFT', 'SOFT', 'HARD')","[24, 27]",96.34976
"('SOFT', 'SOFT', 'HARD')","[24, 28]",96.30019
"('SOFT', 'SOFT', 'HARD')","[24, 29]",96.25064
"('SOFT', 'SOFT', 'HARD')","[24, 30]",96.20108
"('SOFT', 'SOFT', 'HARD')","[24, 31]",96.15152
"('SOFT', 'SOFT', 'HARD')","[24, 32]",96.101974
"('SOFT', 'SOFT', 'HARD')","[24, 33]",96.052414
"('SOFT', 'SOFT', 'HARD')","[24, 34]",96.00285
"('SOFT', 'SOFT', 'HARD')","[24, 35]",95.95331
"('SOFT', 'SOFT', 'HARD')","[24, 36]",95.90374
"('SOFT', 'SOFT', 'HARD')","[24, 37]",95.85419
"('SOFT', 'SOFT', 'HARD')","[24, 38]",95.80463
"('SOFT', 'SOFT', 'HARD')","[24, 39]",95.755066
"('SOFT', 'SOFT', 'HARD')","[24, 40]",95.70551
"('SOFT', 'SOFT', 'HARD')","[24, 41]",95.65595
"('SOFT', 'SOFT', 'HARD')","[24, 42]",95.6064
"('SOFT', 'SOFT', 'HARD')","[24, 43]",95.55684
"('SOFT', 'SOFT', 'HARD')","[24, 44]",95.50728
"('SOFT', 'SOFT', 'HARD')","[24, 45]",95.45772
"('SOFT', 'SOFT', 'HARD')","[24, 46]",95.40816
"('SOFT', 'SOFT', 'HARD')","[25, 26]",96.43431
"('SOFT', 'SOFT', 'HARD')","[25, 27]",96.38475
"('SOFT', 'SOFT', 'HARD')","[25, 28]",96.3352
"('SOFT', 'SOFT', 'HARD')","[25, 29]",96.285645
"('SOFT', 'SOFT', 'HARD')","[25, 30]",96.236084
"('SOFT', 'SOFT', 'HARD')","[25, 31]",96.18652
"('SOFT', 'SOFT', 'HARD')","[25, 32]",96.13697
"('SOFT', 'SOFT', 'HARD')","[25, 33]",96.08741
"('SOFT', 'SOFT', 'HARD')","[25, 34]",96.03786
"('SOFT', 'SOFT', 'HARD')","[25, 35]",95.9883
"('SOFT', 'SOFT', 'HARD')","[25, 36]",95.93874
"('SOFT', 'SOFT', 'HARD')","[25, 37]",95.88919
"('SOFT', 'SOFT', 'HARD')","[25, 38]",95.83963
"('SOFT', 'SOFT', 'HARD')","[25, 39]",95.79007
"('SOFT', 'SOFT', 'HARD')","[25, 40]",95.74051
"('SOFT', 'SOFT', 'HARD')","[25, 41]",95.690956
"('SOFT', 'SOFT', 'HARD')","[25, 42]",95.64139
"('SOFT', 'SOFT', 'HARD')","[25, 43]",95.59183
"('SOFT', 'SOFT', 'HARD')","[25, 44]",95.54228
"('SOFT', 'SOFT', 'HARD')","[25, 45]",95.492714
"('SOFT', 'SOFT', 'HARD')","[25, 46]",95.44316
"('SOFT', 'SOFT', 'HARD')","[26, 27]",96.419754
"('SOFT', 'SOFT', 'HARD')","[26, 28]",96.3702
"('SOFT', 'SOFT', 'HARD')","[26, 29]",96.32064
"('SOFT', 'SOFT', 'HARD')","[26, 30]",96.27109
"('SOFT', 'SOFT', 'HARD')","[26, 31]",96.22153
"('SOFT', 'SOFT', 'HARD')","[26, 32]",96.17197
"('SOFT', 'SOFT', 'HARD')","[26, 33]",96.12241
"('SOFT', 'SOFT', 'HARD')","[26, 34]",96.07286
"('SOFT', 'SOFT', 'HARD')","[26, 35]",96.0233
"('SOFT', 'SOFT', 'HARD')","[26, 36]",95.97375
"('SOFT', 'SOFT', 'HARD')","[26, 37]",95.92419
"('SOFT', 'SOFT', 'HARD')","[26, 38]",95.87463
"('SOFT', 'SOFT', 'HARD')","[26, 39]",95.82507
"('SOFT', 'SOFT', 'HARD')","[26, 40]",95.77551
"('SOFT', 'SOFT', 'HARD')","[26, 41]",95.72595
"('SOFT', 'SOFT', 'HARD')","[26, 42]",95.67639
"('SOFT', 'SOFT', 'HARD')","[26, 43]",95.62683
"('SOFT', 'SOFT', 'HARD')","[26, 44]",95.57727
"('SOFT', 'SOFT', 'HARD')","[26, 45]",95.52772
"('SOFT', 'SOFT', 'HARD')","[26, 46]",95.478165
"('SOFT', 'SOFT', 'HARD')","[27, 28]",96.4052
"('SOFT', 'SOFT', 'HARD')","[27, 29]",96.35564
"('SOFT', 'SOFT', 'HARD')","[27, 30]",96.306076
"('SOFT', 'SOFT', 'HARD')","[27, 31]",96.25653
"('SOFT', 'SOFT', 'HARD')","[27, 32]",96.20697
"('SOFT', 'SOFT', 'HARD')","[27, 33]",96.15742
"('SOFT', 'SOFT', 'HARD')","[27, 34]",96.107864
"('SOFT', 'SOFT', 'HARD')","[27, 35]",96.058304
"('SOFT', 'SOFT', 'HARD')","[27, 36]",96.00874
"('SOFT', 'SOFT', 'HARD')","[27, 37]",95.95918
"('SOFT', 'SOFT', 'HARD')","[27, 38]",95.90962
"('SOFT', 'SOFT', 'HARD')","[27, 39]",95.86008
"('SOFT', 'SOFT', 'HARD')","[27, 40]",95.81052
"('SOFT', 'SOFT', 'HARD')","[27, 41]",95.76095
"('SOFT', 'SOFT', 'HARD')","[27, 42]",95.711395
"('SOFT', 'SOFT', 'HARD')","[27, 43]",95.661835
"('SOFT', 'SOFT', 'HARD')","[27, 44]",95.612274
"('SOFT', 'SOFT', 'HARD')","[27, 45]",95.56272
"('SOFT', 'SOFT', 'HARD')","[27, 46]",95.51316
"('SOFT', 'SOFT', 'HARD')","[28, 29]",96.39064
"('SOFT', 'SOFT', 'HARD')","[28, 30]",96.34108
"('SOFT', 'SOFT', 'HARD')","[28, 31]",96.29152
"('SOFT', 'SOFT', 'HARD')","[28, 32]",96.241974
"('SOFT', 'SOFT', 'HARD')","[28, 33]",96.19241
"('SOFT', 'SOFT', 'HARD')","[28, 34]",96.14285
"('SOFT', 'SOFT', 'HARD')","[28, 35]",96.09331
"('SOFT', 'SOFT', 'HARD')","[28, 36]",96.04374
"('SOFT', 'SOFT', 'HARD')","[28, 37]",95.99419
"('SOFT', 'SOFT', 'HARD')","[28, 38]",95.944626
"('SOFT', 'SOFT', 'HARD')","[28, 39]",95.895065
"('SOFT', 'SOFT', 'HARD')","[28, 40]",95.84551
"('SOFT', 'SOFT', 'HARD')","[28, 41]",95.79595
"('SOFT', 'SOFT', 'HARD')","[28, 42]",95.7464
"('SOFT', 'SOFT', 'HARD')","[28, 43]",95.69684
"('SOFT', 'SOFT', 'HARD')","[28, 44]",95.64728
"('SOFT', 'SOFT', 'HARD')","[28, 45]",95.59772
"('SOFT', 'SOFT', 'HARD')","[28, 46]",95.54816
"('SOFT', 'SOFT', 'HARD')","[29, 30]",96.37608
"('SOFT', 'SOFT', 'HARD')","[29, 31]",96.32652
"('SOFT', 'SOFT', 'HARD')","[29, 32]",96.27697
"('SOFT', 'SOFT', 'HARD')","[29, 33]",96.22741
"('SOFT', 'SOFT', 'HARD')","[29, 34]",96.17786
"('SOFT', 'SOFT', 'HARD')","[29, 35]",96.128296
"('SOFT', 'SOFT', 'HARD')","[29, 36]",96.07874
"('SOFT', 'SOFT', 'HARD')","[29, 37]",96.02919
"('SOFT', 'SOFT', 'HARD')","[29, 38]",95.97963
"('SOFT', 'SOFT', 'HARD')","[29, 39]",95.93007
"('SOFT', 'SOFT', 'HARD')","[29, 40]",95.88051
"('SOFT', 'SOFT', 'HARD')","[29, 41]",95.830956
"('SOFT', 'SOFT', 'HARD')","[29, 42]",95.78139
"('SOFT', 'SOFT', 'HARD')","[29, 43]",95.73183
"('SOFT', 'SOFT', 'HARD')","[29, 44]",95.68228
"('SOFT', 'SOFT', 'HARD')","[29, 45]",95.63271
"('SOFT', 'SOFT', 'HARD')","[29, 46]",95.58316
"('SOFT', 'SOFT', 'HARD')","[30, 31]",96.36153
"('SOFT', 'SOFT', 'HARD')","[30, 32]",96.311966
"('SOFT', 'SOFT', 'HARD')","[30, 33]",96.26241
"('SOFT', 'SOFT', 'HARD')","[30, 34]",96.21286
"('SOFT', 'SOFT', 'HARD')","[30, 35]",96.1633
"('SOFT', 'SOFT', 'HARD')","[30, 36]",96.11375
"('SOFT', 'SOFT', 'HARD')","[30, 37]",96.064186
"('SOFT', 'SOFT', 'HARD')","[30, 38]",96.01463
"('SOFT', 'SOFT', 'HARD')","[30, 39]",95.96507
"('SOFT', 'SOFT', 'HARD')","[30, 40]",95.91551
"('SOFT', 'SOFT', 'HARD')","[30, 41]",95.86595
"('SOFT', 'SOFT', 'HARD')","[30, 42]",95.81639
"('SOFT', 'SOFT', 'HARD')","[30, 43]",95.76683
"('SOFT', 'SOFT', 'HARD')","[30, 44]",95.71727
"('SOFT', 'SOFT', 'HARD')","[30, 45]",95.66772
"('SOFT', 'SOFT', 'HARD')","[30, 46]",95.618164
"('SOFT', 'SOFT', 'HARD')","[31, 32]",96.34697
"('SOFT', 'SOFT', 'HARD')","[31, 33]",96.29742
"('SOFT', 'SOFT', 'HARD')","[31, 34]",96.24786
"('SOFT', 'SOFT', 'HARD')","[31, 35]",96.1983
"('SOFT', 'SOFT', 'HARD')","[31, 36]",96.14874
"('SOFT', 'SOFT', 'HARD')","[31, 37]",96.09918
"('SOFT', 'SOFT', 'HARD')","[31, 38]",96.04962
"('SOFT', 'SOFT', 'HARD')","[31, 39]",96.00008
"('SOFT', 'SOFT', 'HARD')","[31, 40]",95.950516
"('SOFT', 'SOFT', 'HARD')","[31, 41]",95.90095
"('SOFT', 'SOFT', 'HARD')","[31, 42]",95.851395
"('SOFT', 'SOFT', 'HARD')","[31, 43]",95.801834
"('SOFT', 'SOFT', 'HARD')","[31, 44]",95.75227
"('SOFT', 'SOFT', 'HARD')","[31, 45]",95.70272
"('SOFT', 'SOFT', 'HARD')","[31, 46]",95.65316
"('SOFT', 'SOFT', 'HARD')","[32, 33]",96.33241
"('SOFT', 'SOFT', 'HARD')","[32, 34]",96.28285
"('SOFT', 'SOFT', 'HARD')","[32, 35]",96.23331
"('SOFT', 'SOFT', 'HARD')","[32, 36]",96.18374
"('SOFT', 'SOFT', 'HARD')","[32, 37]",96.134186
"('SOFT', 'SOFT', 'HARD')","[32, 38]",96.084625
"('SOFT', 'SOFT', 'HARD')","[32, 39]",96.035065
"('SOFT', 'SOFT', 'HARD')","[32, 40]",95.98551
"('SOFT', 'SOFT', 'HARD')","[32, 41]",95.93595
"('SOFT', 'SOFT', 'HARD')","[32, 42]",95.8864
"('SOFT', 'SOFT', 'HARD')","[32, 43]",95.83684
"('SOFT', 'SOFT', 'HARD')","[32, 44]",95.78728
"('SOFT', 'SOFT', 'HARD')","[32, 45]",95.73772
"('SOFT', 'SOFT', 'HARD')","[32, 46]",95.688156
"('SOFT', 'SOFT', 'HARD')","[33, 34]",96.317856
"('SOFT', 'SOFT', 'HARD')","[33, 35]",96.268295
"('SOFT', 'SOFT', 'HARD')","[33, 36]",96.21874
"('SOFT', 'SOFT', 'HARD')","[33, 37]",96.16918
"('SOFT', 'SOFT', 'HARD')","[33, 38]",96.11963
"('SOFT', 'SOFT', 'HARD')","[33, 39]",96.07007
"('SOFT', 'SOFT', 'HARD')","[33, 40]",96.02051
"('SOFT', 'SOFT', 'HARD')","[33, 41]",95.97095
"('SOFT', 'SOFT', 'HARD')","[33, 42]",95.92139
"('SOFT', 'SOFT', 'HARD')","[33, 43]",95.871826
"('SOFT', 'SOFT', 'HARD')","[33, 44]",95.822266
"('SOFT', 'SOFT', 'HARD')","[33, 45]",95.77271
"('SOFT', 'SOFT', 'HARD')","[33, 46]",95.72316
"('SOFT', 'SOFT', 'HARD')","[34, 35]",96.3033
"('SOFT', 'SOFT', 'HARD')","[34, 36]",96.25374
"('SOFT', 'SOFT', 'HARD')","[34, 37]",96.20418
"('SOFT', 'SOFT', 'HARD')","[34, 38]",96.15462
"('SOFT', 'SOFT', 'HARD')","[34, 39]",96.10507
"('SOFT', 'SOFT', 'HARD')","[34, 40]",96.05551
"('SOFT', 'SOFT', 'HARD')","[34, 41]",96.00594
"('SOFT', 'SOFT', 'HARD')","[34, 42]",95.95639
"('SOFT', 'SOFT', 'HARD')","[34, 43]",95.90683
"('SOFT', 'SOFT', 'HARD')","[34, 44]",95.85727
"('SOFT', 'SOFT', 'HARD')","[34, 45]",95.80772
"('SOFT', 'SOFT', 'HARD')","[34, 46]",95.758156
"('SOFT', 'SOFT', 'HARD')","[35, 36]",96.28874
"('SOFT', 'SOFT', 'HARD')","[35, 37]",96.23918
"('SOFT', 'SOFT', 'HARD')","[35, 38]",96.18962
"('SOFT', 'SOFT', 'HARD')","[35, 39]",96.140076
"('SOFT', 'SOFT', 'HARD')","[35, 40]",96.090515
"('SOFT', 'SOFT', 'HARD')","[35, 41]",96.04095
"('SOFT', 'SOFT', 'HARD')","[35, 42]",95.991394
"('SOFT', 'SOFT', 'HARD')","[35, 43]",95.94183
"('SOFT', 'SOFT', 'HARD')","[35, 44]",95.89227
"('SOFT', 'SOFT', 'HARD')","[35, 45]",95.84272
"('SOFT', 'SOFT', 'HARD')","[35, 46]",95.79316
"('SOFT', 'SOFT', 'HARD')","[36, 37]",96.274185
"('SOFT', 'SOFT', 'HARD')","[36, 38]",96.224625
"('SOFT', 'SOFT', 'HARD')","[36, 39]",96.175064
"('SOFT', 'SOFT', 'HARD')","[36, 40]",96.12551
"('SOFT', 'SOFT', 'HARD')","[36, 41]",96.07595
"('SOFT', 'SOFT', 'HARD')","[36, 42]",96.0264
"('SOFT', 'SOFT', 'HARD')","[36, 43]",95.97684
"('SOFT', 'SOFT', 'HARD')","[36, 44]",95.92728
"('SOFT', 'SOFT', 'HARD')","[36, 45]",95.877716
"('SOFT', 'SOFT', 'HARD')","[36, 46]",95.828156
"('SOFT', 'SOFT', 'HARD')","[37, 38]",96.25963
"('SOFT', 'SOFT', 'HARD')","[37, 39]",96.21007
"('SOFT', 'SOFT', 'HARD')","[37, 40]",96.160515
"('SOFT', 'SOFT', 'HARD')","[37, 41]",96.110954
"('SOFT', 'SOFT', 'HARD')","[37, 42]",96.0614
"('SOFT', 'SOFT', 'HARD')","[37, 43]",96.01184
"('SOFT', 'SOFT', 'HARD')","[37, 44]",95.96228
"('SOFT', 'SOFT', 'HARD')","[37, 45]",95.91272
"('SOFT', 'SOFT', 'HARD')","[37, 46]",95.86316
"('SOFT', 'SOFT', 'HARD')","[38, 39]",96.24507
"('SOFT', 'SOFT', 'HARD')","[38, 40]",96.19551
"('SOFT', 'SOFT', 'HARD')","[38, 41]",96.14596
"('SOFT', 'SOFT', 'HARD')","[38, 42]",96.09639
"('SOFT', 'SOFT', 'HARD')","[38, 43]",96.04683
"('SOFT', 'SOFT', 'HARD')","[38, 44]",95.997284
"('SOFT', 'SOFT', 'HARD')","[38, 45]",95.947716
"('SOFT', 'SOFT', 'HARD')","[38, 46]",95.89816
"('SOFT', 'SOFT', 'HARD')","[39, 40]",96.230515
"('SOFT', 'SOFT', 'HARD')","[39, 41]",96.180954
"('SOFT', 'SOFT', 'HARD')","[39, 42]",96.13139
"('SOFT', 'SOFT', 'HARD')","[39, 43]",96.08183
"('SOFT', 'SOFT', 'HARD')","[39, 44]",96.03227
"('SOFT', 'SOFT', 'HARD')","[39, 45]",95.98272
"('SOFT', 'SOFT', 'HARD')","[39, 46]",95.93317
"('SOFT', 'SOFT', 'HARD')","[40, 41]",96.21595
"('SOFT', 'SOFT', 'HARD')","[40, 42]",96.1664
"('SOFT', 'SOFT', 'HARD')","[40, 43]",96.11684
"('SOFT', 'SOFT', 'HARD')","[40, 44]",96.067276
"('SOFT', 'SOFT', 'HARD')","[40, 45]",96.017715
"('SOFT', 'SOFT', 'HARD')","[40, 46]",95.968155
"('SOFT', 'SOFT', 'HARD')","[41, 42]",96.2014
"('SOFT', 'SOFT', 'HARD')","[41, 43]",96.15184
"('SOFT', 'SOFT', 'HARD')","[41, 44]",96.10228
"('SOFT', 'SOFT', 'HARD')","[41, 45]",96.05273
"('SOFT', 'SOFT', 'HARD')","[41, 46]",96.00317
"('SOFT', 'SOFT', 'HARD')","[42, 43]",96.18683
"('SOFT', 'SOFT', 'HARD')","[42, 44]",96.13728
"('SOFT', 'SOFT', 'HARD')","[42, 45]",96.087715
"('SOFT', 'SOFT', 'HARD')","[42, 46]",96.03816
"('SOFT', 'SOFT', 'HARD')","[43, 44]",96.17227
"('SOFT', 'SOFT', 'HARD')","[43, 45]",96.12272
"('SOFT', 'SOFT', 'HARD')","[43, 46]",96.073166
"('SOFT', 'SOFT', 'HARD')","[44, 45]",96.15772
"('SOFT', 'SOFT', 'HARD')","[44, 46]",96.10817
"('SOFT', 'SOFT', 'HARD')","[45, 46]",96.14316
"('SOFT', 'MEDIUM', 'SOFT')","[10, 11]",92.76304
"('SOFT', 'MEDIUM', 'SOFT')","[10, 12]",92.62407
"('SOFT', 'MEDIUM', 'SOFT')","[10, 13]",92.4851
"('SOFT', 'MEDIUM', 'SOFT')","[10, 14]",92.34613
"('SOFT', 'MEDIUM', 'SOFT')","[10, 15]",92.20716
"('SOFT', 'MEDIUM', 'SOFT')","[10, 16]",92.06819
"('SOFT', 'MEDIUM', 'SOFT')","[10, 17]",91.92922
"('SOFT', 'MEDIUM', 'SOFT')","[10, 18]",91.79025
"('SOFT', 'MEDIUM', 'SOFT')","[10, 19]",91.65128
"('SOFT', 'MEDIUM', 'SOFT')","[10, 20]",91.512314
"('SOFT', 'MEDIUM', 'SOFT')","[10, 21]",91.37334
"('SOFT', 'MEDIUM', 'SOFT')","[10, 22]",91.23437
"('SOFT', 'MEDIUM', 'SOFT')","[10, 23]",91.0954
"('SOFT', 'MEDIUM', 'SOFT')","[10, 24]",90.956436
"('SOFT', 'MEDIUM', 'SOFT')","[10, 25]",90.81746
"('SOFT', 'MEDIUM', 'SOFT')","[10, 26]",90.6785
"('SOFT', 'MEDIUM', 'SOFT')","[10, 27]",90.53953
"('SOFT', 'MEDIUM', 'SOFT')","[10, 28]",90.40056
"('SOFT', 'MEDIUM', 'SOFT')","[10, 29]",90.26158
"('SOFT', 'MEDIUM', 'SOFT')","[10, 30]",90.12261
"('SOFT', 'MEDIUM', 'SOFT')","[10, 31]",89.98364
"('SOFT', 'MEDIUM', 'SOFT')","[10, 32]",89.84468
"('SOFT', 'MEDIUM', 'SOFT')","[10, 33]",89.7057
"('SOFT', 'MEDIUM', 'SOFT')","[10, 34]",89.56674
"('SOFT', 'MEDIUM', 'SOFT')","[10, 35]",89.42777
"('SOFT', 'MEDIUM', 'SOFT')","[10, 36]",89.2888
"('SOFT', 'MEDIUM', 'SOFT')","[10, 37]",89.149826
"('SOFT', 'MEDIUM', 'SOFT')","[10, 38]",89.01086
"('SOFT', 'MEDIUM', 'SOFT')","[10, 39]",88.87189
"('SOFT', 'MEDIUM', 'SOFT')","[10, 40]",88.73291
"('SOFT', 'MEDIUM', 'SOFT')","[10, 41]",88.59395
"('SOFT', 'MEDIUM', 'SOFT')","[10, 42]",88.45497
"('SOFT', 'MEDIUM', 'SOFT')","[10, 43]",88.31601
"('SOFT', 'MEDIUM', 'SOFT')","[10, 44]",88.17703
"('SOFT', 'MEDIUM', 'SOFT')","[10, 45]",88.03806
"('SOFT', 'MEDIUM', 'SOFT')","[10, 46]",87.8991
"('SOFT', 'MEDIUM', 'SOFT')","[11, 12]",92.83304
"('SOFT', 'MEDIUM', 'SOFT')","[11, 13]",92.69407
"('SOFT', 'MEDIUM', 'SOFT')","[11, 14]",92.5551
"('SOFT', 'MEDIUM', 'SOFT')","[11, 15]",92.41613
"('SOFT', 'MEDIUM', 'SOFT')","[11, 16]",92.27716
"('SOFT', 'MEDIUM', 'SOFT')","[11, 17]",92.13819
"('SOFT', 'MEDIUM', 'SOFT')","[11, 18]",91.99922
"('SOFT', 'MEDIUM', 'SOFT')","[11, 19]",91.86025
"('SOFT', 'MEDIUM', 'SOFT')","[11, 20]",91.72128
"('SOFT', 'MEDIUM', 'SOFT')","[11, 21]",91.582306
"('SOFT', 'MEDIUM', 'SOFT')","[11, 22]",91.443344
"('SOFT', 'MEDIUM', 'SOFT')","[11, 23]",91.304375
"('SOFT', 'MEDIUM', 'SOFT')","[11, 24]",91.165405
"('SOFT', 'MEDIUM', 'SOFT')","[11, 25]",91.02643
"('SOFT', 'MEDIUM', 'SOFT')","[11, 26]",90.88747
"('SOFT', 'MEDIUM', 'SOFT')","[11, 27]",90.7485
"('SOFT', 'MEDIUM', 'SOFT')","[11, 28]",90.60953
"('SOFT', 'MEDIUM', 'SOFT')","[11, 29]",90.47055
"('SOFT', 'MEDIUM', 'SOFT')","[11, 30]",90.33159
"('SOFT', 'MEDIUM', 'SOFT')","[11, 31]",90.19262
"('SOFT', 'MEDIUM', 'SOFT')","[11, 32]",90.05365
"('SOFT', 'MEDIUM', 'SOFT')","[11, 33]",89.91467
"('SOFT', 'MEDIUM', 'SOFT')","[11, 34]",89.77571
"('SOFT', 'MEDIUM', 'SOFT')","[11, 35]",89.63674
"('SOFT', 'MEDIUM', 'SOFT')","[11, 36]",89.49777
"('SOFT', 'MEDIUM', 'SOFT')","[11, 37]",89.358795
"('SOFT', 'MEDIUM', 'SOFT')","[11, 38]",89.219826
"('SOFT', 'MEDIUM', 'SOFT')","[11, 39]",89.08086
"('SOFT', 'MEDIUM', 'SOFT')","[11, 40]",88.94188
"('SOFT', 'MEDIUM', 'SOFT')","[11, 41]",88.80292
"('SOFT', 'MEDIUM', 'SOFT')","[11, 42]",88.66395
"('SOFT', 'MEDIUM', 'SOFT')","[11, 43]",88.52498
"('SOFT', 'MEDIUM', 'SOFT')","[11, 44]",88.386
"('SOFT', 'MEDIUM', 'SOFT')","[11, 45]",88.24704
"('SOFT', 'MEDIUM', 'SOFT')","[11, 46]",88.10807
"('SOFT', 'MEDIUM', 'SOFT')","[12, 13]",92.90304
"('SOFT', 'MEDIUM', 'SOFT')","[12, 14]",92.76407
"('SOFT', 'MEDIUM', 'SOFT')","[12, 15]",92.6251
"('SOFT', 'MEDIUM', 'SOFT')","[12, 16]",92.48613
"('SOFT', 'MEDIUM', 'SOFT')","[12, 17]",92.34716
"('SOFT', 'MEDIUM', 'SOFT')","[12, 18]",92.20819
"('SOFT', 'MEDIUM', 'SOFT')","[12, 19]",92.06922
"('SOFT', 'MEDIUM', 'SOFT')","[12, 20]",91.93025
"('SOFT', 'MEDIUM', 'SOFT')","[12, 21]",91.791275
"('SOFT', 'MEDIUM', 'SOFT')","[12, 22]",91.652306
"('SOFT', 'MEDIUM', 'SOFT')","[12, 23]",91.513336
"('SOFT', 'MEDIUM', 'SOFT')","[12, 24]",91.374374
"('SOFT', 'MEDIUM', 'SOFT')","[12, 25]",91.2354
"('SOFT', 'MEDIUM', 'SOFT')","[12, 26]",91.096436
"('SOFT', 'MEDIUM', 'SOFT')","[12, 27]",90.957466
"('SOFT', 'MEDIUM', 'SOFT')","[12, 28]",90.8185
"('SOFT', 'MEDIUM', 'SOFT')","[12, 29]",90.67952
"('SOFT', 'MEDIUM', 'SOFT')","[12, 30]",90.54055
"('SOFT', 'MEDIUM', 'SOFT')","[12, 31]",90.40158
"('SOFT', 'MEDIUM', 'SOFT')","[12, 32]",90.26262
"('SOFT', 'MEDIUM', 'SOFT')","[12, 33]",90.12364
"('SOFT', 'MEDIUM', 'SOFT')","[12, 34]",89.98468
"('SOFT', 'MEDIUM', 'SOFT')","[12, 35]",89.84571
"('SOFT', 'MEDIUM', 'SOFT')","[12, 36]",89.70674
"('SOFT', 'MEDIUM', 'SOFT')","[12, 37]",89.567764
"('SOFT', 'MEDIUM', 'SOFT')","[12, 38]",89.428795
"('SOFT', 'MEDIUM', 'SOFT')","[12, 39]",89.289825
"('SOFT', 'MEDIUM', 'SOFT')","[12, 40]",89.15085
"('SOFT', 'MEDIUM', 'SOFT')","[12, 41]",89.01189
"('SOFT', 'MEDIUM', 'SOFT')","[12, 42]",88.87291
"('SOFT', 'MEDIUM', 'SOFT')","[12, 43]",88.73395
"('SOFT', 'MEDIUM', 'SOFT')","[12, 44]",88.59497
"('SOFT', 'MEDIUM', 'SOFT')","[12, 45]",88.456
"('SOFT', 'MEDIUM', 'SOFT')","[12, 46]",88.31704
"('SOFT', 'MEDIUM', 'SOFT')","[13, 14]",92.97304
"('SOFT', 'MEDIUM', 'SOFT')","[13, 15]",92.83407
"('SOFT', 'MEDIUM', 'SOFT')","[13, 16]",92.6951
"('SOFT', 'MEDIUM', 'SOFT')","[13, 17]",92.55613
"('SOFT', 'MEDIUM', 'SOFT')","[13, 18]",92.41716
"('SOFT', 'MEDIUM', 'SOFT')","[13, 19]",92.27819
"('SOFT', 'MEDIUM', 'SOFT')","[13, 20]",92.13922
"('SOFT', 'MEDIUM', 'SOFT')","[13, 21]",92.000244
"('SOFT', 'MEDIUM', 'SOFT')","[13, 22]",91.86128
"('SOFT', 'MEDIUM', 'SOFT')","[13, 23]",91.72231
"('SOFT', 'MEDIUM', 'SOFT')","[13, 24]",91.58334
"('SOFT', 'MEDIUM', 'SOFT')","[13, 25]",91.44437
"('SOFT', 'MEDIUM', 'SOFT')","[13, 26]",91.305405
"('SOFT', 'MEDIUM', 'SOFT')","[13, 27]",91.166435
"('SOFT', 'MEDIUM', 'SOFT')","[13, 28]",91.027466
"('SOFT', 'MEDIUM', 'SOFT')","[13, 29]",90.88849
"('SOFT', 'MEDIUM', 'SOFT')","[13, 30]",90.74953
"('SOFT', 'MEDIUM', 'SOFT')","[13, 31]",90.61056
"('SOFT', 'MEDIUM', 'SOFT')","[13, 32]",90.47159
"('SOFT', 'MEDIUM', 'SOFT')","[13, 33]",90.33261
"('SOFT', 'MEDIUM', 'SOFT')","[13, 34]",90.19365
"('SOFT', 'MEDIUM', 'SOFT')","[13, 35]",90.05468
"('SOFT', 'MEDIUM', 'SOFT')","[13, 36]",89.91571
"('SOFT', 'MEDIUM', 'SOFT')","[13, 37]",89.77673
"('SOFT', 'MEDIUM', 'SOFT')","[13, 38]",89.637764
"('SOFT', 'MEDIUM', 'SOFT')","[13, 39]",89.498795
"('SOFT', 'MEDIUM', 'SOFT')","[13, 40]",89.35982
"('SOFT', 'MEDIUM', 'SOFT')","[13, 41]",89.220856
"('SOFT', 'MEDIUM', 'SOFT')","[13, 42]",89.08189
"('SOFT', 'MEDIUM', 'SOFT')","[13, 43]",88.94292
"('SOFT', 'MEDIUM', 'SOFT')","[13, 44]",88.80394
"('SOFT', 'MEDIUM', 'SOFT')","[13, 45]",88.66498
"('SOFT', 'MEDIUM', 'SOFT')","[13, 46]",88.52601
"('SOFT', 'MEDIUM', 'SOFT')","[14, 15]",93.04304
"('SOFT', 'MEDIUM', 'SOFT')","[14, 16]",92.90407
"('SOFT', 'MEDIUM', 'SOFT')","[14, 17]",92.7651
"('SOFT', 'MEDIUM', 'SOFT')","[14, 18]",92.62613
"('SOFT', 'MEDIUM', 'SOFT')","[14, 19]",92.48716
"('SOFT', 'MEDIUM', 'SOFT')","[14, 20]",92.34819
"('SOFT', 'MEDIUM', 'SOFT')","[14, 21]",92.20921
"('SOFT', 'MEDIUM', 'SOFT')","[14, 22]",92.070244
"('SOFT', 'MEDIUM', 'SOFT')","[14, 23]",91.931274
"('SOFT', 'MEDIUM', 'SOFT')","[14, 24]",91.79231
"('SOFT', 'MEDIUM', 'SOFT')","[14, 25]",91.653336
"('SOFT', 'MEDIUM', 'SOFT')","[14, 26]",91.51437
"('SOFT', 'MEDIUM', 'SOFT')","[14, 27]",91.375404
"('SOFT', 'MEDIUM', 'SOFT')","[14, 28]",91.236435
"('SOFT', 'MEDIUM', 'SOFT')","[14, 29]",91.09746
"('SOFT', 'MEDIUM', 'SOFT')","[14, 30]",90.95849
"('SOFT', 'MEDIUM', 'SOFT')","[14, 31]",90.81952
"('SOFT', 'MEDIUM', 'SOFT')","[14, 32]",90.68056
"('SOFT', 'MEDIUM', 'SOFT')","[14, 33]",90.54158
"('SOFT', 'MEDIUM', 'SOFT')","[14, 34]",90.40262
"('SOFT', 'MEDIUM', 'SOFT')","[14, 35]",90.26365
"('SOFT', 'MEDIUM', 'SOFT')","[14, 36]",90.12468
"('SOFT', 'MEDIUM', 'SOFT')","[14, 37]",89.9857
"('SOFT', 'MEDIUM', 'SOFT')","[14, 38]",89.84673
"('SOFT', 'MEDIUM', 'SOFT')","[14, 39]",89.70776
"('SOFT', 'MEDIUM', 'SOFT')","[14, 40]",89.56879
"('SOFT', 'MEDIUM', 'SOFT')","[14, 41]",89.429825
"('SOFT', 'MEDIUM', 'SOFT')","[14, 42]",89.29085
"('SOFT', 'MEDIUM', 'SOFT')","[14, 43]",89.151886
"('SOFT', 'MEDIUM', 'SOFT')","[14, 44]",89.01291
"('SOFT', 'MEDIUM', 'SOFT')","[14, 45]",88.87394
"('SOFT', 'MEDIUM', 'SOFT')","[14, 46]",88.73498
"('SOFT', 'MEDIUM', 'SOFT')","[15, 16]",93.11304
"('SOFT', 'MEDIUM', 'SOFT')","[15, 17]",92.97407
"('SOFT', 'MEDIUM', 'SOFT')","[15, 18]",92.8351
"('SOFT', 'MEDIUM', 'SOFT')","[15, 19]",92.69613
"('SOFT', 'MEDIUM', 'SOFT')","[15, 20]",92.55716
"('SOFT', 'MEDIUM', 'SOFT')","[15, 21]",92.41818
"('SOFT', 'MEDIUM', 'SOFT')","[15, 22]",92.27922
"('SOFT', 'MEDIUM', 'SOFT')","[15, 23]",92.14025
"('SOFT', 'MEDIUM', 'SOFT')","[15, 24]",92.00128
"('SOFT', 'MEDIUM', 'SOFT')","[15, 25]",91.862305
"('SOFT', 'MEDIUM', 'SOFT')","[15, 26]",91.72334
"('SOFT', 'MEDIUM', 'SOFT')","[15, 27]",91.58437
"('SOFT', 'MEDIUM', 'SOFT')","[15, 28]",91.445404
"('SOFT', 'MEDIUM', 'SOFT')","[15, 29]",91.30643
"('SOFT', 'MEDIUM', 'SOFT')","[15, 30]",91.167465
"('SOFT', 'MEDIUM', 'SOFT')","[15, 31]",91.028496
"('SOFT', 'MEDIUM', 'SOFT')","[15, 32]",90.88953
"('SOFT', 'MEDIUM', 'SOFT')","[15, 33]",90.75055
"('SOFT', 'MEDIUM', 'SOFT')","[15, 34]",90.61159
"('SOFT', 'MEDIUM', 'SOFT')","[15, 35]",90.47262
"('SOFT', 'MEDIUM', 'SOFT')","[15, 36]",90.33365
"('SOFT', 'MEDIUM', 'SOFT')","[15, 37]",90.19467
"('SOFT', 'MEDIUM', 'SOFT')","[15, 38]",90.0557
"('SOFT', 'MEDIUM', 'SOFT')","[15, 39]",89.91673
"('SOFT', 'MEDIUM', 'SOFT')","[15, 40]",89.777756
"('SOFT', 'MEDIUM', 'SOFT')","[15, 41]",89.638794
"('SOFT', 'MEDIUM', 'SOFT')","[15, 42]",89.499825
"('SOFT', 'MEDIUM', 'SOFT')","[15, 43]",89.360855
"('SOFT', 'MEDIUM', 'SOFT')","[15, 44]",89.22188
"('SOFT', 'MEDIUM', 'SOFT')","[15, 45]",89.08292
"('SOFT', 'MEDIUM', 'SOFT')","[15, 46]",88.94395
"('SOFT', 'MEDIUM', 'SOFT')","[16, 17]",93.18304
"('SOFT', 'MEDIUM', 'SOFT')","[16, 18]",93.04407
"('SOFT', 'MEDIUM', 'SOFT')","[16, 19]",92.9051
"('SOFT', 'MEDIUM', 'SOFT')","[16, 20]",92.76613
"('SOFT', 'MEDIUM', 'SOFT')","[16, 21]",92.62715
"('SOFT', 'MEDIUM', 'SOFT')","[16, 22]",92.48818
"('SOFT', 'MEDIUM', 'SOFT')","[16, 23]",92.34921
"('SOFT', 'MEDIUM', 'SOFT')","[16, 24]",92.21025
"('SOFT', 'MEDIUM', 'SOFT')","[16, 25]",92.07127
"('SOFT', 'MEDIUM', 'SOFT')","[16, 26]",91.93231
"('SOFT', 'MEDIUM', 'SOFT')","[16, 27]",91.79334
"('SOFT', 'MEDIUM', 'SOFT')","[16, 28]",91.65437
"('SOFT', 'MEDIUM', 'SOFT')","[16, 29]",91.515396
"('SOFT', 'MEDIUM', 'SOFT')","[16, 30]",91.37643
"('SOFT', 'MEDIUM', 'SOFT')","[16, 31]",91.23746
"('SOFT', 'MEDIUM', 'SOFT')","[16, 32]",91.098495
"('SOFT', 'MEDIUM', 'SOFT')","[16, 33]",90.95952
"('SOFT', 'MEDIUM', 'SOFT')","[16, 34]",90.82056
"('SOFT', 'MEDIUM', 'SOFT')","[16, 35]",90.68159
"('SOFT', 'MEDIUM', 'SOFT')","[16, 36]",90.54262
"('SOFT', 'MEDIUM', 'SOFT')","[16, 37]",90.40364
"('SOFT', 'MEDIUM', 'SOFT')","[16, 38]",90.26467
"('SOFT', 'MEDIUM', 'SOFT')","[16, 39]",90.1257
"('SOFT', 'MEDIUM', 'SOFT')","[16, 40]",89.986725
"('SOFT', 'MEDIUM', 'SOFT')","[16, 41]",89.84776
"('SOFT', 'MEDIUM', 'SOFT')","[16, 42]",89.708786
"('SOFT', 'MEDIUM', 'SOFT')","[16, 43]",89.569824
"('SOFT', 'MEDIUM', 'SOFT')","[16, 44]",89.43085
"('SOFT', 'MEDIUM', 'SOFT')","[16, 45]",89.29188
"('SOFT', 'MEDIUM', 'SOFT')","[16, 46]",89.152916
"('SOFT', 'MEDIUM', 'SOFT')","[17, 18]",93.25304
"('SOFT', 'MEDIUM', 'SOFT')","[17, 19]",93.11407
"('SOFT', 'MEDIUM', 'SOFT')","[17, 20]",92.9751
"('SOFT', 'MEDIUM', 'SOFT')","[17, 21]",92.836136
"('SOFT', 'MEDIUM', 'SOFT')","[17, 22]",92.69716
"('SOFT', 'MEDIUM', 'SOFT')","[17, 23]",92.55819
"('SOFT', 'MEDIUM', 'SOFT')","[17, 24]",92.41922
"('SOFT', 'MEDIUM', 'SOFT')","[17, 25]",92.28024
"('SOFT', 'MEDIUM', 'SOFT')","[17, 26]",92.14128
"('SOFT', 'MEDIUM', 'SOFT')","[17, 27]",92.00231
"('SOFT', 'MEDIUM', 'SOFT')","[17, 28]",91.86334
"('SOFT', 'MEDIUM', 'SOFT')","[17, 29]",91.72438
"('SOFT', 'MEDIUM', 'SOFT')","[17, 30]",91.5854
"('SOFT', 'MEDIUM', 'SOFT')","[17, 31]",91.446434
"('SOFT', 'MEDIUM', 'SOFT')","[17, 32]",91.307465
"('SOFT', 'MEDIUM', 'SOFT')","[17, 33]",91.16849
"('SOFT', 'MEDIUM', 'SOFT')","[17, 34]",91.029526
"('SOFT', 'MEDIUM', 'SOFT')","[17, 35]",90.89056
"('SOFT', 'MEDIUM', 'SOFT')","[17, 36]",90.75159
"('SOFT', 'MEDIUM', 'SOFT')","[17, 37]",90.61261
"('SOFT', 'MEDIUM', 'SOFT')","[17, 38]",90.47364
"('SOFT', 'MEDIUM', 'SOFT')","[17, 39]",90.33467
"('SOFT', 'MEDIUM', 'SOFT')","[17, 40]",90.19571
"('SOFT', 'MEDIUM', 'SOFT')","[17, 41]",90.05673
"('SOFT', 'MEDIUM', 'SOFT')","[17, 42]",89.91776
"('SOFT', 'MEDIUM', 'SOFT')","[17, 43]",89.77879
"('SOFT', 'MEDIUM', 'SOFT')","[17, 44]",89.63982
"('SOFT', 'MEDIUM', 'SOFT')","[17, 45]",89.500854
"('SOFT', 'MEDIUM', 'SOFT')","[17, 46]",89.361885
"('SOFT', 'MEDIUM', 'SOFT')","[18, 19]",93.32304
"('SOFT', 'MEDIUM', 'SOFT')","[18, 20]",93.18407
"('SOFT', 'MEDIUM', 'SOFT')","[18, 21]",93.045105
"('SOFT', 'MEDIUM', 'SOFT')","[18, 22]",92.90613
"('SOFT', 'MEDIUM', 'SOFT')","[18, 23]",92.76716
"('SOFT', 'MEDIUM', 'SOFT')","[18, 24]",92.62819
"('SOFT', 'MEDIUM', 'SOFT')","[18, 25]",92.48921
"('SOFT', 'MEDIUM', 'SOFT')","[18, 26]",92.35025
"('SOFT', 'MEDIUM', 'SOFT')","[18, 27]",92.21128
"('SOFT', 'MEDIUM', 'SOFT')","[18, 28]",92.07231
"('SOFT', 'MEDIUM', 'SOFT')","[18, 29]",91.93335
"('SOFT', 'MEDIUM', 'SOFT')","[18, 30]",91.79437
"('SOFT', 'MEDIUM', 'SOFT')","[18, 31]",91.6554
"('SOFT', 'MEDIUM', 'SOFT')","[18, 32]",91.51643
"('SOFT', 'MEDIUM', 'SOFT')","[18, 33]",91.37746
"('SOFT', 'MEDIUM', 'SOFT')","[18, 34]",91.238495
"('SOFT', 'MEDIUM', 'SOFT')","[18, 35]",91.099525
"('SOFT', 'MEDIUM', 'SOFT')","[18, 36]",90.960556
"('SOFT', 'MEDIUM', 'SOFT')","[18, 37]",90.82158
"('SOFT', 'MEDIUM', 'SOFT')","[18, 38]",90.68261
"('SOFT', 'MEDIUM', 'SOFT')","[18, 39]",90.54364
"('SOFT', 'MEDIUM', 'SOFT')","[18, 40]",90.40468
"('SOFT', 'MEDIUM', 'SOFT')","[18, 41]",90.2657
"('SOFT', 'MEDIUM', 'SOFT')","[18, 42]",90.12673
"('SOFT', 'MEDIUM', 'SOFT')","[18, 43]",89.98776
"('SOFT', 'MEDIUM', 'SOFT')","[18, 44]",89.848785
"('SOFT', 'MEDIUM', 'SOFT')","[18, 45]",89.70982
"('SOFT', 'MEDIUM', 'SOFT')","[18, 46]",89.570854
"('SOFT', 'MEDIUM', 'SOFT')","[19, 20]",93.393036
"('SOFT', 'MEDIUM', 'SOFT')","[19, 21]",93.254074
"('SOFT', 'MEDIUM', 'SOFT')","[19, 22]",93.115105
"('SOFT', 'MEDIUM', 'SOFT')","[19, 23]",92.976135
"('SOFT', 'MEDIUM', 'SOFT')","[19, 24]",92.83716
"('SOFT', 'MEDIUM', 'SOFT')","[19, 25]",92.6982
"('SOFT', 'MEDIUM', 'SOFT')","[19, 26]",92.55922
"('SOFT', 'MEDIUM', 'SOFT')","[19, 27]",92.42025
"('SOFT', 'MEDIUM', 'SOFT')","[19, 28]",92.28128
"('SOFT', 'MEDIUM', 'SOFT')","[19, 29]",92.14232
"('SOFT', 'MEDIUM', 'SOFT')","[19, 30]",92.00335
"('SOFT', 'MEDIUM', 'SOFT')","[19, 31]",91.86438
"('SOFT', 'MEDIUM', 'SOFT')","[19, 32]",91.7254
"('SOFT', 'MEDIUM', 'SOFT')","[19, 33]",91.58644
"('SOFT', 'MEDIUM', 'SOFT')","[19, 34]",91.447464
"('SOFT', 'MEDIUM', 'SOFT')","[19, 35]",91.308495
"('SOFT', 'MEDIUM', 'SOFT')","[19, 36]",91.169525
"('SOFT', 'MEDIUM', 'SOFT')","[19, 37]",91.03056
"('SOFT', 'MEDIUM', 'SOFT')","[19, 38]",90.89158
"('SOFT', 'MEDIUM', 'SOFT')","[19, 39]",90.75261
"('SOFT', 'MEDIUM', 'SOFT')","[19, 40]",90.61365
"('SOFT', 'MEDIUM', 'SOFT')","[19, 41]",90.47467
"('SOFT', 'MEDIUM', 'SOFT')","[19, 42]",90.33571
"('SOFT', 'MEDIUM', 'SOFT')","[19, 43]",90.19673
"('SOFT', 'MEDIUM', 'SOFT')","[19, 44]",90.05777
"('SOFT', 'MEDIUM', 'SOFT')","[19, 45]",89.9188
"('SOFT', 'MEDIUM', 'SOFT')","[19, 46]",89.77982
"('SOFT', 'MEDIUM', 'SOFT')","[20, 21]",93.46304
"('SOFT', 'MEDIUM', 'SOFT')","[20, 22]",93.32407
"('SOFT', 'MEDIUM', 'SOFT')","[20, 23]",93.185104
"('SOFT', 'MEDIUM', 'SOFT')","[20, 24]",93.04613
"('SOFT', 'MEDIUM', 'SOFT')","[20, 25]",92.907166
"('SOFT', 'MEDIUM', 'SOFT')","[20, 26]",92.76819
"('SOFT', 'MEDIUM', 'SOFT')","[20, 27]",92.62922
"('SOFT', 'MEDIUM', 'SOFT')","[20, 28]",92.49025
"('SOFT', 'MEDIUM', 'SOFT')","[20, 29]",92.35129
"('SOFT', 'MEDIUM', 'SOFT')","[20, 30]",92.21232
"('SOFT', 'MEDIUM', 'SOFT')","[20, 31]",92.07335
"('SOFT', 'MEDIUM', 'SOFT')","[20, 32]",91.93437
"('SOFT', 'MEDIUM', 'SOFT')","[20, 33]",91.79541
"('SOFT', 'MEDIUM', 'SOFT')","[20, 34]",91.65643
"('SOFT', 'MEDIUM', 'SOFT')","[20, 35]",91.51746
"('SOFT', 'MEDIUM', 'SOFT')","[20, 36]",91.378494
"('SOFT', 'MEDIUM', 'SOFT')","[20, 37]",91.23953
"('SOFT', 'MEDIUM', 'SOFT')","[20, 38]",91.10055
"('SOFT', 'MEDIUM', 'SOFT')","[20, 39]",90.96158
"('SOFT', 'MEDIUM', 'SOFT')","[20, 40]",90.82262
"('SOFT', 'MEDIUM', 'SOFT')","[20, 41]",90.68364
"('SOFT', 'MEDIUM', 'SOFT')","[20, 42]",90.54468
"('SOFT', 'MEDIUM', 'SOFT')","[20, 43]",90.4057
"('SOFT', 'MEDIUM', 'SOFT')","[20, 44]",90.26674
"('SOFT', 'MEDIUM', 'SOFT')","[20, 45]",90.12777
"('SOFT', 'MEDIUM', 'SOFT')","[20, 46]",89.98879
"('SOFT', 'MEDIUM', 'SOFT')","[21, 22]",93.53304
"('SOFT', 'MEDIUM', 'SOFT')","[21, 23]",93.39407
"('SOFT', 'MEDIUM', 'SOFT')","[21, 24]",93.2551
"('SOFT', 'MEDIUM', 'SOFT')","[21, 25]",93.116135
"('SOFT', 'MEDIUM', 'SOFT')","[21, 26]",92.97716
"('SOFT', 'MEDIUM', 'SOFT')","[21, 27]",92.83819
"('SOFT', 'MEDIUM', 'SOFT')","[21, 28]",92.69922
"('SOFT', 'MEDIUM', 'SOFT')","[21, 29]",92.56026
"('SOFT', 'MEDIUM', 'SOFT')","[21, 30]",92.42129
"('SOFT', 'MEDIUM', 'SOFT')","[21, 31]",92.28232
"('SOFT', 'MEDIUM', 'SOFT')","[21, 32]",92.14334
"('SOFT', 'MEDIUM', 'SOFT')","[21, 33]",92.00438
"('SOFT', 'MEDIUM', 'SOFT')","[21, 34]",91.8654
"('SOFT', 'MEDIUM', 'SOFT')","[21, 35]",91.72643
"('SOFT', 'MEDIUM', 'SOFT')","[21, 36]",91.58746
"('SOFT', 'MEDIUM', 'SOFT')","[21, 37]",91.4485
"('SOFT', 'MEDIUM', 'SOFT')","[21, 38]",91.30952
"('SOFT', 'MEDIUM', 'SOFT')","[21, 39]",91.17055
"('SOFT', 'MEDIUM', 'SOFT')","[21, 40]",91.031586
"('SOFT', 'MEDIUM', 'SOFT')","[21, 41]",90.89261
"('SOFT', 'MEDIUM', 'SOFT')","[21, 42]",90.75365
"('SOFT', 'MEDIUM', 'SOFT')","[21, 43]",90.61467
"('SOFT', 'MEDIUM', 'SOFT')","[21, 44]",90.47571
"('SOFT', 'MEDIUM', 'SOFT')","[21, 45]",90.33674
"('SOFT', 'MEDIUM', 'SOFT')","[21, 46]",90.19776
"('SOFT', 'MEDIUM', 'SOFT')","[22, 23]",93.60304
"('SOFT', 'MEDIUM', 'SOFT')","[22, 24]",93.464066
"('SOFT', 'MEDIUM', 'SOFT')","[22, 25]",93.3251
"('SOFT', 'MEDIUM', 'SOFT')","[22, 26]",93.18613
"('SOFT', 'MEDIUM', 'SOFT')","[22, 27]",93.04716
"('SOFT', 'MEDIUM', 'SOFT')","[22, 28]",92.90819
"('SOFT', 'MEDIUM', 'SOFT')","[22, 29]",92.769226
"('SOFT', 'MEDIUM', 'SOFT')","[22, 30]",92.63026
"('SOFT', 'MEDIUM', 'SOFT')","[22, 31]",92.49129
"('SOFT', 'MEDIUM', 'SOFT')","[22, 32]",92.35231
"('SOFT', 'MEDIUM', 'SOFT')","[22, 33]",92.21335
"('SOFT', 'MEDIUM', 'SOFT')","[22, 34]",92.07437
"('SOFT', 'MEDIUM', 'SOFT')","[22, 35]",91.9354
"('SOFT', 'MEDIUM', 'SOFT')","[22, 36]",91.79643
"('SOFT', 'MEDIUM', 'SOFT')","[22, 37]",91.65747
"('SOFT', 'MEDIUM', 'SOFT')","[22, 38]",91.518486
"('SOFT', 'MEDIUM', 'SOFT')","[22, 39]",91.37952
"('SOFT', 'MEDIUM', 'SOFT')","[22, 40]",91.240555
"('SOFT', 'MEDIUM', 'SOFT')","[22, 41]",91.10158
"('SOFT', 'MEDIUM', 'SOFT')","[22, 42]",90.962616
"('SOFT', 'MEDIUM', 'SOFT')","[22, 43]",90.82364
"('SOFT', 'MEDIUM', 'SOFT')","[22, 44]",90.68468
"('SOFT', 'MEDIUM', 'SOFT')","[22, 45]",90.54571
"('SOFT', 'MEDIUM', 'SOFT')","[22, 46]",90.40673
"('SOFT', 'MEDIUM', 'SOFT')","[23, 24]",93.673035
"('SOFT', 'MEDIUM', 'SOFT')","[23, 25]",93.53407
"('SOFT', 'MEDIUM', 'SOFT')","[23, 26]",93.395096
"('SOFT', 'MEDIUM', 'SOFT')","[23, 27]",93.25613
"('SOFT', 'MEDIUM', 'SOFT')","[23, 28]",93.11716
"('SOFT', 'MEDIUM', 'SOFT')","[23, 29]",92.978195
"('SOFT', 'MEDIUM', 'SOFT')","[23, 30]",92.839226
"('SOFT', 'MEDIUM', 'SOFT')","[23, 31]",92.70026
"('SOFT', 'MEDIUM', 'SOFT')","[23, 32]",92.56128
"('SOFT', 'MEDIUM', 'SOFT')","[23, 33]",92.42232
"('SOFT', 'MEDIUM', 'SOFT')","[23, 34]",92.28334
"('SOFT', 'MEDIUM', 'SOFT')","[23, 35]",92.14437
"('SOFT', 'MEDIUM', 'SOFT')","[23, 36]",92.0054
"('SOFT', 'MEDIUM', 'SOFT')","[23, 37]",91.86644
"('SOFT', 'MEDIUM', 'SOFT')","[23, 38]",91.727455
"('SOFT', 'MEDIUM', 'SOFT')","[23, 39]",91.588486
"('SOFT', 'MEDIUM', 'SOFT')","[23, 40]",91.449524
"('SOFT', 'MEDIUM', 'SOFT')","[23, 41]",91.31055
"('SOFT', 'MEDIUM', 'SOFT')","[23, 42]",91.171585
"('SOFT', 'MEDIUM', 'SOFT')","[23, 43]",91.03261
"('SOFT', 'MEDIUM', 'SOFT')","[23, 44]",90.89365
"('SOFT', 'MEDIUM', 'SOFT')","[23, 45]",90.75468
"('SOFT', 'MEDIUM', 'SOFT')","[23, 46]",90.6157
"('SOFT', 'MEDIUM', 'SOFT')","[24, 25]",93.74304
"('SOFT', 'MEDIUM', 'SOFT')","[24, 26]",93.604065
"('SOFT', 'MEDIUM', 'SOFT')","[24, 27]",93.465096
"('SOFT', 'MEDIUM', 'SOFT')","[24, 28]",93.326126
"('SOFT', 'MEDIUM', 'SOFT')","[24, 29]",93.187164
"('SOFT', 'MEDIUM', 'SOFT')","[24, 30]",93.048195
"('SOFT', 'MEDIUM', 'SOFT')","[24, 31]",92.909225
"('SOFT', 'MEDIUM', 'SOFT')","[24, 32]",92.77025
"('SOFT', 'MEDIUM', 'SOFT')","[24, 33]",92.63129
"('SOFT', 'MEDIUM', 'SOFT')","[24, 34]",92.49231
"('SOFT', 'MEDIUM', 'SOFT')","[24, 35]",92.35334
"('SOFT', 'MEDIUM', 'SOFT')","[24, 36]",92.21437
"('SOFT', 'MEDIUM', 'SOFT')","[24, 37]",92.07541
"('SOFT', 'MEDIUM', 'SOFT')","[24, 38]",91.936424
"('SOFT', 'MEDIUM', 'SOFT')","[24, 39]",91.797455
"('SOFT', 'MEDIUM', 'SOFT')","[24, 40]",91.65849
"('SOFT', 'MEDIUM', 'SOFT')","[24, 41]",91.519516
"('SOFT', 'MEDIUM', 'SOFT')","[24, 42]",91.380554
"('SOFT', 'MEDIUM', 'SOFT')","[24, 43]",91.24158
"('SOFT', 'MEDIUM', 'SOFT')","[24, 44]",91.102615
"('SOFT', 'MEDIUM', 'SOFT')","[24, 45]",90.963646
"('SOFT', 'MEDIUM', 'SOFT')","[24, 46]",90.82467
"('SOFT', 'MEDIUM', 'SOFT')","[25, 26]",93.813034
"('SOFT', 'MEDIUM', 'SOFT')","[25, 27]",93.674065
"('SOFT', 'MEDIUM', 'SOFT')","[25, 28]",93.535095
"('SOFT', 'MEDIUM', 'SOFT')","[25, 29]",93.39613
"('SOFT', 'MEDIUM', 'SOFT')","[25, 30]",93.257164
"('SOFT', 'MEDIUM', 'SOFT')","[25, 31]",93.118195
"('SOFT', 'MEDIUM', 'SOFT')","[25, 32]",92.97922
"('SOFT', 'MEDIUM', 'SOFT')","[25, 33]",92.840256
"('SOFT', 'MEDIUM', 'SOFT')","[25, 34]",92.70128
"('SOFT', 'MEDIUM', 'SOFT')","[25, 35]",92.56231
"('SOFT', 'MEDIUM', 'SOFT')","[25, 36]",92.42334
"('SOFT', 'MEDIUM', 'SOFT')","[25, 37]",92.28438
"('SOFT', 'MEDIUM', 'SOFT')","[25, 38]",92.14539
"('SOFT', 'MEDIUM', 'SOFT')","[25, 39]",92.006424
"('SOFT', 'MEDIUM', 'SOFT')","[25, 40]",91.86746
"('SOFT', 'MEDIUM', 'SOFT')","[25, 41]",91.728485
"('SOFT', 'MEDIUM', 'SOFT')","[25, 42]",91.58952
"('SOFT', 'MEDIUM', 'SOFT')","[25, 43]",91.45055
"('SOFT', 'MEDIUM', 'SOFT')","[25, 44]",91.311584
"('SOFT', 'MEDIUM', 'SOFT')","[25, 45]",91.172615
"('SOFT', 'MEDIUM', 'SOFT')","[25, 46]",91.03364
"('SOFT', 'MEDIUM', 'SOFT')","[26, 27]",93.88303
"('SOFT', 'MEDIUM', 'SOFT')","[26, 28]",93.744064
"('SOFT', 'MEDIUM', 'SOFT')","[26, 29]",93.6051
"('SOFT', 'MEDIUM', 'SOFT')","[26, 30]",93.46613
"('SOFT', 'MEDIUM', 'SOFT')","[26, 31]",93.32716
"('SOFT', 'MEDIUM', 'SOFT')","[26, 32]",93.18819
"('SOFT', 'MEDIUM', 'SOFT')","[26, 33]",93.049225
"('SOFT', 'MEDIUM', 'SOFT')","[26, 34]",92.91025
"('SOFT', 'MEDIUM', 'SOFT')","[26, 35]",92.77128
"('SOFT', 'MEDIUM', 'SOFT')","[26, 36]",92.63231
"('SOFT', 'MEDIUM', 'SOFT')","[26, 37]",92.49335
"('SOFT', 'MEDIUM', 'SOFT')","[26, 38]",92.35436
"('SOFT', 'MEDIUM', 'SOFT')","[26, 39]",92.21539
"('SOFT', 'MEDIUM', 'SOFT')","[26, 40]",92.07643
"('SOFT', 'MEDIUM', 'SOFT')","[26, 41]",91.937454
"('SOFT', 'MEDIUM', 'SOFT')","[26, 42]",91.79849
"('SOFT', 'MEDIUM', 'SOFT')","[26, 43]",91.659515
"('SOFT', 'MEDIUM', 'SOFT')","[26, 44]",91.52055
"('SOFT', 'MEDIUM', 'SOFT')","[26, 45]",91.381584
"('SOFT', 'MEDIUM', 'SOFT')","[26, 46]",91.24261
"('SOFT', 'MEDIUM', 'SOFT')","[27, 28]",93.95303
"('SOFT', 'MEDIUM', 'SOFT')","[27, 29]",93.81407
"('SOFT', 'MEDIUM', 'SOFT')","[27, 30]",93.6751
"('SOFT', 'MEDIUM', 'SOFT')","[27, 31]",93.53613
"('SOFT', 'MEDIUM', 'SOFT')","[27, 32]",93.397156
"('SOFT', 'MEDIUM', 'SOFT')","[27, 33]",93.258194
"('SOFT', 'MEDIUM', 'SOFT')","[27, 34]",93.11922
"('SOFT', 'MEDIUM', 'SOFT')","[27, 35]",92.98025
"('SOFT', 'MEDIUM', 'SOFT')","[27, 36]",92.84128
"('SOFT', 'MEDIUM', 'SOFT')","[27, 37]",92.70232
"('SOFT', 'MEDIUM', 'SOFT')","[27, 38]",92.56333
"('SOFT', 'MEDIUM', 'SOFT')","[27, 39]",92.42436
"('SOFT', 'MEDIUM', 'SOFT')","[27, 40]",92.2854
"('SOFT', 'MEDIUM', 'SOFT')","[27, 41]",92.14642
"('SOFT', 'MEDIUM', 'SOFT')","[27, 42]",92.00746
"('SOFT', 'MEDIUM', 'SOFT')","[27, 43]",91.868484
"('SOFT', 'MEDIUM', 'SOFT')","[27, 44]",91.72952
"('SOFT', 'MEDIUM', 'SOFT')","[27, 45]",91.59055
"('SOFT', 'MEDIUM', 'SOFT')","[27, 46]",91.45158
"('SOFT', 'MEDIUM', 'SOFT')","[28, 29]",94.02304
"('SOFT', 'MEDIUM', 'SOFT')","[28, 30]",93.88407
"('SOFT', 'MEDIUM', 'SOFT')","[28, 31]",93.7451
"('SOFT', 'MEDIUM', 'SOFT')","[28, 32]",93.606125
"('SOFT', 'MEDIUM', 'SOFT')","[28, 33]",93.46716
"('SOFT', 'MEDIUM', 'SOFT')","[28, 34]",93.328186
"('SOFT', 'MEDIUM', 'SOFT')","[28, 35]",93.18922
"('SOFT', 'MEDIUM', 'SOFT')","[28, 36]",93.05025
"('SOFT', 'MEDIUM', 'SOFT')","[28, 37]",92.911285
"('SOFT', 'MEDIUM', 'SOFT')","[28, 38]",92.7723
"('SOFT', 'MEDIUM', 'SOFT')","[28, 39]",92.63333
"('SOFT', 'MEDIUM', 'SOFT')","[28, 40]",92.49437
"('SOFT', 'MEDIUM', 'SOFT')","[28, 41]",92.35539
"('SOFT', 'MEDIUM', 'SOFT')","[28, 42]",92.21643
"('SOFT', 'MEDIUM', 'SOFT')","[28, 43]",92.07745
"('SOFT', 'MEDIUM', 'SOFT')","[28, 44]",91.93849
"('SOFT', 'MEDIUM', 'SOFT')","[28, 45]",91.79952
"('SOFT', 'MEDIUM', 'SOFT')","[28, 46]",91.660545
"('SOFT', 'MEDIUM', 'SOFT')","[29, 30]",94.09304
"('SOFT', 'MEDIUM', 'SOFT')","[29, 31]",93.95407
"('SOFT', 'MEDIUM', 'SOFT')","[29, 32]",93.815094
"('SOFT', 'MEDIUM', 'SOFT')","[29, 33]",93.67613
"('SOFT', 'MEDIUM', 'SOFT')","[29, 34]",93.537155
"('SOFT', 'MEDIUM', 'SOFT')","[29, 35]",93.398186
"('SOFT', 'MEDIUM', 'SOFT')","[29, 36]",93.25922
"('SOFT', 'MEDIUM', 'SOFT')","[29, 37]",93.120255
"('SOFT', 'MEDIUM', 'SOFT')","[29, 38]",92.98127
"('SOFT', 'MEDIUM', 'SOFT')","[29, 39]",92.8423
"('SOFT', 'MEDIUM', 'SOFT')","[29, 40]",92.70334
"('SOFT', 'MEDIUM', 'SOFT')","[29, 41]",92.56436
"('SOFT', 'MEDIUM', 'SOFT')","[29, 42]",92.4254
"('SOFT', 'MEDIUM', 'SOFT')","[29, 43]",92.28642
"('SOFT', 'MEDIUM', 'SOFT')","[29, 44]",92.14746
"('SOFT', 'MEDIUM', 'SOFT')","[29, 45]",92.00849
"('SOFT', 'MEDIUM', 'SOFT')","[29, 46]",91.869514
"('SOFT', 'MEDIUM', 'SOFT')","[30, 31]",94.16304
"('SOFT', 'MEDIUM', 'SOFT')","[30, 32]",94.02406
"('SOFT', 'MEDIUM', 'SOFT')","[30, 33]",93.8851
"('SOFT', 'MEDIUM', 'SOFT')","[30, 34]",93.746124
"('SOFT', 'MEDIUM', 'SOFT')","[30, 35]",93.607155
"('SOFT', 'MEDIUM', 'SOFT')","[30, 36]",93.468185
"('SOFT', 'MEDIUM', 'SOFT')","[30, 37]",93.32922
"('SOFT', 'MEDIUM', 'SOFT')","[30, 38]",93.19024
"('SOFT', 'MEDIUM', 'SOFT')","[30, 39]",93.05127
"('SOFT', 'MEDIUM', 'SOFT')","[30, 40]",92.91231
"('SOFT', 'MEDIUM', 'SOFT')","[30, 41]",92.77333
"('SOFT', 'MEDIUM', 'SOFT')","[30, 42]",92.63437
"('SOFT', 'MEDIUM', 'SOFT')","[30, 43]",92.49539
"('SOFT', 'MEDIUM', 'SOFT')","[30, 44]",92.35643
"('SOFT', 'MEDIUM', 'SOFT')","[30, 45]",92.21746
"('SOFT', 'MEDIUM', 'SOFT')","[30, 46]",92.07848
"('SOFT', 'MEDIUM', 'SOFT')","[31, 32]",94.23303
"('SOFT', 'MEDIUM', 'SOFT')","[31, 33]",94.09407
"('SOFT', 'MEDIUM', 'SOFT')","[31, 34]",93.95509
"('SOFT', 'MEDIUM', 'SOFT')","[31, 35]",93.816124
"('SOFT', 'MEDIUM', 'SOFT')","[31, 36]",93.677155
"('SOFT', 'MEDIUM', 'SOFT')","[31, 37]",93.53819
"('SOFT', 'MEDIUM', 'SOFT')","[31, 38]",93.39921
"('SOFT', 'MEDIUM', 'SOFT')","[31, 39]",93.26024
"('SOFT', 'MEDIUM', 'SOFT')","[31, 40]",93.12128
"('SOFT', 'MEDIUM', 'SOFT')","[31, 41]",92.9823
"('SOFT', 'MEDIUM', 'SOFT')","[31, 42]",92.84334
"('SOFT', 'MEDIUM', 'SOFT')","[31, 43]",92.70436
"('SOFT', 'MEDIUM', 'SOFT')","[31, 44]",92.5654
"('SOFT', 'MEDIUM', 'SOFT')","[31, 45]",92.42643
"('SOFT', 'MEDIUM', 'SOFT')","[31, 46]",92.28745
"('SOFT', 'MEDIUM', 'SOFT')","[32, 33]",94.30304
"('SOFT', 'MEDIUM', 'SOFT')","[32, 34]",94.16406
"('SOFT', 'MEDIUM', 'SOFT')","[32, 35]",94.02509
"('SOFT', 'MEDIUM', 'SOFT')","[32, 36]",93.88612
"('SOFT', 'MEDIUM', 'SOFT')","[32, 37]",93.74716
"('SOFT', 'MEDIUM', 'SOFT')","[32, 38]",93.60818
"('SOFT', 'MEDIUM', 'SOFT')","[32, 39]",93.46921
"('SOFT', 'MEDIUM', 'SOFT')","[32, 40]",93.330246
"('SOFT', 'MEDIUM', 'SOFT')","[32, 41]",93.19127
"('SOFT', 'MEDIUM', 'SOFT')","[32, 42]",93.05231
"('SOFT', 'MEDIUM', 'SOFT')","[32, 43]",92.91333
"('SOFT', 'MEDIUM', 'SOFT')","[32, 44]",92.77437
"('SOFT', 'MEDIUM', 'SOFT')","[32, 45]",92.6354
"('SOFT', 'MEDIUM', 'SOFT')","[32, 46]",92.49642
"('SOFT', 'MEDIUM', 'SOFT')","[33, 34]",94.37303
"('SOFT', 'MEDIUM', 'SOFT')","[33, 35]",94.23406
"('SOFT', 'MEDIUM', 'SOFT')","[33, 36]",94.09509
"('SOFT', 'MEDIUM', 'SOFT')","[33, 37]",93.956116
"('SOFT', 'MEDIUM', 'SOFT')","[33, 38]",93.81715
"('SOFT', 'MEDIUM', 'SOFT')","[33, 39]",93.67818
"('SOFT', 'MEDIUM', 'SOFT')","[33, 40]",93.539215
"('SOFT', 'MEDIUM', 'SOFT')","[33, 41]",93.40024
"('SOFT', 'MEDIUM', 'SOFT')","[33, 42]",93.26127
"('SOFT', 'MEDIUM', 'SOFT')","[33, 43]",93.1223
"('SOFT', 'MEDIUM', 'SOFT')","[33, 44]",92.98332
"('SOFT', 'MEDIUM', 'SOFT')","[33, 45]",92.84436
"('SOFT', 'MEDIUM', 'SOFT')","[33, 46]",92.70539
"('SOFT', 'MEDIUM', 'SOFT')","[34, 35]",94.44303
"('SOFT', 'MEDIUM', 'SOFT')","[34, 36]",94.30406
"('SOFT', 'MEDIUM', 'SOFT')","[34, 37]",94.165085
"('SOFT', 'MEDIUM', 'SOFT')","[34, 38]",94.026115
"('SOFT', 'MEDIUM', 'SOFT')","[34, 39]",93.887146
"('SOFT', 'MEDIUM', 'SOFT')","[34, 40]",93.748184
"('SOFT', 'MEDIUM', 'SOFT')","[34, 41]",93.60921
"('SOFT', 'MEDIUM', 'SOFT')","[34, 42]",93.47024
"('SOFT', 'MEDIUM', 'SOFT')","[34, 43]",93.33127
"('SOFT', 'MEDIUM', 'SOFT')","[34, 44]",93.19229
"('SOFT', 'MEDIUM', 'SOFT')","[34, 45]",93.05333
"('SOFT', 'MEDIUM', 'SOFT')","[34, 46]",92.91436
"('SOFT', 'MEDIUM', 'SOFT')","[35, 36]",94.51303
"('SOFT', 'MEDIUM', 'SOFT')","[35, 37]",94.37407
"('SOFT', 'MEDIUM', 'SOFT')","[35, 38]",94.235085
"('SOFT', 'MEDIUM', 'SOFT')","[35, 39]",94.096115
"('SOFT', 'MEDIUM', 'SOFT')","[35, 40]",93.95715
"('SOFT', 'MEDIUM', 'SOFT')","[35, 41]",93.81818
"('SOFT', 'MEDIUM', 'SOFT')","[35, 42]",93.679214
"('SOFT', 'MEDIUM', 'SOFT')","[35, 43]",93.54024
"('SOFT', 'MEDIUM', 'SOFT')","[35, 44]",93.401276
"('SOFT', 'MEDIUM', 'SOFT')","[35, 45]",93.26231
"('SOFT', 'MEDIUM', 'SOFT')","[35, 46]",93.12333
"('SOFT', 'MEDIUM', 'SOFT')","[36, 37]",94.58304
"('SOFT', 'MEDIUM', 'SOFT')","[36, 38]",94.44406
"('SOFT', 'MEDIUM', 'SOFT')","[36, 39]",94.305084
"('SOFT', 'MEDIUM', 'SOFT')","[36, 40]",94.16612
"('SOFT', 'MEDIUM', 'SOFT')","[36, 41]",94.02715
"('SOFT', 'MEDIUM', 'SOFT')","[36, 42]",93.88818
"('SOFT', 'MEDIUM', 'SOFT')","[36, 43]",93.74922
"('SOFT', 'MEDIUM', 'SOFT')","[36, 44]",93.610245
"('SOFT', 'MEDIUM', 'SOFT')","[36, 45]",93.471275
"('SOFT', 'MEDIUM', 'SOFT')","[36, 46]",93.332306
"('SOFT', 'MEDIUM', 'SOFT')","[37, 38]",94.65304
"('SOFT', 'MEDIUM', 'SOFT')","[37, 39]",94.51407
"('SOFT', 'MEDIUM', 'SOFT')","[37, 40]",94.37511
"('SOFT', 'MEDIUM', 'SOFT')","[37, 41]",94.23613
"('SOFT', 'MEDIUM', 'SOFT')","[37, 42]",94.09716
"('SOFT', 'MEDIUM', 'SOFT')","[37, 43]",93.95819
"('SOFT', 'MEDIUM', 'SOFT')","[37, 44]",93.819214
"('SOFT', 'MEDIUM', 'SOFT')","[37, 45]",93.68025
"('SOFT', 'MEDIUM', 'SOFT')","[37, 46]",93.54128
"('SOFT', 'MEDIUM', 'SOFT')","[38, 39]",94.72304
"('SOFT', 'MEDIUM', 'SOFT')","[38, 40]",94.584076
"('SOFT', 'MEDIUM', 'SOFT')","[38, 41]",94.4451
"('SOFT', 'MEDIUM', 'SOFT')","[38, 42]",94.30614
"('SOFT', 'MEDIUM', 'SOFT')","[38, 43]",94.16716
"('SOFT', 'MEDIUM', 'SOFT')","[38, 44]",94.0282
"('SOFT', 'MEDIUM', 'SOFT')","[38, 45]",93.88923
"('SOFT', 'MEDIUM', 'SOFT')","[38, 46]",93.75025
"('SOFT', 'MEDIUM', 'SOFT')","[39, 40]",94.793045
"('SOFT', 'MEDIUM', 'SOFT')","[39, 41]",94.65407
"('SOFT', 'MEDIUM', 'SOFT')","[39, 42]",94.51511
"('SOFT', 'MEDIUM', 'SOFT')","[39, 43]",94.37613
"('SOFT', 'MEDIUM', 'SOFT')","[39, 44]",94.23717
"('SOFT', 'MEDIUM', 'SOFT')","[39, 45]",94.0982
"('SOFT', 'MEDIUM', 'SOFT')","[39, 46]",93.95922
"('SOFT', 'MEDIUM', 'SOFT')","[40, 41]",94.86304
"('SOFT', 'MEDIUM', 'SOFT')","[40, 42]",94.72407
"('SOFT', 'MEDIUM', 'SOFT')","[40, 43]",94.5851
"('SOFT', 'MEDIUM', 'SOFT')","[40, 44]",94.44612
"('SOFT', 'MEDIUM', 'SOFT')","[40, 45]",94.30716
"('SOFT', 'MEDIUM', 'SOFT')","[40, 46]",94.16819
"('SOFT', 'MEDIUM', 'SOFT')","[41, 42]",94.933044
"('SOFT', 'MEDIUM', 'SOFT')","[41, 43]",94.79408
"('SOFT', 'MEDIUM', 'SOFT')","[41, 44]",94.655106
"('SOFT', 'MEDIUM', 'SOFT')","[41, 45]",94.516136
"('SOFT', 'MEDIUM', 'SOFT')","[41, 46]",94.37717
"('SOFT', 'MEDIUM', 'SOFT')","[42, 43]",95.00304
"('SOFT', 'MEDIUM', 'SOFT')","[42, 44]",94.864075
"('SOFT', 'MEDIUM', 'SOFT')","[42, 45]",94.725105
"('SOFT', 'MEDIUM', 'SOFT')","[42, 46]",94.58613
"('SOFT', 'MEDIUM', 'SOFT')","[43, 44]",95.073044
"('SOFT', 'MEDIUM', 'SOFT')","[43, 45]",94.934074
"('SOFT', 'MEDIUM', 'SOFT')","[43, 46]",94.7951
"('SOFT', 'MEDIUM', 'SOFT')","[44, 45]",95.14304
"('SOFT', 'MEDIUM', 'SOFT')","[44, 46]",95.004074
"('SOFT', 'MEDIUM', 'SOFT')","[45, 46]",95.213036
"('SOFT', 'MEDIUM', 'MEDIUM')","[10, 11]",84.76044
"('SOFT', 'MEDIUM', 'MEDIUM')","[10, 12]",84.79544
"('SOFT', 'MEDIUM', 'MEDIUM')","[10, 13]",84.83044
"('SOFT', 'MEDIUM', 'MEDIUM')","[10, 14]",84.86543
"('SOFT', 'MEDIUM', 'MEDIUM')","[10, 15]",84.90044
"('SOFT', 'MEDIUM', 'MEDIUM')","[10, 16]",84.93544
"('SOFT', 'MEDIUM', 'MEDIUM')","[10, 17]",84.970436
"('SOFT', 'MEDIUM', 'MEDIUM')","[10, 18]",85.00544
"('SOFT', 'MEDIUM', 'MEDIUM')","[10, 19]",85.040436
"('SOFT', 'MEDIUM', 'MEDIUM')","[10, 20]",85.07544
"('SOFT', 'MEDIUM', 'MEDIUM')","[10, 21]",85.110435
"('SOFT', 'MEDIUM', 'MEDIUM')","[10, 22]",85.14543
"('SOFT', 'MEDIUM', 'MEDIUM')","[10, 23]",85.180435
"('SOFT', 'MEDIUM', 'MEDIUM')","[10, 24]",85.21544
"('SOFT', 'MEDIUM', 'MEDIUM')","[10, 25]",85.250435
"('SOFT', 'MEDIUM', 'MEDIUM')","[10, 26]",85.28544
"('SOFT', 'MEDIUM', 'MEDIUM')","[10, 27]",85.320435
"('SOFT', 'MEDIUM', 'MEDIUM')","[10, 28]",85.35544
"('SOFT', 'MEDIUM', 'MEDIUM')","[10, 29]",85.390434
"('SOFT', 'MEDIUM', 'MEDIUM')","[10, 30]",85.42543
"('SOFT', 'MEDIUM', 'MEDIUM')","[10, 31]",85.460434
"('SOFT', 'MEDIUM', 'MEDIUM')","[10, 32]",85.49544
"('SOFT', 'MEDIUM', 'MEDIUM')","[10, 33]",85.53043
"('SOFT', 'MEDIUM', 'MEDIUM')","[10, 34]",85.56544
"('SOFT', 'MEDIUM', 'MEDIUM')","[10, 35]",85.60043
"('SOFT', 'MEDIUM', 'MEDIUM')","[10, 36]",85.63544
"('SOFT', 'MEDIUM', 'MEDIUM')","[10, 37]",85.67043
"('SOFT', 'MEDIUM', 'MEDIUM')","[10, 38]",85.705444
"('SOFT', 'MEDIUM', 'MEDIUM')","[10, 39]",85.74043
"('SOFT', 'MEDIUM', 'MEDIUM')","[10, 40]",85.77544
"('SOFT', 'MEDIUM', 'MEDIUM')","[10, 41]",85.81044
"('SOFT', 'MEDIUM', 'MEDIUM')","[10, 42]",85.84543
"('SOFT', 'MEDIUM', 'MEDIUM')","[10, 43]",85.88043
"('SOFT', 'MEDIUM', 'MEDIUM')","[10, 44]",85.915436
"('SOFT', 'MEDIUM', 'MEDIUM')","[10, 45]",85.95043
"('SOFT', 'MEDIUM', 'MEDIUM')","[10, 46]",85.98544
"('SOFT', 'MEDIUM', 'MEDIUM')","[11, 12]",85.00441
"('SOFT', 'MEDIUM', 'MEDIUM')","[11, 13]",85.039406
"('SOFT', 'MEDIUM', 'MEDIUM')","[11, 14]",85.0744
"('SOFT', 'MEDIUM', 'MEDIUM')","[11, 15]",85.109406
"('SOFT', 'MEDIUM', 'MEDIUM')","[11, 16]",85.14441
"('SOFT', 'MEDIUM', 'MEDIUM')","[11, 17]",85.179405
"('SOFT', 'MEDIUM', 'MEDIUM')","[11, 18]",85.21441
"('SOFT', 'MEDIUM', 'MEDIUM')","[11, 19]",85.249405
"('SOFT', 'MEDIUM', 'MEDIUM')","[11, 20]",85.28441
"('SOFT', 'MEDIUM', 'MEDIUM')","[11, 21]",85.319405
"('SOFT', 'MEDIUM', 'MEDIUM')","[11, 22]",85.35441
"('SOFT', 'MEDIUM', 'MEDIUM')","[11, 23]",85.389404
"('SOFT', 'MEDIUM', 'MEDIUM')","[11, 24]",85.42441
"('SOFT', 'MEDIUM', 'MEDIUM')","[11, 25]",85.459404
"('SOFT', 'MEDIUM', 'MEDIUM')","[11, 26]",85.49441
"('SOFT', 'MEDIUM', 'MEDIUM')","[11, 27]",85.5294
"('SOFT', 'MEDIUM', 'MEDIUM')","[11, 28]",85.56441
"('SOFT', 'MEDIUM', 'MEDIUM')","[11, 29]",85.5994
"('SOFT', 'MEDIUM', 'MEDIUM')","[11, 30]",85.63441
"('SOFT', 'MEDIUM', 'MEDIUM')","[11, 31]",85.6694
"('SOFT', 'MEDIUM', 'MEDIUM')","[11, 32]",85.70441
"('SOFT', 'MEDIUM', 'MEDIUM')","[11, 33]",85.7394
"('SOFT', 'MEDIUM', 'MEDIUM')","[11, 34]",85.77441
"('SOFT', 'MEDIUM', 'MEDIUM')","[11, 35]",85.8094
"('SOFT', 'MEDIUM', 'MEDIUM')","[11, 36]",85.844406
"('SOFT', 'MEDIUM', 'MEDIUM')","[11, 37]",85.87941
"('SOFT', 'MEDIUM', 'MEDIUM')","[11, 38]",85.91441
"('SOFT', 'MEDIUM', 'MEDIUM')","[11, 39]",85.9494
"('SOFT', 'MEDIUM', 'MEDIUM')","[11, 40]",85.984406
"('SOFT', 'MEDIUM', 'MEDIUM')","[11, 41]",86.01941
"('SOFT', 'MEDIUM', 'MEDIUM')","[11, 42]",86.05441
"('SOFT', 'MEDIUM', 'MEDIUM')","[11, 43]",86.0894
"('SOFT', 'MEDIUM', 'MEDIUM')","[11, 44]",86.124405
"('SOFT', 'MEDIUM', 'MEDIUM')","[11, 45]",86.15941
"('SOFT', 'MEDIUM', 'MEDIUM')","[11, 46]",86.19441
"('SOFT', 'MEDIUM', 'MEDIUM')","[12, 13]",85.248375
"('SOFT', 'MEDIUM', 'MEDIUM')","[12, 14]",85.28337
"('SOFT', 'MEDIUM', 'MEDIUM')","[12, 15]",85.318375
"('SOFT', 'MEDIUM', 'MEDIUM')","[12, 16]",85.35338
"('SOFT', 'MEDIUM', 'MEDIUM')","[12, 17]",85.388374
"('SOFT', 'MEDIUM', 'MEDIUM')","[12, 18]",85.42338
"('SOFT', 'MEDIUM', 'MEDIUM')","[12, 19]",85.458374
"('SOFT', 'MEDIUM', 'MEDIUM')","[12, 20]",85.49338
"('SOFT', 'MEDIUM', 'MEDIUM')","[12, 21]",85.52837
"('SOFT', 'MEDIUM', 'MEDIUM')","[12, 22]",85.56337
"('SOFT', 'MEDIUM', 'MEDIUM')","[12, 23]",85.59837
"('SOFT', 'MEDIUM', 'MEDIUM')","[12, 24]",85.63338
"('SOFT', 'MEDIUM', 'MEDIUM')","[12, 25]",85.66837
"('SOFT', 'MEDIUM', 'MEDIUM')","[12, 26]",85.70338
"('SOFT', 'MEDIUM', 'MEDIUM')","[12, 27]",85.73837
"('SOFT', 'MEDIUM', 'MEDIUM')","[12, 28]",85.77338
"('SOFT', 'MEDIUM', 'MEDIUM')","[12, 29]",85.80837
"('SOFT', 'MEDIUM', 'MEDIUM')","[12, 30]",85.84337
"('SOFT', 'MEDIUM', 'MEDIUM')","[12, 31]",85.87837
"('SOFT', 'MEDIUM', 'MEDIUM')","[12, 32]",85.913376
"('SOFT', 'MEDIUM', 'MEDIUM')","[12, 33]",85.94837
"('SOFT', 'MEDIUM', 'MEDIUM')","[12, 34]",85.983376
"('SOFT', 'MEDIUM', 'MEDIUM')","[12, 35]",86.01837
"('SOFT', 'MEDIUM', 'MEDIUM')","[12, 36]",86.053375
"('SOFT', 'MEDIUM', 'MEDIUM')","[12, 37]",86.08837
"('SOFT', 'MEDIUM', 'MEDIUM')","[12, 38]",86.12338
"('SOFT', 'MEDIUM', 'MEDIUM')","[12, 39]",86.15837
"('SOFT', 'MEDIUM', 'MEDIUM')","[12, 40]",86.193375
"('SOFT', 'MEDIUM', 'MEDIUM')","[12, 41]",86.22838
"('SOFT', 'MEDIUM', 'MEDIUM')","[12, 42]",86.26337
"('SOFT', 'MEDIUM', 'MEDIUM')","[12, 43]",86.29837
"('SOFT', 'MEDIUM', 'MEDIUM')","[12, 44]",86.333374
"('SOFT', 'MEDIUM', 'MEDIUM')","[12, 45]",86.36837
"('SOFT', 'MEDIUM', 'MEDIUM')","[12, 46]",86.40338
"('SOFT', 'MEDIUM', 'MEDIUM')","[13, 14]",85.49234
"('SOFT', 'MEDIUM', 'MEDIUM')","[13, 15]",85.52734
"('SOFT', 'MEDIUM', 'MEDIUM')","[13, 16]",85.56235
"('SOFT', 'MEDIUM', 'MEDIUM')","[13, 17]",85.59734
"('SOFT', 'MEDIUM', 'MEDIUM')","[13, 18]",85.63235
"('SOFT', 'MEDIUM', 'MEDIUM')","[13, 19]",85.66734
"('SOFT', 'MEDIUM', 'MEDIUM')","[13, 20]",85.70235
"('SOFT', 'MEDIUM', 'MEDIUM')","[13, 21]",85.73734
"('SOFT', 'MEDIUM', 'MEDIUM')","[13, 22]",85.77235
"('SOFT', 'MEDIUM', 'MEDIUM')","[13, 23]",85.80734
"('SOFT', 'MEDIUM', 'MEDIUM')","[13, 24]",85.84235
"('SOFT', 'MEDIUM', 'MEDIUM')","[13, 25]",85.87734
"('SOFT', 'MEDIUM', 'MEDIUM')","[13, 26]",85.912346
"('SOFT', 'MEDIUM', 'MEDIUM')","[13, 27]",85.94734
"('SOFT', 'MEDIUM', 'MEDIUM')","[13, 28]",85.982346
"('SOFT', 'MEDIUM', 'MEDIUM')","[13, 29]",86.01734
"('SOFT', 'MEDIUM', 'MEDIUM')","[13, 30]",86.052345
"('SOFT', 'MEDIUM', 'MEDIUM')","[13, 31]",86.08734
"('SOFT', 'MEDIUM', 'MEDIUM')","[13, 32]",86.122345
"('SOFT', 'MEDIUM', 'MEDIUM')","[13, 33]",86.15734
"('SOFT', 'MEDIUM', 'MEDIUM')","[13, 34]",86.192345
"('SOFT', 'MEDIUM', 'MEDIUM')","[13, 35]",86.22734
"('SOFT', 'MEDIUM', 'MEDIUM')","[13, 36]",86.262344
"('SOFT', 'MEDIUM', 'MEDIUM')","[13, 37]",86.29735
"('SOFT', 'MEDIUM', 'MEDIUM')","[13, 38]",86.33235
"('SOFT', 'MEDIUM', 'MEDIUM')","[13, 39]",86.36734
"('SOFT', 'MEDIUM', 'MEDIUM')","[13, 40]",86.40234
"('SOFT', 'MEDIUM', 'MEDIUM')","[13, 41]",86.43735
"('SOFT', 'MEDIUM', 'MEDIUM')","[13, 42]",86.47235
"('SOFT', 'MEDIUM', 'MEDIUM')","[13, 43]",86.50734
"('SOFT', 'MEDIUM', 'MEDIUM')","[13, 44]",86.54234
"('SOFT', 'MEDIUM', 'MEDIUM')","[13, 45]",86.57735
"('SOFT', 'MEDIUM', 'MEDIUM')","[13, 46]",86.61235
"('SOFT', 'MEDIUM', 'MEDIUM')","[14, 15]",85.73631
"('SOFT', 'MEDIUM', 'MEDIUM')","[14, 16]",85.77132
"('SOFT', 'MEDIUM', 'MEDIUM')","[14, 17]",85.80631
"('SOFT', 'MEDIUM', 'MEDIUM')","[14, 18]",85.84132
"('SOFT', 'MEDIUM', 'MEDIUM')","[14, 19]",85.87631
"('SOFT', 'MEDIUM', 'MEDIUM')","[14, 20]",85.911316
"('SOFT', 'MEDIUM', 'MEDIUM')","[14, 21]",85.94631
"('SOFT', 'MEDIUM', 'MEDIUM')","[14, 22]",85.98131
"('SOFT', 'MEDIUM', 'MEDIUM')","[14, 23]",86.01631
"('SOFT', 'MEDIUM', 'MEDIUM')","[14, 24]",86.051315
"('SOFT', 'MEDIUM', 'MEDIUM')","[14, 25]",86.08631
"('SOFT', 'MEDIUM', 'MEDIUM')","[14, 26]",86.121315
"('SOFT', 'MEDIUM', 'MEDIUM')","[14, 27]",86.15631
"('SOFT', 'MEDIUM', 'MEDIUM')","[14, 28]",86.191315
"('SOFT', 'MEDIUM', 'MEDIUM')","[14, 29]",86.22631
"('SOFT', 'MEDIUM', 'MEDIUM')","[14, 30]",86.26131
"('SOFT', 'MEDIUM', 'MEDIUM')","[14, 31]",86.29631
"('SOFT', 'MEDIUM', 'MEDIUM')","[14, 32]",86.331314
"('SOFT', 'MEDIUM', 'MEDIUM')","[14, 33]",86.36631
"('SOFT', 'MEDIUM', 'MEDIUM')","[14, 34]",86.40131
"('SOFT', 'MEDIUM', 'MEDIUM')","[14, 35]",86.43631
"('SOFT', 'MEDIUM', 'MEDIUM')","[14, 36]",86.47131
"('SOFT', 'MEDIUM', 'MEDIUM')","[14, 37]",86.50631
"('SOFT', 'MEDIUM', 'MEDIUM')","[14, 38]",86.54132
"('SOFT', 'MEDIUM', 'MEDIUM')","[14, 39]",86.57631
"('SOFT', 'MEDIUM', 'MEDIUM')","[14, 40]",86.61131
"('SOFT', 'MEDIUM', 'MEDIUM')","[14, 41]",86.64632
"('SOFT', 'MEDIUM', 'MEDIUM')","[14, 42]",86.681305
"('SOFT', 'MEDIUM', 'MEDIUM')","[14, 43]",86.71631
"('SOFT', 'MEDIUM', 'MEDIUM')","[14, 44]",86.75131
"('SOFT', 'MEDIUM', 'MEDIUM')","[14, 45]",86.78631
"('SOFT', 'MEDIUM', 'MEDIUM')","[14, 46]",86.82132
"('SOFT', 'MEDIUM', 'MEDIUM')","[15, 16]",85.980286
"('SOFT', 'MEDIUM', 'MEDIUM')","[15, 17]",86.01528
"('SOFT', 'MEDIUM', 'MEDIUM')","[15, 18]",86.050285
"('SOFT', 'MEDIUM', 'MEDIUM')","[15, 19]",86.08528
"('SOFT', 'MEDIUM', 'MEDIUM')","[15, 20]",86.120285
"('SOFT', 'MEDIUM', 'MEDIUM')","[15, 21]",86.15528
"('SOFT', 'MEDIUM', 'MEDIUM')","[15, 22]",86.190285
"('SOFT', 'MEDIUM', 'MEDIUM')","[15, 23]",86.22528
"('SOFT', 'MEDIUM', 'MEDIUM')","[15, 24]",86.260284
"('SOFT', 'MEDIUM', 'MEDIUM')","[15, 25]",86.29528
"('SOFT', 'MEDIUM', 'MEDIUM')","[15, 26]",86.330284
"('SOFT', 'MEDIUM', 'MEDIUM')","[15, 27]",86.36528
"('SOFT', 'MEDIUM', 'MEDIUM')","[15, 28]",86.40028
"('SOFT', 'MEDIUM', 'MEDIUM')","[15, 29]",86.43528
"('SOFT', 'MEDIUM', 'MEDIUM')","[15, 30]",86.47028
"('SOFT', 'MEDIUM', 'MEDIUM')","[15, 31]",86.50528
"('SOFT', 'MEDIUM', 'MEDIUM')","[15, 32]",86.54028
"('SOFT', 'MEDIUM', 'MEDIUM')","[15, 33]",86.57528
"('SOFT', 'MEDIUM', 'MEDIUM')","[15, 34]",86.61028
"('SOFT', 'MEDIUM', 'MEDIUM')","[15, 35]",86.64528
"('SOFT', 'MEDIUM', 'MEDIUM')","[15, 36]",86.68028
"('SOFT', 'MEDIUM', 'MEDIUM')","[15, 37]",86.71529
"('SOFT', 'MEDIUM', 'MEDIUM')","[15, 38]",86.75029
"('SOFT', 'MEDIUM', 'MEDIUM')","[15, 39]",86.78528
"('SOFT', 'MEDIUM', 'MEDIUM')","[15, 40]",86.82028
"('SOFT', 'MEDIUM', 'MEDIUM')","[15, 41]",86.855286
"('SOFT', 'MEDIUM', 'MEDIUM')","[15, 42]",86.89029
"('SOFT', 'MEDIUM', 'MEDIUM')","[15, 43]",86.92528
"('SOFT', 'MEDIUM', 'MEDIUM')","[15, 44]",86.96028
"('SOFT', 'MEDIUM', 'MEDIUM')","[15, 45]",86.995285
"('SOFT', 'MEDIUM', 'MEDIUM')","[15, 46]",87.03029
"('SOFT', 'MEDIUM', 'MEDIUM')","[16, 17]",86.22425
"('SOFT', 'MEDIUM', 'MEDIUM')","[16, 18]",86.259254
"('SOFT', 'MEDIUM', 'MEDIUM')","[16, 19]",86.29425
"('SOFT', 'MEDIUM', 'MEDIUM')","[16, 20]",86.329254
"('SOFT', 'MEDIUM', 'MEDIUM')","[16, 21]",86.36425
"('SOFT', 'MEDIUM', 'MEDIUM')","[16, 22]",86.39925
"('SOFT', 'MEDIUM', 'MEDIUM')","[16, 23]",86.43425
"('SOFT', 'MEDIUM', 'MEDIUM')","[16, 24]",86.46925
"('SOFT', 'MEDIUM', 'MEDIUM')","[16, 25]",86.50425
"('SOFT', 'MEDIUM', 'MEDIUM')","[16, 26]",86.53925
"('SOFT', 'MEDIUM', 'MEDIUM')","[16, 27]",86.57425
"('SOFT', 'MEDIUM', 'MEDIUM')","[16, 28]",86.60925
"('SOFT', 'MEDIUM', 'MEDIUM')","[16, 29]",86.64425
"('SOFT', 'MEDIUM', 'MEDIUM')","[16, 30]",86.679245
"('SOFT', 'MEDIUM', 'MEDIUM')","[16, 31]",86.71425
"('SOFT', 'MEDIUM', 'MEDIUM')","[16, 32]",86.74925
"('SOFT', 'MEDIUM', 'MEDIUM')","[16, 33]",86.78425
"('SOFT', 'MEDIUM', 'MEDIUM')","[16, 34]",86.81925
"('SOFT', 'MEDIUM', 'MEDIUM')","[16, 35]",86.85425
"('SOFT', 'MEDIUM', 'MEDIUM')","[16, 36]",86.88925
"('SOFT', 'MEDIUM', 'MEDIUM')","[16, 37]",86.92425
"('SOFT', 'MEDIUM', 'MEDIUM')","[16, 38]",86.95926
"('SOFT', 'MEDIUM', 'MEDIUM')","[16, 39]",86.99425
"('SOFT', 'MEDIUM', 'MEDIUM')","[16, 40]",87.02925
"('SOFT', 'MEDIUM', 'MEDIUM')","[16, 41]",87.064255
"('SOFT', 'MEDIUM', 'MEDIUM')","[16, 42]",87.09924
"('SOFT', 'MEDIUM', 'MEDIUM')","[16, 43]",87.13425
"('SOFT', 'MEDIUM', 'MEDIUM')","[16, 44]",87.16925
"('SOFT', 'MEDIUM', 'MEDIUM')","[16, 45]",87.20425
"('SOFT', 'MEDIUM', 'MEDIUM')","[16, 46]",87.23926
"('SOFT', 'MEDIUM', 'MEDIUM')","[17, 18]",86.46822
"('SOFT', 'MEDIUM', 'MEDIUM')","[17, 19]",86.50322
"('SOFT', 'MEDIUM', 'MEDIUM')","[17, 20]",86.53822
"('SOFT', 'MEDIUM', 'MEDIUM')","[17, 21]",86.57323
"('SOFT', 'MEDIUM', 'MEDIUM')","[17, 22]",86.60822
"('SOFT', 'MEDIUM', 'MEDIUM')","[17, 23]",86.64322
"('SOFT', 'MEDIUM', 'MEDIUM')","[17, 24]",86.67822
"('SOFT', 'MEDIUM', 'MEDIUM')","[17, 25]",86.71322
"('SOFT', 'MEDIUM', 'MEDIUM')","[17, 26]",86.74822
"('SOFT', 'MEDIUM', 'MEDIUM')","[17, 27]",86.78322
"('SOFT', 'MEDIUM', 'MEDIUM')","[17, 28]",86.81822
"('SOFT', 'MEDIUM', 'MEDIUM')","[17, 29]",86.853226
"('SOFT', 'MEDIUM', 'MEDIUM')","[17, 30]",86.88822
"('SOFT', 'MEDIUM', 'MEDIUM')","[17, 31]",86.92322
"('SOFT', 'MEDIUM', 'MEDIUM')","[17, 32]",86.95822
"('SOFT', 'MEDIUM', 'MEDIUM')","[17, 33]",86.99322
"('SOFT', 'MEDIUM', 'MEDIUM')","[17, 34]",87.02822
"('SOFT', 'MEDIUM', 'MEDIUM')","[17, 35]",87.06322
"('SOFT', 'MEDIUM', 'MEDIUM')","[17, 36]",87.09822
"('SOFT', 'MEDIUM', 'MEDIUM')","[17, 37]",87.133224
"('SOFT', 'MEDIUM', 'MEDIUM')","[17, 38]",87.16823
"('SOFT', 'MEDIUM', 'MEDIUM')","[17, 39]",87.20323
"('SOFT', 'MEDIUM', 'MEDIUM')","[17, 40]",87.23823
"('SOFT', 'MEDIUM', 'MEDIUM')","[17, 41]",87.273224
"('SOFT', 'MEDIUM', 'MEDIUM')","[17, 42]",87.30823
"('SOFT', 'MEDIUM', 'MEDIUM')","[17, 43]",87.343216
"('SOFT', 'MEDIUM', 'MEDIUM')","[17, 44]",87.37822
"('SOFT', 'MEDIUM', 'MEDIUM')","[17, 45]",87.41322
"('SOFT', 'MEDIUM', 'MEDIUM')","[17, 46]",87.44823
"('SOFT', 'MEDIUM', 'MEDIUM')","[18, 19]",86.71219
"('SOFT', 'MEDIUM', 'MEDIUM')","[18, 20]",86.74719
"('SOFT', 'MEDIUM', 'MEDIUM')","[18, 21]",86.782196
"('SOFT', 'MEDIUM', 'MEDIUM')","[18, 22]",86.81719
"('SOFT', 'MEDIUM', 'MEDIUM')","[18, 23]",86.85219
"('SOFT', 'MEDIUM', 'MEDIUM')","[18, 24]",86.88719
"('SOFT', 'MEDIUM', 'MEDIUM')","[18, 25]",86.92219
"('SOFT', 'MEDIUM', 'MEDIUM')","[18, 26]",86.95719
"('SOFT', 'MEDIUM', 'MEDIUM')","[18, 27]",86.99219
"('SOFT', 'MEDIUM', 'MEDIUM')","[18, 28]",87.02719
"('SOFT', 'MEDIUM', 'MEDIUM')","[18, 29]",87.062195
"('SOFT', 'MEDIUM', 'MEDIUM')","[18, 30]",87.09719
"('SOFT', 'MEDIUM', 'MEDIUM')","[18, 31]",87.13219
"('SOFT', 'MEDIUM', 'MEDIUM')","[18, 32]",87.16719
"('SOFT', 'MEDIUM', 'MEDIUM')","[18, 33]",87.20219
"('SOFT', 'MEDIUM', 'MEDIUM')","[18, 34]",87.23719
"('SOFT', 'MEDIUM', 'MEDIUM')","[18, 35]",87.27219
"('SOFT', 'MEDIUM', 'MEDIUM')","[18, 36]",87.30719
"('SOFT', 'MEDIUM', 'MEDIUM')","[18, 37]",87.34219
"('SOFT', 'MEDIUM', 'MEDIUM')","[18, 38]",87.3772
"('SOFT', 'MEDIUM', 'MEDIUM')","[18, 39]",87.4122
"('SOFT', 'MEDIUM', 'MEDIUM')","[18, 40]",87.4472
"('SOFT', 'MEDIUM', 'MEDIUM')","[18, 41]",87.48219
"('SOFT', 'MEDIUM', 'MEDIUM')","[18, 42]",87.5172
"('SOFT', 'MEDIUM', 'MEDIUM')","[18, 43]",87.552185
"('SOFT', 'MEDIUM', 'MEDIUM')","[18, 44]",87.58719
"('SOFT', 'MEDIUM', 'MEDIUM')","[18, 45]",87.62219
"('SOFT', 'MEDIUM', 'MEDIUM')","[18, 46]",87.657196
"('SOFT', 'MEDIUM', 'MEDIUM')","[19, 20]",86.95616
"('SOFT', 'MEDIUM', 'MEDIUM')","[19, 21]",86.991165
"('SOFT', 'MEDIUM', 'MEDIUM')","[19, 22]",87.02617
"('SOFT', 'MEDIUM', 'MEDIUM')","[19, 23]",87.06117
"('SOFT', 'MEDIUM', 'MEDIUM')","[19, 24]",87.09616
"('SOFT', 'MEDIUM', 'MEDIUM')","[19, 25]",87.131165
"('SOFT', 'MEDIUM', 'MEDIUM')","[19, 26]",87.16616
"('SOFT', 'MEDIUM', 'MEDIUM')","[19, 27]",87.20116
"('SOFT', 'MEDIUM', 'MEDIUM')","[19, 28]",87.23616
"('SOFT', 'MEDIUM', 'MEDIUM')","[19, 29]",87.271164
"('SOFT', 'MEDIUM', 'MEDIUM')","[19, 30]",87.30617
"('SOFT', 'MEDIUM', 'MEDIUM')","[19, 31]",87.34117
"('SOFT', 'MEDIUM', 'MEDIUM')","[19, 32]",87.37616
"('SOFT', 'MEDIUM', 'MEDIUM')","[19, 33]",87.41116
"('SOFT', 'MEDIUM', 'MEDIUM')","[19, 34]",87.44616
"('SOFT', 'MEDIUM', 'MEDIUM')","[19, 35]",87.481155
"('SOFT', 'MEDIUM', 'MEDIUM')","[19, 36]",87.51617
"('SOFT', 'MEDIUM', 'MEDIUM')","[19, 37]",87.55117
"('SOFT', 'MEDIUM', 'MEDIUM')","[19, 38]",87.58617
"('SOFT', 'MEDIUM', 'MEDIUM')","[19, 39]",87.62117
"('SOFT', 'MEDIUM', 'MEDIUM')","[19, 40]",87.656166
"('SOFT', 'MEDIUM', 'MEDIUM')","[19, 41]",87.69116
"('SOFT', 'MEDIUM', 'MEDIUM')","[19, 42]",87.726166
"('SOFT', 'MEDIUM', 'MEDIUM')","[19, 43]",87.76117
"('SOFT', 'MEDIUM', 'MEDIUM')","[19, 44]",87.796165
"('SOFT', 'MEDIUM', 'MEDIUM')","[19, 45]",87.83117
"('SOFT', 'MEDIUM', 'MEDIUM')","[19, 46]",87.866165
"('SOFT', 'MEDIUM', 'MEDIUM')","[20, 21]",87.200134
"('SOFT', 'MEDIUM', 'MEDIUM')","[20, 22]",87.23514
"('SOFT', 'MEDIUM', 'MEDIUM')","[20, 23]",87.27014
"('SOFT', 'MEDIUM', 'MEDIUM')","[20, 24]",87.30513
"('SOFT', 'MEDIUM', 'MEDIUM')","[20, 25]",87.34013
"('SOFT', 'MEDIUM', 'MEDIUM')","[20, 26]",87.37513
"('SOFT', 'MEDIUM', 'MEDIUM')","[20, 27]",87.410126
"('SOFT', 'MEDIUM', 'MEDIUM')","[20, 28]",87.44513
"('SOFT', 'MEDIUM', 'MEDIUM')","[20, 29]",87.48013
"('SOFT', 'MEDIUM', 'MEDIUM')","[20, 30]",87.51514
"('SOFT', 'MEDIUM', 'MEDIUM')","[20, 31]",87.55014
"('SOFT', 'MEDIUM', 'MEDIUM')","[20, 32]",87.58513
"('SOFT', 'MEDIUM', 'MEDIUM')","[20, 33]",87.62013
"('SOFT', 'MEDIUM', 'MEDIUM')","[20, 34]",87.65513
"('SOFT', 'MEDIUM', 'MEDIUM')","[20, 35]",87.690125
"('SOFT', 'MEDIUM', 'MEDIUM')","[20, 36]",87.725136
"('SOFT', 'MEDIUM', 'MEDIUM')","[20, 37]",87.76014
"('SOFT', 'MEDIUM', 'MEDIUM')","[20, 38]",87.795135
"('SOFT', 'MEDIUM', 'MEDIUM')","[20, 39]",87.83014
"('SOFT', 'MEDIUM', 'MEDIUM')","[20, 40]",87.865135
"('SOFT', 'MEDIUM', 'MEDIUM')","[20, 41]",87.90013
"('SOFT', 'MEDIUM', 'MEDIUM')","[20, 42]",87.935135
"('SOFT', 'MEDIUM', 'MEDIUM')","[20, 43]",87.97014
"('SOFT', 'MEDIUM', 'MEDIUM')","[20, 44]",88.005135
"('SOFT', 'MEDIUM', 'MEDIUM')","[20, 45]",88.04014
"('SOFT', 'MEDIUM', 'MEDIUM')","[20, 46]",88.075134
"('SOFT', 'MEDIUM', 'MEDIUM')","[21, 22]",87.44411
"('SOFT', 'MEDIUM', 'MEDIUM')","[21, 23]",87.47911
"('SOFT', 'MEDIUM', 'MEDIUM')","[21, 24]",87.5141
"('SOFT', 'MEDIUM', 'MEDIUM')","[21, 25]",87.5491
"('SOFT', 'MEDIUM', 'MEDIUM')","[21, 26]",87.5841
"('SOFT', 'MEDIUM', 'MEDIUM')","[21, 27]",87.619095
"('SOFT', 'MEDIUM', 'MEDIUM')","[21, 28]",87.6541
"('SOFT', 'MEDIUM', 'MEDIUM')","[21, 29]",87.6891
"('SOFT', 'MEDIUM', 'MEDIUM')","[21, 30]",87.724106
"('SOFT', 'MEDIUM', 'MEDIUM')","[21, 31]",87.75911
"('SOFT', 'MEDIUM', 'MEDIUM')","[21, 32]",87.7941
"('SOFT', 'MEDIUM', 'MEDIUM')","[21, 33]",87.8291
"('SOFT', 'MEDIUM', 'MEDIUM')","[21, 34]",87.8641
"('SOFT', 'MEDIUM', 'MEDIUM')","[21, 35]",87.89909
"('SOFT', 'MEDIUM', 'MEDIUM')","[21, 36]",87.934105
"('SOFT', 'MEDIUM', 'MEDIUM')","[21, 37]",87.96911
"('SOFT', 'MEDIUM', 'MEDIUM')","[21, 38]",88.004105
"('SOFT', 'MEDIUM', 'MEDIUM')","[21, 39]",88.03911
"('SOFT', 'MEDIUM', 'MEDIUM')","[21, 40]",88.074104
"('SOFT', 'MEDIUM', 'MEDIUM')","[21, 41]",88.1091
"('SOFT', 'MEDIUM', 'MEDIUM')","[21, 42]",88.144104
"('SOFT', 'MEDIUM', 'MEDIUM')","[21, 43]",88.17911
"('SOFT', 'MEDIUM', 'MEDIUM')","[21, 44]",88.2141
"('SOFT', 'MEDIUM', 'MEDIUM')","[21, 45]",88.24911
"('SOFT', 'MEDIUM', 'MEDIUM')","[21, 46]",88.2841
"('SOFT', 'MEDIUM', 'MEDIUM')","[22, 23]",87.68808
"('SOFT', 'MEDIUM', 'MEDIUM')","[22, 24]",87.72307
"('SOFT', 'MEDIUM', 'MEDIUM')","[22, 25]",87.75807
"('SOFT', 'MEDIUM', 'MEDIUM')","[22, 26]",87.79307
"('SOFT', 'MEDIUM', 'MEDIUM')","[22, 27]",87.828064
"('SOFT', 'MEDIUM', 'MEDIUM')","[22, 28]",87.86307
"('SOFT', 'MEDIUM', 'MEDIUM')","[22, 29]",87.89807
"('SOFT', 'MEDIUM', 'MEDIUM')","[22, 30]",87.933075
"('SOFT', 'MEDIUM', 'MEDIUM')","[22, 31]",87.96808
"('SOFT', 'MEDIUM', 'MEDIUM')","[22, 32]",88.00307
"('SOFT', 'MEDIUM', 'MEDIUM')","[22, 33]",88.03807
"('SOFT', 'MEDIUM', 'MEDIUM')","[22, 34]",88.07307
"('SOFT', 'MEDIUM', 'MEDIUM')","[22, 35]",88.10806
"('SOFT', 'MEDIUM', 'MEDIUM')","[22, 36]",88.143074
"('SOFT', 'MEDIUM', 'MEDIUM')","[22, 37]",88.17808
"('SOFT', 'MEDIUM', 'MEDIUM')","[22, 38]",88.21307
"('SOFT', 'MEDIUM', 'MEDIUM')","[22, 39]",88.24808
"('SOFT', 'MEDIUM', 'MEDIUM')","[22, 40]",88.28307
"('SOFT', 'MEDIUM', 'MEDIUM')","[22, 41]",88.31807
"('SOFT', 'MEDIUM', 'MEDIUM')","[22, 42]",88.35307
"('SOFT', 'MEDIUM', 'MEDIUM')","[22, 43]",88.38808
"('SOFT', 'MEDIUM', 'MEDIUM')","[22, 44]",88.42307
"('SOFT', 'MEDIUM', 'MEDIUM')","[22, 45]",88.45808
"('SOFT', 'MEDIUM', 'MEDIUM')","[22, 46]",88.49307
"('SOFT', 'MEDIUM', 'MEDIUM')","[23, 24]",87.93204
"('SOFT', 'MEDIUM', 'MEDIUM')","[23, 25]",87.96704
"('SOFT', 'MEDIUM', 'MEDIUM')","[23, 26]",88.00204
"('SOFT', 'MEDIUM', 'MEDIUM')","[23, 27]",88.03703
"('SOFT', 'MEDIUM', 'MEDIUM')","[23, 28]",88.07204
"('SOFT', 'MEDIUM', 'MEDIUM')","[23, 29]",88.10704
"('SOFT', 'MEDIUM', 'MEDIUM')","[23, 30]",88.142044
"('SOFT', 'MEDIUM', 'MEDIUM')","[23, 31]",88.17705
"('SOFT', 'MEDIUM', 'MEDIUM')","[23, 32]",88.212036
"('SOFT', 'MEDIUM', 'MEDIUM')","[23, 33]",88.24704
"('SOFT', 'MEDIUM', 'MEDIUM')","[23, 34]",88.282036
"('SOFT', 'MEDIUM', 'MEDIUM')","[23, 35]",88.31703
"('SOFT', 'MEDIUM', 'MEDIUM')","[23, 36]",88.35204
"('SOFT', 'MEDIUM', 'MEDIUM')","[23, 37]",88.38705
"('SOFT', 'MEDIUM', 'MEDIUM')","[23, 38]",88.42204
"('SOFT', 'MEDIUM', 'MEDIUM')","[23, 39]",88.45705
"('SOFT', 'MEDIUM', 'MEDIUM')","[23, 40]",88.49204
"('SOFT', 'MEDIUM', 'MEDIUM')","[23, 41]",88.52704
"('SOFT', 'MEDIUM', 'MEDIUM')","[23, 42]",88.56204
"('SOFT', 'MEDIUM', 'MEDIUM')","[23, 43]",88.597046
"('SOFT', 'MEDIUM', 'MEDIUM')","[23, 44]",88.63204
"('SOFT', 'MEDIUM', 'MEDIUM')","[23, 45]",88.667046
"('SOFT', 'MEDIUM', 'MEDIUM')","[23, 46]",88.70204
"('SOFT', 'MEDIUM', 'MEDIUM')","[24, 25]",88.17601
"('SOFT', 'MEDIUM', 'MEDIUM')","[24, 26]",88.211006
"('SOFT', 'MEDIUM', 'MEDIUM')","[24, 27]",88.246
"('SOFT', 'MEDIUM', 'MEDIUM')","[24, 28]",88.281006
"('SOFT', 'MEDIUM', 'MEDIUM')","[24, 29]",88.31601
"('SOFT', 'MEDIUM', 'MEDIUM')","[24, 30]",88.35101
"('SOFT', 'MEDIUM', 'MEDIUM')","[24, 31]",88.38602
"('SOFT', 'MEDIUM', 'MEDIUM')","[24, 32]",88.421005
"('SOFT', 'MEDIUM', 'MEDIUM')","[24, 33]",88.45601
"('SOFT', 'MEDIUM', 'MEDIUM')","[24, 34]",88.491005
"('SOFT', 'MEDIUM', 'MEDIUM')","[24, 35]",88.526
"('SOFT', 'MEDIUM', 'MEDIUM')","[24, 36]",88.56101
"('SOFT', 'MEDIUM', 'MEDIUM')","[24, 37]",88.596016
"('SOFT', 'MEDIUM', 'MEDIUM')","[24, 38]",88.63101
"('SOFT', 'MEDIUM', 'MEDIUM')","[24, 39]",88.666016
"('SOFT', 'MEDIUM', 'MEDIUM')","[24, 40]",88.70101
"('SOFT', 'MEDIUM', 'MEDIUM')","[24, 41]",88.73601
"('SOFT', 'MEDIUM', 'MEDIUM')","[24, 42]",88.77101
"('SOFT', 'MEDIUM', 'MEDIUM')","[24, 43]",88.806015
"('SOFT', 'MEDIUM', 'MEDIUM')","[24, 44]",88.84101
"('SOFT', 'MEDIUM', 'MEDIUM')","[24, 45]",88.876015
"('SOFT', 'MEDIUM', 'MEDIUM')","[24, 46]",88.91101
"('SOFT', 'MEDIUM', 'MEDIUM')","[25, 26]",88.419975
"('SOFT', 'MEDIUM', 'MEDIUM')","[25, 27]",88.45497
"('SOFT', 'MEDIUM', 'MEDIUM')","[25, 28]",88.489975
"('SOFT', 'MEDIUM', 'MEDIUM')","[25, 29]",88.52498
"('SOFT', 'MEDIUM', 'MEDIUM')","[25, 30]",88.55998
"('SOFT', 'MEDIUM', 'MEDIUM')","[25, 31]",88.594986
"('SOFT', 'MEDIUM', 'MEDIUM')","[25, 32]",88.629974
"('SOFT', 'MEDIUM', 'MEDIUM')","[25, 33]",88.66498
"('SOFT', 'MEDIUM', 'MEDIUM')","[25, 34]",88.699974
"('SOFT', 'MEDIUM', 'MEDIUM')","[25, 35]",88.73497
"('SOFT', 'MEDIUM', 'MEDIUM')","[25, 36]",88.76998
"('SOFT', 'MEDIUM', 'MEDIUM')","[25, 37]",88.804985
"('SOFT', 'MEDIUM', 'MEDIUM')","[25, 38]",88.83998
"('SOFT', 'MEDIUM', 'MEDIUM')","[25, 39]",88.874985
"('SOFT', 'MEDIUM', 'MEDIUM')","[25, 40]",88.90998
"('SOFT', 'MEDIUM', 'MEDIUM')","[25, 41]",88.94498
"('SOFT', 'MEDIUM', 'MEDIUM')","[25, 42]",88.97998
"('SOFT', 'MEDIUM', 'MEDIUM')","[25, 43]",89.014984
"('SOFT', 'MEDIUM', 'MEDIUM')","[25, 44]",89.04998
"('SOFT', 'MEDIUM', 'MEDIUM')","[25, 45]",89.084984
"('SOFT', 'MEDIUM', 'MEDIUM')","[25, 46]",89.11998
"('SOFT', 'MEDIUM', 'MEDIUM')","[26, 27]",88.66394
"('SOFT', 'MEDIUM', 'MEDIUM')","[26, 28]",88.698944
"('SOFT', 'MEDIUM', 'MEDIUM')","[26, 29]",88.73395
"('SOFT', 'MEDIUM', 'MEDIUM')","[26, 30]",88.76895
"('SOFT', 'MEDIUM', 'MEDIUM')","[26, 31]",88.803955
"('SOFT', 'MEDIUM', 'MEDIUM')","[26, 32]",88.83894
"('SOFT', 'MEDIUM', 'MEDIUM')","[26, 33]",88.87395
"('SOFT', 'MEDIUM', 'MEDIUM')","[26, 34]",88.90894
"('SOFT', 'MEDIUM', 'MEDIUM')","[26, 35]",88.94394
"('SOFT', 'MEDIUM', 'MEDIUM')","[26, 36]",88.97895
"('SOFT', 'MEDIUM', 'MEDIUM')","[26, 37]",89.013954
"('SOFT', 'MEDIUM', 'MEDIUM')","[26, 38]",89.04895
"('SOFT', 'MEDIUM', 'MEDIUM')","[26, 39]",89.083954
"('SOFT', 'MEDIUM', 'MEDIUM')","[26, 40]",89.11895
"('SOFT', 'MEDIUM', 'MEDIUM')","[26, 41]",89.153946
"('SOFT', 'MEDIUM', 'MEDIUM')","[26, 42]",89.18895
"('SOFT', 'MEDIUM', 'MEDIUM')","[26, 43]",89.22395
"('SOFT', 'MEDIUM', 'MEDIUM')","[26, 44]",89.25895
"('SOFT', 'MEDIUM', 'MEDIUM')","[26, 45]",89.29395
"('SOFT', 'MEDIUM', 'MEDIUM')","[26, 46]",89.32895
"('SOFT', 'MEDIUM', 'MEDIUM')","[27, 28]",88.90791
"('SOFT', 'MEDIUM', 'MEDIUM')","[27, 29]",88.94292
"('SOFT', 'MEDIUM', 'MEDIUM')","[27, 30]",88.97792
"('SOFT', 'MEDIUM', 'MEDIUM')","[27, 31]",89.012924
"('SOFT', 'MEDIUM', 'MEDIUM')","[27, 32]",89.04791
"('SOFT', 'MEDIUM', 'MEDIUM')","[27, 33]",89.08292
"('SOFT', 'MEDIUM', 'MEDIUM')","[27, 34]",89.11791
"('SOFT', 'MEDIUM', 'MEDIUM')","[27, 35]",89.15291
"('SOFT', 'MEDIUM', 'MEDIUM')","[27, 36]",89.18792
"('SOFT', 'MEDIUM', 'MEDIUM')","[27, 37]",89.22292
"('SOFT', 'MEDIUM', 'MEDIUM')","[27, 38]",89.25792
"('SOFT', 'MEDIUM', 'MEDIUM')","[27, 39]",89.29292
"('SOFT', 'MEDIUM', 'MEDIUM')","[27, 40]",89.32792
"('SOFT', 'MEDIUM', 'MEDIUM')","[27, 41]",89.362915
"('SOFT', 'MEDIUM', 'MEDIUM')","[27, 42]",89.39792
"('SOFT', 'MEDIUM', 'MEDIUM')","[27, 43]",89.43292
"('SOFT', 'MEDIUM', 'MEDIUM')","[27, 44]",89.46792
"('SOFT', 'MEDIUM', 'MEDIUM')","[27, 45]",89.50292
"('SOFT', 'MEDIUM', 'MEDIUM')","[27, 46]",89.53792
"('SOFT', 'MEDIUM', 'MEDIUM')","[28, 29]",89.151886
"('SOFT', 'MEDIUM', 'MEDIUM')","[28, 30]",89.18689
"('SOFT', 'MEDIUM', 'MEDIUM')","[28, 31]",89.22189
"('SOFT', 'MEDIUM', 'MEDIUM')","[28, 32]",89.25688
"('SOFT', 'MEDIUM', 'MEDIUM')","[28, 33]",89.291885
"('SOFT', 'MEDIUM', 'MEDIUM')","[28, 34]",89.32688
"('SOFT', 'MEDIUM', 'MEDIUM')","[28, 35]",89.36188
"('SOFT', 'MEDIUM', 'MEDIUM')","[28, 36]",89.39689
"('SOFT', 'MEDIUM', 'MEDIUM')","[28, 37]",89.43189
"('SOFT', 'MEDIUM', 'MEDIUM')","[28, 38]",89.46689
"('SOFT', 'MEDIUM', 'MEDIUM')","[28, 39]",89.50189
"('SOFT', 'MEDIUM', 'MEDIUM')","[28, 40]",89.53689
"('SOFT', 'MEDIUM', 'MEDIUM')","[28, 41]",89.571884
"('SOFT', 'MEDIUM', 'MEDIUM')","[28, 42]",89.60689
"('SOFT', 'MEDIUM', 'MEDIUM')","[28, 43]",89.64189
"('SOFT', 'MEDIUM', 'MEDIUM')","[28, 44]",89.67689
"('SOFT', 'MEDIUM', 'MEDIUM')","[28, 45]",89.71189
"('SOFT', 'MEDIUM', 'MEDIUM')","[28, 46]",89.74689
"('SOFT', 'MEDIUM', 'MEDIUM')","[29, 30]",89.39586
"('SOFT', 'MEDIUM', 'MEDIUM')","[29, 31]",89.43086
"('SOFT', 'MEDIUM', 'MEDIUM')","[29, 32]",89.46585
"('SOFT', 'MEDIUM', 'MEDIUM')","[29, 33]",89.500854
"('SOFT', 'MEDIUM', 'MEDIUM')","[29, 34]",89.53585
"('SOFT', 'MEDIUM', 'MEDIUM')","[29, 35]",89.57085
"('SOFT', 'MEDIUM', 'MEDIUM')","[29, 36]",89.60586
"('SOFT', 'MEDIUM', 'MEDIUM')","[29, 37]",89.64086
"('SOFT', 'MEDIUM', 'MEDIUM')","[29, 38]",89.67586
"('SOFT', 'MEDIUM', 'MEDIUM')","[29, 39]",89.71086
"('SOFT', 'MEDIUM', 'MEDIUM')","[29, 40]",89.74586
"('SOFT', 'MEDIUM', 'MEDIUM')","[29, 41]",89.78085
"('SOFT', 'MEDIUM', 'MEDIUM')","[29, 42]",89.81586
"('SOFT', 'MEDIUM', 'MEDIUM')","[29, 43]",89.85086
"('SOFT', 'MEDIUM', 'MEDIUM')","[29, 44]",89.88586
"('SOFT', 'MEDIUM', 'MEDIUM')","[29, 45]",89.92086
"('SOFT', 'MEDIUM', 'MEDIUM')","[29, 46]",89.95586
"('SOFT', 'MEDIUM', 'MEDIUM')","[30, 31]",89.63983
"('SOFT', 'MEDIUM', 'MEDIUM')","[30, 32]",89.67482
"('SOFT', 'MEDIUM', 'MEDIUM')","[30, 33]",89.70982
"('SOFT', 'MEDIUM', 'MEDIUM')","[30, 34]",89.74482
"('SOFT', 'MEDIUM', 'MEDIUM')","[30, 35]",89.779816
"('SOFT', 'MEDIUM', 'MEDIUM')","[30, 36]",89.81483
"('SOFT', 'MEDIUM', 'MEDIUM')","[30, 37]",89.84983
"('SOFT', 'MEDIUM', 'MEDIUM')","[30, 38]",89.88483
"('SOFT', 'MEDIUM', 'MEDIUM')","[30, 39]",89.91983
"('SOFT', 'MEDIUM', 'MEDIUM')","[30, 40]",89.95483
"('SOFT', 'MEDIUM', 'MEDIUM')","[30, 41]",89.98982
"('SOFT', 'MEDIUM', 'MEDIUM')","[30, 42]",90.024826
"('SOFT', 'MEDIUM', 'MEDIUM')","[30, 43]",90.05983
"('SOFT', 'MEDIUM', 'MEDIUM')","[30, 44]",90.094826
"('SOFT', 'MEDIUM', 'MEDIUM')","[30, 45]",90.12983
"('SOFT', 'MEDIUM', 'MEDIUM')","[30, 46]",90.164825
"('SOFT', 'MEDIUM', 'MEDIUM')","[31, 32]",89.88379
"('SOFT', 'MEDIUM', 'MEDIUM')","[31, 33]",89.91879
"('SOFT', 'MEDIUM', 'MEDIUM')","[31, 34]",89.95379
"('SOFT', 'MEDIUM', 'MEDIUM')","[31, 35]",89.988785
"('SOFT', 'MEDIUM', 'MEDIUM')","[31, 36]",90.023796
"('SOFT', 'MEDIUM', 'MEDIUM')","[31, 37]",90.0588
"('SOFT', 'MEDIUM', 'MEDIUM')","[31, 38]",90.093796
"('SOFT', 'MEDIUM', 'MEDIUM')","[31, 39]",90.1288
"('SOFT', 'MEDIUM', 'MEDIUM')","[31, 40]",90.163795
"('SOFT', 'MEDIUM', 'MEDIUM')","[31, 41]",90.19879
"('SOFT', 'MEDIUM', 'MEDIUM')","[31, 42]",90.233795
"('SOFT', 'MEDIUM', 'MEDIUM')","[31, 43]",90.2688
"('SOFT', 'MEDIUM', 'MEDIUM')","[31, 44]",90.303795
"('SOFT', 'MEDIUM', 'MEDIUM')","[31, 45]",90.3388
"('SOFT', 'MEDIUM', 'MEDIUM')","[31, 46]",90.373795
"('SOFT', 'MEDIUM', 'MEDIUM')","[32, 33]",90.12776
"('SOFT', 'MEDIUM', 'MEDIUM')","[32, 34]",90.16276
"('SOFT', 'MEDIUM', 'MEDIUM')","[32, 35]",90.197754
"('SOFT', 'MEDIUM', 'MEDIUM')","[32, 36]",90.232765
"('SOFT', 'MEDIUM', 'MEDIUM')","[32, 37]",90.26777
"('SOFT', 'MEDIUM', 'MEDIUM')","[32, 38]",90.302765
"('SOFT', 'MEDIUM', 'MEDIUM')","[32, 39]",90.33777
"('SOFT', 'MEDIUM', 'MEDIUM')","[32, 40]",90.372765
"('SOFT', 'MEDIUM', 'MEDIUM')","[32, 41]",90.40776
"('SOFT', 'MEDIUM', 'MEDIUM')","[32, 42]",90.442764
"('SOFT', 'MEDIUM', 'MEDIUM')","[32, 43]",90.47777
"('SOFT', 'MEDIUM', 'MEDIUM')","[32, 44]",90.512764
"('SOFT', 'MEDIUM', 'MEDIUM')","[32, 45]",90.54777
"('SOFT', 'MEDIUM', 'MEDIUM')","[32, 46]",90.58276
"('SOFT', 'MEDIUM', 'MEDIUM')","[33, 34]",90.37173
"('SOFT', 'MEDIUM', 'MEDIUM')","[33, 35]",90.40672
"('SOFT', 'MEDIUM', 'MEDIUM')","[33, 36]",90.44173
"('SOFT', 'MEDIUM', 'MEDIUM')","[33, 37]",90.47673
"('SOFT', 'MEDIUM', 'MEDIUM')","[33, 38]",90.511734
"('SOFT', 'MEDIUM', 'MEDIUM')","[33, 39]",90.54674
"('SOFT', 'MEDIUM', 'MEDIUM')","[33, 40]",90.58173
"('SOFT', 'MEDIUM', 'MEDIUM')","[33, 41]",90.61673
"('SOFT', 'MEDIUM', 'MEDIUM')","[33, 42]",90.65173
"('SOFT', 'MEDIUM', 'MEDIUM')","[33, 43]",90.68672
"('SOFT', 'MEDIUM', 'MEDIUM')","[33, 44]",90.721725
"('SOFT', 'MEDIUM', 'MEDIUM')","[33, 45]",90.75673
"('SOFT', 'MEDIUM', 'MEDIUM')","[33, 46]",90.79173
"('SOFT', 'MEDIUM', 'MEDIUM')","[34, 35]",90.61569
"('SOFT', 'MEDIUM', 'MEDIUM')","[34, 36]",90.650696
"('SOFT', 'MEDIUM', 'MEDIUM')","[34, 37]",90.6857
"('SOFT', 'MEDIUM', 'MEDIUM')","[34, 38]",90.7207
"('SOFT', 'MEDIUM', 'MEDIUM')","[34, 39]",90.75571
"('SOFT', 'MEDIUM', 'MEDIUM')","[34, 40]",90.7907
"('SOFT', 'MEDIUM', 'MEDIUM')","[34, 41]",90.8257
"('SOFT', 'MEDIUM', 'MEDIUM')","[34, 42]",90.8607
"('SOFT', 'MEDIUM', 'MEDIUM')","[34, 43]",90.89569
"('SOFT', 'MEDIUM', 'MEDIUM')","[34, 44]",90.930695
"('SOFT', 'MEDIUM', 'MEDIUM')","[34, 45]",90.9657
"('SOFT', 'MEDIUM', 'MEDIUM')","[34, 46]",91.0007
"('SOFT', 'MEDIUM', 'MEDIUM')","[35, 36]",90.85967
"('SOFT', 'MEDIUM', 'MEDIUM')","[35, 37]",90.89468
"('SOFT', 'MEDIUM', 'MEDIUM')","[35, 38]",90.92967
"('SOFT', 'MEDIUM', 'MEDIUM')","[35, 39]",90.964676
"('SOFT', 'MEDIUM', 'MEDIUM')","[35, 40]",90.99967
"('SOFT', 'MEDIUM', 'MEDIUM')","[35, 41]",91.03467
"('SOFT', 'MEDIUM', 'MEDIUM')","[35, 42]",91.06967
"('SOFT', 'MEDIUM', 'MEDIUM')","[35, 43]",91.104675
"('SOFT', 'MEDIUM', 'MEDIUM')","[35, 44]",91.13967
"('SOFT', 'MEDIUM', 'MEDIUM')","[35, 45]",91.174675
"('SOFT', 'MEDIUM', 'MEDIUM')","[35, 46]",91.20967
"('SOFT', 'MEDIUM', 'MEDIUM')","[36, 37]",91.103645
"('SOFT', 'MEDIUM', 'MEDIUM')","[36, 38]",91.13864
"('SOFT', 'MEDIUM', 'MEDIUM')","[36, 39]",91.173645
"('SOFT', 'MEDIUM', 'MEDIUM')","[36, 40]",91.20864
"('SOFT', 'MEDIUM', 'MEDIUM')","[36, 41]",91.243645
"('SOFT', 'MEDIUM', 'MEDIUM')","[36, 42]",91.27864
"('SOFT', 'MEDIUM', 'MEDIUM')","[36, 43]",91.313644
"('SOFT', 'MEDIUM', 'MEDIUM')","[36, 44]",91.34865
"('SOFT', 'MEDIUM', 'MEDIUM')","[36, 45]",91.383644
"('SOFT', 'MEDIUM', 'MEDIUM')","[36, 46]",91.41864
"('SOFT', 'MEDIUM', 'MEDIUM')","[37, 38]",91.347626
"('SOFT', 'MEDIUM', 'MEDIUM')","[37, 39]",91.38263
"('SOFT', 'MEDIUM', 'MEDIUM')","[37, 40]",91.417625
"('SOFT', 'MEDIUM', 'MEDIUM')","[37, 41]",91.45262
"('SOFT', 'MEDIUM', 'MEDIUM')","[37, 42]",91.487625
"('SOFT', 'MEDIUM', 'MEDIUM')","[37, 43]",91.52261
"('SOFT', 'MEDIUM', 'MEDIUM')","[37, 44]",91.55762
"('SOFT', 'MEDIUM', 'MEDIUM')","[37, 45]",91.59262
"('SOFT', 'MEDIUM', 'MEDIUM')","[37, 46]",91.627625
"('SOFT', 'MEDIUM', 'MEDIUM')","[38, 39]",91.5916
"('SOFT', 'MEDIUM', 'MEDIUM')","[38, 40]",91.626595
"('SOFT', 'MEDIUM', 'MEDIUM')","[38, 41]",91.66159
"('SOFT', 'MEDIUM', 'MEDIUM')","[38, 42]",91.696594
"('SOFT', 'MEDIUM', 'MEDIUM')","[38, 43]",91.7316
"('SOFT', 'MEDIUM', 'MEDIUM')","[38, 44]",91.766594
"('SOFT', 'MEDIUM', 'MEDIUM')","[38, 45]",91.8016
"('SOFT', 'MEDIUM', 'MEDIUM')","[38, 46]",91.83659
"('SOFT', 'MEDIUM', 'MEDIUM')","[39, 40]",91.83556
"('SOFT', 'MEDIUM', 'MEDIUM')","[39, 41]",91.87056
"('SOFT', 'MEDIUM', 'MEDIUM')","[39, 42]",91.90556
"('SOFT', 'MEDIUM', 'MEDIUM')","[39, 43]",91.94057
"('SOFT', 'MEDIUM', 'MEDIUM')","[39, 44]",91.97556
"('SOFT', 'MEDIUM', 'MEDIUM')","[39, 45]",92.01057
"('SOFT', 'MEDIUM', 'MEDIUM')","[39, 46]",92.04556
"('SOFT', 'MEDIUM', 'MEDIUM')","[40, 41]",92.07953
"('SOFT', 'MEDIUM', 'MEDIUM')","[40, 42]",92.11453
"('SOFT', 'MEDIUM', 'MEDIUM')","[40, 43]",92.14952
"('SOFT', 'MEDIUM', 'MEDIUM')","[40, 44]",92.184525
"('SOFT', 'MEDIUM', 'MEDIUM')","[40, 45]",92.21953
"('SOFT', 'MEDIUM', 'MEDIUM')","[40, 46]",92.25453
"('SOFT', 'MEDIUM', 'MEDIUM')","[41, 42]",92.3235
"('SOFT', 'MEDIUM', 'MEDIUM')","[41, 43]",92.358505
"('SOFT', 'MEDIUM', 'MEDIUM')","[41, 44]",92.39351
"('SOFT', 'MEDIUM', 'MEDIUM')","[41, 45]",92.428505
"('SOFT', 'MEDIUM', 'MEDIUM')","[41, 46]",92.4635
"('SOFT', 'MEDIUM', 'MEDIUM')","[42, 43]",92.567474
"('SOFT', 'MEDIUM', 'MEDIUM')","[42, 44]",92.60247
"('SOFT', 'MEDIUM', 'MEDIUM')","[42, 45]",92.637474
"('SOFT', 'MEDIUM', 'MEDIUM')","[42, 46]",92.67247
"('SOFT', 'MEDIUM', 'MEDIUM')","[43, 44]",92.81144
"('SOFT', 'MEDIUM', 'MEDIUM')","[43, 45]",92.84644
"('SOFT', 'MEDIUM', 'MEDIUM')","[43, 46]",92.88144
"('SOFT', 'MEDIUM', 'MEDIUM')","[44, 45]",93.05541
"('SOFT', 'MEDIUM', 'MEDIUM')","[44, 46]",93.09041
"('SOFT', 'MEDIUM', 'MEDIUM')","[45, 46]",93.29938
"('SOFT', 'MEDIUM', 'HARD')","[10, 11]",96.652664
"('SOFT', 'MEDIUM', 'HARD')","[10, 12]",96.42914
"('SOFT', 'MEDIUM', 'HARD')","[10, 13]",96.20561
"('SOFT', 'MEDIUM', 'HARD')","[10, 14]",95.982086
"('SOFT', 'MEDIUM', 'HARD')","[10, 15]",95.75856
"('SOFT', 'MEDIUM', 'HARD')","[10, 16]",95.535034
"('SOFT', 'MEDIUM', 'HARD')","[10, 17]",95.31151
"('SOFT', 'MEDIUM', 'HARD')","[10, 18]",95.08798
"('SOFT', 'MEDIUM', 'HARD')","[10, 19]",94.864456
"('SOFT', 'MEDIUM', 'HARD')","[10, 20]",94.64092
"('SOFT', 'MEDIUM', 'HARD')","[10, 21]",94.4174
"('SOFT', 'MEDIUM', 'HARD')","[10, 22]",94.19386
"('SOFT', 'MEDIUM', 'HARD')","[10, 23]",93.97034
"('SOFT', 'MEDIUM', 'HARD')","[10, 24]",93.74682
"('SOFT', 'MEDIUM', 'HARD')","[10, 25]",93.52329
"('SOFT', 'MEDIUM', 'HARD')","[10, 26]",93.299774
"('SOFT', 'MEDIUM', 'HARD')","[10, 27]",93.07625
"('SOFT', 'MEDIUM', 'HARD')","[10, 28]",92.852715
"('SOFT', 'MEDIUM', 'HARD')","[10, 29]",92.62919
"('SOFT', 'MEDIUM', 'HARD')","[10, 30]",92.405655
"('SOFT', 'MEDIUM', 'HARD')","[10, 31]",92.18213
"('SOFT', 'MEDIUM', 'HARD')","[10, 32]",91.95861
"('SOFT', 'MEDIUM', 'HARD')","[10, 33]",91.735085
"('SOFT', 'MEDIUM', 'HARD')","[10, 34]",91.511566
"('SOFT', 'MEDIUM', 'HARD')","[10, 35]",91.28804
"('SOFT', 'MEDIUM', 'HARD')","[10, 36]",91.06451
"('SOFT', 'MEDIUM', 'HARD')","[10, 37]",90.84097
"('SOFT', 'MEDIUM', 'HARD')","[10, 38]",90.61745
"('SOFT', 'MEDIUM', 'HARD')","[10, 39]",90.39392
"('SOFT', 'MEDIUM', 'HARD')","[10, 40]",90.17039
"('SOFT', 'MEDIUM', 'HARD')","[10, 41]",89.94686
"('SOFT', 'MEDIUM', 'HARD')","[10, 42]",89.72333
"('SOFT', 'MEDIUM', 'HARD')","[10, 43]",89.4998
"('SOFT', 'MEDIUM', 'HARD')","[10, 44]",89.276276
"('SOFT', 'MEDIUM', 'HARD')","[10, 45]",89.05274
"('SOFT', 'MEDIUM', 'HARD')","[10, 46]",88.82922
"('SOFT', 'MEDIUM', 'HARD')","[11, 12]",96.63811
"('SOFT', 'MEDIUM', 'HARD')","[11, 13]",96.41458
"('SOFT', 'MEDIUM', 'HARD')","[11, 14]",96.191055
"('SOFT', 'MEDIUM', 'HARD')","[11, 15]",95.96753
"('SOFT', 'MEDIUM', 'HARD')","[11, 16]",95.744
"('SOFT', 'MEDIUM', 'HARD')","[11, 17]",95.52048
"('SOFT', 'MEDIUM', 'HARD')","[11, 18]",95.29695
"('SOFT', 'MEDIUM', 'HARD')","[11, 19]",95.073425
"('SOFT', 'MEDIUM', 'HARD')","[11, 20]",94.84989
"('SOFT', 'MEDIUM', 'HARD')","[11, 21]",94.626366
"('SOFT', 'MEDIUM', 'HARD')","[11, 22]",94.40285
"('SOFT', 'MEDIUM', 'HARD')","[11, 23]",94.17932
"('SOFT', 'MEDIUM', 'HARD')","[11, 24]",93.95579
"('SOFT', 'MEDIUM', 'HARD')","[11, 25]",93.73226
"('SOFT', 'MEDIUM', 'HARD')","[11, 26]",93.50874
"('SOFT', 'MEDIUM', 'HARD')","[11, 27]",93.28522
"('SOFT', 'MEDIUM', 'HARD')","[11, 28]",93.06168
"('SOFT', 'MEDIUM', 'HARD')","[11, 29]",92.83816
"('SOFT', 'MEDIUM', 'HARD')","[11, 30]",92.61464
"('SOFT', 'MEDIUM', 'HARD')","[11, 31]",92.39111
"('SOFT', 'MEDIUM', 'HARD')","[11, 32]",92.16758
"('SOFT', 'MEDIUM', 'HARD')","[11, 33]",91.94405
"('SOFT', 'MEDIUM', 'HARD')","[11, 34]",91.720535
"('SOFT', 'MEDIUM', 'HARD')","[11, 35]",91.49701
"('SOFT', 'MEDIUM', 'HARD')","[11, 36]",91.273476
"('SOFT', 'MEDIUM', 'HARD')","[11, 37]",91.04995
"('SOFT', 'MEDIUM', 'HARD')","[11, 38]",90.826416
"('SOFT', 'MEDIUM', 'HARD')","[11, 39]",90.60289
"('SOFT', 'MEDIUM', 'HARD')","[11, 40]",90.37936
"('SOFT', 'MEDIUM', 'HARD')","[11, 41]",90.15583
"('SOFT', 'MEDIUM', 'HARD')","[11, 42]",89.9323
"('SOFT', 'MEDIUM', 'HARD')","[11, 43]",89.70877
"('SOFT', 'MEDIUM', 'HARD')","[11, 44]",89.485245
"('SOFT', 'MEDIUM', 'HARD')","[11, 45]",89.26172
"('SOFT', 'MEDIUM', 'HARD')","[11, 46]",89.03819
"('SOFT', 'MEDIUM', 'HARD')","[12, 13]",96.62355
"('SOFT', 'MEDIUM', 'HARD')","[12, 14]",96.400024
"('SOFT', 'MEDIUM', 'HARD')","[12, 15]",96.1765
"('SOFT', 'MEDIUM', 'HARD')","[12, 16]",95.95297
"('SOFT', 'MEDIUM', 'HARD')","[12, 17]",95.72945
"('SOFT', 'MEDIUM', 'HARD')","[12, 18]",95.50592
"('SOFT', 'MEDIUM', 'HARD')","[12, 19]",95.282394
"('SOFT', 'MEDIUM', 'HARD')","[12, 20]",95.05886
"('SOFT', 'MEDIUM', 'HARD')","[12, 21]",94.835335
"('SOFT', 'MEDIUM', 'HARD')","[12, 22]",94.6118
"('SOFT', 'MEDIUM', 'HARD')","[12, 23]",94.388275
"('SOFT', 'MEDIUM', 'HARD')","[12, 24]",94.16476
"('SOFT', 'MEDIUM', 'HARD')","[12, 25]",93.94123
"('SOFT', 'MEDIUM', 'HARD')","[12, 26]",93.71771
"('SOFT', 'MEDIUM', 'HARD')","[12, 27]",93.49419
"('SOFT', 'MEDIUM', 'HARD')","[12, 28]",93.27065
"('SOFT', 'MEDIUM', 'HARD')","[12, 29]",93.04713
"('SOFT', 'MEDIUM', 'HARD')","[12, 30]",92.82359
"('SOFT', 'MEDIUM', 'HARD')","[12, 31]",92.60007
"('SOFT', 'MEDIUM', 'HARD')","[12, 32]",92.37655
"('SOFT', 'MEDIUM', 'HARD')","[12, 33]",92.15302
"('SOFT', 'MEDIUM', 'HARD')","[12, 34]",91.929504
"('SOFT', 'MEDIUM', 'HARD')","[12, 35]",91.70598
"('SOFT', 'MEDIUM', 'HARD')","[12, 36]",91.482445
"('SOFT', 'MEDIUM', 'HARD')","[12, 37]",91.25891
"('SOFT', 'MEDIUM', 'HARD')","[12, 38]",91.035385
"('SOFT', 'MEDIUM', 'HARD')","[12, 39]",90.81186
"('SOFT', 'MEDIUM', 'HARD')","[12, 40]",90.588326
"('SOFT', 'MEDIUM', 'HARD')","[12, 41]",90.3648
"('SOFT', 'MEDIUM', 'HARD')","[12, 42]",90.141266
"('SOFT', 'MEDIUM', 'HARD')","[12, 43]",89.91774
"('SOFT', 'MEDIUM', 'HARD')","[12, 44]",89.694214
"('SOFT', 'MEDIUM', 'HARD')","[12, 45]",89.47068
"('SOFT', 'MEDIUM', 'HARD')","[12, 46]",89.24716
"('SOFT', 'MEDIUM', 'HARD')","[13, 14]",96.60899
"('SOFT', 'MEDIUM', 'HARD')","[13, 15]",96.38547
"('SOFT', 'MEDIUM', 'HARD')","[13, 16]",96.16194
"('SOFT', 'MEDIUM', 'HARD')","[13, 17]",95.938416
"('SOFT', 'MEDIUM', 'HARD')","[13, 18]",95.71489
"('SOFT', 'MEDIUM', 'HARD')","[13, 19]",95.49136
"('SOFT', 'MEDIUM', 'HARD')","[13, 20]",95.26783
"('SOFT', 'MEDIUM', 'HARD')","[13, 21]",95.044304
"('SOFT', 'MEDIUM', 'HARD')","[13, 22]",94.820786
"('SOFT', 'MEDIUM', 'HARD')","[13, 23]",94.59726
"('SOFT', 'MEDIUM', 'HARD')","[13, 24]",94.373726
"('SOFT', 'MEDIUM', 'HARD')","[13, 25]",94.1502
"('SOFT', 'MEDIUM', 'HARD')","[13, 26]",93.92668
"('SOFT', 'MEDIUM', 'HARD')","[13, 27]",93.703156
"('SOFT', 'MEDIUM', 'HARD')","[13, 28]",93.47962
"('SOFT', 'MEDIUM', 'HARD')","[13, 29]",93.256096
"('SOFT', 'MEDIUM', 'HARD')","[13, 30]",93.03258
"('SOFT', 'MEDIUM', 'HARD')","[13, 31]",92.80905
"('SOFT', 'MEDIUM', 'HARD')","[13, 32]",92.58552
"('SOFT', 'MEDIUM', 'HARD')","[13, 33]",92.36199
"('SOFT', 'MEDIUM', 'HARD')","[13, 34]",92.13847
"('SOFT', 'MEDIUM', 'HARD')","[13, 35]",91.91495
"('SOFT', 'MEDIUM', 'HARD')","[13, 36]",91.691414
"('SOFT', 'MEDIUM', 'HARD')","[13, 37]",91.46789
"('SOFT', 'MEDIUM', 'HARD')","[13, 38]",91.244354
"('SOFT', 'MEDIUM', 'HARD')","[13, 39]",91.02083
"('SOFT', 'MEDIUM', 'HARD')","[13, 40]",90.797295
"('SOFT', 'MEDIUM', 'HARD')","[13, 41]",90.57377
"('SOFT', 'MEDIUM', 'HARD')","[13, 42]",90.350235
"('SOFT', 'MEDIUM', 'HARD')","[13, 43]",90.12671
"('SOFT', 'MEDIUM', 'HARD')","[13, 44]",89.90318
"('SOFT', 'MEDIUM', 'HARD')","[13, 45]",89.67966
"('SOFT', 'MEDIUM', 'HARD')","[13, 46]",89.45613
"('SOFT', 'MEDIUM', 'HARD')","[14, 15]",96.59444
"('SOFT', 'MEDIUM', 'HARD')","[14, 16]",96.37091
"('SOFT', 'MEDIUM', 'HARD')","[14, 17]",96.147385
"('SOFT', 'MEDIUM', 'HARD')","[14, 18]",95.92386
"('SOFT', 'MEDIUM', 'HARD')","[14, 19]",95.70033
"('SOFT', 'MEDIUM', 'HARD')","[14, 20]",95.4768
"('SOFT', 'MEDIUM', 'HARD')","[14, 21]",95.25327
"('SOFT', 'MEDIUM', 'HARD')","[14, 22]",95.02974
"('SOFT', 'MEDIUM', 'HARD')","[14, 23]",94.80621
"('SOFT', 'MEDIUM', 'HARD')","[14, 24]",94.582695
"('SOFT', 'MEDIUM', 'HARD')","[14, 25]",94.35917
"('SOFT', 'MEDIUM', 'HARD')","[14, 26]",94.13565
"('SOFT', 'MEDIUM', 'HARD')","[14, 27]",93.912125
"('SOFT', 'MEDIUM', 'HARD')","[14, 28]",93.68859
"('SOFT', 'MEDIUM', 'HARD')","[14, 29]",93.465065
"('SOFT', 'MEDIUM', 'HARD')","[14, 30]",93.24153
"('SOFT', 'MEDIUM', 'HARD')","[14, 31]",93.018005
"('SOFT', 'MEDIUM', 'HARD')","[14, 32]",92.79449
"('SOFT', 'MEDIUM', 'HARD')","[14, 33]",92.57096
"('SOFT', 'MEDIUM', 'HARD')","[14, 34]",92.34744
"('SOFT', 'MEDIUM', 'HARD')","[14, 35]",92.12392
"('SOFT', 'MEDIUM', 'HARD')","[14, 36]",91.90038
"('SOFT', 'MEDIUM', 'HARD')","[14, 37]",91.67685
"('SOFT', 'MEDIUM', 'HARD')","[14, 38]",91.45332
"('SOFT', 'MEDIUM', 'HARD')","[14, 39]",91.2298
"('SOFT', 'MEDIUM', 'HARD')","[14, 40]",91.00626
"('SOFT', 'MEDIUM', 'HARD')","[14, 41]",90.78274
"('SOFT', 'MEDIUM', 'HARD')","[14, 42]",90.559204
"('SOFT', 'MEDIUM', 'HARD')","[14, 43]",90.33568
"('SOFT', 'MEDIUM', 'HARD')","[14, 44]",90.11215
"('SOFT', 'MEDIUM', 'HARD')","[14, 45]",89.88862
"('SOFT', 'MEDIUM', 'HARD')","[14, 46]",89.6651
"('SOFT', 'MEDIUM', 'HARD')","[15, 16]",96.57988
"('SOFT', 'MEDIUM', 'HARD')","[15, 17]",96.35635
"('SOFT', 'MEDIUM', 'HARD')","[15, 18]",96.13283
"('SOFT', 'MEDIUM', 'HARD')","[15, 19]",95.9093
"('SOFT', 'MEDIUM', 'HARD')","[15, 20]",95.68577
"('SOFT', 'MEDIUM', 'HARD')","[15, 21]",95.46224
"('SOFT', 'MEDIUM', 'HARD')","[15, 22]",95.23872
"('SOFT', 'MEDIUM', 'HARD')","[15, 23]",95.0152
"('SOFT', 'MEDIUM', 'HARD')","[15, 24]",94.791664
"('SOFT', 'MEDIUM', 'HARD')","[15, 25]",94.56814
"('SOFT', 'MEDIUM', 'HARD')","[15, 26]",94.34462
"('SOFT', 'MEDIUM', 'HARD')","[15, 27]",94.12109
"('SOFT', 'MEDIUM', 'HARD')","[15, 28]",93.89756
"('SOFT', 'MEDIUM', 'HARD')","[15, 29]",93.674034
"('SOFT', 'MEDIUM', 'HARD')","[15, 30]",93.450516
"('SOFT', 'MEDIUM', 'HARD')","[15, 31]",93.22699
"('SOFT', 'MEDIUM', 'HARD')","[15, 32]",93.003456
"('SOFT', 'MEDIUM', 'HARD')","[15, 33]",92.77993
"('SOFT', 'MEDIUM', 'HARD')","[15, 34]",92.55641
"('SOFT', 'MEDIUM', 'HARD')","[15, 35]",92.332886
"('SOFT', 'MEDIUM', 'HARD')","[15, 36]",92.10935
"('SOFT', 'MEDIUM', 'HARD')","[15, 37]",91.885826
"('SOFT', 'MEDIUM', 'HARD')","[15, 38]",91.66229
"('SOFT', 'MEDIUM', 'HARD')","[15, 39]",91.43877
"('SOFT', 'MEDIUM', 'HARD')","[15, 40]",91.21523
"('SOFT', 'MEDIUM', 'HARD')","[15, 41]",90.99171
"('SOFT', 'MEDIUM', 'HARD')","[15, 42]",90.76817
"('SOFT', 'MEDIUM', 'HARD')","[15, 43]",90.54465
"('SOFT', 'MEDIUM', 'HARD')","[15, 44]",90.32112
"('SOFT', 'MEDIUM', 'HARD')","[15, 45]",90.097595
"('SOFT', 'MEDIUM', 'HARD')","[15, 46]",89.87407
"('SOFT', 'MEDIUM', 'HARD')","[16, 17]",96.56532
"('SOFT', 'MEDIUM', 'HARD')","[16, 18]",96.3418
"('SOFT', 'MEDIUM', 'HARD')","[16, 19]",96.11827
"('SOFT', 'MEDIUM', 'HARD')","[16, 20]",95.89474
"('SOFT', 'MEDIUM', 'HARD')","[16, 21]",95.67121
"('SOFT', 'MEDIUM', 'HARD')","[16, 22]",95.44768
"('SOFT', 'MEDIUM', 'HARD')","[16, 23]",95.22415
"('SOFT', 'MEDIUM', 'HARD')","[16, 24]",95.00063
"('SOFT', 'MEDIUM', 'HARD')","[16, 25]",94.77711
"('SOFT', 'MEDIUM', 'HARD')","[16, 26]",94.55359
"('SOFT', 'MEDIUM', 'HARD')","[16, 27]",94.33006
"('SOFT', 'MEDIUM', 'HARD')","[16, 28]",94.10653
"('SOFT', 'MEDIUM', 'HARD')","[16, 29]",93.883
"('SOFT', 'MEDIUM', 'HARD')","[16, 30]",93.65947
"('SOFT', 'MEDIUM', 'HARD')","[16, 31]",93.43594
"('SOFT', 'MEDIUM', 'HARD')","[16, 32]",93.212425
"('SOFT', 'MEDIUM', 'HARD')","[16, 33]",92.9889
"('SOFT', 'MEDIUM', 'HARD')","[16, 34]",92.76538
"('SOFT', 'MEDIUM', 'HARD')","[16, 35]",92.541855
"('SOFT', 'MEDIUM', 'HARD')","[16, 36]",92.31832
"('SOFT', 'MEDIUM', 'HARD')","[16, 37]",92.09479
"('SOFT', 'MEDIUM', 'HARD')","[16, 38]",91.87126
"('SOFT', 'MEDIUM', 'HARD')","[16, 39]",91.647736
"('SOFT', 'MEDIUM', 'HARD')","[16, 40]",91.4242
"('SOFT', 'MEDIUM', 'HARD')","[16, 41]",91.200676
"('SOFT', 'MEDIUM', 'HARD')","[16, 42]",90.97714
"('SOFT', 'MEDIUM', 'HARD')","[16, 43]",90.75362
"('SOFT', 'MEDIUM', 'HARD')","[16, 44]",90.53009
"('SOFT', 'MEDIUM', 'HARD')","[16, 45]",90.30656
"('SOFT', 'MEDIUM', 'HARD')","[16, 46]",90.08304
"('SOFT', 'MEDIUM', 'HARD')","[17, 18]",96.550766
"('SOFT', 'MEDIUM', 'HARD')","[17, 19]",96.32724
"('SOFT', 'MEDIUM', 'HARD')","[17, 20]",96.10371
"('SOFT', 'MEDIUM', 'HARD')","[17, 21]",95.88019
"('SOFT', 'MEDIUM', 'HARD')","[17, 22]",95.65666
"('SOFT', 'MEDIUM', 'HARD')","[17, 23]",95.433136
"('SOFT', 'MEDIUM', 'HARD')","[17, 24]",95.20961
"('SOFT', 'MEDIUM', 'HARD')","[17, 25]",94.98608
"('SOFT', 'MEDIUM', 'HARD')","[17, 26]",94.76256
"('SOFT', 'MEDIUM', 'HARD')","[17, 27]",94.53903
"('SOFT', 'MEDIUM', 'HARD')","[17, 28]",94.3155
"('SOFT', 'MEDIUM', 'HARD')","[17, 29]",94.09198
"('SOFT', 'MEDIUM', 'HARD')","[17, 30]",93.868454
"('SOFT', 'MEDIUM', 'HARD')","[17, 31]",93.64493
"('SOFT', 'MEDIUM', 'HARD')","[17, 32]",93.4214
"('SOFT', 'MEDIUM', 'HARD')","[17, 33]",93.19787
"('SOFT', 'MEDIUM', 'HARD')","[17, 34]",92.97435
"('SOFT', 'MEDIUM', 'HARD')","[17, 35]",92.750824
"('SOFT', 'MEDIUM', 'HARD')","[17, 36]",92.52729
"('SOFT', 'MEDIUM', 'HARD')","[17, 37]",92.303764
"('SOFT', 'MEDIUM', 'HARD')","[17, 38]",92.08023
"('SOFT', 'MEDIUM', 'HARD')","[17, 39]",91.856705
"('SOFT', 'MEDIUM', 'HARD')","[17, 40]",91.63318
"('SOFT', 'MEDIUM', 'HARD')","[17, 41]",91.409645
"('SOFT', 'MEDIUM', 'HARD')","[17, 42]",91.18611
"('SOFT', 'MEDIUM', 'HARD')","[17, 43]",90.962585
"('SOFT', 'MEDIUM', 'HARD')","[17, 44]",90.73906
"('SOFT', 'MEDIUM', 'HARD')","[17, 45]",90.51553
"('SOFT', 'MEDIUM', 'HARD')","[17, 46]",90.29201
"('SOFT', 'MEDIUM', 'HARD')","[18, 19]",96.53621
"('SOFT', 'MEDIUM', 'HARD')","[18, 20]",96.312675
"('SOFT', 'MEDIUM', 'HARD')","[18, 21]",96.08916
"('SOFT', 'MEDIUM', 'HARD')","[18, 22]",95.86563
"('SOFT', 'MEDIUM', 'HARD')","[18, 23]",95.642105
"('SOFT', 'MEDIUM', 'HARD')","[18, 24]",95.41858
"('SOFT', 'MEDIUM', 'HARD')","[18, 25]",95.195045
"('SOFT', 'MEDIUM', 'HARD')","[18, 26]",94.97153
"('SOFT', 'MEDIUM', 'HARD')","[18, 27]",94.748
"('SOFT', 'MEDIUM', 'HARD')","[18, 28]",94.52447
"('SOFT', 'MEDIUM', 'HARD')","[18, 29]",94.30095
"('SOFT', 'MEDIUM', 'HARD')","[18, 30]",94.07742
"('SOFT', 'MEDIUM', 'HARD')","[18, 31]",93.8539
"('SOFT', 'MEDIUM', 'HARD')","[18, 32]",93.63037
"('SOFT', 'MEDIUM', 'HARD')","[18, 33]",93.40684
"('SOFT', 'MEDIUM', 'HARD')","[18, 34]",93.18332
"('SOFT', 'MEDIUM', 'HARD')","[18, 35]",92.95979
"('SOFT', 'MEDIUM', 'HARD')","[18, 36]",92.73626
"('SOFT', 'MEDIUM', 'HARD')","[18, 37]",92.51273
"('SOFT', 'MEDIUM', 'HARD')","[18, 38]",92.2892
"('SOFT', 'MEDIUM', 'HARD')","[18, 39]",92.065674
"('SOFT', 'MEDIUM', 'HARD')","[18, 40]",91.84215
"('SOFT', 'MEDIUM', 'HARD')","[18, 41]",91.618614
"('SOFT', 'MEDIUM', 'HARD')","[18, 42]",91.39508
"('SOFT', 'MEDIUM', 'HARD')","[18, 43]",91.171555
"('SOFT', 'MEDIUM', 'HARD')","[18, 44]",90.94803
"('SOFT', 'MEDIUM', 'HARD')","[18, 45]",90.7245
"('SOFT', 'MEDIUM', 'HARD')","[18, 46]",90.50098
"('SOFT', 'MEDIUM', 'HARD')","[19, 20]",96.52165
"('SOFT', 'MEDIUM', 'HARD')","[19, 21]",96.29813
"('SOFT', 'MEDIUM', 'HARD')","[19, 22]",96.0746
"('SOFT', 'MEDIUM', 'HARD')","[19, 23]",95.851074
"('SOFT', 'MEDIUM', 'HARD')","[19, 24]",95.62755
"('SOFT', 'MEDIUM', 'HARD')","[19, 25]",95.40402
"('SOFT', 'MEDIUM', 'HARD')","[19, 26]",95.1805
"('SOFT', 'MEDIUM', 'HARD')","[19, 27]",94.95697
"('SOFT', 'MEDIUM', 'HARD')","[19, 28]",94.733444
"('SOFT', 'MEDIUM', 'HARD')","[19, 29]",94.50992
"('SOFT', 'MEDIUM', 'HARD')","[19, 30]",94.28639
"('SOFT', 'MEDIUM', 'HARD')","[19, 31]",94.06287
"('SOFT', 'MEDIUM', 'HARD')","[19, 32]",93.83934
"('SOFT', 'MEDIUM', 'HARD')","[19, 33]",93.615814
"('SOFT', 'MEDIUM', 'HARD')","[19, 34]",93.39229
"('SOFT', 'MEDIUM', 'HARD')","[19, 35]",93.16876
"('SOFT', 'MEDIUM', 'HARD')","[19, 36]",92.94524
"('SOFT', 'MEDIUM', 'HARD')","[19, 37]",92.72171
"('SOFT', 'MEDIUM', 'HARD')","[19, 38]",92.49817
"('SOFT', 'MEDIUM', 'HARD')","[19, 39]",92.27464
"('SOFT', 'MEDIUM', 'HARD')","[19, 40]",92.05112
"('SOFT', 'MEDIUM', 'HARD')","[19, 41]",91.82758
"('SOFT', 'MEDIUM', 'HARD')","[19, 42]",91.604065
"('SOFT', 'MEDIUM', 'HARD')","[19, 43]",91.38052
"('SOFT', 'MEDIUM', 'HARD')","[19, 44]",91.157
"('SOFT', 'MEDIUM', 'HARD')","[19, 45]",90.93348
"('SOFT', 'MEDIUM', 'HARD')","[19, 46]",90.709946
"('SOFT', 'MEDIUM', 'HARD')","[20, 21]",96.507095
"('SOFT', 'MEDIUM', 'HARD')","[20, 22]",96.28357
"('SOFT', 'MEDIUM', 'HARD')","[20, 23]",96.06004
"('SOFT', 'MEDIUM', 'HARD')","[20, 24]",95.83652
"('SOFT', 'MEDIUM', 'HARD')","[20, 25]",95.61299
"('SOFT', 'MEDIUM', 'HARD')","[20, 26]",95.389465
"('SOFT', 'MEDIUM', 'HARD')","[20, 27]",95.16594
"('SOFT', 'MEDIUM', 'HARD')","[20, 28]",94.94241
"('SOFT', 'MEDIUM', 'HARD')","[20, 29]",94.71889
"('SOFT', 'MEDIUM', 'HARD')","[20, 30]",94.49536
"('SOFT', 'MEDIUM', 'HARD')","[20, 31]",94.271835
"('SOFT', 'MEDIUM', 'HARD')","[20, 32]",94.04831
"('SOFT', 'MEDIUM', 'HARD')","[20, 33]",93.82478
"('SOFT', 'MEDIUM', 'HARD')","[20, 34]",93.60126
"('SOFT', 'MEDIUM', 'HARD')","[20, 35]",93.37773
"('SOFT', 'MEDIUM', 'HARD')","[20, 36]",93.154205
"('SOFT', 'MEDIUM', 'HARD')","[20, 37]",92.93068
"('SOFT', 'MEDIUM', 'HARD')","[20, 38]",92.70714
"('SOFT', 'MEDIUM', 'HARD')","[20, 39]",92.48361
"('SOFT', 'MEDIUM', 'HARD')","[20, 40]",92.260086
"('SOFT', 'MEDIUM', 'HARD')","[20, 41]",92.03655
"('SOFT', 'MEDIUM', 'HARD')","[20, 42]",91.813034
"('SOFT', 'MEDIUM', 'HARD')","[20, 43]",91.58949
"('SOFT', 'MEDIUM', 'HARD')","[20, 44]",91.36597
"('SOFT', 'MEDIUM', 'HARD')","[20, 45]",91.14245
"('SOFT', 'MEDIUM', 'HARD')","[20, 46]",90.918915
"('SOFT', 'MEDIUM', 'HARD')","[21, 22]",96.49254
"('SOFT', 'MEDIUM', 'HARD')","[21, 23]",96.26901
"('SOFT', 'MEDIUM', 'HARD')","[21, 24]",96.04549
"('SOFT', 'MEDIUM', 'HARD')","[21, 25]",95.82196
"('SOFT', 'MEDIUM', 'HARD')","[21, 26]",95.598434
"('SOFT', 'MEDIUM', 'HARD')","[21, 27]",95.37491
"('SOFT', 'MEDIUM', 'HARD')","[21, 28]",95.15138
"('SOFT', 'MEDIUM', 'HARD')","[21, 29]",94.92786
"('SOFT', 'MEDIUM', 'HARD')","[21, 30]",94.70433
"('SOFT', 'MEDIUM', 'HARD')","[21, 31]",94.480804
"('SOFT', 'MEDIUM', 'HARD')","[21, 32]",94.25728
"('SOFT', 'MEDIUM', 'HARD')","[21, 33]",94.03375
"('SOFT', 'MEDIUM', 'HARD')","[21, 34]",93.81023
"('SOFT', 'MEDIUM', 'HARD')","[21, 35]",93.5867
"('SOFT', 'MEDIUM', 'HARD')","[21, 36]",93.363174
"('SOFT', 'MEDIUM', 'HARD')","[21, 37]",93.13965
"('SOFT', 'MEDIUM', 'HARD')","[21, 38]",92.91611
"('SOFT', 'MEDIUM', 'HARD')","[21, 39]",92.69258
"('SOFT', 'MEDIUM', 'HARD')","[21, 40]",92.469055
"('SOFT', 'MEDIUM', 'HARD')","[21, 41]",92.24552
"('SOFT', 'MEDIUM', 'HARD')","[21, 42]",92.022
"('SOFT', 'MEDIUM', 'HARD')","[21, 43]",91.79846
"('SOFT', 'MEDIUM', 'HARD')","[21, 44]",91.574936
"('SOFT', 'MEDIUM', 'HARD')","[21, 45]",91.35142
"('SOFT', 'MEDIUM', 'HARD')","[21, 46]",91.127884
"('SOFT', 'MEDIUM', 'HARD')","[22, 23]",96.47798
"('SOFT', 'MEDIUM', 'HARD')","[22, 24]",96.254456
"('SOFT', 'MEDIUM', 'HARD')","[22, 25]",96.03093
"('SOFT', 'MEDIUM', 'HARD')","[22, 26]",95.8074
"('SOFT', 'MEDIUM', 'HARD')","[22, 27]",95.58388
"('SOFT', 'MEDIUM', 'HARD')","[22, 28]",95.36035
"('SOFT', 'MEDIUM', 'HARD')","[22, 29]",95.136826
"('SOFT', 'MEDIUM', 'HARD')","[22, 30]",94.9133
"('SOFT', 'MEDIUM', 'HARD')","[22, 31]",94.68977
"('SOFT', 'MEDIUM', 'HARD')","[22, 32]",94.46625
"('SOFT', 'MEDIUM', 'HARD')","[22, 33]",94.24272
"('SOFT', 'MEDIUM', 'HARD')","[22, 34]",94.019196
"('SOFT', 'MEDIUM', 'HARD')","[22, 35]",93.79567
"('SOFT', 'MEDIUM', 'HARD')","[22, 36]",93.57214
"('SOFT', 'MEDIUM', 'HARD')","[22, 37]",93.34862
"('SOFT', 'MEDIUM', 'HARD')","[22, 38]",93.12508
"('SOFT', 'MEDIUM', 'HARD')","[22, 39]",92.90155
"('SOFT', 'MEDIUM', 'HARD')","[22, 40]",92.678024
"('SOFT', 'MEDIUM', 'HARD')","[22, 41]",92.45449
"('SOFT', 'MEDIUM', 'HARD')","[22, 42]",92.23097
"('SOFT', 'MEDIUM', 'HARD')","[22, 43]",92.00743
"('SOFT', 'MEDIUM', 'HARD')","[22, 44]",91.783905
"('SOFT', 'MEDIUM', 'HARD')","[22, 45]",91.56039
"('SOFT', 'MEDIUM', 'HARD')","[22, 46]",91.33685
"('SOFT', 'MEDIUM', 'HARD')","[23, 24]",96.463425
"('SOFT', 'MEDIUM', 'HARD')","[23, 25]",96.2399
"('SOFT', 'MEDIUM', 'HARD')","[23, 26]",96.01637
"('SOFT', 'MEDIUM', 'HARD')","[23, 27]",95.79285
"('SOFT', 'MEDIUM', 'HARD')","[23, 28]",95.56932
"('SOFT', 'MEDIUM', 'HARD')","[23, 29]",95.345795
"('SOFT', 'MEDIUM', 'HARD')","[23, 30]",95.12227
"('SOFT', 'MEDIUM', 'HARD')","[23, 31]",94.89874
"('SOFT', 'MEDIUM', 'HARD')","[23, 32]",94.67522
"('SOFT', 'MEDIUM', 'HARD')","[23, 33]",94.45169
"('SOFT', 'MEDIUM', 'HARD')","[23, 34]",94.228165
"('SOFT', 'MEDIUM', 'HARD')","[23, 35]",94.00464
"('SOFT', 'MEDIUM', 'HARD')","[23, 36]",93.78111
"('SOFT', 'MEDIUM', 'HARD')","[23, 37]",93.55759
"('SOFT', 'MEDIUM', 'HARD')","[23, 38]",93.334045
"('SOFT', 'MEDIUM', 'HARD')","[23, 39]",93.11052
"('SOFT', 'MEDIUM', 'HARD')","[23, 40]",92.88699
"('SOFT', 'MEDIUM', 'HARD')","[23, 41]",92.66346
"('SOFT', 'MEDIUM', 'HARD')","[23, 42]",92.43994
"('SOFT', 'MEDIUM', 'HARD')","[23, 43]",92.2164
"('SOFT', 'MEDIUM', 'HARD')","[23, 44]",91.992874
"('SOFT', 'MEDIUM', 'HARD')","[23, 45]",91.769356
"('SOFT', 'MEDIUM', 'HARD')","[23, 46]",91.54582
"('SOFT', 'MEDIUM', 'HARD')","[24, 25]",96.44887
"('SOFT', 'MEDIUM', 'HARD')","[24, 26]",96.22534
"('SOFT', 'MEDIUM', 'HARD')","[24, 27]",96.001816
"('SOFT', 'MEDIUM', 'HARD')","[24, 28]",95.77829
"('SOFT', 'MEDIUM', 'HARD')","[24, 29]",95.55476
"('SOFT', 'MEDIUM', 'HARD')","[24, 30]",95.33124
"('SOFT', 'MEDIUM', 'HARD')","[24, 31]",95.10771
"('SOFT', 'MEDIUM', 'HARD')","[24, 32]",94.884186
"('SOFT', 'MEDIUM', 'HARD')","[24, 33]",94.66066
"('SOFT', 'MEDIUM', 'HARD')","[24, 34]",94.43713
"('SOFT', 'MEDIUM', 'HARD')","[24, 35]",94.21361
"('SOFT', 'MEDIUM', 'HARD')","[24, 36]",93.99008
"('SOFT', 'MEDIUM', 'HARD')","[24, 37]",93.766556
"('SOFT', 'MEDIUM', 'HARD')","[24, 38]",93.543015
"('SOFT', 'MEDIUM', 'HARD')","[24, 39]",93.31949
"('SOFT', 'MEDIUM', 'HARD')","[24, 40]",93.09596
"('SOFT', 'MEDIUM', 'HARD')","[24, 41]",92.87243
"('SOFT', 'MEDIUM', 'HARD')","[24, 42]",92.64891
"('SOFT', 'MEDIUM', 'HARD')","[24, 43]",92.42537
"('SOFT', 'MEDIUM', 'HARD')","[24, 44]",92.20184
"('SOFT', 'MEDIUM', 'HARD')","[24, 45]",91.978325
"('SOFT', 'MEDIUM', 'HARD')","[24, 46]",91.75479
"('SOFT', 'MEDIUM', 'HARD')","[25, 26]",96.43431
"('SOFT', 'MEDIUM', 'HARD')","[25, 27]",96.210785
"('SOFT', 'MEDIUM', 'HARD')","[25, 28]",95.98726
"('SOFT', 'MEDIUM', 'HARD')","[25, 29]",95.76373
"('SOFT', 'MEDIUM', 'HARD')","[25, 30]",95.54021
"('SOFT', 'MEDIUM', 'HARD')","[25, 31]",95.31668
"('SOFT', 'MEDIUM', 'HARD')","[25, 32]",95.093155
"('SOFT', 'MEDIUM', 'HARD')","[25, 33]",94.86963
"('SOFT', 'MEDIUM', 'HARD')","[25, 34]",94.6461
"('SOFT', 'MEDIUM', 'HARD')","[25, 35]",94.42258
"('SOFT', 'MEDIUM', 'HARD')","[25, 36]",94.19905
"('SOFT', 'MEDIUM', 'HARD')","[25, 37]",93.975525
"('SOFT', 'MEDIUM', 'HARD')","[25, 38]",93.75198
"('SOFT', 'MEDIUM', 'HARD')","[25, 39]",93.52846
"('SOFT', 'MEDIUM', 'HARD')","[25, 40]",93.30493
"('SOFT', 'MEDIUM', 'HARD')","[25, 41]",93.0814
"('SOFT', 'MEDIUM', 'HARD')","[25, 42]",92.85788
"('SOFT', 'MEDIUM', 'HARD')","[25, 43]",92.63434
"('SOFT', 'MEDIUM', 'HARD')","[25, 44]",92.41081
"('SOFT', 'MEDIUM', 'HARD')","[25, 45]",92.187294
"('SOFT', 'MEDIUM', 'HARD')","[25, 46]",91.96376
"('SOFT', 'MEDIUM', 'HARD')","[26, 27]",96.419754
"('SOFT', 'MEDIUM', 'HARD')","[26, 28]",96.19623
"('SOFT', 'MEDIUM', 'HARD')","[26, 29]",95.9727
"('SOFT', 'MEDIUM', 'HARD')","[26, 30]",95.749176
"('SOFT', 'MEDIUM', 'HARD')","[26, 31]",95.52565
"('SOFT', 'MEDIUM', 'HARD')","[26, 32]",95.302124
"('SOFT', 'MEDIUM', 'HARD')","[26, 33]",95.0786
"('SOFT', 'MEDIUM', 'HARD')","[26, 34]",94.85507
"('SOFT', 'MEDIUM', 'HARD')","[26, 35]",94.631546
"('SOFT', 'MEDIUM', 'HARD')","[26, 36]",94.40802
"('SOFT', 'MEDIUM', 'HARD')","[26, 37]",94.184494
"('SOFT', 'MEDIUM', 'HARD')","[26, 38]",93.96095
"('SOFT', 'MEDIUM', 'HARD')","[26, 39]",93.73743
"('SOFT', 'MEDIUM', 'HARD')","[26, 40]",93.5139
"('SOFT', 'MEDIUM', 'HARD')","[26, 41]",93.29037
"('SOFT', 'MEDIUM', 'HARD')","[26, 42]",93.06685
"('SOFT', 'MEDIUM', 'HARD')","[26, 43]",92.84331
"('SOFT', 'MEDIUM', 'HARD')","[26, 44]",92.61978
"('SOFT', 'MEDIUM', 'HARD')","[26, 45]",92.39626
"('SOFT', 'MEDIUM', 'HARD')","[26, 46]",92.17273
"('SOFT', 'MEDIUM', 'HARD')","[27, 28]",96.4052
"('SOFT', 'MEDIUM', 'HARD')","[27, 29]",96.18167
"('SOFT', 'MEDIUM', 'HARD')","[27, 30]",95.958145
"('SOFT', 'MEDIUM', 'HARD')","[27, 31]",95.73462
"('SOFT', 'MEDIUM', 'HARD')","[27, 32]",95.51109
"('SOFT', 'MEDIUM', 'HARD')","[27, 33]",95.28757
"('SOFT', 'MEDIUM', 'HARD')","[27, 34]",95.06404
"('SOFT', 'MEDIUM', 'HARD')","[27, 35]",94.840515
"('SOFT', 'MEDIUM', 'HARD')","[27, 36]",94.61699
"('SOFT', 'MEDIUM', 'HARD')","[27, 37]",94.39346
"('SOFT', 'MEDIUM', 'HARD')","[27, 38]",94.16992
"('SOFT', 'MEDIUM', 'HARD')","[27, 39]",93.946396
"('SOFT', 'MEDIUM', 'HARD')","[27, 40]",93.72287
"('SOFT', 'MEDIUM', 'HARD')","[27, 41]",93.49934
"('SOFT', 'MEDIUM', 'HARD')","[27, 42]",93.27582
"('SOFT', 'MEDIUM', 'HARD')","[27, 43]",93.05228
"('SOFT', 'MEDIUM', 'HARD')","[27, 44]",92.82875
"('SOFT', 'MEDIUM', 'HARD')","[27, 45]",92.60523
"('SOFT', 'MEDIUM', 'HARD')","[27, 46]",92.3817
"('SOFT', 'MEDIUM', 'HARD')","[28, 29]",96.39064
"('SOFT', 'MEDIUM', 'HARD')","[28, 30]",96.167114
"('SOFT', 'MEDIUM', 'HARD')","[28, 31]",95.94359
"('SOFT', 'MEDIUM', 'HARD')","[28, 32]",95.72006
"('SOFT', 'MEDIUM', 'HARD')","[28, 33]",95.49654
"('SOFT', 'MEDIUM', 'HARD')","[28, 34]",95.27301
"('SOFT', 'MEDIUM', 'HARD')","[28, 35]",95.049484
"('SOFT', 'MEDIUM', 'HARD')","[28, 36]",94.82596
"('SOFT', 'MEDIUM', 'HARD')","[28, 37]",94.60243
"('SOFT', 'MEDIUM', 'HARD')","[28, 38]",94.37889
"('SOFT', 'MEDIUM', 'HARD')","[28, 39]",94.155365
"('SOFT', 'MEDIUM', 'HARD')","[28, 40]",93.93184
"('SOFT', 'MEDIUM', 'HARD')","[28, 41]",93.708305
"('SOFT', 'MEDIUM', 'HARD')","[28, 42]",93.48479
"('SOFT', 'MEDIUM', 'HARD')","[28, 43]",93.261246
"('SOFT', 'MEDIUM', 'HARD')","[28, 44]",93.03772
"('SOFT', 'MEDIUM', 'HARD')","[28, 45]",92.8142
"('SOFT', 'MEDIUM', 'HARD')","[28, 46]",92.59067
"('SOFT', 'MEDIUM', 'HARD')","[29, 30]",96.37608
"('SOFT', 'MEDIUM', 'HARD')","[29, 31]",96.15256
"('SOFT', 'MEDIUM', 'HARD')","[29, 32]",95.92903
"('SOFT', 'MEDIUM', 'HARD')","[29, 33]",95.705505
"('SOFT', 'MEDIUM', 'HARD')","[29, 34]",95.48198
"('SOFT', 'MEDIUM', 'HARD')","[29, 35]",95.25845
"('SOFT', 'MEDIUM', 'HARD')","[29, 36]",95.03493
"('SOFT', 'MEDIUM', 'HARD')","[29, 37]",94.8114
"('SOFT', 'MEDIUM', 'HARD')","[29, 38]",94.58786
"('SOFT', 'MEDIUM', 'HARD')","[29, 39]",94.364334
"('SOFT', 'MEDIUM', 'HARD')","[29, 40]",94.14081
"('SOFT', 'MEDIUM', 'HARD')","[29, 41]",93.917274
"('SOFT', 'MEDIUM', 'HARD')","[29, 42]",93.693756
"('SOFT', 'MEDIUM', 'HARD')","[29, 43]",93.470215
"('SOFT', 'MEDIUM', 'HARD')","[29, 44]",93.24669
"('SOFT', 'MEDIUM', 'HARD')","[29, 45]",93.02317
"('SOFT', 'MEDIUM', 'HARD')","[29, 46]",92.79964
"('SOFT', 'MEDIUM', 'HARD')","[30, 31]",96.36153
"('SOFT', 'MEDIUM', 'HARD')","[30, 32]",96.138
"('SOFT', 'MEDIUM', 'HARD')","[30, 33]",95.914474
"('SOFT', 'MEDIUM', 'HARD')","[30, 34]",95.69095
"('SOFT', 'MEDIUM', 'HARD')","[30, 35]",95.46742
"('SOFT', 'MEDIUM', 'HARD')","[30, 36]",95.2439
"('SOFT', 'MEDIUM', 'HARD')","[30, 37]",95.02037
"('SOFT', 'MEDIUM', 'HARD')","[30, 38]",94.79683
"('SOFT', 'MEDIUM', 'HARD')","[30, 39]",94.5733
"('SOFT', 'MEDIUM', 'HARD')","[30, 40]",94.34978
"('SOFT', 'MEDIUM', 'HARD')","[30, 41]",94.12624
"('SOFT', 'MEDIUM', 'HARD')","[30, 42]",93.902725
"('SOFT', 'MEDIUM', 'HARD')","[30, 43]",93.679184
"('SOFT', 'MEDIUM', 'HARD')","[30, 44]",93.45566
"('SOFT', 'MEDIUM', 'HARD')","[30, 45]",93.23214
"('SOFT', 'MEDIUM', 'HARD')","[30, 46]",93.008606
"('SOFT', 'MEDIUM', 'HARD')","[31, 32]",96.34697
"('SOFT', 'MEDIUM', 'HARD')","[31, 33]",96.12344
"('SOFT', 'MEDIUM', 'HARD')","[31, 34]",95.89992
"('SOFT', 'MEDIUM', 'HARD')","[31, 35]",95.67639
"('SOFT', 'MEDIUM', 'HARD')","[31, 36]",95.452866
"('SOFT', 'MEDIUM', 'HARD')","[31, 37]",95.22934
"('SOFT', 'MEDIUM', 'HARD')","[31, 38]",95.0058
"('SOFT', 'MEDIUM', 'HARD')","[31, 39]",94.78227
"('SOFT', 'MEDIUM', 'HARD')","[31, 40]",94.55875
"('SOFT', 'MEDIUM', 'HARD')","[31, 41]",94.33521
"('SOFT', 'MEDIUM', 'HARD')","[31, 42]",94.111694
"('SOFT', 'MEDIUM', 'HARD')","[31, 43]",93.88815
"('SOFT', 'MEDIUM', 'HARD')","[31, 44]",93.66463
"('SOFT', 'MEDIUM', 'HARD')","[31, 45]",93.44111
"('SOFT', 'MEDIUM', 'HARD')","[31, 46]",93.217575
"('SOFT', 'MEDIUM', 'HARD')","[32, 33]",96.33241
"('SOFT', 'MEDIUM', 'HARD')","[32, 34]",96.10889
"('SOFT', 'MEDIUM', 'HARD')","[32, 35]",95.88536
"('SOFT', 'MEDIUM', 'HARD')","[32, 36]",95.661835
"('SOFT', 'MEDIUM', 'HARD')","[32, 37]",95.43831
"('SOFT', 'MEDIUM', 'HARD')","[32, 38]",95.21477
"('SOFT', 'MEDIUM', 'HARD')","[32, 39]",94.99124
"('SOFT', 'MEDIUM', 'HARD')","[32, 40]",94.767715
"('SOFT', 'MEDIUM', 'HARD')","[32, 41]",94.54418
"('SOFT', 'MEDIUM', 'HARD')","[32, 42]",94.32066
"('SOFT', 'MEDIUM', 'HARD')","[32, 43]",94.09712
"('SOFT', 'MEDIUM', 'HARD')","[32, 44]",93.8736
"('SOFT', 'MEDIUM', 'HARD')","[32, 45]",93.65008
"('SOFT', 'MEDIUM', 'HARD')","[32, 46]",93.426544
"('SOFT', 'MEDIUM', 'HARD')","[33, 34]",96.317856
"('SOFT', 'MEDIUM', 'HARD')","[33, 35]",96.09433
"('SOFT', 'MEDIUM', 'HARD')","[33, 36]",95.8708
"('SOFT', 'MEDIUM', 'HARD')","[33, 37]",95.64727
"('SOFT', 'MEDIUM', 'HARD')","[33, 38]",95.42374
"('SOFT', 'MEDIUM', 'HARD')","[33, 39]",95.20021
"('SOFT', 'MEDIUM', 'HARD')","[33, 40]",94.976685
"('SOFT', 'MEDIUM', 'HARD')","[33, 41]",94.75315
"('SOFT', 'MEDIUM', 'HARD')","[33, 42]",94.52962
"('SOFT', 'MEDIUM', 'HARD')","[33, 43]",94.30609
"('SOFT', 'MEDIUM', 'HARD')","[33, 44]",94.082565
"('SOFT', 'MEDIUM', 'HARD')","[33, 45]",93.85904
"('SOFT', 'MEDIUM', 'HARD')","[33, 46]",93.63551
"('SOFT', 'MEDIUM', 'HARD')","[34, 35]",96.3033
"('SOFT', 'MEDIUM', 'HARD')","[34, 36]",96.079765
"('SOFT', 'MEDIUM', 'HARD')","[34, 37]",95.85624
"('SOFT', 'MEDIUM', 'HARD')","[34, 38]",95.632706
"('SOFT', 'MEDIUM', 'HARD')","[34, 39]",95.40918
"('SOFT', 'MEDIUM', 'HARD')","[34, 40]",95.18565
"('SOFT', 'MEDIUM', 'HARD')","[34, 41]",94.96212
"('SOFT', 'MEDIUM', 'HARD')","[34, 42]",94.73859
"('SOFT', 'MEDIUM', 'HARD')","[34, 43]",94.51506
"('SOFT', 'MEDIUM', 'HARD')","[34, 44]",94.291534
"('SOFT', 'MEDIUM', 'HARD')","[34, 45]",94.06801
"('SOFT', 'MEDIUM', 'HARD')","[34, 46]",93.84448
"('SOFT', 'MEDIUM', 'HARD')","[35, 36]",96.28874
"('SOFT', 'MEDIUM', 'HARD')","[35, 37]",96.065216
"('SOFT', 'MEDIUM', 'HARD')","[35, 38]",95.841675
"('SOFT', 'MEDIUM', 'HARD')","[35, 39]",95.61815
"('SOFT', 'MEDIUM', 'HARD')","[35, 40]",95.39462
"('SOFT', 'MEDIUM', 'HARD')","[35, 41]",95.17109
"('SOFT', 'MEDIUM', 'HARD')","[35, 42]",94.94757
"('SOFT', 'MEDIUM', 'HARD')","[35, 43]",94.72403
"('SOFT', 'MEDIUM', 'HARD')","[35, 44]",94.5005
"('SOFT', 'MEDIUM', 'HARD')","[35, 45]",94.276985
"('SOFT', 'MEDIUM', 'HARD')","[35, 46]",94.05345
"('SOFT', 'MEDIUM', 'HARD')","[36, 37]",96.274185
"('SOFT', 'MEDIUM', 'HARD')","[36, 38]",96.05066
"('SOFT', 'MEDIUM', 'HARD')","[36, 39]",95.82712
"('SOFT', 'MEDIUM', 'HARD')","[36, 40]",95.60359
"('SOFT', 'MEDIUM', 'HARD')","[36, 41]",95.380066
"('SOFT', 'MEDIUM', 'HARD')","[36, 42]",95.15654
"('SOFT', 'MEDIUM', 'HARD')","[36, 43]",94.933014
"('SOFT', 'MEDIUM', 'HARD')","[36, 44]",94.70949
"('SOFT', 'MEDIUM', 'HARD')","[36, 45]",94.485954
"('SOFT', 'MEDIUM', 'HARD')","[36, 46]",94.26243
"('SOFT', 'MEDIUM', 'HARD')","[37, 38]",96.25963
"('SOFT', 'MEDIUM', 'HARD')","[37, 39]",96.0361
"('SOFT', 'MEDIUM', 'HARD')","[37, 40]",95.81258
"('SOFT', 'MEDIUM', 'HARD')","[37, 41]",95.58904
"('SOFT', 'MEDIUM', 'HARD')","[37, 42]",95.36551
"('SOFT', 'MEDIUM', 'HARD')","[37, 43]",95.14198
"('SOFT', 'MEDIUM', 'HARD')","[37, 44]",94.91846
"('SOFT', 'MEDIUM', 'HARD')","[37, 45]",94.69493
"('SOFT', 'MEDIUM', 'HARD')","[37, 46]",94.471405
"('SOFT', 'MEDIUM', 'HARD')","[38, 39]",96.24507
"('SOFT', 'MEDIUM', 'HARD')","[38, 40]",96.021545
"('SOFT', 'MEDIUM', 'HARD')","[38, 41]",95.79801
"('SOFT', 'MEDIUM', 'HARD')","[38, 42]",95.57449
"('SOFT', 'MEDIUM', 'HARD')","[38, 43]",95.35095
"('SOFT', 'MEDIUM', 'HARD')","[38, 44]",95.127426
"('SOFT', 'MEDIUM', 'HARD')","[38, 45]",94.90391
"('SOFT', 'MEDIUM', 'HARD')","[38, 46]",94.680374
"('SOFT', 'MEDIUM', 'HARD')","[39, 40]",96.230515
"('SOFT', 'MEDIUM', 'HARD')","[39, 41]",96.00698
"('SOFT', 'MEDIUM', 'HARD')","[39, 42]",95.78346
"('SOFT', 'MEDIUM', 'HARD')","[39, 43]",95.55992
"('SOFT', 'MEDIUM', 'HARD')","[39, 44]",95.336395
"('SOFT', 'MEDIUM', 'HARD')","[39, 45]",95.11288
"('SOFT', 'MEDIUM', 'HARD')","[39, 46]",94.88934
"('SOFT', 'MEDIUM', 'HARD')","[40, 41]",96.21595
"('SOFT', 'MEDIUM', 'HARD')","[40, 42]",95.99242
"('SOFT', 'MEDIUM', 'HARD')","[40, 43]",95.76889
"('SOFT', 'MEDIUM', 'HARD')","[40, 44]",95.545364
"('SOFT', 'MEDIUM', 'HARD')","[40, 45]",95.32184
"('SOFT', 'MEDIUM', 'HARD')","[40, 46]",95.09831
"('SOFT', 'MEDIUM', 'HARD')","[41, 42]",96.2014
"('SOFT', 'MEDIUM', 'HARD')","[41, 43]",95.977875
"('SOFT', 'MEDIUM', 'HARD')","[41, 44]",95.75435
"('SOFT', 'MEDIUM', 'HARD')","[41, 45]",95.530815
"('SOFT', 'MEDIUM', 'HARD')","[41, 46]",95.30729
"('SOFT', 'MEDIUM', 'HARD')","[42, 43]",96.18683
"('SOFT', 'MEDIUM', 'HARD')","[42, 44]",95.9633
"('SOFT', 'MEDIUM', 'HARD')","[42, 45]",95.739784
"('SOFT', 'MEDIUM', 'HARD')","[42, 46]",95.51625
"('SOFT', 'MEDIUM', 'HARD')","[43, 44]",96.17227
"('SOFT', 'MEDIUM', 'HARD')","[43, 45]",95.94875
"('SOFT', 'MEDIUM', 'HARD')","[43, 46]",95.72522
"('SOFT', 'MEDIUM', 'HARD')","[44, 45]",96.15772
"('SOFT', 'MEDIUM', 'HARD')","[44, 46]",95.9342
"('SOFT', 'MEDIUM', 'HARD')","[45, 46]",96.14316
"('SOFT', 'HARD', 'SOFT')","[10, 11]",92.76304
"('SOFT', 'HARD', 'SOFT')","[10, 12]",92.8826
"('SOFT', 'HARD', 'SOFT')","[10, 13]",93.00215
"('SOFT', 'HARD', 'SOFT')","[10, 14]",93.12171
"('SOFT', 'HARD', 'SOFT')","[10, 15]",93.241264
"('SOFT', 'HARD', 'SOFT')","[10, 16]",93.360825
"('SOFT', 'HARD', 'SOFT')","[10, 17]",93.480385
"('SOFT', 'HARD', 'SOFT')","[10, 18]",93.59994
"('SOFT', 'HARD', 'SOFT')","[10, 19]",93.71949
"('SOFT', 'HARD', 'SOFT')","[10, 20]",93.83905
"('SOFT', 'HARD', 'SOFT')","[10, 21]",93.95862
"('SOFT', 'HARD', 'SOFT')","[10, 22]",94.07816
"('SOFT', 'HARD', 'SOFT')","[10, 23]",94.19772
"('SOFT', 'HARD', 'SOFT')","[10, 24]",94.317276
"('SOFT', 'HARD', 'SOFT')","[10, 25]",94.43683
"('SOFT', 'HARD', 'SOFT')","[10, 26]",94.5564
"('SOFT', 'HARD', 'SOFT')","[10, 27]",94.67595
"('SOFT', 'HARD', 'SOFT')","[10, 28]",94.7955
"('SOFT', 'HARD', 'SOFT')","[10, 29]",94.91507
"('SOFT', 'HARD', 'SOFT')","[10, 30]",95.034615
"('SOFT', 'HARD', 'SOFT')","[10, 31]",95.154175
"('SOFT', 'HARD', 'SOFT')","[10, 32]",95.27373
"('SOFT', 'HARD', 'SOFT')","[10, 33]",95.39328
"('SOFT', 'HARD', 'SOFT')","[10, 34]",95.51285
"('SOFT', 'HARD', 'SOFT')","[10, 35]",95.6324
"('SOFT', 'HARD', 'SOFT')","[10, 36]",95.75195
"('SOFT', 'HARD', 'SOFT')","[10, 37]",95.87152
"('SOFT', 'HARD', 'SOFT')","[10, 38]",95.991066
"('SOFT', 'HARD', 'SOFT')","[10, 39]",96.11063
"('SOFT', 'HARD', 'SOFT')","[10, 40]",96.230194
"('SOFT', 'HARD', 'SOFT')","[10, 41]",96.34975
"('SOFT', 'HARD', 'SOFT')","[10, 42]",96.469315
"('SOFT', 'HARD', 'SOFT')","[10, 43]",96.58887
"('SOFT', 'HARD', 'SOFT')","[10, 44]",96.708435
"('SOFT', 'HARD', 'SOFT')","[10, 45]",96.82799
"('SOFT', 'HARD', 'SOFT')","[10, 46]",96.94755
"('SOFT', 'HARD', 'SOFT')","[11, 12]",92.83304
"('SOFT', 'HARD', 'SOFT')","[11, 13]",92.9526
"('SOFT', 'HARD', 'SOFT')","[11, 14]",93.07215
"('SOFT', 'HARD', 'SOFT')","[11, 15]",93.19171
"('SOFT', 'HARD', 'SOFT')","[11, 16]",93.311264
"('SOFT', 'HARD', 'SOFT')","[11, 17]",93.430824
"('SOFT', 'HARD', 'SOFT')","[11, 18]",93.55038
"('SOFT', 'HARD', 'SOFT')","[11, 19]",93.66994
"('SOFT', 'HARD', 'SOFT')","[11, 20]",93.78949
"('SOFT', 'HARD', 'SOFT')","[11, 21]",93.90906
"('SOFT', 'HARD', 'SOFT')","[11, 22]",94.02861
"('SOFT', 'HARD', 'SOFT')","[11, 23]",94.14816
"('SOFT', 'HARD', 'SOFT')","[11, 24]",94.267715
"('SOFT', 'HARD', 'SOFT')","[11, 25]",94.38728
"('SOFT', 'HARD', 'SOFT')","[11, 26]",94.506836
"('SOFT', 'HARD', 'SOFT')","[11, 27]",94.626396
"('SOFT', 'HARD', 'SOFT')","[11, 28]",94.74596
"('SOFT', 'HARD', 'SOFT')","[11, 29]",94.86551
"('SOFT', 'HARD', 'SOFT')","[11, 30]",94.98506
"('SOFT', 'HARD', 'SOFT')","[11, 31]",95.104614
"('SOFT', 'HARD', 'SOFT')","[11, 32]",95.22417
"('SOFT', 'HARD', 'SOFT')","[11, 33]",95.343735
"('SOFT', 'HARD', 'SOFT')","[11, 34]",95.46329
"('SOFT', 'HARD', 'SOFT')","[11, 35]",95.58285
"('SOFT', 'HARD', 'SOFT')","[11, 36]",95.70241
"('SOFT', 'HARD', 'SOFT')","[11, 37]",95.82196
"('SOFT', 'HARD', 'SOFT')","[11, 38]",95.94151
"('SOFT', 'HARD', 'SOFT')","[11, 39]",96.061066
"('SOFT', 'HARD', 'SOFT')","[11, 40]",96.18063
"('SOFT', 'HARD', 'SOFT')","[11, 41]",96.30019
"('SOFT', 'HARD', 'SOFT')","[11, 42]",96.419754
"('SOFT', 'HARD', 'SOFT')","[11, 43]",96.53932
"('SOFT', 'HARD', 'SOFT')","[11, 44]",96.658875
"('SOFT', 'HARD', 'SOFT')","[11, 45]",96.778435
"('SOFT', 'HARD', 'SOFT')","[11, 46]",96.89799
"('SOFT', 'HARD', 'SOFT')","[12, 13]",92.90304
"('SOFT', 'HARD', 'SOFT')","[12, 14]",93.02259
"('SOFT', 'HARD', 'SOFT')","[12, 15]",93.14215
"('SOFT', 'HARD', 'SOFT')","[12, 16]",93.2617
"('SOFT', 'HARD', 'SOFT')","[12, 17]",93.38126
"('SOFT', 'HARD', 'SOFT')","[12, 18]",93.50082
"('SOFT', 'HARD', 'SOFT')","[12, 19]",93.62038
"('SOFT', 'HARD', 'SOFT')","[12, 20]",93.73993
"('SOFT', 'HARD', 'SOFT')","[12, 21]",93.8595
"('SOFT', 'HARD', 'SOFT')","[12, 22]",93.97905
"('SOFT', 'HARD', 'SOFT')","[12, 23]",94.0986
"('SOFT', 'HARD', 'SOFT')","[12, 24]",94.218155
"('SOFT', 'HARD', 'SOFT')","[12, 25]",94.33772
"('SOFT', 'HARD', 'SOFT')","[12, 26]",94.457275
"('SOFT', 'HARD', 'SOFT')","[12, 27]",94.576836
"('SOFT', 'HARD', 'SOFT')","[12, 28]",94.696396
"('SOFT', 'HARD', 'SOFT')","[12, 29]",94.81595
"('SOFT', 'HARD', 'SOFT')","[12, 30]",94.9355
"('SOFT', 'HARD', 'SOFT')","[12, 31]",95.05505
"('SOFT', 'HARD', 'SOFT')","[12, 32]",95.17461
"('SOFT', 'HARD', 'SOFT')","[12, 33]",95.294174
"('SOFT', 'HARD', 'SOFT')","[12, 34]",95.41373
"('SOFT', 'HARD', 'SOFT')","[12, 35]",95.53329
"('SOFT', 'HARD', 'SOFT')","[12, 36]",95.65285
"('SOFT', 'HARD', 'SOFT')","[12, 37]",95.7724
"('SOFT', 'HARD', 'SOFT')","[12, 38]",95.89195
"('SOFT', 'HARD', 'SOFT')","[12, 39]",96.011505
"('SOFT', 'HARD', 'SOFT')","[12, 40]",96.13107
"('SOFT', 'HARD', 'SOFT')","[12, 41]",96.25063
"('SOFT', 'HARD', 'SOFT')","[12, 42]",96.37019
"('SOFT', 'HARD', 'SOFT')","[12, 43]",96.48976
"('SOFT', 'HARD', 'SOFT')","[12, 44]",96.609314
"('SOFT', 'HARD', 'SOFT')","[12, 45]",96.728874
"('SOFT', 'HARD', 'SOFT')","[12, 46]",96.84843
"('SOFT', 'HARD', 'SOFT')","[13, 14]",92.97304
"('SOFT', 'HARD', 'SOFT')","[13, 15]",93.0926
"('SOFT', 'HARD', 'SOFT')","[13, 16]",93.21215
"('SOFT', 'HARD', 'SOFT')","[13, 17]",93.33171
"('SOFT', 'HARD', 'SOFT')","[13, 18]",93.45126
"('SOFT', 'HARD', 'SOFT')","[13, 19]",93.57082
"('SOFT', 'HARD', 'SOFT')","[13, 20]",93.690384
"('SOFT', 'HARD', 'SOFT')","[13, 21]",93.80994
"('SOFT', 'HARD', 'SOFT')","[13, 22]",93.9295
"('SOFT', 'HARD', 'SOFT')","[13, 23]",94.04905
"('SOFT', 'HARD', 'SOFT')","[13, 24]",94.16861
"('SOFT', 'HARD', 'SOFT')","[13, 25]",94.28816
"('SOFT', 'HARD', 'SOFT')","[13, 26]",94.40772
"('SOFT', 'HARD', 'SOFT')","[13, 27]",94.527275
"('SOFT', 'HARD', 'SOFT')","[13, 28]",94.646835
"('SOFT', 'HARD', 'SOFT')","[13, 29]",94.76639
"('SOFT', 'HARD', 'SOFT')","[13, 30]",94.88595
"('SOFT', 'HARD', 'SOFT')","[13, 31]",95.0055
"('SOFT', 'HARD', 'SOFT')","[13, 32]",95.12506
"('SOFT', 'HARD', 'SOFT')","[13, 33]",95.24461
"('SOFT', 'HARD', 'SOFT')","[13, 34]",95.364174
"('SOFT', 'HARD', 'SOFT')","[13, 35]",95.48373
"('SOFT', 'HARD', 'SOFT')","[13, 36]",95.60329
"('SOFT', 'HARD', 'SOFT')","[13, 37]",95.72284
"('SOFT', 'HARD', 'SOFT')","[13, 38]",95.8424
"('SOFT', 'HARD', 'SOFT')","[13, 39]",95.96196
"('SOFT', 'HARD', 'SOFT')","[13, 40]",96.08151
"('SOFT', 'HARD', 'SOFT')","[13, 41]",96.20108
"('SOFT', 'HARD', 'SOFT')","[13, 42]",96.32064
"('SOFT', 'HARD', 'SOFT')","[13, 43]",96.4402
"('SOFT', 'HARD', 'SOFT')","[13, 44]",96.55975
"('SOFT', 'HARD', 'SOFT')","[13, 45]",96.67931
"('SOFT', 'HARD', 'SOFT')","[13, 46]",96.798874
"('SOFT', 'HARD', 'SOFT')","[14, 15]",93.04304
"('SOFT', 'HARD', 'SOFT')","[14, 16]",93.16259
"('SOFT', 'HARD', 'SOFT')","[14, 17]",93.28215
"('SOFT', 'HARD', 'SOFT')","[14, 18]",93.4017
"('SOFT', 'HARD', 'SOFT')","[14, 19]",93.52126
"('SOFT', 'HARD', 'SOFT')","[14, 20]",93.64082
"('SOFT', 'HARD', 'SOFT')","[14, 21]",93.760376
"('SOFT', 'HARD', 'SOFT')","[14, 22]",93.87994
"('SOFT', 'HARD', 'SOFT')","[14, 23]",93.9995
"('SOFT', 'HARD', 'SOFT')","[14, 24]",94.11905
"('SOFT', 'HARD', 'SOFT')","[14, 25]",94.2386
"('SOFT', 'HARD', 'SOFT')","[14, 26]",94.35816
"('SOFT', 'HARD', 'SOFT')","[14, 27]",94.477715
"('SOFT', 'HARD', 'SOFT')","[14, 28]",94.597275
"('SOFT', 'HARD', 'SOFT')","[14, 29]",94.71683
"('SOFT', 'HARD', 'SOFT')","[14, 30]",94.83639
"('SOFT', 'HARD', 'SOFT')","[14, 31]",94.95595
"('SOFT', 'HARD', 'SOFT')","[14, 32]",95.0755
"('SOFT', 'HARD', 'SOFT')","[14, 33]",95.19505
"('SOFT', 'HARD', 'SOFT')","[14, 34]",95.31461
"('SOFT', 'HARD', 'SOFT')","[14, 35]",95.434166
"('SOFT', 'HARD', 'SOFT')","[14, 36]",95.55373
"('SOFT', 'HARD', 'SOFT')","[14, 37]",95.67328
"('SOFT', 'HARD', 'SOFT')","[14, 38]",95.79284
"('SOFT', 'HARD', 'SOFT')","[14, 39]",95.9124
"('SOFT', 'HARD', 'SOFT')","[14, 40]",96.03197
"('SOFT', 'HARD', 'SOFT')","[14, 41]",96.15152
"('SOFT', 'HARD', 'SOFT')","[14, 42]",96.27108
"('SOFT', 'HARD', 'SOFT')","[14, 43]",96.39064
"('SOFT', 'HARD', 'SOFT')","[14, 44]",96.51019
"('SOFT', 'HARD', 'SOFT')","[14, 45]",96.62975
"('SOFT', 'HARD', 'SOFT')","[14, 46]",96.74931
"('SOFT', 'HARD', 'SOFT')","[15, 16]",93.11304
"('SOFT', 'HARD', 'SOFT')","[15, 17]",93.2326
"('SOFT', 'HARD', 'SOFT')","[15, 18]",93.35215
"('SOFT', 'HARD', 'SOFT')","[15, 19]",93.47171
"('SOFT', 'HARD', 'SOFT')","[15, 20]",93.59126
"('SOFT', 'HARD', 'SOFT')","[15, 21]",93.71083
"('SOFT', 'HARD', 'SOFT')","[15, 22]",93.83038
"('SOFT', 'HARD', 'SOFT')","[15, 23]",93.949936
"('SOFT', 'HARD', 'SOFT')","[15, 24]",94.06949
"('SOFT', 'HARD', 'SOFT')","[15, 25]",94.18906
"('SOFT', 'HARD', 'SOFT')","[15, 26]",94.30861
"('SOFT', 'HARD', 'SOFT')","[15, 27]",94.42816
"('SOFT', 'HARD', 'SOFT')","[15, 28]",94.547714
"('SOFT', 'HARD', 'SOFT')","[15, 29]",94.66728
"('SOFT', 'HARD', 'SOFT')","[15, 30]",94.786835
"('SOFT', 'HARD', 'SOFT')","[15, 31]",94.90639
"('SOFT', 'HARD', 'SOFT')","[15, 32]",95.02594
"('SOFT', 'HARD', 'SOFT')","[15, 33]",95.14551
"('SOFT', 'HARD', 'SOFT')","[15, 34]",95.26506
"('SOFT', 'HARD', 'SOFT')","[15, 35]",95.38461
"('SOFT', 'HARD', 'SOFT')","[15, 36]",95.504166
"('SOFT', 'HARD', 'SOFT')","[15, 37]",95.62373
"('SOFT', 'HARD', 'SOFT')","[15, 38]",95.743286
"('SOFT', 'HARD', 'SOFT')","[15, 39]",95.86284
"('SOFT', 'HARD', 'SOFT')","[15, 40]",95.98241
"('SOFT', 'HARD', 'SOFT')","[15, 41]",96.10197
"('SOFT', 'HARD', 'SOFT')","[15, 42]",96.22153
"('SOFT', 'HARD', 'SOFT')","[15, 43]",96.34108
"('SOFT', 'HARD', 'SOFT')","[15, 44]",96.46065
"('SOFT', 'HARD', 'SOFT')","[15, 45]",96.5802
"('SOFT', 'HARD', 'SOFT')","[15, 46]",96.69976
"('SOFT', 'HARD', 'SOFT')","[16, 17]",93.18304
"('SOFT', 'HARD', 'SOFT')","[16, 18]",93.30259
"('SOFT', 'HARD', 'SOFT')","[16, 19]",93.42215
"('SOFT', 'HARD', 'SOFT')","[16, 20]",93.5417
"('SOFT', 'HARD', 'SOFT')","[16, 21]",93.66127
"('SOFT', 'HARD', 'SOFT')","[16, 22]",93.78082
"('SOFT', 'HARD', 'SOFT')","[16, 23]",93.900375
"('SOFT', 'HARD', 'SOFT')","[16, 24]",94.01993
"('SOFT', 'HARD', 'SOFT')","[16, 25]",94.139496
"('SOFT', 'HARD', 'SOFT')","[16, 26]",94.25905
"('SOFT', 'HARD', 'SOFT')","[16, 27]",94.37861
"('SOFT', 'HARD', 'SOFT')","[16, 28]",94.49817
"('SOFT', 'HARD', 'SOFT')","[16, 29]",94.61772
"('SOFT', 'HARD', 'SOFT')","[16, 30]",94.737274
"('SOFT', 'HARD', 'SOFT')","[16, 31]",94.85683
"('SOFT', 'HARD', 'SOFT')","[16, 32]",94.97638
"('SOFT', 'HARD', 'SOFT')","[16, 33]",95.09595
"('SOFT', 'HARD', 'SOFT')","[16, 34]",95.2155
"('SOFT', 'HARD', 'SOFT')","[16, 35]",95.33506
"('SOFT', 'HARD', 'SOFT')","[16, 36]",95.45462
"('SOFT', 'HARD', 'SOFT')","[16, 37]",95.57417
"('SOFT', 'HARD', 'SOFT')","[16, 38]",95.693726
"('SOFT', 'HARD', 'SOFT')","[16, 39]",95.81328
"('SOFT', 'HARD', 'SOFT')","[16, 40]",95.932846
"('SOFT', 'HARD', 'SOFT')","[16, 41]",96.05241
"('SOFT', 'HARD', 'SOFT')","[16, 42]",96.17197
"('SOFT', 'HARD', 'SOFT')","[16, 43]",96.291534
"('SOFT', 'HARD', 'SOFT')","[16, 44]",96.41109
"('SOFT', 'HARD', 'SOFT')","[16, 45]",96.53065
"('SOFT', 'HARD', 'SOFT')","[16, 46]",96.6502
"('SOFT', 'HARD', 'SOFT')","[17, 18]",93.25304
"('SOFT', 'HARD', 'SOFT')","[17, 19]",93.3726
"('SOFT', 'HARD', 'SOFT')","[17, 20]",93.49216
"('SOFT', 'HARD', 'SOFT')","[17, 21]",93.61171
"('SOFT', 'HARD', 'SOFT')","[17, 22]",93.73127
"('SOFT', 'HARD', 'SOFT')","[17, 23]",93.85082
"('SOFT', 'HARD', 'SOFT')","[17, 24]",93.97038
"('SOFT', 'HARD', 'SOFT')","[17, 25]",94.089935
"('SOFT', 'HARD', 'SOFT')","[17, 26]",94.209496
"('SOFT', 'HARD', 'SOFT')","[17, 27]",94.32905
"('SOFT', 'HARD', 'SOFT')","[17, 28]",94.44861
"('SOFT', 'HARD', 'SOFT')","[17, 29]",94.56816
"('SOFT', 'HARD', 'SOFT')","[17, 30]",94.68772
"('SOFT', 'HARD', 'SOFT')","[17, 31]",94.807274
"('SOFT', 'HARD', 'SOFT')","[17, 32]",94.926834
"('SOFT', 'HARD', 'SOFT')","[17, 33]",95.04639
"('SOFT', 'HARD', 'SOFT')","[17, 34]",95.16595
"('SOFT', 'HARD', 'SOFT')","[17, 35]",95.2855
"('SOFT', 'HARD', 'SOFT')","[17, 36]",95.40506
"('SOFT', 'HARD', 'SOFT')","[17, 37]",95.52461
"('SOFT', 'HARD', 'SOFT')","[17, 38]",95.64417
"('SOFT', 'HARD', 'SOFT')","[17, 39]",95.76373
"('SOFT', 'HARD', 'SOFT')","[17, 40]",95.883286
"('SOFT', 'HARD', 'SOFT')","[17, 41]",96.00285
"('SOFT', 'HARD', 'SOFT')","[17, 42]",96.12241
"('SOFT', 'HARD', 'SOFT')","[17, 43]",96.241974
"('SOFT', 'HARD', 'SOFT')","[17, 44]",96.36153
"('SOFT', 'HARD', 'SOFT')","[17, 45]",96.48109
"('SOFT', 'HARD', 'SOFT')","[17, 46]",96.60065
"('SOFT', 'HARD', 'SOFT')","[18, 19]",93.32304
"('SOFT', 'HARD', 'SOFT')","[18, 20]",93.4426
"('SOFT', 'HARD', 'SOFT')","[18, 21]",93.56215
"('SOFT', 'HARD', 'SOFT')","[18, 22]",93.68171
"('SOFT', 'HARD', 'SOFT')","[18, 23]",93.80127
"('SOFT', 'HARD', 'SOFT')","[18, 24]",93.92082
"('SOFT', 'HARD', 'SOFT')","[18, 25]",94.040375
"('SOFT', 'HARD', 'SOFT')","[18, 26]",94.159935
"('SOFT', 'HARD', 'SOFT')","[18, 27]",94.27949
"('SOFT', 'HARD', 'SOFT')","[18, 28]",94.39905
"('SOFT', 'HARD', 'SOFT')","[18, 29]",94.5186
"('SOFT', 'HARD', 'SOFT')","[18, 30]",94.63816
"('SOFT', 'HARD', 'SOFT')","[18, 31]",94.75772
"('SOFT', 'HARD', 'SOFT')","[18, 32]",94.87727
"('SOFT', 'HARD', 'SOFT')","[18, 33]",94.996826
"('SOFT', 'HARD', 'SOFT')","[18, 34]",95.11639
"('SOFT', 'HARD', 'SOFT')","[18, 35]",95.23594
"('SOFT', 'HARD', 'SOFT')","[18, 36]",95.3555
"('SOFT', 'HARD', 'SOFT')","[18, 37]",95.47505
"('SOFT', 'HARD', 'SOFT')","[18, 38]",95.59461
"('SOFT', 'HARD', 'SOFT')","[18, 39]",95.71417
"('SOFT', 'HARD', 'SOFT')","[18, 40]",95.83374
"('SOFT', 'HARD', 'SOFT')","[18, 41]",95.95329
"('SOFT', 'HARD', 'SOFT')","[18, 42]",96.07285
"('SOFT', 'HARD', 'SOFT')","[18, 43]",96.19241
"('SOFT', 'HARD', 'SOFT')","[18, 44]",96.311966
"('SOFT', 'HARD', 'SOFT')","[18, 45]",96.431526
"('SOFT', 'HARD', 'SOFT')","[18, 46]",96.55109
"('SOFT', 'HARD', 'SOFT')","[19, 20]",93.393036
"('SOFT', 'HARD', 'SOFT')","[19, 21]",93.5126
"('SOFT', 'HARD', 'SOFT')","[19, 22]",93.63216
"('SOFT', 'HARD', 'SOFT')","[19, 23]",93.75171
"('SOFT', 'HARD', 'SOFT')","[19, 24]",93.87126
"('SOFT', 'HARD', 'SOFT')","[19, 25]",93.99083
"('SOFT', 'HARD', 'SOFT')","[19, 26]",94.11038
"('SOFT', 'HARD', 'SOFT')","[19, 27]",94.229935
"('SOFT', 'HARD', 'SOFT')","[19, 28]",94.34949
"('SOFT', 'HARD', 'SOFT')","[19, 29]",94.469055
"('SOFT', 'HARD', 'SOFT')","[19, 30]",94.58861
"('SOFT', 'HARD', 'SOFT')","[19, 31]",94.70816
"('SOFT', 'HARD', 'SOFT')","[19, 32]",94.82771
"('SOFT', 'HARD', 'SOFT')","[19, 33]",94.94728
"('SOFT', 'HARD', 'SOFT')","[19, 34]",95.06683
"('SOFT', 'HARD', 'SOFT')","[19, 35]",95.186386
"('SOFT', 'HARD', 'SOFT')","[19, 36]",95.30594
"('SOFT', 'HARD', 'SOFT')","[19, 37]",95.42551
"('SOFT', 'HARD', 'SOFT')","[19, 38]",95.54506
"('SOFT', 'HARD', 'SOFT')","[19, 39]",95.66461
"('SOFT', 'HARD', 'SOFT')","[19, 40]",95.78418
"('SOFT', 'HARD', 'SOFT')","[19, 41]",95.90374
"('SOFT', 'HARD', 'SOFT')","[19, 42]",96.0233
"('SOFT', 'HARD', 'SOFT')","[19, 43]",96.14285
"('SOFT', 'HARD', 'SOFT')","[19, 44]",96.26242
"('SOFT', 'HARD', 'SOFT')","[19, 45]",96.38197
"('SOFT', 'HARD', 'SOFT')","[19, 46]",96.50153
"('SOFT', 'HARD', 'SOFT')","[20, 21]",93.46304
"('SOFT', 'HARD', 'SOFT')","[20, 22]",93.582596
"('SOFT', 'HARD', 'SOFT')","[20, 23]",93.70215
"('SOFT', 'HARD', 'SOFT')","[20, 24]",93.8217
"('SOFT', 'HARD', 'SOFT')","[20, 25]",93.94127
"('SOFT', 'HARD', 'SOFT')","[20, 26]",94.06082
"('SOFT', 'HARD', 'SOFT')","[20, 27]",94.18038
"('SOFT', 'HARD', 'SOFT')","[20, 28]",94.29994
"('SOFT', 'HARD', 'SOFT')","[20, 29]",94.419495
"('SOFT', 'HARD', 'SOFT')","[20, 30]",94.53905
"('SOFT', 'HARD', 'SOFT')","[20, 31]",94.6586
"('SOFT', 'HARD', 'SOFT')","[20, 32]",94.77815
"('SOFT', 'HARD', 'SOFT')","[20, 33]",94.89772
"('SOFT', 'HARD', 'SOFT')","[20, 34]",95.01727
"('SOFT', 'HARD', 'SOFT')","[20, 35]",95.13683
"('SOFT', 'HARD', 'SOFT')","[20, 36]",95.25639
"('SOFT', 'HARD', 'SOFT')","[20, 37]",95.375946
"('SOFT', 'HARD', 'SOFT')","[20, 38]",95.4955
"('SOFT', 'HARD', 'SOFT')","[20, 39]",95.61505
"('SOFT', 'HARD', 'SOFT')","[20, 40]",95.73462
"('SOFT', 'HARD', 'SOFT')","[20, 41]",95.85418
"('SOFT', 'HARD', 'SOFT')","[20, 42]",95.97374
"('SOFT', 'HARD', 'SOFT')","[20, 43]",96.09331
"('SOFT', 'HARD', 'SOFT')","[20, 44]",96.21286
"('SOFT', 'HARD', 'SOFT')","[20, 45]",96.33242
"('SOFT', 'HARD', 'SOFT')","[20, 46]",96.45197
"('SOFT', 'HARD', 'SOFT')","[21, 22]",93.53304
"('SOFT', 'HARD', 'SOFT')","[21, 23]",93.652596
"('SOFT', 'HARD', 'SOFT')","[21, 24]",93.772156
"('SOFT', 'HARD', 'SOFT')","[21, 25]",93.89171
"('SOFT', 'HARD', 'SOFT')","[21, 26]",94.01126
"('SOFT', 'HARD', 'SOFT')","[21, 27]",94.13082
"('SOFT', 'HARD', 'SOFT')","[21, 28]",94.25038
"('SOFT', 'HARD', 'SOFT')","[21, 29]",94.369934
"('SOFT', 'HARD', 'SOFT')","[21, 30]",94.489494
"('SOFT', 'HARD', 'SOFT')","[21, 31]",94.60905
"('SOFT', 'HARD', 'SOFT')","[21, 32]",94.72861
"('SOFT', 'HARD', 'SOFT')","[21, 33]",94.84816
"('SOFT', 'HARD', 'SOFT')","[21, 34]",94.96771
"('SOFT', 'HARD', 'SOFT')","[21, 35]",95.08727
"('SOFT', 'HARD', 'SOFT')","[21, 36]",95.20683
"('SOFT', 'HARD', 'SOFT')","[21, 37]",95.326385
"('SOFT', 'HARD', 'SOFT')","[21, 38]",95.445946
"('SOFT', 'HARD', 'SOFT')","[21, 39]",95.565506
"('SOFT', 'HARD', 'SOFT')","[21, 40]",95.68506
"('SOFT', 'HARD', 'SOFT')","[21, 41]",95.80463
"('SOFT', 'HARD', 'SOFT')","[21, 42]",95.92418
"('SOFT', 'HARD', 'SOFT')","[21, 43]",96.04375
"('SOFT', 'HARD', 'SOFT')","[21, 44]",96.1633
"('SOFT', 'HARD', 'SOFT')","[21, 45]",96.28286
"('SOFT', 'HARD', 'SOFT')","[21, 46]",96.40241
"('SOFT', 'HARD', 'SOFT')","[22, 23]",93.60304
"('SOFT', 'HARD', 'SOFT')","[22, 24]",93.722595
"('SOFT', 'HARD', 'SOFT')","[22, 25]",93.84215
"('SOFT', 'HARD', 'SOFT')","[22, 26]",93.96171
"('SOFT', 'HARD', 'SOFT')","[22, 27]",94.08126
"('SOFT', 'HARD', 'SOFT')","[22, 28]",94.20082
"('SOFT', 'HARD', 'SOFT')","[22, 29]",94.32037
"('SOFT', 'HARD', 'SOFT')","[22, 30]",94.43993
"('SOFT', 'HARD', 'SOFT')","[22, 31]",94.559494
"('SOFT', 'HARD', 'SOFT')","[22, 32]",94.67905
"('SOFT', 'HARD', 'SOFT')","[22, 33]",94.7986
"('SOFT', 'HARD', 'SOFT')","[22, 34]",94.91816
"('SOFT', 'HARD', 'SOFT')","[22, 35]",95.03771
"('SOFT', 'HARD', 'SOFT')","[22, 36]",95.15727
"('SOFT', 'HARD', 'SOFT')","[22, 37]",95.276825
"('SOFT', 'HARD', 'SOFT')","[22, 38]",95.396385
"('SOFT', 'HARD', 'SOFT')","[22, 39]",95.515945
"('SOFT', 'HARD', 'SOFT')","[22, 40]",95.63551
"('SOFT', 'HARD', 'SOFT')","[22, 41]",95.755066
"('SOFT', 'HARD', 'SOFT')","[22, 42]",95.874626
"('SOFT', 'HARD', 'SOFT')","[22, 43]",95.99419
"('SOFT', 'HARD', 'SOFT')","[22, 44]",96.11374
"('SOFT', 'HARD', 'SOFT')","[22, 45]",96.2333
"('SOFT', 'HARD', 'SOFT')","[22, 46]",96.35286
"('SOFT', 'HARD', 'SOFT')","[23, 24]",93.673035
"('SOFT', 'HARD', 'SOFT')","[23, 25]",93.79259
"('SOFT', 'HARD', 'SOFT')","[23, 26]",93.912155
"('SOFT', 'HARD', 'SOFT')","[23, 27]",94.03171
"('SOFT', 'HARD', 'SOFT')","[23, 28]",94.15126
"('SOFT', 'HARD', 'SOFT')","[23, 29]",94.27083
"('SOFT', 'HARD', 'SOFT')","[23, 30]",94.39037
"('SOFT', 'HARD', 'SOFT')","[23, 31]",94.50993
"('SOFT', 'HARD', 'SOFT')","[23, 32]",94.629486
"('SOFT', 'HARD', 'SOFT')","[23, 33]",94.74904
"('SOFT', 'HARD', 'SOFT')","[23, 34]",94.86861
"('SOFT', 'HARD', 'SOFT')","[23, 35]",94.98816
"('SOFT', 'HARD', 'SOFT')","[23, 36]",95.10771
"('SOFT', 'HARD', 'SOFT')","[23, 37]",95.22728
"('SOFT', 'HARD', 'SOFT')","[23, 38]",95.346825
"('SOFT', 'HARD', 'SOFT')","[23, 39]",95.466385
"('SOFT', 'HARD', 'SOFT')","[23, 40]",95.58595
"('SOFT', 'HARD', 'SOFT')","[23, 41]",95.705505
"('SOFT', 'HARD', 'SOFT')","[23, 42]",95.82507
"('SOFT', 'HARD', 'SOFT')","[23, 43]",95.944626
"('SOFT', 'HARD', 'SOFT')","[23, 44]",96.06419
"('SOFT', 'HARD', 'SOFT')","[23, 45]",96.18375
"('SOFT', 'HARD', 'SOFT')","[23, 46]",96.30331
"('SOFT', 'HARD', 'SOFT')","[24, 25]",93.74304
"('SOFT', 'HARD', 'SOFT')","[24, 26]",93.862595
"('SOFT', 'HARD', 'SOFT')","[24, 27]",93.982155
"('SOFT', 'HARD', 'SOFT')","[24, 28]",94.101715
"('SOFT', 'HARD', 'SOFT')","[24, 29]",94.22127
"('SOFT', 'HARD', 'SOFT')","[24, 30]",94.34082
"('SOFT', 'HARD', 'SOFT')","[24, 31]",94.46037
"('SOFT', 'HARD', 'SOFT')","[24, 32]",94.579926
"('SOFT', 'HARD', 'SOFT')","[24, 33]",94.69949
"('SOFT', 'HARD', 'SOFT')","[24, 34]",94.819046
"('SOFT', 'HARD', 'SOFT')","[24, 35]",94.93861
"('SOFT', 'HARD', 'SOFT')","[24, 36]",95.05817
"('SOFT', 'HARD', 'SOFT')","[24, 37]",95.17772
"('SOFT', 'HARD', 'SOFT')","[24, 38]",95.29727
"('SOFT', 'HARD', 'SOFT')","[24, 39]",95.416824
"('SOFT', 'HARD', 'SOFT')","[24, 40]",95.53639
"('SOFT', 'HARD', 'SOFT')","[24, 41]",95.65595
"('SOFT', 'HARD', 'SOFT')","[24, 42]",95.77551
"('SOFT', 'HARD', 'SOFT')","[24, 43]",95.89508
"('SOFT', 'HARD', 'SOFT')","[24, 44]",96.01463
"('SOFT', 'HARD', 'SOFT')","[24, 45]",96.13419
"('SOFT', 'HARD', 'SOFT')","[24, 46]",96.253746
"('SOFT', 'HARD', 'SOFT')","[25, 26]",93.813034
"('SOFT', 'HARD', 'SOFT')","[25, 27]",93.932594
"('SOFT', 'HARD', 'SOFT')","[25, 28]",94.052155
"('SOFT', 'HARD', 'SOFT')","[25, 29]",94.17171
"('SOFT', 'HARD', 'SOFT')","[25, 30]",94.29127
"('SOFT', 'HARD', 'SOFT')","[25, 31]",94.41082
"('SOFT', 'HARD', 'SOFT')","[25, 32]",94.53038
"('SOFT', 'HARD', 'SOFT')","[25, 33]",94.64993
"('SOFT', 'HARD', 'SOFT')","[25, 34]",94.769485
"('SOFT', 'HARD', 'SOFT')","[25, 35]",94.889046
"('SOFT', 'HARD', 'SOFT')","[25, 36]",95.008606
"('SOFT', 'HARD', 'SOFT')","[25, 37]",95.12816
"('SOFT', 'HARD', 'SOFT')","[25, 38]",95.24772
"('SOFT', 'HARD', 'SOFT')","[25, 39]",95.36728
"('SOFT', 'HARD', 'SOFT')","[25, 40]",95.48683
"('SOFT', 'HARD', 'SOFT')","[25, 41]",95.6064
"('SOFT', 'HARD', 'SOFT')","[25, 42]",95.72595
"('SOFT', 'HARD', 'SOFT')","[25, 43]",95.84552
"('SOFT', 'HARD', 'SOFT')","[25, 44]",95.96507
"('SOFT', 'HARD', 'SOFT')","[25, 45]",96.08463
"('SOFT', 'HARD', 'SOFT')","[25, 46]",96.204185
"('SOFT', 'HARD', 'SOFT')","[26, 27]",93.88303
"('SOFT', 'HARD', 'SOFT')","[26, 28]",94.002594
"('SOFT', 'HARD', 'SOFT')","[26, 29]",94.12215
"('SOFT', 'HARD', 'SOFT')","[26, 30]",94.24171
"('SOFT', 'HARD', 'SOFT')","[26, 31]",94.36127
"('SOFT', 'HARD', 'SOFT')","[26, 32]",94.48082
"('SOFT', 'HARD', 'SOFT')","[26, 33]",94.60037
"('SOFT', 'HARD', 'SOFT')","[26, 34]",94.71993
"('SOFT', 'HARD', 'SOFT')","[26, 35]",94.839485
"('SOFT', 'HARD', 'SOFT')","[26, 36]",94.959045
"('SOFT', 'HARD', 'SOFT')","[26, 37]",95.0786
"('SOFT', 'HARD', 'SOFT')","[26, 38]",95.19816
"('SOFT', 'HARD', 'SOFT')","[26, 39]",95.31772
"('SOFT', 'HARD', 'SOFT')","[26, 40]",95.43729
"('SOFT', 'HARD', 'SOFT')","[26, 41]",95.55684
"('SOFT', 'HARD', 'SOFT')","[26, 42]",95.6764
"('SOFT', 'HARD', 'SOFT')","[26, 43]",95.79596
"('SOFT', 'HARD', 'SOFT')","[26, 44]",95.91551
"('SOFT', 'HARD', 'SOFT')","[26, 45]",96.03507
"('SOFT', 'HARD', 'SOFT')","[26, 46]",96.15463
"('SOFT', 'HARD', 'SOFT')","[27, 28]",93.95303
"('SOFT', 'HARD', 'SOFT')","[27, 29]",94.0726
"('SOFT', 'HARD', 'SOFT')","[27, 30]",94.19215
"('SOFT', 'HARD', 'SOFT')","[27, 31]",94.31171
"('SOFT', 'HARD', 'SOFT')","[27, 32]",94.43126
"('SOFT', 'HARD', 'SOFT')","[27, 33]",94.55081
"('SOFT', 'HARD', 'SOFT')","[27, 34]",94.67038
"('SOFT', 'HARD', 'SOFT')","[27, 35]",94.78993
"('SOFT', 'HARD', 'SOFT')","[27, 36]",94.909485
"('SOFT', 'HARD', 'SOFT')","[27, 37]",95.02905
"('SOFT', 'HARD', 'SOFT')","[27, 38]",95.1486
"('SOFT', 'HARD', 'SOFT')","[27, 39]",95.26816
"('SOFT', 'HARD', 'SOFT')","[27, 40]",95.387726
"('SOFT', 'HARD', 'SOFT')","[27, 41]",95.50728
"('SOFT', 'HARD', 'SOFT')","[27, 42]",95.62685
"('SOFT', 'HARD', 'SOFT')","[27, 43]",95.7464
"('SOFT', 'HARD', 'SOFT')","[27, 44]",95.86597
"('SOFT', 'HARD', 'SOFT')","[27, 45]",95.98552
"('SOFT', 'HARD', 'SOFT')","[27, 46]",96.10508
"('SOFT', 'HARD', 'SOFT')","[28, 29]",94.02304
"('SOFT', 'HARD', 'SOFT')","[28, 30]",94.14259
"('SOFT', 'HARD', 'SOFT')","[28, 31]",94.262146
"('SOFT', 'HARD', 'SOFT')","[28, 32]",94.3817
"('SOFT', 'HARD', 'SOFT')","[28, 33]",94.50127
"('SOFT', 'HARD', 'SOFT')","[28, 34]",94.62082
"('SOFT', 'HARD', 'SOFT')","[28, 35]",94.74038
"('SOFT', 'HARD', 'SOFT')","[28, 36]",94.85994
"('SOFT', 'HARD', 'SOFT')","[28, 37]",94.97949
"('SOFT', 'HARD', 'SOFT')","[28, 38]",95.099045
"('SOFT', 'HARD', 'SOFT')","[28, 39]",95.2186
"('SOFT', 'HARD', 'SOFT')","[28, 40]",95.338165
"('SOFT', 'HARD', 'SOFT')","[28, 41]",95.457726
"('SOFT', 'HARD', 'SOFT')","[28, 42]",95.577286
"('SOFT', 'HARD', 'SOFT')","[28, 43]",95.69685
"('SOFT', 'HARD', 'SOFT')","[28, 44]",95.81641
"('SOFT', 'HARD', 'SOFT')","[28, 45]",95.93597
"('SOFT', 'HARD', 'SOFT')","[28, 46]",96.05552
"('SOFT', 'HARD', 'SOFT')","[29, 30]",94.09304
"('SOFT', 'HARD', 'SOFT')","[29, 31]",94.21259
"('SOFT', 'HARD', 'SOFT')","[29, 32]",94.33215
"('SOFT', 'HARD', 'SOFT')","[29, 33]",94.451706
"('SOFT', 'HARD', 'SOFT')","[29, 34]",94.57126
"('SOFT', 'HARD', 'SOFT')","[29, 35]",94.69082
"('SOFT', 'HARD', 'SOFT')","[29, 36]",94.81038
"('SOFT', 'HARD', 'SOFT')","[29, 37]",94.92993
"('SOFT', 'HARD', 'SOFT')","[29, 38]",95.04949
"('SOFT', 'HARD', 'SOFT')","[29, 39]",95.16905
"('SOFT', 'HARD', 'SOFT')","[29, 40]",95.288605
"('SOFT', 'HARD', 'SOFT')","[29, 41]",95.40817
"('SOFT', 'HARD', 'SOFT')","[29, 42]",95.527725
"('SOFT', 'HARD', 'SOFT')","[29, 43]",95.64729
"('SOFT', 'HARD', 'SOFT')","[29, 44]",95.766846
"('SOFT', 'HARD', 'SOFT')","[29, 45]",95.886406
"('SOFT', 'HARD', 'SOFT')","[29, 46]",96.00596
"('SOFT', 'HARD', 'SOFT')","[30, 31]",94.16304
"('SOFT', 'HARD', 'SOFT')","[30, 32]",94.28259
"('SOFT', 'HARD', 'SOFT')","[30, 33]",94.402145
"('SOFT', 'HARD', 'SOFT')","[30, 34]",94.521706
"('SOFT', 'HARD', 'SOFT')","[30, 35]",94.64126
"('SOFT', 'HARD', 'SOFT')","[30, 36]",94.76082
"('SOFT', 'HARD', 'SOFT')","[30, 37]",94.88037
"('SOFT', 'HARD', 'SOFT')","[30, 38]",94.99993
"('SOFT', 'HARD', 'SOFT')","[30, 39]",95.11949
"('SOFT', 'HARD', 'SOFT')","[30, 40]",95.23906
"('SOFT', 'HARD', 'SOFT')","[30, 41]",95.35861
"('SOFT', 'HARD', 'SOFT')","[30, 42]",95.47817
"('SOFT', 'HARD', 'SOFT')","[30, 43]",95.59773
"('SOFT', 'HARD', 'SOFT')","[30, 44]",95.717285
"('SOFT', 'HARD', 'SOFT')","[30, 45]",95.836845
"('SOFT', 'HARD', 'SOFT')","[30, 46]",95.956406
"('SOFT', 'HARD', 'SOFT')","[31, 32]",94.23303
"('SOFT', 'HARD', 'SOFT')","[31, 33]",94.352585
"('SOFT', 'HARD', 'SOFT')","[31, 34]",94.47215
"('SOFT', 'HARD', 'SOFT')","[31, 35]",94.591705
"('SOFT', 'HARD', 'SOFT')","[31, 36]",94.71126
"('SOFT', 'HARD', 'SOFT')","[31, 37]",94.830826
"('SOFT', 'HARD', 'SOFT')","[31, 38]",94.95037
"('SOFT', 'HARD', 'SOFT')","[31, 39]",95.06993
"('SOFT', 'HARD', 'SOFT')","[31, 40]",95.1895
"('SOFT', 'HARD', 'SOFT')","[31, 41]",95.30905
"('SOFT', 'HARD', 'SOFT')","[31, 42]",95.42862
"('SOFT', 'HARD', 'SOFT')","[31, 43]",95.54817
"('SOFT', 'HARD', 'SOFT')","[31, 44]",95.66774
"('SOFT', 'HARD', 'SOFT')","[31, 45]",95.78729
"('SOFT', 'HARD', 'SOFT')","[31, 46]",95.90685
"('SOFT', 'HARD', 'SOFT')","[32, 33]",94.30304
"('SOFT', 'HARD', 'SOFT')","[32, 34]",94.42259
"('SOFT', 'HARD', 'SOFT')","[32, 35]",94.54215
"('SOFT', 'HARD', 'SOFT')","[32, 36]",94.66171
"('SOFT', 'HARD', 'SOFT')","[32, 37]",94.781265
"('SOFT', 'HARD', 'SOFT')","[32, 38]",94.90082
"('SOFT', 'HARD', 'SOFT')","[32, 39]",95.02037
"('SOFT', 'HARD', 'SOFT')","[32, 40]",95.13994
"('SOFT', 'HARD', 'SOFT')","[32, 41]",95.2595
"('SOFT', 'HARD', 'SOFT')","[32, 42]",95.37906
"('SOFT', 'HARD', 'SOFT')","[32, 43]",95.49863
"('SOFT', 'HARD', 'SOFT')","[32, 44]",95.61818
"('SOFT', 'HARD', 'SOFT')","[32, 45]",95.73774
"('SOFT', 'HARD', 'SOFT')","[32, 46]",95.85729
"('SOFT', 'HARD', 'SOFT')","[33, 34]",94.37303
"('SOFT', 'HARD', 'SOFT')","[33, 35]",94.49259
"('SOFT', 'HARD', 'SOFT')","[33, 36]",94.61215
"('SOFT', 'HARD', 'SOFT')","[33, 37]",94.731705
"('SOFT', 'HARD', 'SOFT')","[33, 38]",94.85126
"('SOFT', 'HARD', 'SOFT')","[33, 39]",94.97081
"('SOFT', 'HARD', 'SOFT')","[33, 40]",95.09038
"('SOFT', 'HARD', 'SOFT')","[33, 41]",95.20994
"('SOFT', 'HARD', 'SOFT')","[33, 42]",95.3295
"('SOFT', 'HARD', 'SOFT')","[33, 43]",95.449066
"('SOFT', 'HARD', 'SOFT')","[33, 44]",95.56862
"('SOFT', 'HARD', 'SOFT')","[33, 45]",95.68818
"('SOFT', 'HARD', 'SOFT')","[33, 46]",95.80773
"('SOFT', 'HARD', 'SOFT')","[34, 35]",94.44303
"('SOFT', 'HARD', 'SOFT')","[34, 36]",94.56259
"('SOFT', 'HARD', 'SOFT')","[34, 37]",94.682144
"('SOFT', 'HARD', 'SOFT')","[34, 38]",94.801704
"('SOFT', 'HARD', 'SOFT')","[34, 39]",94.921265
"('SOFT', 'HARD', 'SOFT')","[34, 40]",95.04082
"('SOFT', 'HARD', 'SOFT')","[34, 41]",95.160385
"('SOFT', 'HARD', 'SOFT')","[34, 42]",95.27994
"('SOFT', 'HARD', 'SOFT')","[34, 43]",95.399506
"('SOFT', 'HARD', 'SOFT')","[34, 44]",95.51906
"('SOFT', 'HARD', 'SOFT')","[34, 45]",95.63862
"('SOFT', 'HARD', 'SOFT')","[34, 46]",95.75817
"('SOFT', 'HARD', 'SOFT')","[35, 36]",94.51303
"('SOFT', 'HARD', 'SOFT')","[35, 37]",94.6326
"('SOFT', 'HARD', 'SOFT')","[35, 38]",94.752144
"('SOFT', 'HARD', 'SOFT')","[35, 39]",94.871704
"('SOFT', 'HARD', 'SOFT')","[35, 40]",94.99127
"('SOFT', 'HARD', 'SOFT')","[35, 41]",95.110825
"('SOFT', 'HARD', 'SOFT')","[35, 42]",95.23039
"('SOFT', 'HARD', 'SOFT')","[35, 43]",95.349945
"('SOFT', 'HARD', 'SOFT')","[35, 44]",95.46951
"('SOFT', 'HARD', 'SOFT')","[35, 45]",95.589066
"('SOFT', 'HARD', 'SOFT')","[35, 46]",95.708626
"('SOFT', 'HARD', 'SOFT')","[36, 37]",94.58304
"('SOFT', 'HARD', 'SOFT')","[36, 38]",94.70259
"('SOFT', 'HARD', 'SOFT')","[36, 39]",94.82214
"('SOFT', 'HARD', 'SOFT')","[36, 40]",94.94171
"('SOFT', 'HARD', 'SOFT')","[36, 41]",95.06127
"('SOFT', 'HARD', 'SOFT')","[36, 42]",95.18083
"('SOFT', 'HARD', 'SOFT')","[36, 43]",95.3004
"('SOFT', 'HARD', 'SOFT')","[36, 44]",95.41995
"('SOFT', 'HARD', 'SOFT')","[36, 45]",95.53951
"('SOFT', 'HARD', 'SOFT')","[36, 46]",95.659065
"('SOFT', 'HARD', 'SOFT')","[37, 38]",94.65304
"('SOFT', 'HARD', 'SOFT')","[37, 39]",94.7726
"('SOFT', 'HARD', 'SOFT')","[37, 40]",94.892166
"('SOFT', 'HARD', 'SOFT')","[37, 41]",95.01172
"('SOFT', 'HARD', 'SOFT')","[37, 42]",95.13128
"('SOFT', 'HARD', 'SOFT')","[37, 43]",95.25084
"('SOFT', 'HARD', 'SOFT')","[37, 44]",95.37039
"('SOFT', 'HARD', 'SOFT')","[37, 45]",95.48995
"('SOFT', 'HARD', 'SOFT')","[37, 46]",95.60951
"('SOFT', 'HARD', 'SOFT')","[38, 39]",94.72304
"('SOFT', 'HARD', 'SOFT')","[38, 40]",94.842606
"('SOFT', 'HARD', 'SOFT')","[38, 41]",94.96216
"('SOFT', 'HARD', 'SOFT')","[38, 42]",95.081726
"('SOFT', 'HARD', 'SOFT')","[38, 43]",95.20128
"('SOFT', 'HARD', 'SOFT')","[38, 44]",95.32085
"('SOFT', 'HARD', 'SOFT')","[38, 45]",95.4404
"('SOFT', 'HARD', 'SOFT')","[38, 46]",95.55996
"('SOFT', 'HARD', 'SOFT')","[39, 40]",94.793045
"('SOFT', 'HARD', 'SOFT')","[39, 41]",94.9126
"('SOFT', 'HARD', 'SOFT')","[39, 42]",95.032166
"('SOFT', 'HARD', 'SOFT')","[39, 43]",95.15172
"('SOFT', 'HARD', 'SOFT')","[39, 44]",95.271286
"('SOFT', 'HARD', 'SOFT')","[39, 45]",95.39084
"('SOFT', 'HARD', 'SOFT')","[39, 46]",95.5104
"('SOFT', 'HARD', 'SOFT')","[40, 41]",94.86304
"('SOFT', 'HARD', 'SOFT')","[40, 42]",94.9826
"('SOFT', 'HARD', 'SOFT')","[40, 43]",95.10216
"('SOFT', 'HARD', 'SOFT')","[40, 44]",95.22171
"('SOFT', 'HARD', 'SOFT')","[40, 45]",95.34127
"('SOFT', 'HARD', 'SOFT')","[40, 46]",95.46083
"('SOFT', 'HARD', 'SOFT')","[41, 42]",94.933044
"('SOFT', 'HARD', 'SOFT')","[41, 43]",95.05261
"('SOFT', 'HARD', 'SOFT')","[41, 44]",95.172165
"('SOFT', 'HARD', 'SOFT')","[41, 45]",95.291725
"('SOFT', 'HARD', 'SOFT')","[41, 46]",95.41128
"('SOFT', 'HARD', 'SOFT')","[42, 43]",95.00304
"('SOFT', 'HARD', 'SOFT')","[42, 44]",95.122604
"('SOFT', 'HARD', 'SOFT')","[42, 45]",95.24216
"('SOFT', 'HARD', 'SOFT')","[42, 46]",95.36172
"('SOFT', 'HARD', 'SOFT')","[43, 44]",95.073044
"('SOFT', 'HARD', 'SOFT')","[43, 45]",95.1926
"('SOFT', 'HARD', 'SOFT')","[43, 46]",95.31216
"('SOFT', 'HARD', 'SOFT')","[44, 45]",95.14304
"('SOFT', 'HARD', 'SOFT')","[44, 46]",95.262596
"('SOFT', 'HARD', 'SOFT')","[45, 46]",95.213036
"('SOFT', 'HARD', 'MEDIUM')","[10, 11]",84.76044
"('SOFT', 'HARD', 'MEDIUM')","[10, 12]",85.05396
"('SOFT', 'HARD', 'MEDIUM')","[10, 13]",85.34749
"('SOFT', 'HARD', 'MEDIUM')","[10, 14]",85.64102
"('SOFT', 'HARD', 'MEDIUM')","[10, 15]",85.93454
"('SOFT', 'HARD', 'MEDIUM')","[10, 16]",86.22807
"('SOFT', 'HARD', 'MEDIUM')","[10, 17]",86.5216
"('SOFT', 'HARD', 'MEDIUM')","[10, 18]",86.815125
"('SOFT', 'HARD', 'MEDIUM')","[10, 19]",87.10864
"('SOFT', 'HARD', 'MEDIUM')","[10, 20]",87.402176
"('SOFT', 'HARD', 'MEDIUM')","[10, 21]",87.69571
"('SOFT', 'HARD', 'MEDIUM')","[10, 22]",87.98923
"('SOFT', 'HARD', 'MEDIUM')","[10, 23]",88.28276
"('SOFT', 'HARD', 'MEDIUM')","[10, 24]",88.57628
"('SOFT', 'HARD', 'MEDIUM')","[10, 25]",88.869804
"('SOFT', 'HARD', 'MEDIUM')","[10, 26]",89.16334
"('SOFT', 'HARD', 'MEDIUM')","[10, 27]",89.45686
"('SOFT', 'HARD', 'MEDIUM')","[10, 28]",89.75038
"('SOFT', 'HARD', 'MEDIUM')","[10, 29]",90.043915
"('SOFT', 'HARD', 'MEDIUM')","[10, 30]",90.33743
"('SOFT', 'HARD', 'MEDIUM')","[10, 31]",90.63097
"('SOFT', 'HARD', 'MEDIUM')","[10, 32]",90.924484
"('SOFT', 'HARD', 'MEDIUM')","[10, 33]",91.21801
"('SOFT', 'HARD', 'MEDIUM')","[10, 34]",91.51154
"('SOFT', 'HARD', 'MEDIUM')","[10, 35]",91.80507
"('SOFT', 'HARD', 'MEDIUM')","[10, 36]",92.098595
"('SOFT', 'HARD', 'MEDIUM')","[10, 37]",92.39213
"('SOFT', 'HARD', 'MEDIUM')","[10, 38]",92.68565
"('SOFT', 'HARD', 'MEDIUM')","[10, 39]",92.97919
"('SOFT', 'HARD', 'MEDIUM')","[10, 40]",93.27271
"('SOFT', 'HARD', 'MEDIUM')","[10, 41]",93.56624
"('SOFT', 'HARD', 'MEDIUM')","[10, 42]",93.85977
"('SOFT', 'HARD', 'MEDIUM')","[10, 43]",94.153305
"('SOFT', 'HARD', 'MEDIUM')","[10, 44]",94.44683
"('SOFT', 'HARD', 'MEDIUM')","[10, 45]",94.74036
"('SOFT', 'HARD', 'MEDIUM')","[10, 46]",95.03389
"('SOFT', 'HARD', 'MEDIUM')","[11, 12]",85.00441
"('SOFT', 'HARD', 'MEDIUM')","[11, 13]",85.297935
"('SOFT', 'HARD', 'MEDIUM')","[11, 14]",85.59146
"('SOFT', 'HARD', 'MEDIUM')","[11, 15]",85.88499
"('SOFT', 'HARD', 'MEDIUM')","[11, 16]",86.17851
"('SOFT', 'HARD', 'MEDIUM')","[11, 17]",86.47204
"('SOFT', 'HARD', 'MEDIUM')","[11, 18]",86.765564
"('SOFT', 'HARD', 'MEDIUM')","[11, 19]",87.0591
"('SOFT', 'HARD', 'MEDIUM')","[11, 20]",87.352615
"('SOFT', 'HARD', 'MEDIUM')","[11, 21]",87.64615
"('SOFT', 'HARD', 'MEDIUM')","[11, 22]",87.939674
"('SOFT', 'HARD', 'MEDIUM')","[11, 23]",88.2332
"('SOFT', 'HARD', 'MEDIUM')","[11, 24]",88.52672
"('SOFT', 'HARD', 'MEDIUM')","[11, 25]",88.82025
"('SOFT', 'HARD', 'MEDIUM')","[11, 26]",89.11378
"('SOFT', 'HARD', 'MEDIUM')","[11, 27]",89.4073
"('SOFT', 'HARD', 'MEDIUM')","[11, 28]",89.700836
"('SOFT', 'HARD', 'MEDIUM')","[11, 29]",89.994354
"('SOFT', 'HARD', 'MEDIUM')","[11, 30]",90.28788
"('SOFT', 'HARD', 'MEDIUM')","[11, 31]",90.581406
"('SOFT', 'HARD', 'MEDIUM')","[11, 32]",90.87492
"('SOFT', 'HARD', 'MEDIUM')","[11, 33]",91.16846
"('SOFT', 'HARD', 'MEDIUM')","[11, 34]",91.46198
"('SOFT', 'HARD', 'MEDIUM')","[11, 35]",91.75551
"('SOFT', 'HARD', 'MEDIUM')","[11, 36]",92.04904
"('SOFT', 'HARD', 'MEDIUM')","[11, 37]",92.34257
"('SOFT', 'HARD', 'MEDIUM')","[11, 38]",92.63609
"('SOFT', 'HARD', 'MEDIUM')","[11, 39]",92.92963
"('SOFT', 'HARD', 'MEDIUM')","[11, 40]",93.22315
"('SOFT', 'HARD', 'MEDIUM')","[11, 41]",93.516685
"('SOFT', 'HARD', 'MEDIUM')","[11, 42]",93.81021
"('SOFT', 'HARD', 'MEDIUM')","[11, 43]",94.103745
"('SOFT', 'HARD', 'MEDIUM')","[11, 44]",94.39728
"('SOFT', 'HARD', 'MEDIUM')","[11, 45]",94.6908
"('SOFT', 'HARD', 'MEDIUM')","[11, 46]",94.98433
"('SOFT', 'HARD', 'MEDIUM')","[12, 13]",85.248375
"('SOFT', 'HARD', 'MEDIUM')","[12, 14]",85.5419
"('SOFT', 'HARD', 'MEDIUM')","[12, 15]",85.83543
"('SOFT', 'HARD', 'MEDIUM')","[12, 16]",86.12895
"('SOFT', 'HARD', 'MEDIUM')","[12, 17]",86.42248
"('SOFT', 'HARD', 'MEDIUM')","[12, 18]",86.716
"('SOFT', 'HARD', 'MEDIUM')","[12, 19]",87.00954
"('SOFT', 'HARD', 'MEDIUM')","[12, 20]",87.303055
"('SOFT', 'HARD', 'MEDIUM')","[12, 21]",87.59659
"('SOFT', 'HARD', 'MEDIUM')","[12, 22]",87.890114
"('SOFT', 'HARD', 'MEDIUM')","[12, 23]",88.18364
"('SOFT', 'HARD', 'MEDIUM')","[12, 24]",88.47716
"('SOFT', 'HARD', 'MEDIUM')","[12, 25]",88.77069
"('SOFT', 'HARD', 'MEDIUM')","[12, 26]",89.06422
"('SOFT', 'HARD', 'MEDIUM')","[12, 27]",89.35774
"('SOFT', 'HARD', 'MEDIUM')","[12, 28]",89.651276
"('SOFT', 'HARD', 'MEDIUM')","[12, 29]",89.94479
"('SOFT', 'HARD', 'MEDIUM')","[12, 30]",90.23832
"('SOFT', 'HARD', 'MEDIUM')","[12, 31]",90.531845
"('SOFT', 'HARD', 'MEDIUM')","[12, 32]",90.82536
"('SOFT', 'HARD', 'MEDIUM')","[12, 33]",91.1189
"('SOFT', 'HARD', 'MEDIUM')","[12, 34]",91.41242
"('SOFT', 'HARD', 'MEDIUM')","[12, 35]",91.70595
"('SOFT', 'HARD', 'MEDIUM')","[12, 36]",91.99948
"('SOFT', 'HARD', 'MEDIUM')","[12, 37]",92.29301
"('SOFT', 'HARD', 'MEDIUM')","[12, 38]",92.58653
"('SOFT', 'HARD', 'MEDIUM')","[12, 39]",92.880066
"('SOFT', 'HARD', 'MEDIUM')","[12, 40]",93.17359
"('SOFT', 'HARD', 'MEDIUM')","[12, 41]",93.467125
"('SOFT', 'HARD', 'MEDIUM')","[12, 42]",93.76065
"('SOFT', 'HARD', 'MEDIUM')","[12, 43]",94.054184
"('SOFT', 'HARD', 'MEDIUM')","[12, 44]",94.34772
"('SOFT', 'HARD', 'MEDIUM')","[12, 45]",94.64124
"('SOFT', 'HARD', 'MEDIUM')","[12, 46]",94.93477
"('SOFT', 'HARD', 'MEDIUM')","[13, 14]",85.49234
"('SOFT', 'HARD', 'MEDIUM')","[13, 15]",85.78587
"('SOFT', 'HARD', 'MEDIUM')","[13, 16]",86.07939
"('SOFT', 'HARD', 'MEDIUM')","[13, 17]",86.372925
"('SOFT', 'HARD', 'MEDIUM')","[13, 18]",86.66645
"('SOFT', 'HARD', 'MEDIUM')","[13, 19]",86.95998
"('SOFT', 'HARD', 'MEDIUM')","[13, 20]",87.25351
"('SOFT', 'HARD', 'MEDIUM')","[13, 21]",87.547035
"('SOFT', 'HARD', 'MEDIUM')","[13, 22]",87.84056
"('SOFT', 'HARD', 'MEDIUM')","[13, 23]",88.13408
"('SOFT', 'HARD', 'MEDIUM')","[13, 24]",88.42761
"('SOFT', 'HARD', 'MEDIUM')","[13, 25]",88.72114
"('SOFT', 'HARD', 'MEDIUM')","[13, 26]",89.01466
"('SOFT', 'HARD', 'MEDIUM')","[13, 27]",89.30818
"('SOFT', 'HARD', 'MEDIUM')","[13, 28]",89.601715
"('SOFT', 'HARD', 'MEDIUM')","[13, 29]",89.89524
"('SOFT', 'HARD', 'MEDIUM')","[13, 30]",90.18877
"('SOFT', 'HARD', 'MEDIUM')","[13, 31]",90.482285
"('SOFT', 'HARD', 'MEDIUM')","[13, 32]",90.77582
"('SOFT', 'HARD', 'MEDIUM')","[13, 33]",91.06934
"('SOFT', 'HARD', 'MEDIUM')","[13, 34]",91.36287
"('SOFT', 'HARD', 'MEDIUM')","[13, 35]",91.65639
"('SOFT', 'HARD', 'MEDIUM')","[13, 36]",91.94992
"('SOFT', 'HARD', 'MEDIUM')","[13, 37]",92.243454
"('SOFT', 'HARD', 'MEDIUM')","[13, 38]",92.53699
"('SOFT', 'HARD', 'MEDIUM')","[13, 39]",92.830505
"('SOFT', 'HARD', 'MEDIUM')","[13, 40]",93.12404
"('SOFT', 'HARD', 'MEDIUM')","[13, 41]",93.41757
"('SOFT', 'HARD', 'MEDIUM')","[13, 42]",93.711105
"('SOFT', 'HARD', 'MEDIUM')","[13, 43]",94.00462
"('SOFT', 'HARD', 'MEDIUM')","[13, 44]",94.29816
"('SOFT', 'HARD', 'MEDIUM')","[13, 45]",94.59168
"('SOFT', 'HARD', 'MEDIUM')","[13, 46]",94.88521
"('SOFT', 'HARD', 'MEDIUM')","[14, 15]",85.73631
"('SOFT', 'HARD', 'MEDIUM')","[14, 16]",86.02983
"('SOFT', 'HARD', 'MEDIUM')","[14, 17]",86.323364
"('SOFT', 'HARD', 'MEDIUM')","[14, 18]",86.61689
"('SOFT', 'HARD', 'MEDIUM')","[14, 19]",86.910416
"('SOFT', 'HARD', 'MEDIUM')","[14, 20]",87.20395
"('SOFT', 'HARD', 'MEDIUM')","[14, 21]",87.497475
"('SOFT', 'HARD', 'MEDIUM')","[14, 22]",87.791
"('SOFT', 'HARD', 'MEDIUM')","[14, 23]",88.08453
"('SOFT', 'HARD', 'MEDIUM')","[14, 24]",88.37805
"('SOFT', 'HARD', 'MEDIUM')","[14, 25]",88.67158
"('SOFT', 'HARD', 'MEDIUM')","[14, 26]",88.9651
"('SOFT', 'HARD', 'MEDIUM')","[14, 27]",89.25862
"('SOFT', 'HARD', 'MEDIUM')","[14, 28]",89.552155
"('SOFT', 'HARD', 'MEDIUM')","[14, 29]",89.84568
"('SOFT', 'HARD', 'MEDIUM')","[14, 30]",90.139206
"('SOFT', 'HARD', 'MEDIUM')","[14, 31]",90.43274
"('SOFT', 'HARD', 'MEDIUM')","[14, 32]",90.72626
"('SOFT', 'HARD', 'MEDIUM')","[14, 33]",91.01978
"('SOFT', 'HARD', 'MEDIUM')","[14, 34]",91.31331
"('SOFT', 'HARD', 'MEDIUM')","[14, 35]",91.60683
"('SOFT', 'HARD', 'MEDIUM')","[14, 36]",91.90036
"('SOFT', 'HARD', 'MEDIUM')","[14, 37]",92.19389
"('SOFT', 'HARD', 'MEDIUM')","[14, 38]",92.48743
"('SOFT', 'HARD', 'MEDIUM')","[14, 39]",92.78096
"('SOFT', 'HARD', 'MEDIUM')","[14, 40]",93.074486
"('SOFT', 'HARD', 'MEDIUM')","[14, 41]",93.36801
"('SOFT', 'HARD', 'MEDIUM')","[14, 42]",93.661545
"('SOFT', 'HARD', 'MEDIUM')","[14, 43]",93.95506
"('SOFT', 'HARD', 'MEDIUM')","[14, 44]",94.2486
"('SOFT', 'HARD', 'MEDIUM')","[14, 45]",94.54212
"('SOFT', 'HARD', 'MEDIUM')","[14, 46]",94.83565
"('SOFT', 'HARD', 'MEDIUM')","[15, 16]",85.980286
"('SOFT', 'HARD', 'MEDIUM')","[15, 17]",86.27381
"('SOFT', 'HARD', 'MEDIUM')","[15, 18]",86.56734
"('SOFT', 'HARD', 'MEDIUM')","[15, 19]",86.86087
"('SOFT', 'HARD', 'MEDIUM')","[15, 20]",87.15439
"('SOFT', 'HARD', 'MEDIUM')","[15, 21]",87.44792
"('SOFT', 'HARD', 'MEDIUM')","[15, 22]",87.74145
"('SOFT', 'HARD', 'MEDIUM')","[15, 23]",88.03497
"('SOFT', 'HARD', 'MEDIUM')","[15, 24]",88.32849
"('SOFT', 'HARD', 'MEDIUM')","[15, 25]",88.622025
"('SOFT', 'HARD', 'MEDIUM')","[15, 26]",88.91555
"('SOFT', 'HARD', 'MEDIUM')","[15, 27]",89.209076
"('SOFT', 'HARD', 'MEDIUM')","[15, 28]",89.502594
"('SOFT', 'HARD', 'MEDIUM')","[15, 29]",89.79613
"('SOFT', 'HARD', 'MEDIUM')","[15, 30]",90.08965
"('SOFT', 'HARD', 'MEDIUM')","[15, 31]",90.38318
"('SOFT', 'HARD', 'MEDIUM')","[15, 32]",90.6767
"('SOFT', 'HARD', 'MEDIUM')","[15, 33]",90.97023
"('SOFT', 'HARD', 'MEDIUM')","[15, 34]",91.263756
"('SOFT', 'HARD', 'MEDIUM')","[15, 35]",91.55728
"('SOFT', 'HARD', 'MEDIUM')","[15, 36]",91.85081
"('SOFT', 'HARD', 'MEDIUM')","[15, 37]",92.14434
"('SOFT', 'HARD', 'MEDIUM')","[15, 38]",92.43787
"('SOFT', 'HARD', 'MEDIUM')","[15, 39]",92.7314
"('SOFT', 'HARD', 'MEDIUM')","[15, 40]",93.024925
"('SOFT', 'HARD', 'MEDIUM')","[15, 41]",93.31846
"('SOFT', 'HARD', 'MEDIUM')","[15, 42]",93.611984
"('SOFT', 'HARD', 'MEDIUM')","[15, 43]",93.90552
"('SOFT', 'HARD', 'MEDIUM')","[15, 44]",94.19904
"('SOFT', 'HARD', 'MEDIUM')","[15, 45]",94.49257
"('SOFT', 'HARD', 'MEDIUM')","[15, 46]",94.7861
"('SOFT', 'HARD', 'MEDIUM')","[16, 17]",86.22425
"('SOFT', 'HARD', 'MEDIUM')","[16, 18]",86.51778
"('SOFT', 'HARD', 'MEDIUM')","[16, 19]",86.81131
"('SOFT', 'HARD', 'MEDIUM')","[16, 20]",87.10483
"('SOFT', 'HARD', 'MEDIUM')","[16, 21]",87.39836
"('SOFT', 'HARD', 'MEDIUM')","[16, 22]",87.69189
"('SOFT', 'HARD', 'MEDIUM')","[16, 23]",87.98541
"('SOFT', 'HARD', 'MEDIUM')","[16, 24]",88.27893
"('SOFT', 'HARD', 'MEDIUM')","[16, 25]",88.572464
"('SOFT', 'HARD', 'MEDIUM')","[16, 26]",88.86599
"('SOFT', 'HARD', 'MEDIUM')","[16, 27]",89.159515
"('SOFT', 'HARD', 'MEDIUM')","[16, 28]",89.45305
"('SOFT', 'HARD', 'MEDIUM')","[16, 29]",89.74657
"('SOFT', 'HARD', 'MEDIUM')","[16, 30]",90.04009
"('SOFT', 'HARD', 'MEDIUM')","[16, 31]",90.33362
"('SOFT', 'HARD', 'MEDIUM')","[16, 32]",90.62714
"('SOFT', 'HARD', 'MEDIUM')","[16, 33]",90.92067
"('SOFT', 'HARD', 'MEDIUM')","[16, 34]",91.214195
"('SOFT', 'HARD', 'MEDIUM')","[16, 35]",91.50772
"('SOFT', 'HARD', 'MEDIUM')","[16, 36]",91.801254
"('SOFT', 'HARD', 'MEDIUM')","[16, 37]",92.09478
"('SOFT', 'HARD', 'MEDIUM')","[16, 38]",92.388306
"('SOFT', 'HARD', 'MEDIUM')","[16, 39]",92.68184
"('SOFT', 'HARD', 'MEDIUM')","[16, 40]",92.975365
"('SOFT', 'HARD', 'MEDIUM')","[16, 41]",93.2689
"('SOFT', 'HARD', 'MEDIUM')","[16, 42]",93.56242
"('SOFT', 'HARD', 'MEDIUM')","[16, 43]",93.85596
"('SOFT', 'HARD', 'MEDIUM')","[16, 44]",94.14949
"('SOFT', 'HARD', 'MEDIUM')","[16, 45]",94.443016
"('SOFT', 'HARD', 'MEDIUM')","[16, 46]",94.73654
"('SOFT', 'HARD', 'MEDIUM')","[17, 18]",86.46822
"('SOFT', 'HARD', 'MEDIUM')","[17, 19]",86.76175
"('SOFT', 'HARD', 'MEDIUM')","[17, 20]",87.05528
"('SOFT', 'HARD', 'MEDIUM')","[17, 21]",87.34881
"('SOFT', 'HARD', 'MEDIUM')","[17, 22]",87.642334
"('SOFT', 'HARD', 'MEDIUM')","[17, 23]",87.93585
"('SOFT', 'HARD', 'MEDIUM')","[17, 24]",88.229385
"('SOFT', 'HARD', 'MEDIUM')","[17, 25]",88.52291
"('SOFT', 'HARD', 'MEDIUM')","[17, 26]",88.81644
"('SOFT', 'HARD', 'MEDIUM')","[17, 27]",89.109955
"('SOFT', 'HARD', 'MEDIUM')","[17, 28]",89.40349
"('SOFT', 'HARD', 'MEDIUM')","[17, 29]",89.697014
"('SOFT', 'HARD', 'MEDIUM')","[17, 30]",89.99054
"('SOFT', 'HARD', 'MEDIUM')","[17, 31]",90.28406
"('SOFT', 'HARD', 'MEDIUM')","[17, 32]",90.57759
"('SOFT', 'HARD', 'MEDIUM')","[17, 33]",90.87112
"('SOFT', 'HARD', 'MEDIUM')","[17, 34]",91.16464
"('SOFT', 'HARD', 'MEDIUM')","[17, 35]",91.45816
"('SOFT', 'HARD', 'MEDIUM')","[17, 36]",91.75169
"('SOFT', 'HARD', 'MEDIUM')","[17, 37]",92.04523
"('SOFT', 'HARD', 'MEDIUM')","[17, 38]",92.33876
"('SOFT', 'HARD', 'MEDIUM')","[17, 39]",92.63228
"('SOFT', 'HARD', 'MEDIUM')","[17, 40]",92.92581
"('SOFT', 'HARD', 'MEDIUM')","[17, 41]",93.219345
"('SOFT', 'HARD', 'MEDIUM')","[17, 42]",93.51288
"('SOFT', 'HARD', 'MEDIUM')","[17, 43]",93.8064
"('SOFT', 'HARD', 'MEDIUM')","[17, 44]",94.09993
"('SOFT', 'HARD', 'MEDIUM')","[17, 45]",94.393456
"('SOFT', 'HARD', 'MEDIUM')","[17, 46]",94.68698
"('SOFT', 'HARD', 'MEDIUM')","[18, 19]",86.71219
"('SOFT', 'HARD', 'MEDIUM')","[18, 20]",87.00572
"('SOFT', 'HARD', 'MEDIUM')","[18, 21]",87.29925
"('SOFT', 'HARD', 'MEDIUM')","[18, 22]",87.59277
"('SOFT', 'HARD', 'MEDIUM')","[18, 23]",87.88631
"('SOFT', 'HARD', 'MEDIUM')","[18, 24]",88.179825
"('SOFT', 'HARD', 'MEDIUM')","[18, 25]",88.47335
"('SOFT', 'HARD', 'MEDIUM')","[18, 26]",88.76688
"('SOFT', 'HARD', 'MEDIUM')","[18, 27]",89.060394
"('SOFT', 'HARD', 'MEDIUM')","[18, 28]",89.35393
"('SOFT', 'HARD', 'MEDIUM')","[18, 29]",89.64745
"('SOFT', 'HARD', 'MEDIUM')","[18, 30]",89.94098
"('SOFT', 'HARD', 'MEDIUM')","[18, 31]",90.23451
"('SOFT', 'HARD', 'MEDIUM')","[18, 32]",90.52803
"('SOFT', 'HARD', 'MEDIUM')","[18, 33]",90.821556
"('SOFT', 'HARD', 'MEDIUM')","[18, 34]",91.11508
"('SOFT', 'HARD', 'MEDIUM')","[18, 35]",91.4086
"('SOFT', 'HARD', 'MEDIUM')","[18, 36]",91.70213
"('SOFT', 'HARD', 'MEDIUM')","[18, 37]",91.99567
"('SOFT', 'HARD', 'MEDIUM')","[18, 38]",92.2892
"('SOFT', 'HARD', 'MEDIUM')","[18, 39]",92.58273
"('SOFT', 'HARD', 'MEDIUM')","[18, 40]",92.87626
"('SOFT', 'HARD', 'MEDIUM')","[18, 41]",93.169785
"('SOFT', 'HARD', 'MEDIUM')","[18, 42]",93.46332
"('SOFT', 'HARD', 'MEDIUM')","[18, 43]",93.756836
"('SOFT', 'HARD', 'MEDIUM')","[18, 44]",94.05037
"('SOFT', 'HARD', 'MEDIUM')","[18, 45]",94.343895
"('SOFT', 'HARD', 'MEDIUM')","[18, 46]",94.63742
"('SOFT', 'HARD', 'MEDIUM')","[19, 20]",86.95616
"('SOFT', 'HARD', 'MEDIUM')","[19, 21]",87.249695
"('SOFT', 'HARD', 'MEDIUM')","[19, 22]",87.54322
"('SOFT', 'HARD', 'MEDIUM')","[19, 23]",87.83675
"('SOFT', 'HARD', 'MEDIUM')","[19, 24]",88.130264
"('SOFT', 'HARD', 'MEDIUM')","[19, 25]",88.4238
"('SOFT', 'HARD', 'MEDIUM')","[19, 26]",88.71732
"('SOFT', 'HARD', 'MEDIUM')","[19, 27]",89.01085
"('SOFT', 'HARD', 'MEDIUM')","[19, 28]",89.30437
"('SOFT', 'HARD', 'MEDIUM')","[19, 29]",89.5979
"('SOFT', 'HARD', 'MEDIUM')","[19, 30]",89.891426
"('SOFT', 'HARD', 'MEDIUM')","[19, 31]",90.18495
"('SOFT', 'HARD', 'MEDIUM')","[19, 32]",90.47847
"('SOFT', 'HARD', 'MEDIUM')","[19, 33]",90.772
"('SOFT', 'HARD', 'MEDIUM')","[19, 34]",91.06553
"('SOFT', 'HARD', 'MEDIUM')","[19, 35]",91.359055
"('SOFT', 'HARD', 'MEDIUM')","[19, 36]",91.65258
"('SOFT', 'HARD', 'MEDIUM')","[19, 37]",91.94611
"('SOFT', 'HARD', 'MEDIUM')","[19, 38]",92.23964
"('SOFT', 'HARD', 'MEDIUM')","[19, 39]",92.53317
"('SOFT', 'HARD', 'MEDIUM')","[19, 40]",92.8267
"('SOFT', 'HARD', 'MEDIUM')","[19, 41]",93.12023
"('SOFT', 'HARD', 'MEDIUM')","[19, 42]",93.41376
"('SOFT', 'HARD', 'MEDIUM')","[19, 43]",93.70729
"('SOFT', 'HARD', 'MEDIUM')","[19, 44]",94.00082
"('SOFT', 'HARD', 'MEDIUM')","[19, 45]",94.29434
"('SOFT', 'HARD', 'MEDIUM')","[19, 46]",94.587875
"('SOFT', 'HARD', 'MEDIUM')","[20, 21]",87.200134
"('SOFT', 'HARD', 'MEDIUM')","[20, 22]",87.49366
"('SOFT', 'HARD', 'MEDIUM')","[20, 23]",87.787186
"('SOFT', 'HARD', 'MEDIUM')","[20, 24]",88.0807
"('SOFT', 'HARD', 'MEDIUM')","[20, 25]",88.37424
"('SOFT', 'HARD', 'MEDIUM')","[20, 26]",88.66776
"('SOFT', 'HARD', 'MEDIUM')","[20, 27]",88.96129
"('SOFT', 'HARD', 'MEDIUM')","[20, 28]",89.25482
"('SOFT', 'HARD', 'MEDIUM')","[20, 29]",89.54834
"('SOFT', 'HARD', 'MEDIUM')","[20, 30]",89.841866
"('SOFT', 'HARD', 'MEDIUM')","[20, 31]",90.13539
"('SOFT', 'HARD', 'MEDIUM')","[20, 32]",90.42891
"('SOFT', 'HARD', 'MEDIUM')","[20, 33]",90.72244
"('SOFT', 'HARD', 'MEDIUM')","[20, 34]",91.01597
"('SOFT', 'HARD', 'MEDIUM')","[20, 35]",91.309494
"('SOFT', 'HARD', 'MEDIUM')","[20, 36]",91.60303
"('SOFT', 'HARD', 'MEDIUM')","[20, 37]",91.89655
"('SOFT', 'HARD', 'MEDIUM')","[20, 38]",92.19008
"('SOFT', 'HARD', 'MEDIUM')","[20, 39]",92.48361
"('SOFT', 'HARD', 'MEDIUM')","[20, 40]",92.77714
"('SOFT', 'HARD', 'MEDIUM')","[20, 41]",93.07067
"('SOFT', 'HARD', 'MEDIUM')","[20, 42]",93.3642
"('SOFT', 'HARD', 'MEDIUM')","[20, 43]",93.65773
"('SOFT', 'HARD', 'MEDIUM')","[20, 44]",93.95126
"('SOFT', 'HARD', 'MEDIUM')","[20, 45]",94.24479
"('SOFT', 'HARD', 'MEDIUM')","[20, 46]",94.538315
"('SOFT', 'HARD', 'MEDIUM')","[21, 22]",87.44411
"('SOFT', 'HARD', 'MEDIUM')","[21, 23]",87.737625
"('SOFT', 'HARD', 'MEDIUM')","[21, 24]",88.03116
"('SOFT', 'HARD', 'MEDIUM')","[21, 25]",88.324684
"('SOFT', 'HARD', 'MEDIUM')","[21, 26]",88.6182
"('SOFT', 'HARD', 'MEDIUM')","[21, 27]",88.91173
"('SOFT', 'HARD', 'MEDIUM')","[21, 28]",89.20526
"('SOFT', 'HARD', 'MEDIUM')","[21, 29]",89.49878
"('SOFT', 'HARD', 'MEDIUM')","[21, 30]",89.79231
"('SOFT', 'HARD', 'MEDIUM')","[21, 31]",90.08583
"('SOFT', 'HARD', 'MEDIUM')","[21, 32]",90.379364
"('SOFT', 'HARD', 'MEDIUM')","[21, 33]",90.67289
"('SOFT', 'HARD', 'MEDIUM')","[21, 34]",90.96641
"('SOFT', 'HARD', 'MEDIUM')","[21, 35]",91.25993
"('SOFT', 'HARD', 'MEDIUM')","[21, 36]",91.55347
"('SOFT', 'HARD', 'MEDIUM')","[21, 37]",91.84699
"('SOFT', 'HARD', 'MEDIUM')","[21, 38]",92.14053
"('SOFT', 'HARD', 'MEDIUM')","[21, 39]",92.43405
"('SOFT', 'HARD', 'MEDIUM')","[21, 40]",92.727585
"('SOFT', 'HARD', 'MEDIUM')","[21, 41]",93.02112
"('SOFT', 'HARD', 'MEDIUM')","[21, 42]",93.31464
"('SOFT', 'HARD', 'MEDIUM')","[21, 43]",93.60817
"('SOFT', 'HARD', 'MEDIUM')","[21, 44]",93.9017
"('SOFT', 'HARD', 'MEDIUM')","[21, 45]",94.19523
"('SOFT', 'HARD', 'MEDIUM')","[21, 46]",94.488754
"('SOFT', 'HARD', 'MEDIUM')","[22, 23]",87.68808
"('SOFT', 'HARD', 'MEDIUM')","[22, 24]",87.9816
"('SOFT', 'HARD', 'MEDIUM')","[22, 25]",88.27512
"('SOFT', 'HARD', 'MEDIUM')","[22, 26]",88.56865
"('SOFT', 'HARD', 'MEDIUM')","[22, 27]",88.86217
"('SOFT', 'HARD', 'MEDIUM')","[22, 28]",89.1557
"('SOFT', 'HARD', 'MEDIUM')","[22, 29]",89.44923
"('SOFT', 'HARD', 'MEDIUM')","[22, 30]",89.74275
"('SOFT', 'HARD', 'MEDIUM')","[22, 31]",90.036285
"('SOFT', 'HARD', 'MEDIUM')","[22, 32]",90.3298
"('SOFT', 'HARD', 'MEDIUM')","[22, 33]",90.62333
"('SOFT', 'HARD', 'MEDIUM')","[22, 34]",90.916855
"('SOFT', 'HARD', 'MEDIUM')","[22, 35]",91.21037
"('SOFT', 'HARD', 'MEDIUM')","[22, 36]",91.50391
"('SOFT', 'HARD', 'MEDIUM')","[22, 37]",91.79744
"('SOFT', 'HARD', 'MEDIUM')","[22, 38]",92.09097
"('SOFT', 'HARD', 'MEDIUM')","[22, 39]",92.38451
"('SOFT', 'HARD', 'MEDIUM')","[22, 40]",92.67803
"('SOFT', 'HARD', 'MEDIUM')","[22, 41]",92.97156
"('SOFT', 'HARD', 'MEDIUM')","[22, 42]",93.26509
"('SOFT', 'HARD', 'MEDIUM')","[22, 43]",93.55861
"('SOFT', 'HARD', 'MEDIUM')","[22, 44]",93.85214
"('SOFT', 'HARD', 'MEDIUM')","[22, 45]",94.14567
"('SOFT', 'HARD', 'MEDIUM')","[22, 46]",94.43919
"('SOFT', 'HARD', 'MEDIUM')","[23, 24]",87.93204
"('SOFT', 'HARD', 'MEDIUM')","[23, 25]",88.22556
"('SOFT', 'HARD', 'MEDIUM')","[23, 26]",88.5191
"('SOFT', 'HARD', 'MEDIUM')","[23, 27]",88.81262
"('SOFT', 'HARD', 'MEDIUM')","[23, 28]",89.10614
"('SOFT', 'HARD', 'MEDIUM')","[23, 29]",89.39967
"('SOFT', 'HARD', 'MEDIUM')","[23, 30]",89.69319
"('SOFT', 'HARD', 'MEDIUM')","[23, 31]",89.986725
"('SOFT', 'HARD', 'MEDIUM')","[23, 32]",90.28024
"('SOFT', 'HARD', 'MEDIUM')","[23, 33]",90.57377
"('SOFT', 'HARD', 'MEDIUM')","[23, 34]",90.8673
"('SOFT', 'HARD', 'MEDIUM')","[23, 35]",91.16083
"('SOFT', 'HARD', 'MEDIUM')","[23, 36]",91.45435
"('SOFT', 'HARD', 'MEDIUM')","[23, 37]",91.74789
"('SOFT', 'HARD', 'MEDIUM')","[23, 38]",92.04141
"('SOFT', 'HARD', 'MEDIUM')","[23, 39]",92.334946
"('SOFT', 'HARD', 'MEDIUM')","[23, 40]",92.62847
"('SOFT', 'HARD', 'MEDIUM')","[23, 41]",92.922
"('SOFT', 'HARD', 'MEDIUM')","[23, 42]",93.21553
"('SOFT', 'HARD', 'MEDIUM')","[23, 43]",93.50906
"('SOFT', 'HARD', 'MEDIUM')","[23, 44]",93.80259
"('SOFT', 'HARD', 'MEDIUM')","[23, 45]",94.096115
"('SOFT', 'HARD', 'MEDIUM')","[23, 46]",94.38965
"('SOFT', 'HARD', 'MEDIUM')","[24, 25]",88.17601
"('SOFT', 'HARD', 'MEDIUM')","[24, 26]",88.469536
"('SOFT', 'HARD', 'MEDIUM')","[24, 27]",88.76306
"('SOFT', 'HARD', 'MEDIUM')","[24, 28]",89.056595
"('SOFT', 'HARD', 'MEDIUM')","[24, 29]",89.35011
"('SOFT', 'HARD', 'MEDIUM')","[24, 30]",89.64364
"('SOFT', 'HARD', 'MEDIUM')","[24, 31]",89.937164
"('SOFT', 'HARD', 'MEDIUM')","[24, 32]",90.23068
"('SOFT', 'HARD', 'MEDIUM')","[24, 33]",90.524216
"('SOFT', 'HARD', 'MEDIUM')","[24, 34]",90.81774
"('SOFT', 'HARD', 'MEDIUM')","[24, 35]",91.11127
"('SOFT', 'HARD', 'MEDIUM')","[24, 36]",91.4048
"('SOFT', 'HARD', 'MEDIUM')","[24, 37]",91.698326
"('SOFT', 'HARD', 'MEDIUM')","[24, 38]",91.99185
"('SOFT', 'HARD', 'MEDIUM')","[24, 39]",92.285385
"('SOFT', 'HARD', 'MEDIUM')","[24, 40]",92.57891
"('SOFT', 'HARD', 'MEDIUM')","[24, 41]",92.872444
"('SOFT', 'HARD', 'MEDIUM')","[24, 42]",93.16597
"('SOFT', 'HARD', 'MEDIUM')","[24, 43]",93.4595
"('SOFT', 'HARD', 'MEDIUM')","[24, 44]",93.75304
"('SOFT', 'HARD', 'MEDIUM')","[24, 45]",94.04656
"('SOFT', 'HARD', 'MEDIUM')","[24, 46]",94.34009
"('SOFT', 'HARD', 'MEDIUM')","[25, 26]",88.419975
"('SOFT', 'HARD', 'MEDIUM')","[25, 27]",88.7135
"('SOFT', 'HARD', 'MEDIUM')","[25, 28]",89.007034
"('SOFT', 'HARD', 'MEDIUM')","[25, 29]",89.30055
"('SOFT', 'HARD', 'MEDIUM')","[25, 30]",89.594086
"('SOFT', 'HARD', 'MEDIUM')","[25, 31]",89.8876
"('SOFT', 'HARD', 'MEDIUM')","[25, 32]",90.18114
"('SOFT', 'HARD', 'MEDIUM')","[25, 33]",90.47466
"('SOFT', 'HARD', 'MEDIUM')","[25, 34]",90.76818
"('SOFT', 'HARD', 'MEDIUM')","[25, 35]",91.06171
"('SOFT', 'HARD', 'MEDIUM')","[25, 36]",91.35524
"('SOFT', 'HARD', 'MEDIUM')","[25, 37]",91.648766
"('SOFT', 'HARD', 'MEDIUM')","[25, 38]",91.94231
"('SOFT', 'HARD', 'MEDIUM')","[25, 39]",92.235825
"('SOFT', 'HARD', 'MEDIUM')","[25, 40]",92.52936
"('SOFT', 'HARD', 'MEDIUM')","[25, 41]",92.82289
"('SOFT', 'HARD', 'MEDIUM')","[25, 42]",93.11641
"('SOFT', 'HARD', 'MEDIUM')","[25, 43]",93.40994
"('SOFT', 'HARD', 'MEDIUM')","[25, 44]",93.703476
"('SOFT', 'HARD', 'MEDIUM')","[25, 45]",93.997
"('SOFT', 'HARD', 'MEDIUM')","[25, 46]",94.29053
"('SOFT', 'HARD', 'MEDIUM')","[26, 27]",88.66394
"('SOFT', 'HARD', 'MEDIUM')","[26, 28]",88.95747
"('SOFT', 'HARD', 'MEDIUM')","[26, 29]",89.251
"('SOFT', 'HARD', 'MEDIUM')","[26, 30]",89.544525
"('SOFT', 'HARD', 'MEDIUM')","[26, 31]",89.83806
"('SOFT', 'HARD', 'MEDIUM')","[26, 32]",90.13158
"('SOFT', 'HARD', 'MEDIUM')","[26, 33]",90.4251
"('SOFT', 'HARD', 'MEDIUM')","[26, 34]",90.71863
"('SOFT', 'HARD', 'MEDIUM')","[26, 35]",91.012146
"('SOFT', 'HARD', 'MEDIUM')","[26, 36]",91.30568
"('SOFT', 'HARD', 'MEDIUM')","[26, 37]",91.59921
"('SOFT', 'HARD', 'MEDIUM')","[26, 38]",91.892746
"('SOFT', 'HARD', 'MEDIUM')","[26, 39]",92.18628
"('SOFT', 'HARD', 'MEDIUM')","[26, 40]",92.479805
"('SOFT', 'HARD', 'MEDIUM')","[26, 41]",92.77333
"('SOFT', 'HARD', 'MEDIUM')","[26, 42]",93.066864
"('SOFT', 'HARD', 'MEDIUM')","[26, 43]",93.36038
"('SOFT', 'HARD', 'MEDIUM')","[26, 44]",93.653915
"('SOFT', 'HARD', 'MEDIUM')","[26, 45]",93.94744
"('SOFT', 'HARD', 'MEDIUM')","[26, 46]",94.24097
"('SOFT', 'HARD', 'MEDIUM')","[27, 28]",88.90791
"('SOFT', 'HARD', 'MEDIUM')","[27, 29]",89.20145
"('SOFT', 'HARD', 'MEDIUM')","[27, 30]",89.494965
"('SOFT', 'HARD', 'MEDIUM')","[27, 31]",89.7885
"('SOFT', 'HARD', 'MEDIUM')","[27, 32]",90.082016
"('SOFT', 'HARD', 'MEDIUM')","[27, 33]",90.37554
"('SOFT', 'HARD', 'MEDIUM')","[27, 34]",90.669075
"('SOFT', 'HARD', 'MEDIUM')","[27, 35]",90.9626
"('SOFT', 'HARD', 'MEDIUM')","[27, 36]",91.25613
"('SOFT', 'HARD', 'MEDIUM')","[27, 37]",91.54966
"('SOFT', 'HARD', 'MEDIUM')","[27, 38]",91.843185
"('SOFT', 'HARD', 'MEDIUM')","[27, 39]",92.13672
"('SOFT', 'HARD', 'MEDIUM')","[27, 40]",92.430244
"('SOFT', 'HARD', 'MEDIUM')","[27, 41]",92.72377
"('SOFT', 'HARD', 'MEDIUM')","[27, 42]",93.0173
"('SOFT', 'HARD', 'MEDIUM')","[27, 43]",93.31084
"('SOFT', 'HARD', 'MEDIUM')","[27, 44]",93.60436
"('SOFT', 'HARD', 'MEDIUM')","[27, 45]",93.89789
"('SOFT', 'HARD', 'MEDIUM')","[27, 46]",94.19142
"('SOFT', 'HARD', 'MEDIUM')","[28, 29]",89.151886
"('SOFT', 'HARD', 'MEDIUM')","[28, 30]",89.44541
"('SOFT', 'HARD', 'MEDIUM')","[28, 31]",89.73894
"('SOFT', 'HARD', 'MEDIUM')","[28, 32]",90.032455
"('SOFT', 'HARD', 'MEDIUM')","[28, 33]",90.32599
"('SOFT', 'HARD', 'MEDIUM')","[28, 34]",90.619514
"('SOFT', 'HARD', 'MEDIUM')","[28, 35]",90.91304
"('SOFT', 'HARD', 'MEDIUM')","[28, 36]",91.20657
"('SOFT', 'HARD', 'MEDIUM')","[28, 37]",91.5001
"('SOFT', 'HARD', 'MEDIUM')","[28, 38]",91.793625
"('SOFT', 'HARD', 'MEDIUM')","[28, 39]",92.08716
"('SOFT', 'HARD', 'MEDIUM')","[28, 40]",92.380684
"('SOFT', 'HARD', 'MEDIUM')","[28, 41]",92.67422
"('SOFT', 'HARD', 'MEDIUM')","[28, 42]",92.96774
"('SOFT', 'HARD', 'MEDIUM')","[28, 43]",93.26128
"('SOFT', 'HARD', 'MEDIUM')","[28, 44]",93.55481
"('SOFT', 'HARD', 'MEDIUM')","[28, 45]",93.848335
"('SOFT', 'HARD', 'MEDIUM')","[28, 46]",94.14186
"('SOFT', 'HARD', 'MEDIUM')","[29, 30]",89.39586
"('SOFT', 'HARD', 'MEDIUM')","[29, 31]",89.68938
"('SOFT', 'HARD', 'MEDIUM')","[29, 32]",89.98291
"('SOFT', 'HARD', 'MEDIUM')","[29, 33]",90.276436
"('SOFT', 'HARD', 'MEDIUM')","[29, 34]",90.569954
"('SOFT', 'HARD', 'MEDIUM')","[29, 35]",90.86348
"('SOFT', 'HARD', 'MEDIUM')","[29, 36]",91.15701
"('SOFT', 'HARD', 'MEDIUM')","[29, 37]",91.45054
"('SOFT', 'HARD', 'MEDIUM')","[29, 38]",91.74408
"('SOFT', 'HARD', 'MEDIUM')","[29, 39]",92.0376
"('SOFT', 'HARD', 'MEDIUM')","[29, 40]",92.33113
"('SOFT', 'HARD', 'MEDIUM')","[29, 41]",92.624664
"('SOFT', 'HARD', 'MEDIUM')","[29, 42]",92.91818
"('SOFT', 'HARD', 'MEDIUM')","[29, 43]",93.211716
"('SOFT', 'HARD', 'MEDIUM')","[29, 44]",93.50525
"('SOFT', 'HARD', 'MEDIUM')","[29, 45]",93.798775
"('SOFT', 'HARD', 'MEDIUM')","[29, 46]",94.0923
"('SOFT', 'HARD', 'MEDIUM')","[30, 31]",89.63983
"('SOFT', 'HARD', 'MEDIUM')","[30, 32]",89.93335
"('SOFT', 'HARD', 'MEDIUM')","[30, 33]",90.226875
"('SOFT', 'HARD', 'MEDIUM')","[30, 34]",90.5204
"('SOFT', 'HARD', 'MEDIUM')","[30, 35]",90.81392
"('SOFT', 'HARD', 'MEDIUM')","[30, 36]",91.10745
"('SOFT', 'HARD', 'MEDIUM')","[30, 37]",91.400986
"('SOFT', 'HARD', 'MEDIUM')","[30, 38]",91.69452
"('SOFT', 'HARD', 'MEDIUM')","[30, 39]",91.98805
"('SOFT', 'HARD', 'MEDIUM')","[30, 40]",92.28158
"('SOFT', 'HARD', 'MEDIUM')","[30, 41]",92.5751
"('SOFT', 'HARD', 'MEDIUM')","[30, 42]",92.86864
"('SOFT', 'HARD', 'MEDIUM')","[30, 43]",93.162155
"('SOFT', 'HARD', 'MEDIUM')","[30, 44]",93.45569
"('SOFT', 'HARD', 'MEDIUM')","[30, 45]",93.749214
"('SOFT', 'HARD', 'MEDIUM')","[30, 46]",94.04274
"('SOFT', 'HARD', 'MEDIUM')","[31, 32]",89.88379
"('SOFT', 'HARD', 'MEDIUM')","[31, 33]",90.177315
"('SOFT', 'HARD', 'MEDIUM')","[31, 34]",90.47085
"('SOFT', 'HARD', 'MEDIUM')","[31, 35]",90.76437
"('SOFT', 'HARD', 'MEDIUM')","[31, 36]",91.0579
"('SOFT', 'HARD', 'MEDIUM')","[31, 37]",91.35143
"('SOFT', 'HARD', 'MEDIUM')","[31, 38]",91.64496
"('SOFT', 'HARD', 'MEDIUM')","[31, 39]",91.93849
"('SOFT', 'HARD', 'MEDIUM')","[31, 40]",92.23202
"('SOFT', 'HARD', 'MEDIUM')","[31, 41]",92.52554
"('SOFT', 'HARD', 'MEDIUM')","[31, 42]",92.81908
"('SOFT', 'HARD', 'MEDIUM')","[31, 43]",93.11261
"('SOFT', 'HARD', 'MEDIUM')","[31, 44]",93.406136
"('SOFT', 'HARD', 'MEDIUM')","[31, 45]",93.69966
"('SOFT', 'HARD', 'MEDIUM')","[31, 46]",93.993195
"('SOFT', 'HARD', 'MEDIUM')","[32, 33]",90.12776
"('SOFT', 'HARD', 'MEDIUM')","[32, 34]",90.42129
"('SOFT', 'HARD', 'MEDIUM')","[32, 35]",90.71481
"('SOFT', 'HARD', 'MEDIUM')","[32, 36]",91.00835
"('SOFT', 'HARD', 'MEDIUM')","[32, 37]",91.30187
"('SOFT', 'HARD', 'MEDIUM')","[32, 38]",91.5954
"('SOFT', 'HARD', 'MEDIUM')","[32, 39]",91.88893
"('SOFT', 'HARD', 'MEDIUM')","[32, 40]",92.18246
"('SOFT', 'HARD', 'MEDIUM')","[32, 41]",92.47599
"('SOFT', 'HARD', 'MEDIUM')","[32, 42]",92.769516
"('SOFT', 'HARD', 'MEDIUM')","[32, 43]",93.06305
"('SOFT', 'HARD', 'MEDIUM')","[32, 44]",93.35658
"('SOFT', 'HARD', 'MEDIUM')","[32, 45]",93.65011
"('SOFT', 'HARD', 'MEDIUM')","[32, 46]",93.943634
"('SOFT', 'HARD', 'MEDIUM')","[33, 34]",90.37173
"('SOFT', 'HARD', 'MEDIUM')","[33, 35]",90.66525
"('SOFT', 'HARD', 'MEDIUM')","[33, 36]",90.958786
"('SOFT', 'HARD', 'MEDIUM')","[33, 37]",91.25231
"('SOFT', 'HARD', 'MEDIUM')","[33, 38]",91.54584
"('SOFT', 'HARD', 'MEDIUM')","[33, 39]",91.83937
"('SOFT', 'HARD', 'MEDIUM')","[33, 40]",92.1329
"('SOFT', 'HARD', 'MEDIUM')","[33, 41]",92.42643
"('SOFT', 'HARD', 'MEDIUM')","[33, 42]",92.719955
"('SOFT', 'HARD', 'MEDIUM')","[33, 43]",93.01349
"('SOFT', 'HARD', 'MEDIUM')","[33, 44]",93.30702
"('SOFT', 'HARD', 'MEDIUM')","[33, 45]",93.60055
"('SOFT', 'HARD', 'MEDIUM')","[33, 46]",93.89407
"('SOFT', 'HARD', 'MEDIUM')","[34, 35]",90.61569
"('SOFT', 'HARD', 'MEDIUM')","[34, 36]",90.909225
"('SOFT', 'HARD', 'MEDIUM')","[34, 37]",91.20275
"('SOFT', 'HARD', 'MEDIUM')","[34, 38]",91.49629
"('SOFT', 'HARD', 'MEDIUM')","[34, 39]",91.78981
"('SOFT', 'HARD', 'MEDIUM')","[34, 40]",92.08334
"('SOFT', 'HARD', 'MEDIUM')","[34, 41]",92.37688
"('SOFT', 'HARD', 'MEDIUM')","[34, 42]",92.670395
"('SOFT', 'HARD', 'MEDIUM')","[34, 43]",92.96393
"('SOFT', 'HARD', 'MEDIUM')","[34, 44]",93.25746
"('SOFT', 'HARD', 'MEDIUM')","[34, 45]",93.55099
"('SOFT', 'HARD', 'MEDIUM')","[34, 46]",93.84451
"('SOFT', 'HARD', 'MEDIUM')","[35, 36]",90.85967
"('SOFT', 'HARD', 'MEDIUM')","[35, 37]",91.153206
"('SOFT', 'HARD', 'MEDIUM')","[35, 38]",91.44673
"('SOFT', 'HARD', 'MEDIUM')","[35, 39]",91.740265
"('SOFT', 'HARD', 'MEDIUM')","[35, 40]",92.03379
"('SOFT', 'HARD', 'MEDIUM')","[35, 41]",92.32732
"('SOFT', 'HARD', 'MEDIUM')","[35, 42]",92.62085
"('SOFT', 'HARD', 'MEDIUM')","[35, 43]",92.91438
"('SOFT', 'HARD', 'MEDIUM')","[35, 44]",93.20791
"('SOFT', 'HARD', 'MEDIUM')","[35, 45]",93.501434
"('SOFT', 'HARD', 'MEDIUM')","[35, 46]",93.79497
"('SOFT', 'HARD', 'MEDIUM')","[36, 37]",91.103645
"('SOFT', 'HARD', 'MEDIUM')","[36, 38]",91.39717
"('SOFT', 'HARD', 'MEDIUM')","[36, 39]",91.690704
"('SOFT', 'HARD', 'MEDIUM')","[36, 40]",91.98423
"('SOFT', 'HARD', 'MEDIUM')","[36, 41]",92.27776
"('SOFT', 'HARD', 'MEDIUM')","[36, 42]",92.57129
"('SOFT', 'HARD', 'MEDIUM')","[36, 43]",92.86482
"('SOFT', 'HARD', 'MEDIUM')","[36, 44]",93.158356
"('SOFT', 'HARD', 'MEDIUM')","[36, 45]",93.45188
"('SOFT', 'HARD', 'MEDIUM')","[36, 46]",93.74541
"('SOFT', 'HARD', 'MEDIUM')","[37, 38]",91.347626
"('SOFT', 'HARD', 'MEDIUM')","[37, 39]",91.64116
"('SOFT', 'HARD', 'MEDIUM')","[37, 40]",91.934685
"('SOFT', 'HARD', 'MEDIUM')","[37, 41]",92.22821
"('SOFT', 'HARD', 'MEDIUM')","[37, 42]",92.52174
"('SOFT', 'HARD', 'MEDIUM')","[37, 43]",92.81526
"('SOFT', 'HARD', 'MEDIUM')","[37, 44]",93.108795
"('SOFT', 'HARD', 'MEDIUM')","[37, 45]",93.40232
"('SOFT', 'HARD', 'MEDIUM')","[37, 46]",93.69585
"('SOFT', 'HARD', 'MEDIUM')","[38, 39]",91.5916
"('SOFT', 'HARD', 'MEDIUM')","[38, 40]",91.885124
"('SOFT', 'HARD', 'MEDIUM')","[38, 41]",92.17865
"('SOFT', 'HARD', 'MEDIUM')","[38, 42]",92.47218
"('SOFT', 'HARD', 'MEDIUM')","[38, 43]",92.76572
"('SOFT', 'HARD', 'MEDIUM')","[38, 44]",93.05924
"('SOFT', 'HARD', 'MEDIUM')","[38, 45]",93.35277
"('SOFT', 'HARD', 'MEDIUM')","[38, 46]",93.6463
"('SOFT', 'HARD', 'MEDIUM')","[39, 40]",91.83556
"('SOFT', 'HARD', 'MEDIUM')","[39, 41]",92.12909
"('SOFT', 'HARD', 'MEDIUM')","[39, 42]",92.42262
"('SOFT', 'HARD', 'MEDIUM')","[39, 43]",92.716156
"('SOFT', 'HARD', 'MEDIUM')","[39, 44]",93.00968
"('SOFT', 'HARD', 'MEDIUM')","[39, 45]",93.30321
"('SOFT', 'HARD', 'MEDIUM')","[39, 46]",93.59674
"('SOFT', 'HARD', 'MEDIUM')","[40, 41]",92.07953
"('SOFT', 'HARD', 'MEDIUM')","[40, 42]",92.37306
"('SOFT', 'HARD', 'MEDIUM')","[40, 43]",92.66658
"('SOFT', 'HARD', 'MEDIUM')","[40, 44]",92.96011
"('SOFT', 'HARD', 'MEDIUM')","[40, 45]",93.25364
"('SOFT', 'HARD', 'MEDIUM')","[40, 46]",93.547165
"('SOFT', 'HARD', 'MEDIUM')","[41, 42]",92.3235
"('SOFT', 'HARD', 'MEDIUM')","[41, 43]",92.617035
"('SOFT', 'HARD', 'MEDIUM')","[41, 44]",92.91057
"('SOFT', 'HARD', 'MEDIUM')","[41, 45]",93.204094
"('SOFT', 'HARD', 'MEDIUM')","[41, 46]",93.49762
"('SOFT', 'HARD', 'MEDIUM')","[42, 43]",92.567474
"('SOFT', 'HARD', 'MEDIUM')","[42, 44]",92.861
"('SOFT', 'HARD', 'MEDIUM')","[42, 45]",93.154526
"('SOFT', 'HARD', 'MEDIUM')","[42, 46]",93.44806
"('SOFT', 'HARD', 'MEDIUM')","[43, 44]",92.81144
"('SOFT', 'HARD', 'MEDIUM')","[43, 45]",93.104965
"('SOFT', 'HARD', 'MEDIUM')","[43, 46]",93.3985
"('SOFT', 'HARD', 'MEDIUM')","[44, 45]",93.05541
"('SOFT', 'HARD', 'MEDIUM')","[44, 46]",93.34894
"('SOFT', 'HARD', 'MEDIUM')","[45, 46]",93.29938
"('SOFT', 'HARD', 'HARD')","[10, 11]",96.652664
"('SOFT', 'HARD', 'HARD')","[10, 12]",96.68767
"('SOFT', 'HARD', 'HARD')","[10, 13]",96.72267
"('SOFT', 'HARD', 'HARD')","[10, 14]",96.75767
"('SOFT', 'HARD', 'HARD')","[10, 15]",96.79266
"('SOFT', 'HARD', 'HARD')","[10, 16]",96.82767
"('SOFT', 'HARD', 'HARD')","[10, 17]",96.86267
"('SOFT', 'HARD', 'HARD')","[10, 18]",96.89767
"('SOFT', 'HARD', 'HARD')","[10, 19]",96.93266
"('SOFT', 'HARD', 'HARD')","[10, 20]",96.96767
"('SOFT', 'HARD', 'HARD')","[10, 21]",97.00267
"('SOFT', 'HARD', 'HARD')","[10, 22]",97.03766
"('SOFT', 'HARD', 'HARD')","[10, 23]",97.07266
"('SOFT', 'HARD', 'HARD')","[10, 24]",97.107666
"('SOFT', 'HARD', 'HARD')","[10, 25]",97.14266
"('SOFT', 'HARD', 'HARD')","[10, 26]",97.17767
"('SOFT', 'HARD', 'HARD')","[10, 27]",97.21266
"('SOFT', 'HARD', 'HARD')","[10, 28]",97.247665
"('SOFT', 'HARD', 'HARD')","[10, 29]",97.28267
"('SOFT', 'HARD', 'HARD')","[10, 30]",97.31766
"('SOFT', 'HARD', 'HARD')","[10, 31]",97.35266
"('SOFT', 'HARD', 'HARD')","[10, 32]",97.387665
"('SOFT', 'HARD', 'HARD')","[10, 33]",97.42266
"('SOFT', 'HARD', 'HARD')","[10, 34]",97.45767
"('SOFT', 'HARD', 'HARD')","[10, 35]",97.49266
"('SOFT', 'HARD', 'HARD')","[10, 36]",97.527664
"('SOFT', 'HARD', 'HARD')","[10, 37]",97.56267
"('SOFT', 'HARD', 'HARD')","[10, 38]",97.59766
"('SOFT', 'HARD', 'HARD')","[10, 39]",97.63266
"('SOFT', 'HARD', 'HARD')","[10, 40]",97.66766
"('SOFT', 'HARD', 'HARD')","[10, 41]",97.70266
"('SOFT', 'HARD', 'HARD')","[10, 42]",97.73767
"('SOFT', 'HARD', 'HARD')","[10, 43]",97.77266
"('SOFT', 'HARD', 'HARD')","[10, 44]",97.80766
"('SOFT', 'HARD', 'HARD')","[10, 45]",97.84267
"('SOFT', 'HARD', 'HARD')","[10, 46]",97.87767
"('SOFT', 'HARD', 'HARD')","[11, 12]",96.63811
"('SOFT', 'HARD', 'HARD')","[11, 13]",96.67311
"('SOFT', 'HARD', 'HARD')","[11, 14]",96.70811
"('SOFT', 'HARD', 'HARD')","[11, 15]",96.74311
"('SOFT', 'HARD', 'HARD')","[11, 16]",96.77811
"('SOFT', 'HARD', 'HARD')","[11, 17]",96.81311
"('SOFT', 'HARD', 'HARD')","[11, 18]",96.84811
"('SOFT', 'HARD', 'HARD')","[11, 19]",96.88311
"('SOFT', 'HARD', 'HARD')","[11, 20]",96.918106
"('SOFT', 'HARD', 'HARD')","[11, 21]",96.95311
"('SOFT', 'HARD', 'HARD')","[11, 22]",96.98811
"('SOFT', 'HARD', 'HARD')","[11, 23]",97.0231
"('SOFT', 'HARD', 'HARD')","[11, 24]",97.058105
"('SOFT', 'HARD', 'HARD')","[11, 25]",97.09311
"('SOFT', 'HARD', 'HARD')","[11, 26]",97.12811
"('SOFT', 'HARD', 'HARD')","[11, 27]",97.16312
"('SOFT', 'HARD', 'HARD')","[11, 28]",97.19811
"('SOFT', 'HARD', 'HARD')","[11, 29]",97.23311
"('SOFT', 'HARD', 'HARD')","[11, 30]",97.26811
"('SOFT', 'HARD', 'HARD')","[11, 31]",97.3031
"('SOFT', 'HARD', 'HARD')","[11, 32]",97.338104
"('SOFT', 'HARD', 'HARD')","[11, 33]",97.37311
"('SOFT', 'HARD', 'HARD')","[11, 34]",97.40811
"('SOFT', 'HARD', 'HARD')","[11, 35]",97.443115
"('SOFT', 'HARD', 'HARD')","[11, 36]",97.47811
"('SOFT', 'HARD', 'HARD')","[11, 37]",97.51311
"('SOFT', 'HARD', 'HARD')","[11, 38]",97.54811
"('SOFT', 'HARD', 'HARD')","[11, 39]",97.5831
"('SOFT', 'HARD', 'HARD')","[11, 40]",97.6181
"('SOFT', 'HARD', 'HARD')","[11, 41]",97.65311
"('SOFT', 'HARD', 'HARD')","[11, 42]",97.68811
"('SOFT', 'HARD', 'HARD')","[11, 43]",97.723114
"('SOFT', 'HARD', 'HARD')","[11, 44]",97.75812
"('SOFT', 'HARD', 'HARD')","[11, 45]",97.79311
"('SOFT', 'HARD', 'HARD')","[11, 46]",97.82811
"('SOFT', 'HARD', 'HARD')","[12, 13]",96.62355
"('SOFT', 'HARD', 'HARD')","[12, 14]",96.65855
"('SOFT', 'HARD', 'HARD')","[12, 15]",96.69355
"('SOFT', 'HARD', 'HARD')","[12, 16]",96.728546
"('SOFT', 'HARD', 'HARD')","[12, 17]",96.76355
"('SOFT', 'HARD', 'HARD')","[12, 18]",96.798546
"('SOFT', 'HARD', 'HARD')","[12, 19]",96.83355
"('SOFT', 'HARD', 'HARD')","[12, 20]",96.868546
"('SOFT', 'HARD', 'HARD')","[12, 21]",96.90355
"('SOFT', 'HARD', 'HARD')","[12, 22]",96.93855
"('SOFT', 'HARD', 'HARD')","[12, 23]",96.97354
"('SOFT', 'HARD', 'HARD')","[12, 24]",97.008545
"('SOFT', 'HARD', 'HARD')","[12, 25]",97.04355
"('SOFT', 'HARD', 'HARD')","[12, 26]",97.07855
"('SOFT', 'HARD', 'HARD')","[12, 27]",97.113556
"('SOFT', 'HARD', 'HARD')","[12, 28]",97.14855
"('SOFT', 'HARD', 'HARD')","[12, 29]",97.18355
"('SOFT', 'HARD', 'HARD')","[12, 30]",97.21855
"('SOFT', 'HARD', 'HARD')","[12, 31]",97.25354
"('SOFT', 'HARD', 'HARD')","[12, 32]",97.28854
"('SOFT', 'HARD', 'HARD')","[12, 33]",97.32355
"('SOFT', 'HARD', 'HARD')","[12, 34]",97.35855
"('SOFT', 'HARD', 'HARD')","[12, 35]",97.393555
"('SOFT', 'HARD', 'HARD')","[12, 36]",97.42855
"('SOFT', 'HARD', 'HARD')","[12, 37]",97.46355
"('SOFT', 'HARD', 'HARD')","[12, 38]",97.49855
"('SOFT', 'HARD', 'HARD')","[12, 39]",97.53354
"('SOFT', 'HARD', 'HARD')","[12, 40]",97.56854
"('SOFT', 'HARD', 'HARD')","[12, 41]",97.603546
"('SOFT', 'HARD', 'HARD')","[12, 42]",97.63855
"('SOFT', 'HARD', 'HARD')","[12, 43]",97.67355
"('SOFT', 'HARD', 'HARD')","[12, 44]",97.70856
"('SOFT', 'HARD', 'HARD')","[12, 45]",97.74355
"('SOFT', 'HARD', 'HARD')","[12, 46]",97.77855
"('SOFT', 'HARD', 'HARD')","[13, 14]",96.60899
"('SOFT', 'HARD', 'HARD')","[13, 15]",96.644
"('SOFT', 'HARD', 'HARD')","[13, 16]",96.67899
"('SOFT', 'HARD', 'HARD')","[13, 17]",96.714
"('SOFT', 'HARD', 'HARD')","[13, 18]",96.74899
"('SOFT', 'HARD', 'HARD')","[13, 19]",96.784
"('SOFT', 'HARD', 'HARD')","[13, 20]",96.81899
"('SOFT', 'HARD', 'HARD')","[13, 21]",96.854
"('SOFT', 'HARD', 'HARD')","[13, 22]",96.88899
"('SOFT', 'HARD', 'HARD')","[13, 23]",96.923996
"('SOFT', 'HARD', 'HARD')","[13, 24]",96.95899
"('SOFT', 'HARD', 'HARD')","[13, 25]",96.993996
"('SOFT', 'HARD', 'HARD')","[13, 26]",97.02899
"('SOFT', 'HARD', 'HARD')","[13, 27]",97.063995
"('SOFT', 'HARD', 'HARD')","[13, 28]",97.09899
"('SOFT', 'HARD', 'HARD')","[13, 29]",97.133995
"('SOFT', 'HARD', 'HARD')","[13, 30]",97.16899
"('SOFT', 'HARD', 'HARD')","[13, 31]",97.203995
"('SOFT', 'HARD', 'HARD')","[13, 32]",97.23899
"('SOFT', 'HARD', 'HARD')","[13, 33]",97.273994
"('SOFT', 'HARD', 'HARD')","[13, 34]",97.30899
"('SOFT', 'HARD', 'HARD')","[13, 35]",97.343994
"('SOFT', 'HARD', 'HARD')","[13, 36]",97.37899
"('SOFT', 'HARD', 'HARD')","[13, 37]",97.413994
"('SOFT', 'HARD', 'HARD')","[13, 38]",97.44899
"('SOFT', 'HARD', 'HARD')","[13, 39]",97.48399
"('SOFT', 'HARD', 'HARD')","[13, 40]",97.51899
"('SOFT', 'HARD', 'HARD')","[13, 41]",97.55399
"('SOFT', 'HARD', 'HARD')","[13, 42]",97.58899
"('SOFT', 'HARD', 'HARD')","[13, 43]",97.62399
"('SOFT', 'HARD', 'HARD')","[13, 44]",97.659
"('SOFT', 'HARD', 'HARD')","[13, 45]",97.69399
"('SOFT', 'HARD', 'HARD')","[13, 46]",97.729
"('SOFT', 'HARD', 'HARD')","[14, 15]",96.59444
"('SOFT', 'HARD', 'HARD')","[14, 16]",96.62943
"('SOFT', 'HARD', 'HARD')","[14, 17]",96.66444
"('SOFT', 'HARD', 'HARD')","[14, 18]",96.69943
"('SOFT', 'HARD', 'HARD')","[14, 19]",96.734436
"('SOFT', 'HARD', 'HARD')","[14, 20]",96.76943
"('SOFT', 'HARD', 'HARD')","[14, 21]",96.804436
"('SOFT', 'HARD', 'HARD')","[14, 22]",96.83943
"('SOFT', 'HARD', 'HARD')","[14, 23]",96.874435
"('SOFT', 'HARD', 'HARD')","[14, 24]",96.90944
"('SOFT', 'HARD', 'HARD')","[14, 25]",96.944435
"('SOFT', 'HARD', 'HARD')","[14, 26]",96.97943
"('SOFT', 'HARD', 'HARD')","[14, 27]",97.014435
"('SOFT', 'HARD', 'HARD')","[14, 28]",97.04943
"('SOFT', 'HARD', 'HARD')","[14, 29]",97.084435
"('SOFT', 'HARD', 'HARD')","[14, 30]",97.11943
"('SOFT', 'HARD', 'HARD')","[14, 31]",97.154434
"('SOFT', 'HARD', 'HARD')","[14, 32]",97.18944
"('SOFT', 'HARD', 'HARD')","[14, 33]",97.224434
"('SOFT', 'HARD', 'HARD')","[14, 34]",97.25943
"('SOFT', 'HARD', 'HARD')","[14, 35]",97.29443
"('SOFT', 'HARD', 'HARD')","[14, 36]",97.32943
"('SOFT', 'HARD', 'HARD')","[14, 37]",97.36443
"('SOFT', 'HARD', 'HARD')","[14, 38]",97.39943
"('SOFT', 'HARD', 'HARD')","[14, 39]",97.43443
"('SOFT', 'HARD', 'HARD')","[14, 40]",97.46944
"('SOFT', 'HARD', 'HARD')","[14, 41]",97.50443
"('SOFT', 'HARD', 'HARD')","[14, 42]",97.53943
"('SOFT', 'HARD', 'HARD')","[14, 43]",97.57443
"('SOFT', 'HARD', 'HARD')","[14, 44]",97.609436
"('SOFT', 'HARD', 'HARD')","[14, 45]",97.64443
"('SOFT', 'HARD', 'HARD')","[14, 46]",97.679436
"('SOFT', 'HARD', 'HARD')","[15, 16]",96.57988
"('SOFT', 'HARD', 'HARD')","[15, 17]",96.61488
"('SOFT', 'HARD', 'HARD')","[15, 18]",96.64988
"('SOFT', 'HARD', 'HARD')","[15, 19]",96.68488
"('SOFT', 'HARD', 'HARD')","[15, 20]",96.71988
"('SOFT', 'HARD', 'HARD')","[15, 21]",96.75488
"('SOFT', 'HARD', 'HARD')","[15, 22]",96.78989
"('SOFT', 'HARD', 'HARD')","[15, 23]",96.824875
"('SOFT', 'HARD', 'HARD')","[15, 24]",96.85988
"('SOFT', 'HARD', 'HARD')","[15, 25]",96.89488
"('SOFT', 'HARD', 'HARD')","[15, 26]",96.929886
"('SOFT', 'HARD', 'HARD')","[15, 27]",96.964874
"('SOFT', 'HARD', 'HARD')","[15, 28]",96.99988
"('SOFT', 'HARD', 'HARD')","[15, 29]",97.03488
"('SOFT', 'HARD', 'HARD')","[15, 30]",97.069885
"('SOFT', 'HARD', 'HARD')","[15, 31]",97.10487
"('SOFT', 'HARD', 'HARD')","[15, 32]",97.13988
"('SOFT', 'HARD', 'HARD')","[15, 33]",97.17488
"('SOFT', 'HARD', 'HARD')","[15, 34]",97.209885
"('SOFT', 'HARD', 'HARD')","[15, 35]",97.24487
"('SOFT', 'HARD', 'HARD')","[15, 36]",97.27988
"('SOFT', 'HARD', 'HARD')","[15, 37]",97.31488
"('SOFT', 'HARD', 'HARD')","[15, 38]",97.349884
"('SOFT', 'HARD', 'HARD')","[15, 39]",97.38487
"('SOFT', 'HARD', 'HARD')","[15, 40]",97.419876
"('SOFT', 'HARD', 'HARD')","[15, 41]",97.45488
"('SOFT', 'HARD', 'HARD')","[15, 42]",97.48988
"('SOFT', 'HARD', 'HARD')","[15, 43]",97.52487
"('SOFT', 'HARD', 'HARD')","[15, 44]",97.559875
"('SOFT', 'HARD', 'HARD')","[15, 45]",97.59488
"('SOFT', 'HARD', 'HARD')","[15, 46]",97.62988
"('SOFT', 'HARD', 'HARD')","[16, 17]",96.56532
"('SOFT', 'HARD', 'HARD')","[16, 18]",96.60032
"('SOFT', 'HARD', 'HARD')","[16, 19]",96.63532
"('SOFT', 'HARD', 'HARD')","[16, 20]",96.67032
"('SOFT', 'HARD', 'HARD')","[16, 21]",96.70532
"('SOFT', 'HARD', 'HARD')","[16, 22]",96.740326
"('SOFT', 'HARD', 'HARD')","[16, 23]",96.775314
"('SOFT', 'HARD', 'HARD')","[16, 24]",96.81032
"('SOFT', 'HARD', 'HARD')","[16, 25]",96.84532
"('SOFT', 'HARD', 'HARD')","[16, 26]",96.880325
"('SOFT', 'HARD', 'HARD')","[16, 27]",96.91533
"('SOFT', 'HARD', 'HARD')","[16, 28]",96.950325
"('SOFT', 'HARD', 'HARD')","[16, 29]",96.98532
"('SOFT', 'HARD', 'HARD')","[16, 30]",97.020325
"('SOFT', 'HARD', 'HARD')","[16, 31]",97.05531
"('SOFT', 'HARD', 'HARD')","[16, 32]",97.09032
"('SOFT', 'HARD', 'HARD')","[16, 33]",97.12532
"('SOFT', 'HARD', 'HARD')","[16, 34]",97.160324
"('SOFT', 'HARD', 'HARD')","[16, 35]",97.19533
"('SOFT', 'HARD', 'HARD')","[16, 36]",97.23032
"('SOFT', 'HARD', 'HARD')","[16, 37]",97.26532
"('SOFT', 'HARD', 'HARD')","[16, 38]",97.30032
"('SOFT', 'HARD', 'HARD')","[16, 39]",97.33531
"('SOFT', 'HARD', 'HARD')","[16, 40]",97.370316
"('SOFT', 'HARD', 'HARD')","[16, 41]",97.40532
"('SOFT', 'HARD', 'HARD')","[16, 42]",97.44032
"('SOFT', 'HARD', 'HARD')","[16, 43]",97.47533
"('SOFT', 'HARD', 'HARD')","[16, 44]",97.51033
"('SOFT', 'HARD', 'HARD')","[16, 45]",97.54533
"('SOFT', 'HARD', 'HARD')","[16, 46]",97.58032
"('SOFT', 'HARD', 'HARD')","[17, 18]",96.550766
"('SOFT', 'HARD', 'HARD')","[17, 19]",96.58577
"('SOFT', 'HARD', 'HARD')","[17, 20]",96.620766
"('SOFT', 'HARD', 'HARD')","[17, 21]",96.65577
"('SOFT', 'HARD', 'HARD')","[17, 22]",96.690765
"('SOFT', 'HARD', 'HARD')","[17, 23]",96.72577
"('SOFT', 'HARD', 'HARD')","[17, 24]",96.760765
"('SOFT', 'HARD', 'HARD')","[17, 25]",96.79577
"('SOFT', 'HARD', 'HARD')","[17, 26]",96.830765
"('SOFT', 'HARD', 'HARD')","[17, 27]",96.86577
"('SOFT', 'HARD', 'HARD')","[17, 28]",96.900764
"('SOFT', 'HARD', 'HARD')","[17, 29]",96.93577
"('SOFT', 'HARD', 'HARD')","[17, 30]",96.970764
"('SOFT', 'HARD', 'HARD')","[17, 31]",97.00577
"('SOFT', 'HARD', 'HARD')","[17, 32]",97.040764
"('SOFT', 'HARD', 'HARD')","[17, 33]",97.07577
"('SOFT', 'HARD', 'HARD')","[17, 34]",97.11076
"('SOFT', 'HARD', 'HARD')","[17, 35]",97.14577
"('SOFT', 'HARD', 'HARD')","[17, 36]",97.18076
"('SOFT', 'HARD', 'HARD')","[17, 37]",97.21577
"('SOFT', 'HARD', 'HARD')","[17, 38]",97.25076
"('SOFT', 'HARD', 'HARD')","[17, 39]",97.28577
"('SOFT', 'HARD', 'HARD')","[17, 40]",97.32076
"('SOFT', 'HARD', 'HARD')","[17, 41]",97.35577
"('SOFT', 'HARD', 'HARD')","[17, 42]",97.39076
"('SOFT', 'HARD', 'HARD')","[17, 43]",97.425766
"('SOFT', 'HARD', 'HARD')","[17, 44]",97.46077
"('SOFT', 'HARD', 'HARD')","[17, 45]",97.495766
"('SOFT', 'HARD', 'HARD')","[17, 46]",97.53077
"('SOFT', 'HARD', 'HARD')","[18, 19]",96.53621
"('SOFT', 'HARD', 'HARD')","[18, 20]",96.571205
"('SOFT', 'HARD', 'HARD')","[18, 21]",96.60621
"('SOFT', 'HARD', 'HARD')","[18, 22]",96.641205
"('SOFT', 'HARD', 'HARD')","[18, 23]",96.67621
"('SOFT', 'HARD', 'HARD')","[18, 24]",96.71121
"('SOFT', 'HARD', 'HARD')","[18, 25]",96.74621
"('SOFT', 'HARD', 'HARD')","[18, 26]",96.781204
"('SOFT', 'HARD', 'HARD')","[18, 27]",96.81621
"('SOFT', 'HARD', 'HARD')","[18, 28]",96.851204
"('SOFT', 'HARD', 'HARD')","[18, 29]",96.88621
"('SOFT', 'HARD', 'HARD')","[18, 30]",96.9212
"('SOFT', 'HARD', 'HARD')","[18, 31]",96.95621
"('SOFT', 'HARD', 'HARD')","[18, 32]",96.99121
"('SOFT', 'HARD', 'HARD')","[18, 33]",97.02621
"('SOFT', 'HARD', 'HARD')","[18, 34]",97.0612
"('SOFT', 'HARD', 'HARD')","[18, 35]",97.09621
"('SOFT', 'HARD', 'HARD')","[18, 36]",97.1312
"('SOFT', 'HARD', 'HARD')","[18, 37]",97.16621
"('SOFT', 'HARD', 'HARD')","[18, 38]",97.2012
"('SOFT', 'HARD', 'HARD')","[18, 39]",97.236206
"('SOFT', 'HARD', 'HARD')","[18, 40]",97.27121
"('SOFT', 'HARD', 'HARD')","[18, 41]",97.306206
"('SOFT', 'HARD', 'HARD')","[18, 42]",97.3412
"('SOFT', 'HARD', 'HARD')","[18, 43]",97.376205
"('SOFT', 'HARD', 'HARD')","[18, 44]",97.41121
"('SOFT', 'HARD', 'HARD')","[18, 45]",97.446205
"('SOFT', 'HARD', 'HARD')","[18, 46]",97.48121
"('SOFT', 'HARD', 'HARD')","[19, 20]",96.52165
"('SOFT', 'HARD', 'HARD')","[19, 21]",96.556656
"('SOFT', 'HARD', 'HARD')","[19, 22]",96.59166
"('SOFT', 'HARD', 'HARD')","[19, 23]",96.62665
"('SOFT', 'HARD', 'HARD')","[19, 24]",96.66165
"('SOFT', 'HARD', 'HARD')","[19, 25]",96.696655
"('SOFT', 'HARD', 'HARD')","[19, 26]",96.73166
"('SOFT', 'HARD', 'HARD')","[19, 27]",96.76665
"('SOFT', 'HARD', 'HARD')","[19, 28]",96.80165
"('SOFT', 'HARD', 'HARD')","[19, 29]",96.836655
"('SOFT', 'HARD', 'HARD')","[19, 30]",96.87166
"('SOFT', 'HARD', 'HARD')","[19, 31]",96.90665
"('SOFT', 'HARD', 'HARD')","[19, 32]",96.94165
"('SOFT', 'HARD', 'HARD')","[19, 33]",96.976654
"('SOFT', 'HARD', 'HARD')","[19, 34]",97.01166
"('SOFT', 'HARD', 'HARD')","[19, 35]",97.046646
"('SOFT', 'HARD', 'HARD')","[19, 36]",97.08165
"('SOFT', 'HARD', 'HARD')","[19, 37]",97.11665
"('SOFT', 'HARD', 'HARD')","[19, 38]",97.15166
"('SOFT', 'HARD', 'HARD')","[19, 39]",97.186646
"('SOFT', 'HARD', 'HARD')","[19, 40]",97.22165
"('SOFT', 'HARD', 'HARD')","[19, 41]",97.25665
"('SOFT', 'HARD', 'HARD')","[19, 42]",97.29166
"('SOFT', 'HARD', 'HARD')","[19, 43]",97.326645
"('SOFT', 'HARD', 'HARD')","[19, 44]",97.36165
"('SOFT', 'HARD', 'HARD')","[19, 45]",97.39665
"('SOFT', 'HARD', 'HARD')","[19, 46]",97.431656
"('SOFT', 'HARD', 'HARD')","[20, 21]",96.507095
"('SOFT', 'HARD', 'HARD')","[20, 22]",96.5421
"('SOFT', 'HARD', 'HARD')","[20, 23]",96.57709
"('SOFT', 'HARD', 'HARD')","[20, 24]",96.61209
"('SOFT', 'HARD', 'HARD')","[20, 25]",96.647095
"('SOFT', 'HARD', 'HARD')","[20, 26]",96.6821
"('SOFT', 'HARD', 'HARD')","[20, 27]",96.7171
"('SOFT', 'HARD', 'HARD')","[20, 28]",96.7521
"('SOFT', 'HARD', 'HARD')","[20, 29]",96.787094
"('SOFT', 'HARD', 'HARD')","[20, 30]",96.8221
"('SOFT', 'HARD', 'HARD')","[20, 31]",96.857086
"('SOFT', 'HARD', 'HARD')","[20, 32]",96.89209
"('SOFT', 'HARD', 'HARD')","[20, 33]",96.92709
"('SOFT', 'HARD', 'HARD')","[20, 34]",96.9621
"('SOFT', 'HARD', 'HARD')","[20, 35]",96.9971
"('SOFT', 'HARD', 'HARD')","[20, 36]",97.0321
"('SOFT', 'HARD', 'HARD')","[20, 37]",97.06709
"('SOFT', 'HARD', 'HARD')","[20, 38]",97.1021
"('SOFT', 'HARD', 'HARD')","[20, 39]",97.137085
"('SOFT', 'HARD', 'HARD')","[20, 40]",97.17209
"('SOFT', 'HARD', 'HARD')","[20, 41]",97.20709
"('SOFT', 'HARD', 'HARD')","[20, 42]",97.242096
"('SOFT', 'HARD', 'HARD')","[20, 43]",97.2771
"('SOFT', 'HARD', 'HARD')","[20, 44]",97.3121
"('SOFT', 'HARD', 'HARD')","[20, 45]",97.3471
"('SOFT', 'HARD', 'HARD')","[20, 46]",97.382095
"('SOFT', 'HARD', 'HARD')","[21, 22]",96.49254
"('SOFT', 'HARD', 'HARD')","[21, 23]",96.52754
"('SOFT', 'HARD', 'HARD')","[21, 24]",96.56254
"('SOFT', 'HARD', 'HARD')","[21, 25]",96.59754
"('SOFT', 'HARD', 'HARD')","[21, 26]",96.63254
"('SOFT', 'HARD', 'HARD')","[21, 27]",96.66754
"('SOFT', 'HARD', 'HARD')","[21, 28]",96.70254
"('SOFT', 'HARD', 'HARD')","[21, 29]",96.73753
"('SOFT', 'HARD', 'HARD')","[21, 30]",96.77254
"('SOFT', 'HARD', 'HARD')","[21, 31]",96.80754
"('SOFT', 'HARD', 'HARD')","[21, 32]",96.84254
"('SOFT', 'HARD', 'HARD')","[21, 33]",96.87754
"('SOFT', 'HARD', 'HARD')","[21, 34]",96.91254
"('SOFT', 'HARD', 'HARD')","[21, 35]",96.94754
"('SOFT', 'HARD', 'HARD')","[21, 36]",96.98254
"('SOFT', 'HARD', 'HARD')","[21, 37]",97.01753
"('SOFT', 'HARD', 'HARD')","[21, 38]",97.052536
"('SOFT', 'HARD', 'HARD')","[21, 39]",97.08754
"('SOFT', 'HARD', 'HARD')","[21, 40]",97.122536
"('SOFT', 'HARD', 'HARD')","[21, 41]",97.15754
"('SOFT', 'HARD', 'HARD')","[21, 42]",97.192535
"('SOFT', 'HARD', 'HARD')","[21, 43]",97.22754
"('SOFT', 'HARD', 'HARD')","[21, 44]",97.26254
"('SOFT', 'HARD', 'HARD')","[21, 45]",97.29754
"('SOFT', 'HARD', 'HARD')","[21, 46]",97.332535
"('SOFT', 'HARD', 'HARD')","[22, 23]",96.47798
"('SOFT', 'HARD', 'HARD')","[22, 24]",96.512985
"('SOFT', 'HARD', 'HARD')","[22, 25]",96.54798
"('SOFT', 'HARD', 'HARD')","[22, 26]",96.58298
"('SOFT', 'HARD', 'HARD')","[22, 27]",96.61798
"('SOFT', 'HARD', 'HARD')","[22, 28]",96.65298
"('SOFT', 'HARD', 'HARD')","[22, 29]",96.68798
"('SOFT', 'HARD', 'HARD')","[22, 30]",96.72298
"('SOFT', 'HARD', 'HARD')","[22, 31]",96.75798
"('SOFT', 'HARD', 'HARD')","[22, 32]",96.792984
"('SOFT', 'HARD', 'HARD')","[22, 33]",96.82798
"('SOFT', 'HARD', 'HARD')","[22, 34]",96.862976
"('SOFT', 'HARD', 'HARD')","[22, 35]",96.89798
"('SOFT', 'HARD', 'HARD')","[22, 36]",96.932976
"('SOFT', 'HARD', 'HARD')","[22, 37]",96.96798
"('SOFT', 'HARD', 'HARD')","[22, 38]",97.002975
"('SOFT', 'HARD', 'HARD')","[22, 39]",97.03798
"('SOFT', 'HARD', 'HARD')","[22, 40]",97.07298
"('SOFT', 'HARD', 'HARD')","[22, 41]",97.10798
"('SOFT', 'HARD', 'HARD')","[22, 42]",97.142975
"('SOFT', 'HARD', 'HARD')","[22, 43]",97.17798
"('SOFT', 'HARD', 'HARD')","[22, 44]",97.21298
"('SOFT', 'HARD', 'HARD')","[22, 45]",97.24798
"('SOFT', 'HARD', 'HARD')","[22, 46]",97.28298
"('SOFT', 'HARD', 'HARD')","[23, 24]",96.463425
"('SOFT', 'HARD', 'HARD')","[23, 25]",96.49842
"('SOFT', 'HARD', 'HARD')","[23, 26]",96.53343
"('SOFT', 'HARD', 'HARD')","[23, 27]",96.56842
"('SOFT', 'HARD', 'HARD')","[23, 28]",96.603424
"('SOFT', 'HARD', 'HARD')","[23, 29]",96.63843
"('SOFT', 'HARD', 'HARD')","[23, 30]",96.673416
"('SOFT', 'HARD', 'HARD')","[23, 31]",96.70842
"('SOFT', 'HARD', 'HARD')","[23, 32]",96.74342
"('SOFT', 'HARD', 'HARD')","[23, 33]",96.77842
"('SOFT', 'HARD', 'HARD')","[23, 34]",96.81343
"('SOFT', 'HARD', 'HARD')","[23, 35]",96.84842
"('SOFT', 'HARD', 'HARD')","[23, 36]",96.88342
"('SOFT', 'HARD', 'HARD')","[23, 37]",96.91843
"('SOFT', 'HARD', 'HARD')","[23, 38]",96.953415
"('SOFT', 'HARD', 'HARD')","[23, 39]",96.98842
"('SOFT', 'HARD', 'HARD')","[23, 40]",97.02342
"('SOFT', 'HARD', 'HARD')","[23, 41]",97.05842
"('SOFT', 'HARD', 'HARD')","[23, 42]",97.09343
"('SOFT', 'HARD', 'HARD')","[23, 43]",97.12842
"('SOFT', 'HARD', 'HARD')","[23, 44]",97.16342
"('SOFT', 'HARD', 'HARD')","[23, 45]",97.198425
"('SOFT', 'HARD', 'HARD')","[23, 46]",97.23343
"('SOFT', 'HARD', 'HARD')","[24, 25]",96.44887
"('SOFT', 'HARD', 'HARD')","[24, 26]",96.48387
"('SOFT', 'HARD', 'HARD')","[24, 27]",96.518875
"('SOFT', 'HARD', 'HARD')","[24, 28]",96.55387
"('SOFT', 'HARD', 'HARD')","[24, 29]",96.58887
"('SOFT', 'HARD', 'HARD')","[24, 30]",96.62387
"('SOFT', 'HARD', 'HARD')","[24, 31]",96.65886
"('SOFT', 'HARD', 'HARD')","[24, 32]",96.69386
"('SOFT', 'HARD', 'HARD')","[24, 33]",96.72887
"('SOFT', 'HARD', 'HARD')","[24, 34]",96.76387
"('SOFT', 'HARD', 'HARD')","[24, 35]",96.798874
"('SOFT', 'HARD', 'HARD')","[24, 36]",96.83387
"('SOFT', 'HARD', 'HARD')","[24, 37]",96.868866
"('SOFT', 'HARD', 'HARD')","[24, 38]",96.90387
"('SOFT', 'HARD', 'HARD')","[24, 39]",96.93886
"('SOFT', 'HARD', 'HARD')","[24, 40]",96.97386
"('SOFT', 'HARD', 'HARD')","[24, 41]",97.008865
"('SOFT', 'HARD', 'HARD')","[24, 42]",97.04387
"('SOFT', 'HARD', 'HARD')","[24, 43]",97.07887
"('SOFT', 'HARD', 'HARD')","[24, 44]",97.11388
"('SOFT', 'HARD', 'HARD')","[24, 45]",97.14887
"('SOFT', 'HARD', 'HARD')","[24, 46]",97.18387
"('SOFT', 'HARD', 'HARD')","[25, 26]",96.43431
"('SOFT', 'HARD', 'HARD')","[25, 27]",96.469315
"('SOFT', 'HARD', 'HARD')","[25, 28]",96.50431
"('SOFT', 'HARD', 'HARD')","[25, 29]",96.53931
"('SOFT', 'HARD', 'HARD')","[25, 30]",96.57431
"('SOFT', 'HARD', 'HARD')","[25, 31]",96.609314
"('SOFT', 'HARD', 'HARD')","[25, 32]",96.64431
"('SOFT', 'HARD', 'HARD')","[25, 33]",96.67931
"('SOFT', 'HARD', 'HARD')","[25, 34]",96.71431
"('SOFT', 'HARD', 'HARD')","[25, 35]",96.74931
"('SOFT', 'HARD', 'HARD')","[25, 36]",96.78431
"('SOFT', 'HARD', 'HARD')","[25, 37]",96.819305
"('SOFT', 'HARD', 'HARD')","[25, 38]",96.85431
"('SOFT', 'HARD', 'HARD')","[25, 39]",96.88931
"('SOFT', 'HARD', 'HARD')","[25, 40]",96.92431
"('SOFT', 'HARD', 'HARD')","[25, 41]",96.95931
"('SOFT', 'HARD', 'HARD')","[25, 42]",96.99431
"('SOFT', 'HARD', 'HARD')","[25, 43]",97.02931
"('SOFT', 'HARD', 'HARD')","[25, 44]",97.064316
"('SOFT', 'HARD', 'HARD')","[25, 45]",97.09931
"('SOFT', 'HARD', 'HARD')","[25, 46]",97.13431
"('SOFT', 'HARD', 'HARD')","[26, 27]",96.419754
"('SOFT', 'HARD', 'HARD')","[26, 28]",96.45475
"('SOFT', 'HARD', 'HARD')","[26, 29]",96.48975
"('SOFT', 'HARD', 'HARD')","[26, 30]",96.52475
"('SOFT', 'HARD', 'HARD')","[26, 31]",96.55975
"('SOFT', 'HARD', 'HARD')","[26, 32]",96.59476
"('SOFT', 'HARD', 'HARD')","[26, 33]",96.62975
"('SOFT', 'HARD', 'HARD')","[26, 34]",96.66475
"('SOFT', 'HARD', 'HARD')","[26, 35]",96.69975
"('SOFT', 'HARD', 'HARD')","[26, 36]",96.73475
"('SOFT', 'HARD', 'HARD')","[26, 37]",96.76975
"('SOFT', 'HARD', 'HARD')","[26, 38]",96.80475
"('SOFT', 'HARD', 'HARD')","[26, 39]",96.83975
"('SOFT', 'HARD', 'HARD')","[26, 40]",96.874756
"('SOFT', 'HARD', 'HARD')","[26, 41]",96.90975
"('SOFT', 'HARD', 'HARD')","[26, 42]",96.94475
"('SOFT', 'HARD', 'HARD')","[26, 43]",96.97975
"('SOFT', 'HARD', 'HARD')","[26, 44]",97.014755
"('SOFT', 'HARD', 'HARD')","[26, 45]",97.04975
"('SOFT', 'HARD', 'HARD')","[26, 46]",97.084755
"('SOFT', 'HARD', 'HARD')","[27, 28]",96.4052
"('SOFT', 'HARD', 'HARD')","[27, 29]",96.4402
"('SOFT', 'HARD', 'HARD')","[27, 30]",96.47519
"('SOFT', 'HARD', 'HARD')","[27, 31]",96.51019
"('SOFT', 'HARD', 'HARD')","[27, 32]",96.5452
"('SOFT', 'HARD', 'HARD')","[27, 33]",96.58019
"('SOFT', 'HARD', 'HARD')","[27, 34]",96.615204
"('SOFT', 'HARD', 'HARD')","[27, 35]",96.65019
"('SOFT', 'HARD', 'HARD')","[27, 36]",96.685196
"('SOFT', 'HARD', 'HARD')","[27, 37]",96.7202
"('SOFT', 'HARD', 'HARD')","[27, 38]",96.75519
"('SOFT', 'HARD', 'HARD')","[27, 39]",96.79019
"('SOFT', 'HARD', 'HARD')","[27, 40]",96.825195
"('SOFT', 'HARD', 'HARD')","[27, 41]",96.86019
"('SOFT', 'HARD', 'HARD')","[27, 42]",96.8952
"('SOFT', 'HARD', 'HARD')","[27, 43]",96.93019
"('SOFT', 'HARD', 'HARD')","[27, 44]",96.965195
"('SOFT', 'HARD', 'HARD')","[27, 45]",97.0002
"('SOFT', 'HARD', 'HARD')","[27, 46]",97.0352
"('SOFT', 'HARD', 'HARD')","[28, 29]",96.39064
"('SOFT', 'HARD', 'HARD')","[28, 30]",96.425644
"('SOFT', 'HARD', 'HARD')","[28, 31]",96.46063
"('SOFT', 'HARD', 'HARD')","[28, 32]",96.495636
"('SOFT', 'HARD', 'HARD')","[28, 33]",96.53064
"('SOFT', 'HARD', 'HARD')","[28, 34]",96.56564
"('SOFT', 'HARD', 'HARD')","[28, 35]",96.60065
"('SOFT', 'HARD', 'HARD')","[28, 36]",96.63564
"('SOFT', 'HARD', 'HARD')","[28, 37]",96.67064
"('SOFT', 'HARD', 'HARD')","[28, 38]",96.70564
"('SOFT', 'HARD', 'HARD')","[28, 39]",96.74063
"('SOFT', 'HARD', 'HARD')","[28, 40]",96.775635
"('SOFT', 'HARD', 'HARD')","[28, 41]",96.81064
"('SOFT', 'HARD', 'HARD')","[28, 42]",96.84564
"('SOFT', 'HARD', 'HARD')","[28, 43]",96.880646
"('SOFT', 'HARD', 'HARD')","[28, 44]",96.91565
"('SOFT', 'HARD', 'HARD')","[28, 45]",96.950645
"('SOFT', 'HARD', 'HARD')","[28, 46]",96.98564
"('SOFT', 'HARD', 'HARD')","[29, 30]",96.37608
"('SOFT', 'HARD', 'HARD')","[29, 31]",96.41109
"('SOFT', 'HARD', 'HARD')","[29, 32]",96.44608
"('SOFT', 'HARD', 'HARD')","[29, 33]",96.48109
"('SOFT', 'HARD', 'HARD')","[29, 34]",96.51608
"('SOFT', 'HARD', 'HARD')","[29, 35]",96.55109
"('SOFT', 'HARD', 'HARD')","[29, 36]",96.58608
"('SOFT', 'HARD', 'HARD')","[29, 37]",96.62108
"('SOFT', 'HARD', 'HARD')","[29, 38]",96.65608
"('SOFT', 'HARD', 'HARD')","[29, 39]",96.691086
"('SOFT', 'HARD', 'HARD')","[29, 40]",96.72608
"('SOFT', 'HARD', 'HARD')","[29, 41]",96.761086
"('SOFT', 'HARD', 'HARD')","[29, 42]",96.79608
"('SOFT', 'HARD', 'HARD')","[29, 43]",96.831085
"('SOFT', 'HARD', 'HARD')","[29, 44]",96.86609
"('SOFT', 'HARD', 'HARD')","[29, 45]",96.901085
"('SOFT', 'HARD', 'HARD')","[29, 46]",96.93608
"('SOFT', 'HARD', 'HARD')","[30, 31]",96.36153
"('SOFT', 'HARD', 'HARD')","[30, 32]",96.39653
"('SOFT', 'HARD', 'HARD')","[30, 33]",96.431526
"('SOFT', 'HARD', 'HARD')","[30, 34]",96.46652
"('SOFT', 'HARD', 'HARD')","[30, 35]",96.501526
"('SOFT', 'HARD', 'HARD')","[30, 36]",96.53652
"('SOFT', 'HARD', 'HARD')","[30, 37]",96.571526
"('SOFT', 'HARD', 'HARD')","[30, 38]",96.60652
"('SOFT', 'HARD', 'HARD')","[30, 39]",96.641525
"('SOFT', 'HARD', 'HARD')","[30, 40]",96.67653
"('SOFT', 'HARD', 'HARD')","[30, 41]",96.711525
"('SOFT', 'HARD', 'HARD')","[30, 42]",96.74652
"('SOFT', 'HARD', 'HARD')","[30, 43]",96.781525
"('SOFT', 'HARD', 'HARD')","[30, 44]",96.81653
"('SOFT', 'HARD', 'HARD')","[30, 45]",96.851524
"('SOFT', 'HARD', 'HARD')","[30, 46]",96.88653
"('SOFT', 'HARD', 'HARD')","[31, 32]",96.34697
"('SOFT', 'HARD', 'HARD')","[31, 33]",96.381966
"('SOFT', 'HARD', 'HARD')","[31, 34]",96.41698
"('SOFT', 'HARD', 'HARD')","[31, 35]",96.451965
"('SOFT', 'HARD', 'HARD')","[31, 36]",96.48697
"('SOFT', 'HARD', 'HARD')","[31, 37]",96.52197
"('SOFT', 'HARD', 'HARD')","[31, 38]",96.55696
"('SOFT', 'HARD', 'HARD')","[31, 39]",96.591965
"('SOFT', 'HARD', 'HARD')","[31, 40]",96.62697
"('SOFT', 'HARD', 'HARD')","[31, 41]",96.661964
"('SOFT', 'HARD', 'HARD')","[31, 42]",96.696976
"('SOFT', 'HARD', 'HARD')","[31, 43]",96.731964
"('SOFT', 'HARD', 'HARD')","[31, 44]",96.76697
"('SOFT', 'HARD', 'HARD')","[31, 45]",96.80197
"('SOFT', 'HARD', 'HARD')","[31, 46]",96.836975
"('SOFT', 'HARD', 'HARD')","[32, 33]",96.33241
"('SOFT', 'HARD', 'HARD')","[32, 34]",96.36742
"('SOFT', 'HARD', 'HARD')","[32, 35]",96.40242
"('SOFT', 'HARD', 'HARD')","[32, 36]",96.437416
"('SOFT', 'HARD', 'HARD')","[32, 37]",96.47241
"('SOFT', 'HARD', 'HARD')","[32, 38]",96.507416
"('SOFT', 'HARD', 'HARD')","[32, 39]",96.542404
"('SOFT', 'HARD', 'HARD')","[32, 40]",96.57741
"('SOFT', 'HARD', 'HARD')","[32, 41]",96.61241
"('SOFT', 'HARD', 'HARD')","[32, 42]",96.647415
"('SOFT', 'HARD', 'HARD')","[32, 43]",96.68242
"('SOFT', 'HARD', 'HARD')","[32, 44]",96.71742
"('SOFT', 'HARD', 'HARD')","[32, 45]",96.75242
"('SOFT', 'HARD', 'HARD')","[32, 46]",96.787415
"('SOFT', 'HARD', 'HARD')","[33, 34]",96.317856
"('SOFT', 'HARD', 'HARD')","[33, 35]",96.35286
"('SOFT', 'HARD', 'HARD')","[33, 36]",96.387856
"('SOFT', 'HARD', 'HARD')","[33, 37]",96.42285
"('SOFT', 'HARD', 'HARD')","[33, 38]",96.457855
"('SOFT', 'HARD', 'HARD')","[33, 39]",96.49284
"('SOFT', 'HARD', 'HARD')","[33, 40]",96.52785
"('SOFT', 'HARD', 'HARD')","[33, 41]",96.56285
"('SOFT', 'HARD', 'HARD')","[33, 42]",96.597855
"('SOFT', 'HARD', 'HARD')","[33, 43]",96.63286
"('SOFT', 'HARD', 'HARD')","[33, 44]",96.66786
"('SOFT', 'HARD', 'HARD')","[33, 45]",96.70286
"('SOFT', 'HARD', 'HARD')","[33, 46]",96.737854
"('SOFT', 'HARD', 'HARD')","[34, 35]",96.3033
"('SOFT', 'HARD', 'HARD')","[34, 36]",96.338295
"('SOFT', 'HARD', 'HARD')","[34, 37]",96.37329
"('SOFT', 'HARD', 'HARD')","[34, 38]",96.408295
"('SOFT', 'HARD', 'HARD')","[34, 39]",96.4433
"('SOFT', 'HARD', 'HARD')","[34, 40]",96.478294
"('SOFT', 'HARD', 'HARD')","[34, 41]",96.5133
"('SOFT', 'HARD', 'HARD')","[34, 42]",96.548294
"('SOFT', 'HARD', 'HARD')","[34, 43]",96.5833
"('SOFT', 'HARD', 'HARD')","[34, 44]",96.6183
"('SOFT', 'HARD', 'HARD')","[34, 45]",96.6533
"('SOFT', 'HARD', 'HARD')","[34, 46]",96.68829
"('SOFT', 'HARD', 'HARD')","[35, 36]",96.28874
"('SOFT', 'HARD', 'HARD')","[35, 37]",96.323746
"('SOFT', 'HARD', 'HARD')","[35, 38]",96.358734
"('SOFT', 'HARD', 'HARD')","[35, 39]",96.39374
"('SOFT', 'HARD', 'HARD')","[35, 40]",96.42874
"('SOFT', 'HARD', 'HARD')","[35, 41]",96.46374
"('SOFT', 'HARD', 'HARD')","[35, 42]",96.49875
"('SOFT', 'HARD', 'HARD')","[35, 43]",96.53374
"('SOFT', 'HARD', 'HARD')","[35, 44]",96.56874
"('SOFT', 'HARD', 'HARD')","[35, 45]",96.603745
"('SOFT', 'HARD', 'HARD')","[35, 46]",96.63875
"('SOFT', 'HARD', 'HARD')","[36, 37]",96.274185
"('SOFT', 'HARD', 'HARD')","[36, 38]",96.30919
"('SOFT', 'HARD', 'HARD')","[36, 39]",96.34418
"('SOFT', 'HARD', 'HARD')","[36, 40]",96.37918
"('SOFT', 'HARD', 'HARD')","[36, 41]",96.414185
"('SOFT', 'HARD', 'HARD')","[36, 42]",96.44919
"('SOFT', 'HARD', 'HARD')","[36, 43]",96.48419
"('SOFT', 'HARD', 'HARD')","[36, 44]",96.519196
"('SOFT', 'HARD', 'HARD')","[36, 45]",96.55419
"('SOFT', 'HARD', 'HARD')","[36, 46]",96.58919
"('SOFT', 'HARD', 'HARD')","[37, 38]",96.25963
"('SOFT', 'HARD', 'HARD')","[37, 39]",96.29463
"('SOFT', 'HARD', 'HARD')","[37, 40]",96.329636
"('SOFT', 'HARD', 'HARD')","[37, 41]",96.36463
"('SOFT', 'HARD', 'HARD')","[37, 42]",96.39963
"('SOFT', 'HARD', 'HARD')","[37, 43]",96.43463
"('SOFT', 'HARD', 'HARD')","[37, 44]",96.469635
"('SOFT', 'HARD', 'HARD')","[37, 45]",96.50463
"('SOFT', 'HARD', 'HARD')","[37, 46]",96.539635
"('SOFT', 'HARD', 'HARD')","[38, 39]",96.24507
"('SOFT', 'HARD', 'HARD')","[38, 40]",96.280075
"('SOFT', 'HARD', 'HARD')","[38, 41]",96.31507
"('SOFT', 'HARD', 'HARD')","[38, 42]",96.35008
"('SOFT', 'HARD', 'HARD')","[38, 43]",96.38507
"('SOFT', 'HARD', 'HARD')","[38, 44]",96.420074
"('SOFT', 'HARD', 'HARD')","[38, 45]",96.45508
"('SOFT', 'HARD', 'HARD')","[38, 46]",96.49008
"('SOFT', 'HARD', 'HARD')","[39, 40]",96.230515
"('SOFT', 'HARD', 'HARD')","[39, 41]",96.26551
"('SOFT', 'HARD', 'HARD')","[39, 42]",96.30052
"('SOFT', 'HARD', 'HARD')","[39, 43]",96.33551
"('SOFT', 'HARD', 'HARD')","[39, 44]",96.370514
"('SOFT', 'HARD', 'HARD')","[39, 45]",96.40552
"('SOFT', 'HARD', 'HARD')","[39, 46]",96.44052
"('SOFT', 'HARD', 'HARD')","[40, 41]",96.21595
"('SOFT', 'HARD', 'HARD')","[40, 42]",96.250946
"('SOFT', 'HARD', 'HARD')","[40, 43]",96.28595
"('SOFT', 'HARD', 'HARD')","[40, 44]",96.32095
"('SOFT', 'HARD', 'HARD')","[40, 45]",96.35595
"('SOFT', 'HARD', 'HARD')","[40, 46]",96.39095
"('SOFT', 'HARD', 'HARD')","[41, 42]",96.2014
"('SOFT', 'HARD', 'HARD')","[41, 43]",96.236404
"('SOFT', 'HARD', 'HARD')","[41, 44]",96.27141
"('SOFT', 'HARD', 'HARD')","[41, 45]",96.306404
"('SOFT', 'HARD', 'HARD')","[41, 46]",96.3414
"('SOFT', 'HARD', 'HARD')","[42, 43]",96.18683
"('SOFT', 'HARD', 'HARD')","[42, 44]",96.22183
"('SOFT', 'HARD', 'HARD')","[42, 45]",96.256836
"('SOFT', 'HARD', 'HARD')","[42, 46]",96.29184
"('SOFT', 'HARD', 'HARD')","[43, 44]",96.17227
"('SOFT', 'HARD', 'HARD')","[43, 45]",96.207275
"('SOFT', 'HARD', 'HARD')","[43, 46]",96.24228
"('SOFT', 'HARD', 'HARD')","[44, 45]",96.15772
"('SOFT', 'HARD', 'HARD')","[44, 46]",96.19272
"('SOFT', 'HARD', 'HARD')","[45, 46]",96.14316
"('MEDIUM', 'SOFT', 'SOFT')","[10, 11]",91.209114
"('MEDIUM', 'SOFT', 'SOFT')","[10, 12]",91.24411
"('MEDIUM', 'SOFT', 'SOFT')","[10, 13]",91.27911
"('MEDIUM', 'SOFT', 'SOFT')","[10, 14]",91.31411
"('MEDIUM', 'SOFT', 'SOFT')","[10, 15]",91.34911
"('MEDIUM', 'SOFT', 'SOFT')","[10, 16]",91.38411
"('MEDIUM', 'SOFT', 'SOFT')","[10, 17]",91.41911
"('MEDIUM', 'SOFT', 'SOFT')","[10, 18]",91.45411
"('MEDIUM', 'SOFT', 'SOFT')","[10, 19]",91.48911
"('MEDIUM', 'SOFT', 'SOFT')","[10, 20]",91.52411
"('MEDIUM', 'SOFT', 'SOFT')","[10, 21]",91.55911
"('MEDIUM', 'SOFT', 'SOFT')","[10, 22]",91.59412
"('MEDIUM', 'SOFT', 'SOFT')","[10, 23]",91.62911
"('MEDIUM', 'SOFT', 'SOFT')","[10, 24]",91.66411
"('MEDIUM', 'SOFT', 'SOFT')","[10, 25]",91.69911
"('MEDIUM', 'SOFT', 'SOFT')","[10, 26]",91.734116
"('MEDIUM', 'SOFT', 'SOFT')","[10, 27]",91.76911
"('MEDIUM', 'SOFT', 'SOFT')","[10, 28]",91.80411
"('MEDIUM', 'SOFT', 'SOFT')","[10, 29]",91.83911
"('MEDIUM', 'SOFT', 'SOFT')","[10, 30]",91.874115
"('MEDIUM', 'SOFT', 'SOFT')","[10, 31]",91.90911
"('MEDIUM', 'SOFT', 'SOFT')","[10, 32]",91.94411
"('MEDIUM', 'SOFT', 'SOFT')","[10, 33]",91.97911
"('MEDIUM', 'SOFT', 'SOFT')","[10, 34]",92.014114
"('MEDIUM', 'SOFT', 'SOFT')","[10, 35]",92.04911
"('MEDIUM', 'SOFT', 'SOFT')","[10, 36]",92.08411
"('MEDIUM', 'SOFT', 'SOFT')","[10, 37]",92.11911
"('MEDIUM', 'SOFT', 'SOFT')","[10, 38]",92.15411
"('MEDIUM', 'SOFT', 'SOFT')","[10, 39]",92.18912
"('MEDIUM', 'SOFT', 'SOFT')","[10, 40]",92.22412
"('MEDIUM', 'SOFT', 'SOFT')","[10, 41]",92.25912
"('MEDIUM', 'SOFT', 'SOFT')","[10, 42]",92.29411
"('MEDIUM', 'SOFT', 'SOFT')","[10, 43]",92.32912
"('MEDIUM', 'SOFT', 'SOFT')","[10, 44]",92.36412
"('MEDIUM', 'SOFT', 'SOFT')","[10, 45]",92.39912
"('MEDIUM', 'SOFT', 'SOFT')","[10, 46]",92.43411
"('MEDIUM', 'SOFT', 'SOFT')","[11, 12]",91.10515
"('MEDIUM', 'SOFT', 'SOFT')","[11, 13]",91.140144
"('MEDIUM', 'SOFT', 'SOFT')","[11, 14]",91.17515
"('MEDIUM', 'SOFT', 'SOFT')","[11, 15]",91.210144
"('MEDIUM', 'SOFT', 'SOFT')","[11, 16]",91.24514
"('MEDIUM', 'SOFT', 'SOFT')","[11, 17]",91.28014
"('MEDIUM', 'SOFT', 'SOFT')","[11, 18]",91.31514
"('MEDIUM', 'SOFT', 'SOFT')","[11, 19]",91.35014
"('MEDIUM', 'SOFT', 'SOFT')","[11, 20]",91.38515
"('MEDIUM', 'SOFT', 'SOFT')","[11, 21]",91.42015
"('MEDIUM', 'SOFT', 'SOFT')","[11, 22]",91.45515
"('MEDIUM', 'SOFT', 'SOFT')","[11, 23]",91.49014
"('MEDIUM', 'SOFT', 'SOFT')","[11, 24]",91.52515
"('MEDIUM', 'SOFT', 'SOFT')","[11, 25]",91.56015
"('MEDIUM', 'SOFT', 'SOFT')","[11, 26]",91.595146
"('MEDIUM', 'SOFT', 'SOFT')","[11, 27]",91.63015
"('MEDIUM', 'SOFT', 'SOFT')","[11, 28]",91.665146
"('MEDIUM', 'SOFT', 'SOFT')","[11, 29]",91.70015
"('MEDIUM', 'SOFT', 'SOFT')","[11, 30]",91.735146
"('MEDIUM', 'SOFT', 'SOFT')","[11, 31]",91.77014
"('MEDIUM', 'SOFT', 'SOFT')","[11, 32]",91.805145
"('MEDIUM', 'SOFT', 'SOFT')","[11, 33]",91.84015
"('MEDIUM', 'SOFT', 'SOFT')","[11, 34]",91.875145
"('MEDIUM', 'SOFT', 'SOFT')","[11, 35]",91.91015
"('MEDIUM', 'SOFT', 'SOFT')","[11, 36]",91.945145
"('MEDIUM', 'SOFT', 'SOFT')","[11, 37]",91.98015
"('MEDIUM', 'SOFT', 'SOFT')","[11, 38]",92.015144
"('MEDIUM', 'SOFT', 'SOFT')","[11, 39]",92.05014
"('MEDIUM', 'SOFT', 'SOFT')","[11, 40]",92.085144
"('MEDIUM', 'SOFT', 'SOFT')","[11, 41]",92.12015
"('MEDIUM', 'SOFT', 'SOFT')","[11, 42]",92.15515
"('MEDIUM', 'SOFT', 'SOFT')","[11, 43]",92.190155
"('MEDIUM', 'SOFT', 'SOFT')","[11, 44]",92.22514
"('MEDIUM', 'SOFT', 'SOFT')","[11, 45]",92.26015
"('MEDIUM', 'SOFT', 'SOFT')","[11, 46]",92.29514
"('MEDIUM', 'SOFT', 'SOFT')","[12, 13]",91.001175
"('MEDIUM', 'SOFT', 'SOFT')","[12, 14]",91.03617
"('MEDIUM', 'SOFT', 'SOFT')","[12, 15]",91.071175
"('MEDIUM', 'SOFT', 'SOFT')","[12, 16]",91.10617
"('MEDIUM', 'SOFT', 'SOFT')","[12, 17]",91.141174
"('MEDIUM', 'SOFT', 'SOFT')","[12, 18]",91.17617
"('MEDIUM', 'SOFT', 'SOFT')","[12, 19]",91.211174
"('MEDIUM', 'SOFT', 'SOFT')","[12, 20]",91.24617
"('MEDIUM', 'SOFT', 'SOFT')","[12, 21]",91.28117
"('MEDIUM', 'SOFT', 'SOFT')","[12, 22]",91.31618
"('MEDIUM', 'SOFT', 'SOFT')","[12, 23]",91.35117
"('MEDIUM', 'SOFT', 'SOFT')","[12, 24]",91.38617
"('MEDIUM', 'SOFT', 'SOFT')","[12, 25]",91.42117
"('MEDIUM', 'SOFT', 'SOFT')","[12, 26]",91.45618
"('MEDIUM', 'SOFT', 'SOFT')","[12, 27]",91.49117
"('MEDIUM', 'SOFT', 'SOFT')","[12, 28]",91.52617
"('MEDIUM', 'SOFT', 'SOFT')","[12, 29]",91.56117
"('MEDIUM', 'SOFT', 'SOFT')","[12, 30]",91.596176
"('MEDIUM', 'SOFT', 'SOFT')","[12, 31]",91.63117
"('MEDIUM', 'SOFT', 'SOFT')","[12, 32]",91.66617
"('MEDIUM', 'SOFT', 'SOFT')","[12, 33]",91.70117
"('MEDIUM', 'SOFT', 'SOFT')","[12, 34]",91.736176
"('MEDIUM', 'SOFT', 'SOFT')","[12, 35]",91.77117
"('MEDIUM', 'SOFT', 'SOFT')","[12, 36]",91.80617
"('MEDIUM', 'SOFT', 'SOFT')","[12, 37]",91.84117
"('MEDIUM', 'SOFT', 'SOFT')","[12, 38]",91.876175
"('MEDIUM', 'SOFT', 'SOFT')","[12, 39]",91.91118
"('MEDIUM', 'SOFT', 'SOFT')","[12, 40]",91.94618
"('MEDIUM', 'SOFT', 'SOFT')","[12, 41]",91.98118
"('MEDIUM', 'SOFT', 'SOFT')","[12, 42]",92.016174
"('MEDIUM', 'SOFT', 'SOFT')","[12, 43]",92.05118
"('MEDIUM', 'SOFT', 'SOFT')","[12, 44]",92.08618
"('MEDIUM', 'SOFT', 'SOFT')","[12, 45]",92.12118
"('MEDIUM', 'SOFT', 'SOFT')","[12, 46]",92.15617
"('MEDIUM', 'SOFT', 'SOFT')","[13, 14]",90.89721
"('MEDIUM', 'SOFT', 'SOFT')","[13, 15]",90.932205
"('MEDIUM', 'SOFT', 'SOFT')","[13, 16]",90.9672
"('MEDIUM', 'SOFT', 'SOFT')","[13, 17]",91.002205
"('MEDIUM', 'SOFT', 'SOFT')","[13, 18]",91.0372
"('MEDIUM', 'SOFT', 'SOFT')","[13, 19]",91.072205
"('MEDIUM', 'SOFT', 'SOFT')","[13, 20]",91.10721
"('MEDIUM', 'SOFT', 'SOFT')","[13, 21]",91.14221
"('MEDIUM', 'SOFT', 'SOFT')","[13, 22]",91.17721
"('MEDIUM', 'SOFT', 'SOFT')","[13, 23]",91.212204
"('MEDIUM', 'SOFT', 'SOFT')","[13, 24]",91.24721
"('MEDIUM', 'SOFT', 'SOFT')","[13, 25]",91.28221
"('MEDIUM', 'SOFT', 'SOFT')","[13, 26]",91.31721
"('MEDIUM', 'SOFT', 'SOFT')","[13, 27]",91.35221
"('MEDIUM', 'SOFT', 'SOFT')","[13, 28]",91.38721
"('MEDIUM', 'SOFT', 'SOFT')","[13, 29]",91.42221
"('MEDIUM', 'SOFT', 'SOFT')","[13, 30]",91.45721
"('MEDIUM', 'SOFT', 'SOFT')","[13, 31]",91.4922
"('MEDIUM', 'SOFT', 'SOFT')","[13, 32]",91.52721
"('MEDIUM', 'SOFT', 'SOFT')","[13, 33]",91.56221
"('MEDIUM', 'SOFT', 'SOFT')","[13, 34]",91.597206
"('MEDIUM', 'SOFT', 'SOFT')","[13, 35]",91.63221
"('MEDIUM', 'SOFT', 'SOFT')","[13, 36]",91.667206
"('MEDIUM', 'SOFT', 'SOFT')","[13, 37]",91.70221
"('MEDIUM', 'SOFT', 'SOFT')","[13, 38]",91.737206
"('MEDIUM', 'SOFT', 'SOFT')","[13, 39]",91.7722
"('MEDIUM', 'SOFT', 'SOFT')","[13, 40]",91.807205
"('MEDIUM', 'SOFT', 'SOFT')","[13, 41]",91.84221
"('MEDIUM', 'SOFT', 'SOFT')","[13, 42]",91.87721
"('MEDIUM', 'SOFT', 'SOFT')","[13, 43]",91.91222
"('MEDIUM', 'SOFT', 'SOFT')","[13, 44]",91.947205
"('MEDIUM', 'SOFT', 'SOFT')","[13, 45]",91.98221
"('MEDIUM', 'SOFT', 'SOFT')","[13, 46]",92.017204
"('MEDIUM', 'SOFT', 'SOFT')","[14, 15]",90.793236
"('MEDIUM', 'SOFT', 'SOFT')","[14, 16]",90.82823
"('MEDIUM', 'SOFT', 'SOFT')","[14, 17]",90.863235
"('MEDIUM', 'SOFT', 'SOFT')","[14, 18]",90.89823
"('MEDIUM', 'SOFT', 'SOFT')","[14, 19]",90.933235
"('MEDIUM', 'SOFT', 'SOFT')","[14, 20]",90.96823
"('MEDIUM', 'SOFT', 'SOFT')","[14, 21]",91.003235
"('MEDIUM', 'SOFT', 'SOFT')","[14, 22]",91.03824
"('MEDIUM', 'SOFT', 'SOFT')","[14, 23]",91.073235
"('MEDIUM', 'SOFT', 'SOFT')","[14, 24]",91.10823
"('MEDIUM', 'SOFT', 'SOFT')","[14, 25]",91.143234
"('MEDIUM', 'SOFT', 'SOFT')","[14, 26]",91.17824
"('MEDIUM', 'SOFT', 'SOFT')","[14, 27]",91.213234
"('MEDIUM', 'SOFT', 'SOFT')","[14, 28]",91.24823
"('MEDIUM', 'SOFT', 'SOFT')","[14, 29]",91.28323
"('MEDIUM', 'SOFT', 'SOFT')","[14, 30]",91.31824
"('MEDIUM', 'SOFT', 'SOFT')","[14, 31]",91.35323
"('MEDIUM', 'SOFT', 'SOFT')","[14, 32]",91.38823
"('MEDIUM', 'SOFT', 'SOFT')","[14, 33]",91.42323
"('MEDIUM', 'SOFT', 'SOFT')","[14, 34]",91.45824
"('MEDIUM', 'SOFT', 'SOFT')","[14, 35]",91.49323
"('MEDIUM', 'SOFT', 'SOFT')","[14, 36]",91.52823
"('MEDIUM', 'SOFT', 'SOFT')","[14, 37]",91.56323
"('MEDIUM', 'SOFT', 'SOFT')","[14, 38]",91.598236
"('MEDIUM', 'SOFT', 'SOFT')","[14, 39]",91.63324
"('MEDIUM', 'SOFT', 'SOFT')","[14, 40]",91.66824
"('MEDIUM', 'SOFT', 'SOFT')","[14, 41]",91.70324
"('MEDIUM', 'SOFT', 'SOFT')","[14, 42]",91.738235
"('MEDIUM', 'SOFT', 'SOFT')","[14, 43]",91.77324
"('MEDIUM', 'SOFT', 'SOFT')","[14, 44]",91.80824
"('MEDIUM', 'SOFT', 'SOFT')","[14, 45]",91.84324
"('MEDIUM', 'SOFT', 'SOFT')","[14, 46]",91.878235
"('MEDIUM', 'SOFT', 'SOFT')","[15, 16]",90.68926
"('MEDIUM', 'SOFT', 'SOFT')","[15, 17]",90.724266
"('MEDIUM', 'SOFT', 'SOFT')","[15, 18]",90.75926
"('MEDIUM', 'SOFT', 'SOFT')","[15, 19]",90.794266
"('MEDIUM', 'SOFT', 'SOFT')","[15, 20]",90.82927
"('MEDIUM', 'SOFT', 'SOFT')","[15, 21]",90.86427
"('MEDIUM', 'SOFT', 'SOFT')","[15, 22]",90.89927
"('MEDIUM', 'SOFT', 'SOFT')","[15, 23]",90.934265
"('MEDIUM', 'SOFT', 'SOFT')","[15, 24]",90.96927
"('MEDIUM', 'SOFT', 'SOFT')","[15, 25]",91.00427
"('MEDIUM', 'SOFT', 'SOFT')","[15, 26]",91.03927
"('MEDIUM', 'SOFT', 'SOFT')","[15, 27]",91.07427
"('MEDIUM', 'SOFT', 'SOFT')","[15, 28]",91.10927
"('MEDIUM', 'SOFT', 'SOFT')","[15, 29]",91.14427
"('MEDIUM', 'SOFT', 'SOFT')","[15, 30]",91.17927
"('MEDIUM', 'SOFT', 'SOFT')","[15, 31]",91.214264
"('MEDIUM', 'SOFT', 'SOFT')","[15, 32]",91.24927
"('MEDIUM', 'SOFT', 'SOFT')","[15, 33]",91.28427
"('MEDIUM', 'SOFT', 'SOFT')","[15, 34]",91.31927
"('MEDIUM', 'SOFT', 'SOFT')","[15, 35]",91.35427
"('MEDIUM', 'SOFT', 'SOFT')","[15, 36]",91.38927
"('MEDIUM', 'SOFT', 'SOFT')","[15, 37]",91.42427
"('MEDIUM', 'SOFT', 'SOFT')","[15, 38]",91.45927
"('MEDIUM', 'SOFT', 'SOFT')","[15, 39]",91.49426
"('MEDIUM', 'SOFT', 'SOFT')","[15, 40]",91.52927
"('MEDIUM', 'SOFT', 'SOFT')","[15, 41]",91.56427
"('MEDIUM', 'SOFT', 'SOFT')","[15, 42]",91.59927
"('MEDIUM', 'SOFT', 'SOFT')","[15, 43]",91.63428
"('MEDIUM', 'SOFT', 'SOFT')","[15, 44]",91.669266
"('MEDIUM', 'SOFT', 'SOFT')","[15, 45]",91.70427
"('MEDIUM', 'SOFT', 'SOFT')","[15, 46]",91.739265
"('MEDIUM', 'SOFT', 'SOFT')","[16, 17]",90.5853
"('MEDIUM', 'SOFT', 'SOFT')","[16, 18]",90.62029
"('MEDIUM', 'SOFT', 'SOFT')","[16, 19]",90.6553
"('MEDIUM', 'SOFT', 'SOFT')","[16, 20]",90.69029
"('MEDIUM', 'SOFT', 'SOFT')","[16, 21]",90.725296
"('MEDIUM', 'SOFT', 'SOFT')","[16, 22]",90.7603
"('MEDIUM', 'SOFT', 'SOFT')","[16, 23]",90.795296
"('MEDIUM', 'SOFT', 'SOFT')","[16, 24]",90.83029
"('MEDIUM', 'SOFT', 'SOFT')","[16, 25]",90.865295
"('MEDIUM', 'SOFT', 'SOFT')","[16, 26]",90.9003
"('MEDIUM', 'SOFT', 'SOFT')","[16, 27]",90.935295
"('MEDIUM', 'SOFT', 'SOFT')","[16, 28]",90.97029
"('MEDIUM', 'SOFT', 'SOFT')","[16, 29]",91.005295
"('MEDIUM', 'SOFT', 'SOFT')","[16, 30]",91.0403
"('MEDIUM', 'SOFT', 'SOFT')","[16, 31]",91.075294
"('MEDIUM', 'SOFT', 'SOFT')","[16, 32]",91.11029
"('MEDIUM', 'SOFT', 'SOFT')","[16, 33]",91.145294
"('MEDIUM', 'SOFT', 'SOFT')","[16, 34]",91.1803
"('MEDIUM', 'SOFT', 'SOFT')","[16, 35]",91.215294
"('MEDIUM', 'SOFT', 'SOFT')","[16, 36]",91.25029
"('MEDIUM', 'SOFT', 'SOFT')","[16, 37]",91.28529
"('MEDIUM', 'SOFT', 'SOFT')","[16, 38]",91.3203
"('MEDIUM', 'SOFT', 'SOFT')","[16, 39]",91.3553
"('MEDIUM', 'SOFT', 'SOFT')","[16, 40]",91.390305
"('MEDIUM', 'SOFT', 'SOFT')","[16, 41]",91.4253
"('MEDIUM', 'SOFT', 'SOFT')","[16, 42]",91.4603
"('MEDIUM', 'SOFT', 'SOFT')","[16, 43]",91.4953
"('MEDIUM', 'SOFT', 'SOFT')","[16, 44]",91.530304
"('MEDIUM', 'SOFT', 'SOFT')","[16, 45]",91.5653
"('MEDIUM', 'SOFT', 'SOFT')","[16, 46]",91.600296
"('MEDIUM', 'SOFT', 'SOFT')","[17, 18]",90.48132
"('MEDIUM', 'SOFT', 'SOFT')","[17, 19]",90.51633
"('MEDIUM', 'SOFT', 'SOFT')","[17, 20]",90.55133
"('MEDIUM', 'SOFT', 'SOFT')","[17, 21]",90.586334
"('MEDIUM', 'SOFT', 'SOFT')","[17, 22]",90.62133
"('MEDIUM', 'SOFT', 'SOFT')","[17, 23]",90.65633
"('MEDIUM', 'SOFT', 'SOFT')","[17, 24]",90.69133
"('MEDIUM', 'SOFT', 'SOFT')","[17, 25]",90.72633
"('MEDIUM', 'SOFT', 'SOFT')","[17, 26]",90.76133
"('MEDIUM', 'SOFT', 'SOFT')","[17, 27]",90.79633
"('MEDIUM', 'SOFT', 'SOFT')","[17, 28]",90.83133
"('MEDIUM', 'SOFT', 'SOFT')","[17, 29]",90.86633
"('MEDIUM', 'SOFT', 'SOFT')","[17, 30]",90.90133
"('MEDIUM', 'SOFT', 'SOFT')","[17, 31]",90.936325
"('MEDIUM', 'SOFT', 'SOFT')","[17, 32]",90.97133
"('MEDIUM', 'SOFT', 'SOFT')","[17, 33]",91.00633
"('MEDIUM', 'SOFT', 'SOFT')","[17, 34]",91.04133
"('MEDIUM', 'SOFT', 'SOFT')","[17, 35]",91.07633
"('MEDIUM', 'SOFT', 'SOFT')","[17, 36]",91.11133
"('MEDIUM', 'SOFT', 'SOFT')","[17, 37]",91.14633
"('MEDIUM', 'SOFT', 'SOFT')","[17, 38]",91.18133
"('MEDIUM', 'SOFT', 'SOFT')","[17, 39]",91.216324
"('MEDIUM', 'SOFT', 'SOFT')","[17, 40]",91.25133
"('MEDIUM', 'SOFT', 'SOFT')","[17, 41]",91.28633
"('MEDIUM', 'SOFT', 'SOFT')","[17, 42]",91.321335
"('MEDIUM', 'SOFT', 'SOFT')","[17, 43]",91.35634
"('MEDIUM', 'SOFT', 'SOFT')","[17, 44]",91.39133
"('MEDIUM', 'SOFT', 'SOFT')","[17, 45]",91.42633
"('MEDIUM', 'SOFT', 'SOFT')","[17, 46]",91.46133
"('MEDIUM', 'SOFT', 'SOFT')","[18, 19]",90.37736
"('MEDIUM', 'SOFT', 'SOFT')","[18, 20]",90.41235
"('MEDIUM', 'SOFT', 'SOFT')","[18, 21]",90.44736
"('MEDIUM', 'SOFT', 'SOFT')","[18, 22]",90.48236
"('MEDIUM', 'SOFT', 'SOFT')","[18, 23]",90.51736
"('MEDIUM', 'SOFT', 'SOFT')","[18, 24]",90.55235
"('MEDIUM', 'SOFT', 'SOFT')","[18, 25]",90.58736
"('MEDIUM', 'SOFT', 'SOFT')","[18, 26]",90.62236
"('MEDIUM', 'SOFT', 'SOFT')","[18, 27]",90.65736
"('MEDIUM', 'SOFT', 'SOFT')","[18, 28]",90.69235
"('MEDIUM', 'SOFT', 'SOFT')","[18, 29]",90.727356
"('MEDIUM', 'SOFT', 'SOFT')","[18, 30]",90.76236
"('MEDIUM', 'SOFT', 'SOFT')","[18, 31]",90.797356
"('MEDIUM', 'SOFT', 'SOFT')","[18, 32]",90.83235
"('MEDIUM', 'SOFT', 'SOFT')","[18, 33]",90.867355
"('MEDIUM', 'SOFT', 'SOFT')","[18, 34]",90.90236
"('MEDIUM', 'SOFT', 'SOFT')","[18, 35]",90.937355
"('MEDIUM', 'SOFT', 'SOFT')","[18, 36]",90.97235
"('MEDIUM', 'SOFT', 'SOFT')","[18, 37]",91.007355
"('MEDIUM', 'SOFT', 'SOFT')","[18, 38]",91.04236
"('MEDIUM', 'SOFT', 'SOFT')","[18, 39]",91.07736
"('MEDIUM', 'SOFT', 'SOFT')","[18, 40]",91.112366
"('MEDIUM', 'SOFT', 'SOFT')","[18, 41]",91.14736
"('MEDIUM', 'SOFT', 'SOFT')","[18, 42]",91.18236
"('MEDIUM', 'SOFT', 'SOFT')","[18, 43]",91.21736
"('MEDIUM', 'SOFT', 'SOFT')","[18, 44]",91.252365
"('MEDIUM', 'SOFT', 'SOFT')","[18, 45]",91.28736
"('MEDIUM', 'SOFT', 'SOFT')","[18, 46]",91.32236
"('MEDIUM', 'SOFT', 'SOFT')","[19, 20]",90.27339
"('MEDIUM', 'SOFT', 'SOFT')","[19, 21]",90.308395
"('MEDIUM', 'SOFT', 'SOFT')","[19, 22]",90.34339
"('MEDIUM', 'SOFT', 'SOFT')","[19, 23]",90.37839
"('MEDIUM', 'SOFT', 'SOFT')","[19, 24]",90.41339
"('MEDIUM', 'SOFT', 'SOFT')","[19, 25]",90.44838
"('MEDIUM', 'SOFT', 'SOFT')","[19, 26]",90.48338
"('MEDIUM', 'SOFT', 'SOFT')","[19, 27]",90.51839
"('MEDIUM', 'SOFT', 'SOFT')","[19, 28]",90.55339
"('MEDIUM', 'SOFT', 'SOFT')","[19, 29]",90.588394
"('MEDIUM', 'SOFT', 'SOFT')","[19, 30]",90.62339
"('MEDIUM', 'SOFT', 'SOFT')","[19, 31]",90.65839
"('MEDIUM', 'SOFT', 'SOFT')","[19, 32]",90.69339
"('MEDIUM', 'SOFT', 'SOFT')","[19, 33]",90.72838
"('MEDIUM', 'SOFT', 'SOFT')","[19, 34]",90.76338
"('MEDIUM', 'SOFT', 'SOFT')","[19, 35]",90.798386
"('MEDIUM', 'SOFT', 'SOFT')","[19, 36]",90.83339
"('MEDIUM', 'SOFT', 'SOFT')","[19, 37]",90.86839
"('MEDIUM', 'SOFT', 'SOFT')","[19, 38]",90.90339
"('MEDIUM', 'SOFT', 'SOFT')","[19, 39]",90.938385
"('MEDIUM', 'SOFT', 'SOFT')","[19, 40]",90.97339
"('MEDIUM', 'SOFT', 'SOFT')","[19, 41]",91.00839
"('MEDIUM', 'SOFT', 'SOFT')","[19, 42]",91.04339
"('MEDIUM', 'SOFT', 'SOFT')","[19, 43]",91.078384
"('MEDIUM', 'SOFT', 'SOFT')","[19, 44]",91.11339
"('MEDIUM', 'SOFT', 'SOFT')","[19, 45]",91.148384
"('MEDIUM', 'SOFT', 'SOFT')","[19, 46]",91.18339
"('MEDIUM', 'SOFT', 'SOFT')","[20, 21]",90.16942
"('MEDIUM', 'SOFT', 'SOFT')","[20, 22]",90.204414
"('MEDIUM', 'SOFT', 'SOFT')","[20, 23]",90.23942
"('MEDIUM', 'SOFT', 'SOFT')","[20, 24]",90.274414
"('MEDIUM', 'SOFT', 'SOFT')","[20, 25]",90.30942
"('MEDIUM', 'SOFT', 'SOFT')","[20, 26]",90.34442
"('MEDIUM', 'SOFT', 'SOFT')","[20, 27]",90.37942
"('MEDIUM', 'SOFT', 'SOFT')","[20, 28]",90.41441
"('MEDIUM', 'SOFT', 'SOFT')","[20, 29]",90.44942
"('MEDIUM', 'SOFT', 'SOFT')","[20, 30]",90.48441
"('MEDIUM', 'SOFT', 'SOFT')","[20, 31]",90.51942
"('MEDIUM', 'SOFT', 'SOFT')","[20, 32]",90.55441
"('MEDIUM', 'SOFT', 'SOFT')","[20, 33]",90.58942
"('MEDIUM', 'SOFT', 'SOFT')","[20, 34]",90.62442
"('MEDIUM', 'SOFT', 'SOFT')","[20, 35]",90.65942
"('MEDIUM', 'SOFT', 'SOFT')","[20, 36]",90.69441
"('MEDIUM', 'SOFT', 'SOFT')","[20, 37]",90.729416
"('MEDIUM', 'SOFT', 'SOFT')","[20, 38]",90.76441
"('MEDIUM', 'SOFT', 'SOFT')","[20, 39]",90.79942
"('MEDIUM', 'SOFT', 'SOFT')","[20, 40]",90.83443
"('MEDIUM', 'SOFT', 'SOFT')","[20, 41]",90.869415
"('MEDIUM', 'SOFT', 'SOFT')","[20, 42]",90.90442
"('MEDIUM', 'SOFT', 'SOFT')","[20, 43]",90.93942
"('MEDIUM', 'SOFT', 'SOFT')","[20, 44]",90.97441
"('MEDIUM', 'SOFT', 'SOFT')","[20, 45]",91.00942
"('MEDIUM', 'SOFT', 'SOFT')","[20, 46]",91.04442
"('MEDIUM', 'SOFT', 'SOFT')","[21, 22]",90.06545
"('MEDIUM', 'SOFT', 'SOFT')","[21, 23]",90.10045
"('MEDIUM', 'SOFT', 'SOFT')","[21, 24]",90.13545
"('MEDIUM', 'SOFT', 'SOFT')","[21, 25]",90.17044
"('MEDIUM', 'SOFT', 'SOFT')","[21, 26]",90.205444
"('MEDIUM', 'SOFT', 'SOFT')","[21, 27]",90.24045
"('MEDIUM', 'SOFT', 'SOFT')","[21, 28]",90.27545
"('MEDIUM', 'SOFT', 'SOFT')","[21, 29]",90.310455
"('MEDIUM', 'SOFT', 'SOFT')","[21, 30]",90.34545
"('MEDIUM', 'SOFT', 'SOFT')","[21, 31]",90.38045
"('MEDIUM', 'SOFT', 'SOFT')","[21, 32]",90.41545
"('MEDIUM', 'SOFT', 'SOFT')","[21, 33]",90.45044
"('MEDIUM', 'SOFT', 'SOFT')","[21, 34]",90.48544
"('MEDIUM', 'SOFT', 'SOFT')","[21, 35]",90.52045
"('MEDIUM', 'SOFT', 'SOFT')","[21, 36]",90.55545
"('MEDIUM', 'SOFT', 'SOFT')","[21, 37]",90.590454
"('MEDIUM', 'SOFT', 'SOFT')","[21, 38]",90.62545
"('MEDIUM', 'SOFT', 'SOFT')","[21, 39]",90.660446
"('MEDIUM', 'SOFT', 'SOFT')","[21, 40]",90.69545
"('MEDIUM', 'SOFT', 'SOFT')","[21, 41]",90.73045
"('MEDIUM', 'SOFT', 'SOFT')","[21, 42]",90.76545
"('MEDIUM', 'SOFT', 'SOFT')","[21, 43]",90.800446
"('MEDIUM', 'SOFT', 'SOFT')","[21, 44]",90.83545
"('MEDIUM', 'SOFT', 'SOFT')","[21, 45]",90.870445
"('MEDIUM', 'SOFT', 'SOFT')","[21, 46]",90.90545
"('MEDIUM', 'SOFT', 'SOFT')","[22, 23]",89.96148
"('MEDIUM', 'SOFT', 'SOFT')","[22, 24]",89.996475
"('MEDIUM', 'SOFT', 'SOFT')","[22, 25]",90.03148
"('MEDIUM', 'SOFT', 'SOFT')","[22, 26]",90.06648
"('MEDIUM', 'SOFT', 'SOFT')","[22, 27]",90.10148
"('MEDIUM', 'SOFT', 'SOFT')","[22, 28]",90.136475
"('MEDIUM', 'SOFT', 'SOFT')","[22, 29]",90.17148
"('MEDIUM', 'SOFT', 'SOFT')","[22, 30]",90.206474
"('MEDIUM', 'SOFT', 'SOFT')","[22, 31]",90.24148
"('MEDIUM', 'SOFT', 'SOFT')","[22, 32]",90.276474
"('MEDIUM', 'SOFT', 'SOFT')","[22, 33]",90.31148
"('MEDIUM', 'SOFT', 'SOFT')","[22, 34]",90.34648
"('MEDIUM', 'SOFT', 'SOFT')","[22, 35]",90.38148
"('MEDIUM', 'SOFT', 'SOFT')","[22, 36]",90.41647
"('MEDIUM', 'SOFT', 'SOFT')","[22, 37]",90.45148
"('MEDIUM', 'SOFT', 'SOFT')","[22, 38]",90.48647
"('MEDIUM', 'SOFT', 'SOFT')","[22, 39]",90.521484
"('MEDIUM', 'SOFT', 'SOFT')","[22, 40]",90.55649
"('MEDIUM', 'SOFT', 'SOFT')","[22, 41]",90.59148
"('MEDIUM', 'SOFT', 'SOFT')","[22, 42]",90.62648
"('MEDIUM', 'SOFT', 'SOFT')","[22, 43]",90.66148
"('MEDIUM', 'SOFT', 'SOFT')","[22, 44]",90.69647
"('MEDIUM', 'SOFT', 'SOFT')","[22, 45]",90.73148
"('MEDIUM', 'SOFT', 'SOFT')","[22, 46]",90.76648
"('MEDIUM', 'SOFT', 'SOFT')","[23, 24]",89.85751
"('MEDIUM', 'SOFT', 'SOFT')","[23, 25]",89.8925
"('MEDIUM', 'SOFT', 'SOFT')","[23, 26]",89.927505
"('MEDIUM', 'SOFT', 'SOFT')","[23, 27]",89.96251
"('MEDIUM', 'SOFT', 'SOFT')","[23, 28]",89.99751
"('MEDIUM', 'SOFT', 'SOFT')","[23, 29]",90.03252
"('MEDIUM', 'SOFT', 'SOFT')","[23, 30]",90.06751
"('MEDIUM', 'SOFT', 'SOFT')","[23, 31]",90.10251
"('MEDIUM', 'SOFT', 'SOFT')","[23, 32]",90.13751
"('MEDIUM', 'SOFT', 'SOFT')","[23, 33]",90.1725
"('MEDIUM', 'SOFT', 'SOFT')","[23, 34]",90.207504
"('MEDIUM', 'SOFT', 'SOFT')","[23, 35]",90.24251
"('MEDIUM', 'SOFT', 'SOFT')","[23, 36]",90.27751
"('MEDIUM', 'SOFT', 'SOFT')","[23, 37]",90.312515
"('MEDIUM', 'SOFT', 'SOFT')","[23, 38]",90.34751
"('MEDIUM', 'SOFT', 'SOFT')","[23, 39]",90.38251
"('MEDIUM', 'SOFT', 'SOFT')","[23, 40]",90.41751
"('MEDIUM', 'SOFT', 'SOFT')","[23, 41]",90.452515
"('MEDIUM', 'SOFT', 'SOFT')","[23, 42]",90.48751
"('MEDIUM', 'SOFT', 'SOFT')","[23, 43]",90.52251
"('MEDIUM', 'SOFT', 'SOFT')","[23, 44]",90.55751
"('MEDIUM', 'SOFT', 'SOFT')","[23, 45]",90.59251
"('MEDIUM', 'SOFT', 'SOFT')","[23, 46]",90.62751
"('MEDIUM', 'SOFT', 'SOFT')","[24, 25]",89.75354
"('MEDIUM', 'SOFT', 'SOFT')","[24, 26]",89.78854
"('MEDIUM', 'SOFT', 'SOFT')","[24, 27]",89.82354
"('MEDIUM', 'SOFT', 'SOFT')","[24, 28]",89.858536
"('MEDIUM', 'SOFT', 'SOFT')","[24, 29]",89.89354
"('MEDIUM', 'SOFT', 'SOFT')","[24, 30]",89.928535
"('MEDIUM', 'SOFT', 'SOFT')","[24, 31]",89.96354
"('MEDIUM', 'SOFT', 'SOFT')","[24, 32]",89.998535
"('MEDIUM', 'SOFT', 'SOFT')","[24, 33]",90.03354
"('MEDIUM', 'SOFT', 'SOFT')","[24, 34]",90.06854
"('MEDIUM', 'SOFT', 'SOFT')","[24, 35]",90.10354
"('MEDIUM', 'SOFT', 'SOFT')","[24, 36]",90.138535
"('MEDIUM', 'SOFT', 'SOFT')","[24, 37]",90.17354
"('MEDIUM', 'SOFT', 'SOFT')","[24, 38]",90.208534
"('MEDIUM', 'SOFT', 'SOFT')","[24, 39]",90.243546
"('MEDIUM', 'SOFT', 'SOFT')","[24, 40]",90.27855
"('MEDIUM', 'SOFT', 'SOFT')","[24, 41]",90.31354
"('MEDIUM', 'SOFT', 'SOFT')","[24, 42]",90.34854
"('MEDIUM', 'SOFT', 'SOFT')","[24, 43]",90.383545
"('MEDIUM', 'SOFT', 'SOFT')","[24, 44]",90.41853
"('MEDIUM', 'SOFT', 'SOFT')","[24, 45]",90.453545
"('MEDIUM', 'SOFT', 'SOFT')","[24, 46]",90.48854
"('MEDIUM', 'SOFT', 'SOFT')","[25, 26]",89.64957
"('MEDIUM', 'SOFT', 'SOFT')","[25, 27]",89.68457
"('MEDIUM', 'SOFT', 'SOFT')","[25, 28]",89.719574
"('MEDIUM', 'SOFT', 'SOFT')","[25, 29]",89.75458
"('MEDIUM', 'SOFT', 'SOFT')","[25, 30]",89.78957
"('MEDIUM', 'SOFT', 'SOFT')","[25, 31]",89.82457
"('MEDIUM', 'SOFT', 'SOFT')","[25, 32]",89.85957
"('MEDIUM', 'SOFT', 'SOFT')","[25, 33]",89.89456
"('MEDIUM', 'SOFT', 'SOFT')","[25, 34]",89.929565
"('MEDIUM', 'SOFT', 'SOFT')","[25, 35]",89.96457
"('MEDIUM', 'SOFT', 'SOFT')","[25, 36]",89.99957
"('MEDIUM', 'SOFT', 'SOFT')","[25, 37]",90.03458
"('MEDIUM', 'SOFT', 'SOFT')","[25, 38]",90.06957
"('MEDIUM', 'SOFT', 'SOFT')","[25, 39]",90.10457
"('MEDIUM', 'SOFT', 'SOFT')","[25, 40]",90.13957
"('MEDIUM', 'SOFT', 'SOFT')","[25, 41]",90.174576
"('MEDIUM', 'SOFT', 'SOFT')","[25, 42]",90.20957
"('MEDIUM', 'SOFT', 'SOFT')","[25, 43]",90.24457
"('MEDIUM', 'SOFT', 'SOFT')","[25, 44]",90.27957
"('MEDIUM', 'SOFT', 'SOFT')","[25, 45]",90.31457
"('MEDIUM', 'SOFT', 'SOFT')","[25, 46]",90.34957
"('MEDIUM', 'SOFT', 'SOFT')","[26, 27]",89.5456
"('MEDIUM', 'SOFT', 'SOFT')","[26, 28]",89.5806
"('MEDIUM', 'SOFT', 'SOFT')","[26, 29]",89.6156
"('MEDIUM', 'SOFT', 'SOFT')","[26, 30]",89.6506
"('MEDIUM', 'SOFT', 'SOFT')","[26, 31]",89.6856
"('MEDIUM', 'SOFT', 'SOFT')","[26, 32]",89.7206
"('MEDIUM', 'SOFT', 'SOFT')","[26, 33]",89.7556
"('MEDIUM', 'SOFT', 'SOFT')","[26, 34]",89.7906
"('MEDIUM', 'SOFT', 'SOFT')","[26, 35]",89.8256
"('MEDIUM', 'SOFT', 'SOFT')","[26, 36]",89.860596
"('MEDIUM', 'SOFT', 'SOFT')","[26, 37]",89.8956
"('MEDIUM', 'SOFT', 'SOFT')","[26, 38]",89.930595
"('MEDIUM', 'SOFT', 'SOFT')","[26, 39]",89.96561
"('MEDIUM', 'SOFT', 'SOFT')","[26, 40]",90.00061
"('MEDIUM', 'SOFT', 'SOFT')","[26, 41]",90.0356
"('MEDIUM', 'SOFT', 'SOFT')","[26, 42]",90.0706
"('MEDIUM', 'SOFT', 'SOFT')","[26, 43]",90.105606
"('MEDIUM', 'SOFT', 'SOFT')","[26, 44]",90.140594
"('MEDIUM', 'SOFT', 'SOFT')","[26, 45]",90.175606
"('MEDIUM', 'SOFT', 'SOFT')","[26, 46]",90.2106
"('MEDIUM', 'SOFT', 'SOFT')","[27, 28]",89.441635
"('MEDIUM', 'SOFT', 'SOFT')","[27, 29]",89.47664
"('MEDIUM', 'SOFT', 'SOFT')","[27, 30]",89.511635
"('MEDIUM', 'SOFT', 'SOFT')","[27, 31]",89.54663
"('MEDIUM', 'SOFT', 'SOFT')","[27, 32]",89.581635
"('MEDIUM', 'SOFT', 'SOFT')","[27, 33]",89.61662
"('MEDIUM', 'SOFT', 'SOFT')","[27, 34]",89.65163
"('MEDIUM', 'SOFT', 'SOFT')","[27, 35]",89.68663
"('MEDIUM', 'SOFT', 'SOFT')","[27, 36]",89.721634
"('MEDIUM', 'SOFT', 'SOFT')","[27, 37]",89.75664
"('MEDIUM', 'SOFT', 'SOFT')","[27, 38]",89.79163
"('MEDIUM', 'SOFT', 'SOFT')","[27, 39]",89.82663
"('MEDIUM', 'SOFT', 'SOFT')","[27, 40]",89.86163
"('MEDIUM', 'SOFT', 'SOFT')","[27, 41]",89.89664
"('MEDIUM', 'SOFT', 'SOFT')","[27, 42]",89.93163
"('MEDIUM', 'SOFT', 'SOFT')","[27, 43]",89.96663
"('MEDIUM', 'SOFT', 'SOFT')","[27, 44]",90.00163
"('MEDIUM', 'SOFT', 'SOFT')","[27, 45]",90.03663
"('MEDIUM', 'SOFT', 'SOFT')","[27, 46]",90.07163
"('MEDIUM', 'SOFT', 'SOFT')","[28, 29]",89.33766
"('MEDIUM', 'SOFT', 'SOFT')","[28, 30]",89.37266
"('MEDIUM', 'SOFT', 'SOFT')","[28, 31]",89.40766
"('MEDIUM', 'SOFT', 'SOFT')","[28, 32]",89.44266
"('MEDIUM', 'SOFT', 'SOFT')","[28, 33]",89.47766
"('MEDIUM', 'SOFT', 'SOFT')","[28, 34]",89.512665
"('MEDIUM', 'SOFT', 'SOFT')","[28, 35]",89.54766
"('MEDIUM', 'SOFT', 'SOFT')","[28, 36]",89.58266
"('MEDIUM', 'SOFT', 'SOFT')","[28, 37]",89.61766
"('MEDIUM', 'SOFT', 'SOFT')","[28, 38]",89.65266
"('MEDIUM', 'SOFT', 'SOFT')","[28, 39]",89.68767
"('MEDIUM', 'SOFT', 'SOFT')","[28, 40]",89.72267
"('MEDIUM', 'SOFT', 'SOFT')","[28, 41]",89.75766
"('MEDIUM', 'SOFT', 'SOFT')","[28, 42]",89.79266
"('MEDIUM', 'SOFT', 'SOFT')","[28, 43]",89.82767
"('MEDIUM', 'SOFT', 'SOFT')","[28, 44]",89.862656
"('MEDIUM', 'SOFT', 'SOFT')","[28, 45]",89.89767
"('MEDIUM', 'SOFT', 'SOFT')","[28, 46]",89.93266
"('MEDIUM', 'SOFT', 'SOFT')","[29, 30]",89.233696
"('MEDIUM', 'SOFT', 'SOFT')","[29, 31]",89.26869
"('MEDIUM', 'SOFT', 'SOFT')","[29, 32]",89.303696
"('MEDIUM', 'SOFT', 'SOFT')","[29, 33]",89.338684
"('MEDIUM', 'SOFT', 'SOFT')","[29, 34]",89.37369
"('MEDIUM', 'SOFT', 'SOFT')","[29, 35]",89.40869
"('MEDIUM', 'SOFT', 'SOFT')","[29, 36]",89.443695
"('MEDIUM', 'SOFT', 'SOFT')","[29, 37]",89.4787
"('MEDIUM', 'SOFT', 'SOFT')","[29, 38]",89.513695
"('MEDIUM', 'SOFT', 'SOFT')","[29, 39]",89.54869
"('MEDIUM', 'SOFT', 'SOFT')","[29, 40]",89.583694
"('MEDIUM', 'SOFT', 'SOFT')","[29, 41]",89.6187
"('MEDIUM', 'SOFT', 'SOFT')","[29, 42]",89.653694
"('MEDIUM', 'SOFT', 'SOFT')","[29, 43]",89.68869
"('MEDIUM', 'SOFT', 'SOFT')","[29, 44]",89.723694
"('MEDIUM', 'SOFT', 'SOFT')","[29, 45]",89.75869
"('MEDIUM', 'SOFT', 'SOFT')","[29, 46]",89.79369
"('MEDIUM', 'SOFT', 'SOFT')","[30, 31]",89.12972
"('MEDIUM', 'SOFT', 'SOFT')","[30, 32]",89.16472
"('MEDIUM', 'SOFT', 'SOFT')","[30, 33]",89.19972
"('MEDIUM', 'SOFT', 'SOFT')","[30, 34]",89.234726
"('MEDIUM', 'SOFT', 'SOFT')","[30, 35]",89.26972
"('MEDIUM', 'SOFT', 'SOFT')","[30, 36]",89.30472
"('MEDIUM', 'SOFT', 'SOFT')","[30, 37]",89.33972
"('MEDIUM', 'SOFT', 'SOFT')","[30, 38]",89.37472
"('MEDIUM', 'SOFT', 'SOFT')","[30, 39]",89.40973
"('MEDIUM', 'SOFT', 'SOFT')","[30, 40]",89.44473
"('MEDIUM', 'SOFT', 'SOFT')","[30, 41]",89.47972
"('MEDIUM', 'SOFT', 'SOFT')","[30, 42]",89.514725
"('MEDIUM', 'SOFT', 'SOFT')","[30, 43]",89.54973
"('MEDIUM', 'SOFT', 'SOFT')","[30, 44]",89.58472
"('MEDIUM', 'SOFT', 'SOFT')","[30, 45]",89.61973
"('MEDIUM', 'SOFT', 'SOFT')","[30, 46]",89.654724
"('MEDIUM', 'SOFT', 'SOFT')","[31, 32]",89.02576
"('MEDIUM', 'SOFT', 'SOFT')","[31, 33]",89.060745
"('MEDIUM', 'SOFT', 'SOFT')","[31, 34]",89.09575
"('MEDIUM', 'SOFT', 'SOFT')","[31, 35]",89.13075
"('MEDIUM', 'SOFT', 'SOFT')","[31, 36]",89.16576
"('MEDIUM', 'SOFT', 'SOFT')","[31, 37]",89.20076
"('MEDIUM', 'SOFT', 'SOFT')","[31, 38]",89.235756
"('MEDIUM', 'SOFT', 'SOFT')","[31, 39]",89.27075
"('MEDIUM', 'SOFT', 'SOFT')","[31, 40]",89.305756
"('MEDIUM', 'SOFT', 'SOFT')","[31, 41]",89.34076
"('MEDIUM', 'SOFT', 'SOFT')","[31, 42]",89.375755
"('MEDIUM', 'SOFT', 'SOFT')","[31, 43]",89.41075
"('MEDIUM', 'SOFT', 'SOFT')","[31, 44]",89.445755
"('MEDIUM', 'SOFT', 'SOFT')","[31, 45]",89.48075
"('MEDIUM', 'SOFT', 'SOFT')","[31, 46]",89.515755
"('MEDIUM', 'SOFT', 'SOFT')","[32, 33]",88.92178
"('MEDIUM', 'SOFT', 'SOFT')","[32, 34]",88.95679
"('MEDIUM', 'SOFT', 'SOFT')","[32, 35]",88.99178
"('MEDIUM', 'SOFT', 'SOFT')","[32, 36]",89.02678
"('MEDIUM', 'SOFT', 'SOFT')","[32, 37]",89.06178
"('MEDIUM', 'SOFT', 'SOFT')","[32, 38]",89.09678
"('MEDIUM', 'SOFT', 'SOFT')","[32, 39]",89.13179
"('MEDIUM', 'SOFT', 'SOFT')","[32, 40]",89.166794
"('MEDIUM', 'SOFT', 'SOFT')","[32, 41]",89.20178
"('MEDIUM', 'SOFT', 'SOFT')","[32, 42]",89.236786
"('MEDIUM', 'SOFT', 'SOFT')","[32, 43]",89.27179
"('MEDIUM', 'SOFT', 'SOFT')","[32, 44]",89.30678
"('MEDIUM', 'SOFT', 'SOFT')","[32, 45]",89.34179
"('MEDIUM', 'SOFT', 'SOFT')","[32, 46]",89.376785
"('MEDIUM', 'SOFT', 'SOFT')","[33, 34]",88.81781
"('MEDIUM', 'SOFT', 'SOFT')","[33, 35]",88.85281
"('MEDIUM', 'SOFT', 'SOFT')","[33, 36]",88.88782
"('MEDIUM', 'SOFT', 'SOFT')","[33, 37]",88.92282
"('MEDIUM', 'SOFT', 'SOFT')","[33, 38]",88.95782
"('MEDIUM', 'SOFT', 'SOFT')","[33, 39]",88.99281
"('MEDIUM', 'SOFT', 'SOFT')","[33, 40]",89.02782
"('MEDIUM', 'SOFT', 'SOFT')","[33, 41]",89.06282
"('MEDIUM', 'SOFT', 'SOFT')","[33, 42]",89.09782
"('MEDIUM', 'SOFT', 'SOFT')","[33, 43]",89.13281
"('MEDIUM', 'SOFT', 'SOFT')","[33, 44]",89.167816
"('MEDIUM', 'SOFT', 'SOFT')","[33, 45]",89.20281
"('MEDIUM', 'SOFT', 'SOFT')","[33, 46]",89.237816
"('MEDIUM', 'SOFT', 'SOFT')","[34, 35]",88.713844
"('MEDIUM', 'SOFT', 'SOFT')","[34, 36]",88.74884
"('MEDIUM', 'SOFT', 'SOFT')","[34, 37]",88.783844
"('MEDIUM', 'SOFT', 'SOFT')","[34, 38]",88.81884
"('MEDIUM', 'SOFT', 'SOFT')","[34, 39]",88.85385
"('MEDIUM', 'SOFT', 'SOFT')","[34, 40]",88.888855
"('MEDIUM', 'SOFT', 'SOFT')","[34, 41]",88.92384
"('MEDIUM', 'SOFT', 'SOFT')","[34, 42]",88.95885
"('MEDIUM', 'SOFT', 'SOFT')","[34, 43]",88.99385
"('MEDIUM', 'SOFT', 'SOFT')","[34, 44]",89.02884
"('MEDIUM', 'SOFT', 'SOFT')","[34, 45]",89.06385
"('MEDIUM', 'SOFT', 'SOFT')","[34, 46]",89.09885
"('MEDIUM', 'SOFT', 'SOFT')","[35, 36]",88.60988
"('MEDIUM', 'SOFT', 'SOFT')","[35, 37]",88.64488
"('MEDIUM', 'SOFT', 'SOFT')","[35, 38]",88.67988
"('MEDIUM', 'SOFT', 'SOFT')","[35, 39]",88.714874
"('MEDIUM', 'SOFT', 'SOFT')","[35, 40]",88.74988
"('MEDIUM', 'SOFT', 'SOFT')","[35, 41]",88.78488
"('MEDIUM', 'SOFT', 'SOFT')","[35, 42]",88.81988
"('MEDIUM', 'SOFT', 'SOFT')","[35, 43]",88.85487
"('MEDIUM', 'SOFT', 'SOFT')","[35, 44]",88.88988
"('MEDIUM', 'SOFT', 'SOFT')","[35, 45]",88.92487
"('MEDIUM', 'SOFT', 'SOFT')","[35, 46]",88.95988
"('MEDIUM', 'SOFT', 'SOFT')","[36, 37]",88.505905
"('MEDIUM', 'SOFT', 'SOFT')","[36, 38]",88.5409
"('MEDIUM', 'SOFT', 'SOFT')","[36, 39]",88.57591
"('MEDIUM', 'SOFT', 'SOFT')","[36, 40]",88.610916
"('MEDIUM', 'SOFT', 'SOFT')","[36, 41]",88.645905
"('MEDIUM', 'SOFT', 'SOFT')","[36, 42]",88.68091
"('MEDIUM', 'SOFT', 'SOFT')","[36, 43]",88.71591
"('MEDIUM', 'SOFT', 'SOFT')","[36, 44]",88.7509
"('MEDIUM', 'SOFT', 'SOFT')","[36, 45]",88.78591
"('MEDIUM', 'SOFT', 'SOFT')","[36, 46]",88.82091
"('MEDIUM', 'SOFT', 'SOFT')","[37, 38]",88.40193
"('MEDIUM', 'SOFT', 'SOFT')","[37, 39]",88.436935
"('MEDIUM', 'SOFT', 'SOFT')","[37, 40]",88.47194
"('MEDIUM', 'SOFT', 'SOFT')","[37, 41]",88.506935
"('MEDIUM', 'SOFT', 'SOFT')","[37, 42]",88.54193
"('MEDIUM', 'SOFT', 'SOFT')","[37, 43]",88.576935
"('MEDIUM', 'SOFT', 'SOFT')","[37, 44]",88.61194
"('MEDIUM', 'SOFT', 'SOFT')","[37, 45]",88.646935
"('MEDIUM', 'SOFT', 'SOFT')","[37, 46]",88.68194
"('MEDIUM', 'SOFT', 'SOFT')","[38, 39]",88.29796
"('MEDIUM', 'SOFT', 'SOFT')","[38, 40]",88.33296
"('MEDIUM', 'SOFT', 'SOFT')","[38, 41]",88.367966
"('MEDIUM', 'SOFT', 'SOFT')","[38, 42]",88.40296
"('MEDIUM', 'SOFT', 'SOFT')","[38, 43]",88.43796
"('MEDIUM', 'SOFT', 'SOFT')","[38, 44]",88.47296
"('MEDIUM', 'SOFT', 'SOFT')","[38, 45]",88.50796
"('MEDIUM', 'SOFT', 'SOFT')","[38, 46]",88.54296
"('MEDIUM', 'SOFT', 'SOFT')","[39, 40]",88.194
"('MEDIUM', 'SOFT', 'SOFT')","[39, 41]",88.22899
"('MEDIUM', 'SOFT', 'SOFT')","[39, 42]",88.26399
"('MEDIUM', 'SOFT', 'SOFT')","[39, 43]",88.298996
"('MEDIUM', 'SOFT', 'SOFT')","[39, 44]",88.333984
"('MEDIUM', 'SOFT', 'SOFT')","[39, 45]",88.368996
"('MEDIUM', 'SOFT', 'SOFT')","[39, 46]",88.40399
"('MEDIUM', 'SOFT', 'SOFT')","[40, 41]",88.09003
"('MEDIUM', 'SOFT', 'SOFT')","[40, 42]",88.12502
"('MEDIUM', 'SOFT', 'SOFT')","[40, 43]",88.16002
"('MEDIUM', 'SOFT', 'SOFT')","[40, 44]",88.19502
"('MEDIUM', 'SOFT', 'SOFT')","[40, 45]",88.23002
"('MEDIUM', 'SOFT', 'SOFT')","[40, 46]",88.26502
"('MEDIUM', 'SOFT', 'SOFT')","[41, 42]",87.98605
"('MEDIUM', 'SOFT', 'SOFT')","[41, 43]",88.02106
"('MEDIUM', 'SOFT', 'SOFT')","[41, 44]",88.056046
"('MEDIUM', 'SOFT', 'SOFT')","[41, 45]",88.09106
"('MEDIUM', 'SOFT', 'SOFT')","[41, 46]",88.12605
"('MEDIUM', 'SOFT', 'SOFT')","[42, 43]",87.88208
"('MEDIUM', 'SOFT', 'SOFT')","[42, 44]",87.91708
"('MEDIUM', 'SOFT', 'SOFT')","[42, 45]",87.95208
"('MEDIUM', 'SOFT', 'SOFT')","[42, 46]",87.98708
"('MEDIUM', 'SOFT', 'SOFT')","[43, 44]",87.77811
"('MEDIUM', 'SOFT', 'SOFT')","[43, 45]",87.81311
"('MEDIUM', 'SOFT', 'SOFT')","[43, 46]",87.84811
"('MEDIUM', 'SOFT', 'SOFT')","[44, 45]",87.67414
"('MEDIUM', 'SOFT', 'SOFT')","[44, 46]",87.709145
"('MEDIUM', 'SOFT', 'SOFT')","[45, 46]",87.570175
"('MEDIUM', 'SOFT', 'MEDIUM')","[10, 11]",83.20651
"('MEDIUM', 'SOFT', 'MEDIUM')","[10, 12]",83.41548
"('MEDIUM', 'SOFT', 'MEDIUM')","[10, 13]",83.62445
"('MEDIUM', 'SOFT', 'MEDIUM')","[10, 14]",83.83342
"('MEDIUM', 'SOFT', 'MEDIUM')","[10, 15]",84.04239
"('MEDIUM', 'SOFT', 'MEDIUM')","[10, 16]",84.25136
"('MEDIUM', 'SOFT', 'MEDIUM')","[10, 17]",84.46033
"('MEDIUM', 'SOFT', 'MEDIUM')","[10, 18]",84.6693
"('MEDIUM', 'SOFT', 'MEDIUM')","[10, 19]",84.878265
"('MEDIUM', 'SOFT', 'MEDIUM')","[10, 20]",85.087234
"('MEDIUM', 'SOFT', 'MEDIUM')","[10, 21]",85.29621
"('MEDIUM', 'SOFT', 'MEDIUM')","[10, 22]",85.50518
"('MEDIUM', 'SOFT', 'MEDIUM')","[10, 23]",85.71414
"('MEDIUM', 'SOFT', 'MEDIUM')","[10, 24]",85.92311
"('MEDIUM', 'SOFT', 'MEDIUM')","[10, 25]",86.13209
"('MEDIUM', 'SOFT', 'MEDIUM')","[10, 26]",86.34106
"('MEDIUM', 'SOFT', 'MEDIUM')","[10, 27]",86.55002
"('MEDIUM', 'SOFT', 'MEDIUM')","[10, 28]",86.75899
"('MEDIUM', 'SOFT', 'MEDIUM')","[10, 29]",86.967964
"('MEDIUM', 'SOFT', 'MEDIUM')","[10, 30]",87.17693
"('MEDIUM', 'SOFT', 'MEDIUM')","[10, 31]",87.385895
"('MEDIUM', 'SOFT', 'MEDIUM')","[10, 32]",87.594864
"('MEDIUM', 'SOFT', 'MEDIUM')","[10, 33]",87.80384
"('MEDIUM', 'SOFT', 'MEDIUM')","[10, 34]",88.01281
"('MEDIUM', 'SOFT', 'MEDIUM')","[10, 35]",88.22177
"('MEDIUM', 'SOFT', 'MEDIUM')","[10, 36]",88.43075
"('MEDIUM', 'SOFT', 'MEDIUM')","[10, 37]",88.639725
"('MEDIUM', 'SOFT', 'MEDIUM')","[10, 38]",88.848694
"('MEDIUM', 'SOFT', 'MEDIUM')","[10, 39]",89.05766
"('MEDIUM', 'SOFT', 'MEDIUM')","[10, 40]",89.26664
"('MEDIUM', 'SOFT', 'MEDIUM')","[10, 41]",89.47561
"('MEDIUM', 'SOFT', 'MEDIUM')","[10, 42]",89.68457
"('MEDIUM', 'SOFT', 'MEDIUM')","[10, 43]",89.89354
"('MEDIUM', 'SOFT', 'MEDIUM')","[10, 44]",90.102516
"('MEDIUM', 'SOFT', 'MEDIUM')","[10, 45]",90.311485
"('MEDIUM', 'SOFT', 'MEDIUM')","[10, 46]",90.52045
"('MEDIUM', 'SOFT', 'MEDIUM')","[11, 12]",83.27651
"('MEDIUM', 'SOFT', 'MEDIUM')","[11, 13]",83.48548
"('MEDIUM', 'SOFT', 'MEDIUM')","[11, 14]",83.69445
"('MEDIUM', 'SOFT', 'MEDIUM')","[11, 15]",83.90342
"('MEDIUM', 'SOFT', 'MEDIUM')","[11, 16]",84.11238
"('MEDIUM', 'SOFT', 'MEDIUM')","[11, 17]",84.32136
"('MEDIUM', 'SOFT', 'MEDIUM')","[11, 18]",84.53033
"('MEDIUM', 'SOFT', 'MEDIUM')","[11, 19]",84.7393
"('MEDIUM', 'SOFT', 'MEDIUM')","[11, 20]",84.94827
"('MEDIUM', 'SOFT', 'MEDIUM')","[11, 21]",85.15724
"('MEDIUM', 'SOFT', 'MEDIUM')","[11, 22]",85.36621
"('MEDIUM', 'SOFT', 'MEDIUM')","[11, 23]",85.57518
"('MEDIUM', 'SOFT', 'MEDIUM')","[11, 24]",85.78415
"('MEDIUM', 'SOFT', 'MEDIUM')","[11, 25]",85.99312
"('MEDIUM', 'SOFT', 'MEDIUM')","[11, 26]",86.20209
"('MEDIUM', 'SOFT', 'MEDIUM')","[11, 27]",86.41106
"('MEDIUM', 'SOFT', 'MEDIUM')","[11, 28]",86.620026
"('MEDIUM', 'SOFT', 'MEDIUM')","[11, 29]",86.828995
"('MEDIUM', 'SOFT', 'MEDIUM')","[11, 30]",87.037964
"('MEDIUM', 'SOFT', 'MEDIUM')","[11, 31]",87.24693
"('MEDIUM', 'SOFT', 'MEDIUM')","[11, 32]",87.4559
"('MEDIUM', 'SOFT', 'MEDIUM')","[11, 33]",87.66487
"('MEDIUM', 'SOFT', 'MEDIUM')","[11, 34]",87.87384
"('MEDIUM', 'SOFT', 'MEDIUM')","[11, 35]",88.08281
"('MEDIUM', 'SOFT', 'MEDIUM')","[11, 36]",88.29178
"('MEDIUM', 'SOFT', 'MEDIUM')","[11, 37]",88.500755
"('MEDIUM', 'SOFT', 'MEDIUM')","[11, 38]",88.70973
"('MEDIUM', 'SOFT', 'MEDIUM')","[11, 39]",88.9187
"('MEDIUM', 'SOFT', 'MEDIUM')","[11, 40]",89.12767
"('MEDIUM', 'SOFT', 'MEDIUM')","[11, 41]",89.33664
"('MEDIUM', 'SOFT', 'MEDIUM')","[11, 42]",89.54561
"('MEDIUM', 'SOFT', 'MEDIUM')","[11, 43]",89.75458
"('MEDIUM', 'SOFT', 'MEDIUM')","[11, 44]",89.96355
"('MEDIUM', 'SOFT', 'MEDIUM')","[11, 45]",90.172516
"('MEDIUM', 'SOFT', 'MEDIUM')","[11, 46]",90.381485
"('MEDIUM', 'SOFT', 'MEDIUM')","[12, 13]",83.34651
"('MEDIUM', 'SOFT', 'MEDIUM')","[12, 14]",83.55548
"('MEDIUM', 'SOFT', 'MEDIUM')","[12, 15]",83.76445
"('MEDIUM', 'SOFT', 'MEDIUM')","[12, 16]",83.97342
"('MEDIUM', 'SOFT', 'MEDIUM')","[12, 17]",84.18239
"('MEDIUM', 'SOFT', 'MEDIUM')","[12, 18]",84.39136
"('MEDIUM', 'SOFT', 'MEDIUM')","[12, 19]",84.60033
"('MEDIUM', 'SOFT', 'MEDIUM')","[12, 20]",84.809296
"('MEDIUM', 'SOFT', 'MEDIUM')","[12, 21]",85.01827
"('MEDIUM', 'SOFT', 'MEDIUM')","[12, 22]",85.22724
"('MEDIUM', 'SOFT', 'MEDIUM')","[12, 23]",85.4362
"('MEDIUM', 'SOFT', 'MEDIUM')","[12, 24]",85.64517
"('MEDIUM', 'SOFT', 'MEDIUM')","[12, 25]",85.85415
"('MEDIUM', 'SOFT', 'MEDIUM')","[12, 26]",86.06312
"('MEDIUM', 'SOFT', 'MEDIUM')","[12, 27]",86.27208
"('MEDIUM', 'SOFT', 'MEDIUM')","[12, 28]",86.48105
"('MEDIUM', 'SOFT', 'MEDIUM')","[12, 29]",86.690025
"('MEDIUM', 'SOFT', 'MEDIUM')","[12, 30]",86.898994
"('MEDIUM', 'SOFT', 'MEDIUM')","[12, 31]",87.107956
"('MEDIUM', 'SOFT', 'MEDIUM')","[12, 32]",87.316925
"('MEDIUM', 'SOFT', 'MEDIUM')","[12, 33]",87.5259
"('MEDIUM', 'SOFT', 'MEDIUM')","[12, 34]",87.73487
"('MEDIUM', 'SOFT', 'MEDIUM')","[12, 35]",87.94383
"('MEDIUM', 'SOFT', 'MEDIUM')","[12, 36]",88.15281
"('MEDIUM', 'SOFT', 'MEDIUM')","[12, 37]",88.361786
"('MEDIUM', 'SOFT', 'MEDIUM')","[12, 38]",88.570755
"('MEDIUM', 'SOFT', 'MEDIUM')","[12, 39]",88.779724
"('MEDIUM', 'SOFT', 'MEDIUM')","[12, 40]",88.9887
"('MEDIUM', 'SOFT', 'MEDIUM')","[12, 41]",89.19767
"('MEDIUM', 'SOFT', 'MEDIUM')","[12, 42]",89.40663
"('MEDIUM', 'SOFT', 'MEDIUM')","[12, 43]",89.6156
"('MEDIUM', 'SOFT', 'MEDIUM')","[12, 44]",89.82458
"('MEDIUM', 'SOFT', 'MEDIUM')","[12, 45]",90.03355
"('MEDIUM', 'SOFT', 'MEDIUM')","[12, 46]",90.24251
"('MEDIUM', 'SOFT', 'MEDIUM')","[13, 14]",83.41651
"('MEDIUM', 'SOFT', 'MEDIUM')","[13, 15]",83.62548
"('MEDIUM', 'SOFT', 'MEDIUM')","[13, 16]",83.83444
"('MEDIUM', 'SOFT', 'MEDIUM')","[13, 17]",84.04342
"('MEDIUM', 'SOFT', 'MEDIUM')","[13, 18]",84.25239
"('MEDIUM', 'SOFT', 'MEDIUM')","[13, 19]",84.461365
"('MEDIUM', 'SOFT', 'MEDIUM')","[13, 20]",84.670334
"('MEDIUM', 'SOFT', 'MEDIUM')","[13, 21]",84.8793
"('MEDIUM', 'SOFT', 'MEDIUM')","[13, 22]",85.08827
"('MEDIUM', 'SOFT', 'MEDIUM')","[13, 23]",85.29724
"('MEDIUM', 'SOFT', 'MEDIUM')","[13, 24]",85.50621
"('MEDIUM', 'SOFT', 'MEDIUM')","[13, 25]",85.71518
"('MEDIUM', 'SOFT', 'MEDIUM')","[13, 26]",85.92415
"('MEDIUM', 'SOFT', 'MEDIUM')","[13, 27]",86.13312
"('MEDIUM', 'SOFT', 'MEDIUM')","[13, 28]",86.34209
"('MEDIUM', 'SOFT', 'MEDIUM')","[13, 29]",86.551056
"('MEDIUM', 'SOFT', 'MEDIUM')","[13, 30]",86.760025
"('MEDIUM', 'SOFT', 'MEDIUM')","[13, 31]",86.968994
"('MEDIUM', 'SOFT', 'MEDIUM')","[13, 32]",87.17796
"('MEDIUM', 'SOFT', 'MEDIUM')","[13, 33]",87.38693
"('MEDIUM', 'SOFT', 'MEDIUM')","[13, 34]",87.5959
"('MEDIUM', 'SOFT', 'MEDIUM')","[13, 35]",87.80487
"('MEDIUM', 'SOFT', 'MEDIUM')","[13, 36]",88.01384
"('MEDIUM', 'SOFT', 'MEDIUM')","[13, 37]",88.22282
"('MEDIUM', 'SOFT', 'MEDIUM')","[13, 38]",88.43179
"('MEDIUM', 'SOFT', 'MEDIUM')","[13, 39]",88.64076
"('MEDIUM', 'SOFT', 'MEDIUM')","[13, 40]",88.84973
"('MEDIUM', 'SOFT', 'MEDIUM')","[13, 41]",89.0587
"('MEDIUM', 'SOFT', 'MEDIUM')","[13, 42]",89.26767
"('MEDIUM', 'SOFT', 'MEDIUM')","[13, 43]",89.47664
"('MEDIUM', 'SOFT', 'MEDIUM')","[13, 44]",89.68561
"('MEDIUM', 'SOFT', 'MEDIUM')","[13, 45]",89.89458
"('MEDIUM', 'SOFT', 'MEDIUM')","[13, 46]",90.103546
"('MEDIUM', 'SOFT', 'MEDIUM')","[14, 15]",83.48651
"('MEDIUM', 'SOFT', 'MEDIUM')","[14, 16]",83.69548
"('MEDIUM', 'SOFT', 'MEDIUM')","[14, 17]",83.90445
"('MEDIUM', 'SOFT', 'MEDIUM')","[14, 18]",84.11342
"('MEDIUM', 'SOFT', 'MEDIUM')","[14, 19]",84.32239
"('MEDIUM', 'SOFT', 'MEDIUM')","[14, 20]",84.53136
"('MEDIUM', 'SOFT', 'MEDIUM')","[14, 21]",84.74033
"('MEDIUM', 'SOFT', 'MEDIUM')","[14, 22]",84.9493
"('MEDIUM', 'SOFT', 'MEDIUM')","[14, 23]",85.158264
"('MEDIUM', 'SOFT', 'MEDIUM')","[14, 24]",85.36723
"('MEDIUM', 'SOFT', 'MEDIUM')","[14, 25]",85.57621
"('MEDIUM', 'SOFT', 'MEDIUM')","[14, 26]",85.78518
"('MEDIUM', 'SOFT', 'MEDIUM')","[14, 27]",85.99414
"('MEDIUM', 'SOFT', 'MEDIUM')","[14, 28]",86.20311
"('MEDIUM', 'SOFT', 'MEDIUM')","[14, 29]",86.41209
"('MEDIUM', 'SOFT', 'MEDIUM')","[14, 30]",86.621056
"('MEDIUM', 'SOFT', 'MEDIUM')","[14, 31]",86.83002
"('MEDIUM', 'SOFT', 'MEDIUM')","[14, 32]",87.03899
"('MEDIUM', 'SOFT', 'MEDIUM')","[14, 33]",87.24796
"('MEDIUM', 'SOFT', 'MEDIUM')","[14, 34]",87.45693
"('MEDIUM', 'SOFT', 'MEDIUM')","[14, 35]",87.66589
"('MEDIUM', 'SOFT', 'MEDIUM')","[14, 36]",87.87487
"('MEDIUM', 'SOFT', 'MEDIUM')","[14, 37]",88.08385
"('MEDIUM', 'SOFT', 'MEDIUM')","[14, 38]",88.292816
"('MEDIUM', 'SOFT', 'MEDIUM')","[14, 39]",88.501785
"('MEDIUM', 'SOFT', 'MEDIUM')","[14, 40]",88.71076
"('MEDIUM', 'SOFT', 'MEDIUM')","[14, 41]",88.91973
"('MEDIUM', 'SOFT', 'MEDIUM')","[14, 42]",89.12869
"('MEDIUM', 'SOFT', 'MEDIUM')","[14, 43]",89.33766
"('MEDIUM', 'SOFT', 'MEDIUM')","[14, 44]",89.54664
"('MEDIUM', 'SOFT', 'MEDIUM')","[14, 45]",89.75561
"('MEDIUM', 'SOFT', 'MEDIUM')","[14, 46]",89.96457
"('MEDIUM', 'SOFT', 'MEDIUM')","[15, 16]",83.5565
"('MEDIUM', 'SOFT', 'MEDIUM')","[15, 17]",83.76548
"('MEDIUM', 'SOFT', 'MEDIUM')","[15, 18]",83.97445
"('MEDIUM', 'SOFT', 'MEDIUM')","[15, 19]",84.183426
"('MEDIUM', 'SOFT', 'MEDIUM')","[15, 20]",84.392395
"('MEDIUM', 'SOFT', 'MEDIUM')","[15, 21]",84.601364
"('MEDIUM', 'SOFT', 'MEDIUM')","[15, 22]",84.81033
"('MEDIUM', 'SOFT', 'MEDIUM')","[15, 23]",85.0193
"('MEDIUM', 'SOFT', 'MEDIUM')","[15, 24]",85.22827
"('MEDIUM', 'SOFT', 'MEDIUM')","[15, 25]",85.43724
"('MEDIUM', 'SOFT', 'MEDIUM')","[15, 26]",85.64621
"('MEDIUM', 'SOFT', 'MEDIUM')","[15, 27]",85.85518
"('MEDIUM', 'SOFT', 'MEDIUM')","[15, 28]",86.06415
"('MEDIUM', 'SOFT', 'MEDIUM')","[15, 29]",86.27312
"('MEDIUM', 'SOFT', 'MEDIUM')","[15, 30]",86.482086
"('MEDIUM', 'SOFT', 'MEDIUM')","[15, 31]",86.691055
"('MEDIUM', 'SOFT', 'MEDIUM')","[15, 32]",86.900024
"('MEDIUM', 'SOFT', 'MEDIUM')","[15, 33]",87.10899
"('MEDIUM', 'SOFT', 'MEDIUM')","[15, 34]",87.31796
"('MEDIUM', 'SOFT', 'MEDIUM')","[15, 35]",87.52693
"('MEDIUM', 'SOFT', 'MEDIUM')","[15, 36]",87.7359
"('MEDIUM', 'SOFT', 'MEDIUM')","[15, 37]",87.94488
"('MEDIUM', 'SOFT', 'MEDIUM')","[15, 38]",88.153854
"('MEDIUM', 'SOFT', 'MEDIUM')","[15, 39]",88.36282
"('MEDIUM', 'SOFT', 'MEDIUM')","[15, 40]",88.57179
"('MEDIUM', 'SOFT', 'MEDIUM')","[15, 41]",88.78076
"('MEDIUM', 'SOFT', 'MEDIUM')","[15, 42]",88.98973
"('MEDIUM', 'SOFT', 'MEDIUM')","[15, 43]",89.1987
"('MEDIUM', 'SOFT', 'MEDIUM')","[15, 44]",89.40767
"('MEDIUM', 'SOFT', 'MEDIUM')","[15, 45]",89.61664
"('MEDIUM', 'SOFT', 'MEDIUM')","[15, 46]",89.82561
"('MEDIUM', 'SOFT', 'MEDIUM')","[16, 17]",83.62651
"('MEDIUM', 'SOFT', 'MEDIUM')","[16, 18]",83.83548
"('MEDIUM', 'SOFT', 'MEDIUM')","[16, 19]",84.04445
"('MEDIUM', 'SOFT', 'MEDIUM')","[16, 20]",84.25342
"('MEDIUM', 'SOFT', 'MEDIUM')","[16, 21]",84.462395
"('MEDIUM', 'SOFT', 'MEDIUM')","[16, 22]",84.671364
"('MEDIUM', 'SOFT', 'MEDIUM')","[16, 23]",84.880325
"('MEDIUM', 'SOFT', 'MEDIUM')","[16, 24]",85.089294
"('MEDIUM', 'SOFT', 'MEDIUM')","[16, 25]",85.29827
"('MEDIUM', 'SOFT', 'MEDIUM')","[16, 26]",85.50724
"('MEDIUM', 'SOFT', 'MEDIUM')","[16, 27]",85.7162
"('MEDIUM', 'SOFT', 'MEDIUM')","[16, 28]",85.92517
"('MEDIUM', 'SOFT', 'MEDIUM')","[16, 29]",86.13415
"('MEDIUM', 'SOFT', 'MEDIUM')","[16, 30]",86.34312
"('MEDIUM', 'SOFT', 'MEDIUM')","[16, 31]",86.55208
"('MEDIUM', 'SOFT', 'MEDIUM')","[16, 32]",86.76105
"('MEDIUM', 'SOFT', 'MEDIUM')","[16, 33]",86.970024
"('MEDIUM', 'SOFT', 'MEDIUM')","[16, 34]",87.17899
"('MEDIUM', 'SOFT', 'MEDIUM')","[16, 35]",87.387955
"('MEDIUM', 'SOFT', 'MEDIUM')","[16, 36]",87.59693
"('MEDIUM', 'SOFT', 'MEDIUM')","[16, 37]",87.80591
"('MEDIUM', 'SOFT', 'MEDIUM')","[16, 38]",88.01488
"('MEDIUM', 'SOFT', 'MEDIUM')","[16, 39]",88.22385
"('MEDIUM', 'SOFT', 'MEDIUM')","[16, 40]",88.43282
"('MEDIUM', 'SOFT', 'MEDIUM')","[16, 41]",88.64179
"('MEDIUM', 'SOFT', 'MEDIUM')","[16, 42]",88.85075
"('MEDIUM', 'SOFT', 'MEDIUM')","[16, 43]",89.05972
"('MEDIUM', 'SOFT', 'MEDIUM')","[16, 44]",89.2687
"('MEDIUM', 'SOFT', 'MEDIUM')","[16, 45]",89.47767
"('MEDIUM', 'SOFT', 'MEDIUM')","[16, 46]",89.68663
"('MEDIUM', 'SOFT', 'MEDIUM')","[17, 18]",83.69651
"('MEDIUM', 'SOFT', 'MEDIUM')","[17, 19]",83.90549
"('MEDIUM', 'SOFT', 'MEDIUM')","[17, 20]",84.114456
"('MEDIUM', 'SOFT', 'MEDIUM')","[17, 21]",84.323425
"('MEDIUM', 'SOFT', 'MEDIUM')","[17, 22]",84.532394
"('MEDIUM', 'SOFT', 'MEDIUM')","[17, 23]",84.74136
"('MEDIUM', 'SOFT', 'MEDIUM')","[17, 24]",84.95033
"('MEDIUM', 'SOFT', 'MEDIUM')","[17, 25]",85.1593
"('MEDIUM', 'SOFT', 'MEDIUM')","[17, 26]",85.36827
"('MEDIUM', 'SOFT', 'MEDIUM')","[17, 27]",85.57724
"('MEDIUM', 'SOFT', 'MEDIUM')","[17, 28]",85.78621
"('MEDIUM', 'SOFT', 'MEDIUM')","[17, 29]",85.99518
"('MEDIUM', 'SOFT', 'MEDIUM')","[17, 30]",86.20415
"('MEDIUM', 'SOFT', 'MEDIUM')","[17, 31]",86.41312
"('MEDIUM', 'SOFT', 'MEDIUM')","[17, 32]",86.622086
"('MEDIUM', 'SOFT', 'MEDIUM')","[17, 33]",86.831055
"('MEDIUM', 'SOFT', 'MEDIUM')","[17, 34]",87.04002
"('MEDIUM', 'SOFT', 'MEDIUM')","[17, 35]",87.24899
"('MEDIUM', 'SOFT', 'MEDIUM')","[17, 36]",87.45796
"('MEDIUM', 'SOFT', 'MEDIUM')","[17, 37]",87.66694
"('MEDIUM', 'SOFT', 'MEDIUM')","[17, 38]",87.875916
"('MEDIUM', 'SOFT', 'MEDIUM')","[17, 39]",88.084885
"('MEDIUM', 'SOFT', 'MEDIUM')","[17, 40]",88.29385
"('MEDIUM', 'SOFT', 'MEDIUM')","[17, 41]",88.50282
"('MEDIUM', 'SOFT', 'MEDIUM')","[17, 42]",88.71179
"('MEDIUM', 'SOFT', 'MEDIUM')","[17, 43]",88.92076
"('MEDIUM', 'SOFT', 'MEDIUM')","[17, 44]",89.12973
"('MEDIUM', 'SOFT', 'MEDIUM')","[17, 45]",89.3387
"('MEDIUM', 'SOFT', 'MEDIUM')","[17, 46]",89.54767
"('MEDIUM', 'SOFT', 'MEDIUM')","[18, 19]",83.76651
"('MEDIUM', 'SOFT', 'MEDIUM')","[18, 20]",83.97548
"('MEDIUM', 'SOFT', 'MEDIUM')","[18, 21]",84.184456
"('MEDIUM', 'SOFT', 'MEDIUM')","[18, 22]",84.393425
"('MEDIUM', 'SOFT', 'MEDIUM')","[18, 23]",84.60239
"('MEDIUM', 'SOFT', 'MEDIUM')","[18, 24]",84.811356
"('MEDIUM', 'SOFT', 'MEDIUM')","[18, 25]",85.02033
"('MEDIUM', 'SOFT', 'MEDIUM')","[18, 26]",85.2293
"('MEDIUM', 'SOFT', 'MEDIUM')","[18, 27]",85.43826
"('MEDIUM', 'SOFT', 'MEDIUM')","[18, 28]",85.64723
"('MEDIUM', 'SOFT', 'MEDIUM')","[18, 29]",85.85621
"('MEDIUM', 'SOFT', 'MEDIUM')","[18, 30]",86.06518
"('MEDIUM', 'SOFT', 'MEDIUM')","[18, 31]",86.27414
"('MEDIUM', 'SOFT', 'MEDIUM')","[18, 32]",86.48311
"('MEDIUM', 'SOFT', 'MEDIUM')","[18, 33]",86.692085
"('MEDIUM', 'SOFT', 'MEDIUM')","[18, 34]",86.901054
"('MEDIUM', 'SOFT', 'MEDIUM')","[18, 35]",87.110016
"('MEDIUM', 'SOFT', 'MEDIUM')","[18, 36]",87.31899
"('MEDIUM', 'SOFT', 'MEDIUM')","[18, 37]",87.52797
"('MEDIUM', 'SOFT', 'MEDIUM')","[18, 38]",87.73694
"('MEDIUM', 'SOFT', 'MEDIUM')","[18, 39]",87.94591
"('MEDIUM', 'SOFT', 'MEDIUM')","[18, 40]",88.154884
"('MEDIUM', 'SOFT', 'MEDIUM')","[18, 41]",88.36385
"('MEDIUM', 'SOFT', 'MEDIUM')","[18, 42]",88.572815
"('MEDIUM', 'SOFT', 'MEDIUM')","[18, 43]",88.781784
"('MEDIUM', 'SOFT', 'MEDIUM')","[18, 44]",88.99076
"('MEDIUM', 'SOFT', 'MEDIUM')","[18, 45]",89.19973
"('MEDIUM', 'SOFT', 'MEDIUM')","[18, 46]",89.40869
"('MEDIUM', 'SOFT', 'MEDIUM')","[19, 20]",83.83652
"('MEDIUM', 'SOFT', 'MEDIUM')","[19, 21]",84.04549
"('MEDIUM', 'SOFT', 'MEDIUM')","[19, 22]",84.254456
"('MEDIUM', 'SOFT', 'MEDIUM')","[19, 23]",84.463425
"('MEDIUM', 'SOFT', 'MEDIUM')","[19, 24]",84.67239
"('MEDIUM', 'SOFT', 'MEDIUM')","[19, 25]",84.881355
"('MEDIUM', 'SOFT', 'MEDIUM')","[19, 26]",85.090324
"('MEDIUM', 'SOFT', 'MEDIUM')","[19, 27]",85.2993
"('MEDIUM', 'SOFT', 'MEDIUM')","[19, 28]",85.50827
"('MEDIUM', 'SOFT', 'MEDIUM')","[19, 29]",85.71724
"('MEDIUM', 'SOFT', 'MEDIUM')","[19, 30]",85.92621
"('MEDIUM', 'SOFT', 'MEDIUM')","[19, 31]",86.13518
"('MEDIUM', 'SOFT', 'MEDIUM')","[19, 32]",86.34415
"('MEDIUM', 'SOFT', 'MEDIUM')","[19, 33]",86.55311
"('MEDIUM', 'SOFT', 'MEDIUM')","[19, 34]",86.76208
"('MEDIUM', 'SOFT', 'MEDIUM')","[19, 35]",86.971054
"('MEDIUM', 'SOFT', 'MEDIUM')","[19, 36]",87.18002
"('MEDIUM', 'SOFT', 'MEDIUM')","[19, 37]",87.389
"('MEDIUM', 'SOFT', 'MEDIUM')","[19, 38]",87.59798
"('MEDIUM', 'SOFT', 'MEDIUM')","[19, 39]",87.806946
"('MEDIUM', 'SOFT', 'MEDIUM')","[19, 40]",88.01591
"('MEDIUM', 'SOFT', 'MEDIUM')","[19, 41]",88.224884
"('MEDIUM', 'SOFT', 'MEDIUM')","[19, 42]",88.43385
"('MEDIUM', 'SOFT', 'MEDIUM')","[19, 43]",88.64282
"('MEDIUM', 'SOFT', 'MEDIUM')","[19, 44]",88.85179
"('MEDIUM', 'SOFT', 'MEDIUM')","[19, 45]",89.06075
"('MEDIUM', 'SOFT', 'MEDIUM')","[19, 46]",89.26973
"('MEDIUM', 'SOFT', 'MEDIUM')","[20, 21]",83.90651
"('MEDIUM', 'SOFT', 'MEDIUM')","[20, 22]",84.11548
"('MEDIUM', 'SOFT', 'MEDIUM')","[20, 23]",84.32445
"('MEDIUM', 'SOFT', 'MEDIUM')","[20, 24]",84.53342
"('MEDIUM', 'SOFT', 'MEDIUM')","[20, 25]",84.74239
"('MEDIUM', 'SOFT', 'MEDIUM')","[20, 26]",84.95136
"('MEDIUM', 'SOFT', 'MEDIUM')","[20, 27]",85.160324
"('MEDIUM', 'SOFT', 'MEDIUM')","[20, 28]",85.36929
"('MEDIUM', 'SOFT', 'MEDIUM')","[20, 29]",85.57826
"('MEDIUM', 'SOFT', 'MEDIUM')","[20, 30]",85.78723
"('MEDIUM', 'SOFT', 'MEDIUM')","[20, 31]",85.9962
"('MEDIUM', 'SOFT', 'MEDIUM')","[20, 32]",86.20517
"('MEDIUM', 'SOFT', 'MEDIUM')","[20, 33]",86.41415
"('MEDIUM', 'SOFT', 'MEDIUM')","[20, 34]",86.623116
"('MEDIUM', 'SOFT', 'MEDIUM')","[20, 35]",86.83208
"('MEDIUM', 'SOFT', 'MEDIUM')","[20, 36]",87.04105
"('MEDIUM', 'SOFT', 'MEDIUM')","[20, 37]",87.25002
"('MEDIUM', 'SOFT', 'MEDIUM')","[20, 38]",87.459
"('MEDIUM', 'SOFT', 'MEDIUM')","[20, 39]",87.66797
"('MEDIUM', 'SOFT', 'MEDIUM')","[20, 40]",87.876945
"('MEDIUM', 'SOFT', 'MEDIUM')","[20, 41]",88.08591
"('MEDIUM', 'SOFT', 'MEDIUM')","[20, 42]",88.294876
"('MEDIUM', 'SOFT', 'MEDIUM')","[20, 43]",88.503845
"('MEDIUM', 'SOFT', 'MEDIUM')","[20, 44]",88.712814
"('MEDIUM', 'SOFT', 'MEDIUM')","[20, 45]",88.92179
"('MEDIUM', 'SOFT', 'MEDIUM')","[20, 46]",89.13075
"('MEDIUM', 'SOFT', 'MEDIUM')","[21, 22]",83.97652
"('MEDIUM', 'SOFT', 'MEDIUM')","[21, 23]",84.185486
"('MEDIUM', 'SOFT', 'MEDIUM')","[21, 24]",84.394455
"('MEDIUM', 'SOFT', 'MEDIUM')","[21, 25]",84.60342
"('MEDIUM', 'SOFT', 'MEDIUM')","[21, 26]",84.812386
"('MEDIUM', 'SOFT', 'MEDIUM')","[21, 27]",85.02136
"('MEDIUM', 'SOFT', 'MEDIUM')","[21, 28]",85.23033
"('MEDIUM', 'SOFT', 'MEDIUM')","[21, 29]",85.4393
"('MEDIUM', 'SOFT', 'MEDIUM')","[21, 30]",85.64827
"('MEDIUM', 'SOFT', 'MEDIUM')","[21, 31]",85.85724
"('MEDIUM', 'SOFT', 'MEDIUM')","[21, 32]",86.06621
"('MEDIUM', 'SOFT', 'MEDIUM')","[21, 33]",86.27517
"('MEDIUM', 'SOFT', 'MEDIUM')","[21, 34]",86.48414
"('MEDIUM', 'SOFT', 'MEDIUM')","[21, 35]",86.693115
"('MEDIUM', 'SOFT', 'MEDIUM')","[21, 36]",86.902084
"('MEDIUM', 'SOFT', 'MEDIUM')","[21, 37]",87.11106
"('MEDIUM', 'SOFT', 'MEDIUM')","[21, 38]",87.32004
"('MEDIUM', 'SOFT', 'MEDIUM')","[21, 39]",87.52901
"('MEDIUM', 'SOFT', 'MEDIUM')","[21, 40]",87.73797
"('MEDIUM', 'SOFT', 'MEDIUM')","[21, 41]",87.946945
"('MEDIUM', 'SOFT', 'MEDIUM')","[21, 42]",88.155914
"('MEDIUM', 'SOFT', 'MEDIUM')","[21, 43]",88.36488
"('MEDIUM', 'SOFT', 'MEDIUM')","[21, 44]",88.57385
"('MEDIUM', 'SOFT', 'MEDIUM')","[21, 45]",88.782814
"('MEDIUM', 'SOFT', 'MEDIUM')","[21, 46]",88.99179
"('MEDIUM', 'SOFT', 'MEDIUM')","[22, 23]",84.04651
"('MEDIUM', 'SOFT', 'MEDIUM')","[22, 24]",84.25548
"('MEDIUM', 'SOFT', 'MEDIUM')","[22, 25]",84.464455
"('MEDIUM', 'SOFT', 'MEDIUM')","[22, 26]",84.67342
"('MEDIUM', 'SOFT', 'MEDIUM')","[22, 27]",84.882385
"('MEDIUM', 'SOFT', 'MEDIUM')","[22, 28]",85.091354
"('MEDIUM', 'SOFT', 'MEDIUM')","[22, 29]",85.30032
"('MEDIUM', 'SOFT', 'MEDIUM')","[22, 30]",85.50929
"('MEDIUM', 'SOFT', 'MEDIUM')","[22, 31]",85.71826
"('MEDIUM', 'SOFT', 'MEDIUM')","[22, 32]",85.92723
"('MEDIUM', 'SOFT', 'MEDIUM')","[22, 33]",86.13621
"('MEDIUM', 'SOFT', 'MEDIUM')","[22, 34]",86.34518
"('MEDIUM', 'SOFT', 'MEDIUM')","[22, 35]",86.55414
"('MEDIUM', 'SOFT', 'MEDIUM')","[22, 36]",86.763115
"('MEDIUM', 'SOFT', 'MEDIUM')","[22, 37]",86.972084
"('MEDIUM', 'SOFT', 'MEDIUM')","[22, 38]",87.18106
"('MEDIUM', 'SOFT', 'MEDIUM')","[22, 39]",87.39003
"('MEDIUM', 'SOFT', 'MEDIUM')","[22, 40]",87.59901
"('MEDIUM', 'SOFT', 'MEDIUM')","[22, 41]",87.80797
"('MEDIUM', 'SOFT', 'MEDIUM')","[22, 42]",88.01694
"('MEDIUM', 'SOFT', 'MEDIUM')","[22, 43]",88.22591
"('MEDIUM', 'SOFT', 'MEDIUM')","[22, 44]",88.434875
"('MEDIUM', 'SOFT', 'MEDIUM')","[22, 45]",88.64385
"('MEDIUM', 'SOFT', 'MEDIUM')","[22, 46]",88.85281
"('MEDIUM', 'SOFT', 'MEDIUM')","[23, 24]",84.116516
"('MEDIUM', 'SOFT', 'MEDIUM')","[23, 25]",84.32548
"('MEDIUM', 'SOFT', 'MEDIUM')","[23, 26]",84.53445
"('MEDIUM', 'SOFT', 'MEDIUM')","[23, 27]",84.74342
"('MEDIUM', 'SOFT', 'MEDIUM')","[23, 28]",84.95239
"('MEDIUM', 'SOFT', 'MEDIUM')","[23, 29]",85.16136
"('MEDIUM', 'SOFT', 'MEDIUM')","[23, 30]",85.37033
"('MEDIUM', 'SOFT', 'MEDIUM')","[23, 31]",85.5793
"('MEDIUM', 'SOFT', 'MEDIUM')","[23, 32]",85.78827
"('MEDIUM', 'SOFT', 'MEDIUM')","[23, 33]",85.99723
"('MEDIUM', 'SOFT', 'MEDIUM')","[23, 34]",86.2062
"('MEDIUM', 'SOFT', 'MEDIUM')","[23, 35]",86.41518
"('MEDIUM', 'SOFT', 'MEDIUM')","[23, 36]",86.624146
"('MEDIUM', 'SOFT', 'MEDIUM')","[23, 37]",86.83312
"('MEDIUM', 'SOFT', 'MEDIUM')","[23, 38]",87.0421
"('MEDIUM', 'SOFT', 'MEDIUM')","[23, 39]",87.25107
"('MEDIUM', 'SOFT', 'MEDIUM')","[23, 40]",87.46003
"('MEDIUM', 'SOFT', 'MEDIUM')","[23, 41]",87.66901
"('MEDIUM', 'SOFT', 'MEDIUM')","[23, 42]",87.877975
"('MEDIUM', 'SOFT', 'MEDIUM')","[23, 43]",88.086945
"('MEDIUM', 'SOFT', 'MEDIUM')","[23, 44]",88.29591
"('MEDIUM', 'SOFT', 'MEDIUM')","[23, 45]",88.504875
"('MEDIUM', 'SOFT', 'MEDIUM')","[23, 46]",88.71385
"('MEDIUM', 'SOFT', 'MEDIUM')","[24, 25]",84.186516
"('MEDIUM', 'SOFT', 'MEDIUM')","[24, 26]",84.395485
"('MEDIUM', 'SOFT', 'MEDIUM')","[24, 27]",84.60445
"('MEDIUM', 'SOFT', 'MEDIUM')","[24, 28]",84.813416
"('MEDIUM', 'SOFT', 'MEDIUM')","[24, 29]",85.022385
"('MEDIUM', 'SOFT', 'MEDIUM')","[24, 30]",85.23135
"('MEDIUM', 'SOFT', 'MEDIUM')","[24, 31]",85.44032
"('MEDIUM', 'SOFT', 'MEDIUM')","[24, 32]",85.64929
"('MEDIUM', 'SOFT', 'MEDIUM')","[24, 33]",85.85827
"('MEDIUM', 'SOFT', 'MEDIUM')","[24, 34]",86.06724
"('MEDIUM', 'SOFT', 'MEDIUM')","[24, 35]",86.2762
"('MEDIUM', 'SOFT', 'MEDIUM')","[24, 36]",86.485176
"('MEDIUM', 'SOFT', 'MEDIUM')","[24, 37]",86.694145
"('MEDIUM', 'SOFT', 'MEDIUM')","[24, 38]",86.90312
"('MEDIUM', 'SOFT', 'MEDIUM')","[24, 39]",87.11209
"('MEDIUM', 'SOFT', 'MEDIUM')","[24, 40]",87.32107
"('MEDIUM', 'SOFT', 'MEDIUM')","[24, 41]",87.53003
"('MEDIUM', 'SOFT', 'MEDIUM')","[24, 42]",87.739
"('MEDIUM', 'SOFT', 'MEDIUM')","[24, 43]",87.94797
"('MEDIUM', 'SOFT', 'MEDIUM')","[24, 44]",88.15694
"('MEDIUM', 'SOFT', 'MEDIUM')","[24, 45]",88.36591
"('MEDIUM', 'SOFT', 'MEDIUM')","[24, 46]",88.574875
"('MEDIUM', 'SOFT', 'MEDIUM')","[25, 26]",84.25651
"('MEDIUM', 'SOFT', 'MEDIUM')","[25, 27]",84.465485
"('MEDIUM', 'SOFT', 'MEDIUM')","[25, 28]",84.67445
"('MEDIUM', 'SOFT', 'MEDIUM')","[25, 29]",84.88342
"('MEDIUM', 'SOFT', 'MEDIUM')","[25, 30]",85.09239
"('MEDIUM', 'SOFT', 'MEDIUM')","[25, 31]",85.30136
"('MEDIUM', 'SOFT', 'MEDIUM')","[25, 32]",85.51033
"('MEDIUM', 'SOFT', 'MEDIUM')","[25, 33]",85.71929
"('MEDIUM', 'SOFT', 'MEDIUM')","[25, 34]",85.92826
"('MEDIUM', 'SOFT', 'MEDIUM')","[25, 35]",86.13724
"('MEDIUM', 'SOFT', 'MEDIUM')","[25, 36]",86.34621
"('MEDIUM', 'SOFT', 'MEDIUM')","[25, 37]",86.55518
"('MEDIUM', 'SOFT', 'MEDIUM')","[25, 38]",86.76416
"('MEDIUM', 'SOFT', 'MEDIUM')","[25, 39]",86.97313
"('MEDIUM', 'SOFT', 'MEDIUM')","[25, 40]",87.18209
"('MEDIUM', 'SOFT', 'MEDIUM')","[25, 41]",87.39107
"('MEDIUM', 'SOFT', 'MEDIUM')","[25, 42]",87.60004
"('MEDIUM', 'SOFT', 'MEDIUM')","[25, 43]",87.809006
"('MEDIUM', 'SOFT', 'MEDIUM')","[25, 44]",88.017975
"('MEDIUM', 'SOFT', 'MEDIUM')","[25, 45]",88.22694
"('MEDIUM', 'SOFT', 'MEDIUM')","[25, 46]",88.43591
"('MEDIUM', 'SOFT', 'MEDIUM')","[26, 27]",84.32651
"('MEDIUM', 'SOFT', 'MEDIUM')","[26, 28]",84.53548
"('MEDIUM', 'SOFT', 'MEDIUM')","[26, 29]",84.744446
"('MEDIUM', 'SOFT', 'MEDIUM')","[26, 30]",84.953415
"('MEDIUM', 'SOFT', 'MEDIUM')","[26, 31]",85.162384
"('MEDIUM', 'SOFT', 'MEDIUM')","[26, 32]",85.37135
"('MEDIUM', 'SOFT', 'MEDIUM')","[26, 33]",85.58033
"('MEDIUM', 'SOFT', 'MEDIUM')","[26, 34]",85.7893
"('MEDIUM', 'SOFT', 'MEDIUM')","[26, 35]",85.99826
"('MEDIUM', 'SOFT', 'MEDIUM')","[26, 36]",86.20724
"('MEDIUM', 'SOFT', 'MEDIUM')","[26, 37]",86.41621
"('MEDIUM', 'SOFT', 'MEDIUM')","[26, 38]",86.62518
"('MEDIUM', 'SOFT', 'MEDIUM')","[26, 39]",86.83415
"('MEDIUM', 'SOFT', 'MEDIUM')","[26, 40]",87.04313
"('MEDIUM', 'SOFT', 'MEDIUM')","[26, 41]",87.25209
"('MEDIUM', 'SOFT', 'MEDIUM')","[26, 42]",87.46106
"('MEDIUM', 'SOFT', 'MEDIUM')","[26, 43]",87.67003
"('MEDIUM', 'SOFT', 'MEDIUM')","[26, 44]",87.879
"('MEDIUM', 'SOFT', 'MEDIUM')","[26, 45]",88.087975
"('MEDIUM', 'SOFT', 'MEDIUM')","[26, 46]",88.296936
"('MEDIUM', 'SOFT', 'MEDIUM')","[27, 28]",84.396515
"('MEDIUM', 'SOFT', 'MEDIUM')","[27, 29]",84.605484
"('MEDIUM', 'SOFT', 'MEDIUM')","[27, 30]",84.81445
"('MEDIUM', 'SOFT', 'MEDIUM')","[27, 31]",85.02342
"('MEDIUM', 'SOFT', 'MEDIUM')","[27, 32]",85.23239
"('MEDIUM', 'SOFT', 'MEDIUM')","[27, 33]",85.44135
"('MEDIUM', 'SOFT', 'MEDIUM')","[27, 34]",85.65032
"('MEDIUM', 'SOFT', 'MEDIUM')","[27, 35]",85.8593
"('MEDIUM', 'SOFT', 'MEDIUM')","[27, 36]",86.06827
"('MEDIUM', 'SOFT', 'MEDIUM')","[27, 37]",86.277245
"('MEDIUM', 'SOFT', 'MEDIUM')","[27, 38]",86.48622
"('MEDIUM', 'SOFT', 'MEDIUM')","[27, 39]",86.69519
"('MEDIUM', 'SOFT', 'MEDIUM')","[27, 40]",86.90415
"('MEDIUM', 'SOFT', 'MEDIUM')","[27, 41]",87.11313
"('MEDIUM', 'SOFT', 'MEDIUM')","[27, 42]",87.3221
"('MEDIUM', 'SOFT', 'MEDIUM')","[27, 43]",87.53107
"('MEDIUM', 'SOFT', 'MEDIUM')","[27, 44]",87.740036
"('MEDIUM', 'SOFT', 'MEDIUM')","[27, 45]",87.949
"('MEDIUM', 'SOFT', 'MEDIUM')","[27, 46]",88.157974
"('MEDIUM', 'SOFT', 'MEDIUM')","[28, 29]",84.46651
"('MEDIUM', 'SOFT', 'MEDIUM')","[28, 30]",84.675476
"('MEDIUM', 'SOFT', 'MEDIUM')","[28, 31]",84.884445
"('MEDIUM', 'SOFT', 'MEDIUM')","[28, 32]",85.093414
"('MEDIUM', 'SOFT', 'MEDIUM')","[28, 33]",85.30239
"('MEDIUM', 'SOFT', 'MEDIUM')","[28, 34]",85.51136
"('MEDIUM', 'SOFT', 'MEDIUM')","[28, 35]",85.72032
"('MEDIUM', 'SOFT', 'MEDIUM')","[28, 36]",85.9293
"('MEDIUM', 'SOFT', 'MEDIUM')","[28, 37]",86.13827
"('MEDIUM', 'SOFT', 'MEDIUM')","[28, 38]",86.347244
"('MEDIUM', 'SOFT', 'MEDIUM')","[28, 39]",86.55621
"('MEDIUM', 'SOFT', 'MEDIUM')","[28, 40]",86.76519
"('MEDIUM', 'SOFT', 'MEDIUM')","[28, 41]",86.97415
"('MEDIUM', 'SOFT', 'MEDIUM')","[28, 42]",87.18312
"('MEDIUM', 'SOFT', 'MEDIUM')","[28, 43]",87.39209
"('MEDIUM', 'SOFT', 'MEDIUM')","[28, 44]",87.60106
"('MEDIUM', 'SOFT', 'MEDIUM')","[28, 45]",87.810036
"('MEDIUM', 'SOFT', 'MEDIUM')","[28, 46]",88.019
"('MEDIUM', 'SOFT', 'MEDIUM')","[29, 30]",84.536514
"('MEDIUM', 'SOFT', 'MEDIUM')","[29, 31]",84.74548
"('MEDIUM', 'SOFT', 'MEDIUM')","[29, 32]",84.95445
"('MEDIUM', 'SOFT', 'MEDIUM')","[29, 33]",85.163414
"('MEDIUM', 'SOFT', 'MEDIUM')","[29, 34]",85.37238
"('MEDIUM', 'SOFT', 'MEDIUM')","[29, 35]",85.58136
"('MEDIUM', 'SOFT', 'MEDIUM')","[29, 36]",85.79033
"('MEDIUM', 'SOFT', 'MEDIUM')","[29, 37]",85.999306
"('MEDIUM', 'SOFT', 'MEDIUM')","[29, 38]",86.20828
"('MEDIUM', 'SOFT', 'MEDIUM')","[29, 39]",86.41725
"('MEDIUM', 'SOFT', 'MEDIUM')","[29, 40]",86.62621
"('MEDIUM', 'SOFT', 'MEDIUM')","[29, 41]",86.83519
"('MEDIUM', 'SOFT', 'MEDIUM')","[29, 42]",87.04416
"('MEDIUM', 'SOFT', 'MEDIUM')","[29, 43]",87.25313
"('MEDIUM', 'SOFT', 'MEDIUM')","[29, 44]",87.4621
"('MEDIUM', 'SOFT', 'MEDIUM')","[29, 45]",87.67106
"('MEDIUM', 'SOFT', 'MEDIUM')","[29, 46]",87.880035
"('MEDIUM', 'SOFT', 'MEDIUM')","[30, 31]",84.60651
"('MEDIUM', 'SOFT', 'MEDIUM')","[30, 32]",84.815475
"('MEDIUM', 'SOFT', 'MEDIUM')","[30, 33]",85.02445
"('MEDIUM', 'SOFT', 'MEDIUM')","[30, 34]",85.23342
"('MEDIUM', 'SOFT', 'MEDIUM')","[30, 35]",85.44238
"('MEDIUM', 'SOFT', 'MEDIUM')","[30, 36]",85.65136
"('MEDIUM', 'SOFT', 'MEDIUM')","[30, 37]",85.86033
"('MEDIUM', 'SOFT', 'MEDIUM')","[30, 38]",86.069305
"('MEDIUM', 'SOFT', 'MEDIUM')","[30, 39]",86.278275
"('MEDIUM', 'SOFT', 'MEDIUM')","[30, 40]",86.48725
"('MEDIUM', 'SOFT', 'MEDIUM')","[30, 41]",86.69621
"('MEDIUM', 'SOFT', 'MEDIUM')","[30, 42]",86.90518
"('MEDIUM', 'SOFT', 'MEDIUM')","[30, 43]",87.11415
"('MEDIUM', 'SOFT', 'MEDIUM')","[30, 44]",87.32312
"('MEDIUM', 'SOFT', 'MEDIUM')","[30, 45]",87.5321
"('MEDIUM', 'SOFT', 'MEDIUM')","[30, 46]",87.74106
"('MEDIUM', 'SOFT', 'MEDIUM')","[31, 32]",84.67651
"('MEDIUM', 'SOFT', 'MEDIUM')","[31, 33]",84.885475
"('MEDIUM', 'SOFT', 'MEDIUM')","[31, 34]",85.094444
"('MEDIUM', 'SOFT', 'MEDIUM')","[31, 35]",85.30342
"('MEDIUM', 'SOFT', 'MEDIUM')","[31, 36]",85.51239
"('MEDIUM', 'SOFT', 'MEDIUM')","[31, 37]",85.72137
"('MEDIUM', 'SOFT', 'MEDIUM')","[31, 38]",85.93034
"('MEDIUM', 'SOFT', 'MEDIUM')","[31, 39]",86.13931
"('MEDIUM', 'SOFT', 'MEDIUM')","[31, 40]",86.348274
"('MEDIUM', 'SOFT', 'MEDIUM')","[31, 41]",86.55725
"('MEDIUM', 'SOFT', 'MEDIUM')","[31, 42]",86.76622
"('MEDIUM', 'SOFT', 'MEDIUM')","[31, 43]",86.97519
"('MEDIUM', 'SOFT', 'MEDIUM')","[31, 44]",87.18416
"('MEDIUM', 'SOFT', 'MEDIUM')","[31, 45]",87.39312
"('MEDIUM', 'SOFT', 'MEDIUM')","[31, 46]",87.6021
"('MEDIUM', 'SOFT', 'MEDIUM')","[32, 33]",84.74651
"('MEDIUM', 'SOFT', 'MEDIUM')","[32, 34]",84.95548
"('MEDIUM', 'SOFT', 'MEDIUM')","[32, 35]",85.164444
"('MEDIUM', 'SOFT', 'MEDIUM')","[32, 36]",85.37342
"('MEDIUM', 'SOFT', 'MEDIUM')","[32, 37]",85.58239
"('MEDIUM', 'SOFT', 'MEDIUM')","[32, 38]",85.79137
"('MEDIUM', 'SOFT', 'MEDIUM')","[32, 39]",86.000336
"('MEDIUM', 'SOFT', 'MEDIUM')","[32, 40]",86.20931
"('MEDIUM', 'SOFT', 'MEDIUM')","[32, 41]",86.418274
"('MEDIUM', 'SOFT', 'MEDIUM')","[32, 42]",86.62724
"('MEDIUM', 'SOFT', 'MEDIUM')","[32, 43]",86.83621
"('MEDIUM', 'SOFT', 'MEDIUM')","[32, 44]",87.04518
"('MEDIUM', 'SOFT', 'MEDIUM')","[32, 45]",87.25416
"('MEDIUM', 'SOFT', 'MEDIUM')","[32, 46]",87.46312
"('MEDIUM', 'SOFT', 'MEDIUM')","[33, 34]",84.816505
"('MEDIUM', 'SOFT', 'MEDIUM')","[33, 35]",85.02548
"('MEDIUM', 'SOFT', 'MEDIUM')","[33, 36]",85.23445
"('MEDIUM', 'SOFT', 'MEDIUM')","[33, 37]",85.44343
"('MEDIUM', 'SOFT', 'MEDIUM')","[33, 38]",85.652405
"('MEDIUM', 'SOFT', 'MEDIUM')","[33, 39]",85.861374
"('MEDIUM', 'SOFT', 'MEDIUM')","[33, 40]",86.070335
"('MEDIUM', 'SOFT', 'MEDIUM')","[33, 41]",86.27931
"('MEDIUM', 'SOFT', 'MEDIUM')","[33, 42]",86.48828
"('MEDIUM', 'SOFT', 'MEDIUM')","[33, 43]",86.69725
"('MEDIUM', 'SOFT', 'MEDIUM')","[33, 44]",86.90622
"('MEDIUM', 'SOFT', 'MEDIUM')","[33, 45]",87.11518
"('MEDIUM', 'SOFT', 'MEDIUM')","[33, 46]",87.32416
"('MEDIUM', 'SOFT', 'MEDIUM')","[34, 35]",84.886505
"('MEDIUM', 'SOFT', 'MEDIUM')","[34, 36]",85.09548
"('MEDIUM', 'SOFT', 'MEDIUM')","[34, 37]",85.30445
"('MEDIUM', 'SOFT', 'MEDIUM')","[34, 38]",85.51343
"('MEDIUM', 'SOFT', 'MEDIUM')","[34, 39]",85.7224
"('MEDIUM', 'SOFT', 'MEDIUM')","[34, 40]",85.93137
"('MEDIUM', 'SOFT', 'MEDIUM')","[34, 41]",86.140335
"('MEDIUM', 'SOFT', 'MEDIUM')","[34, 42]",86.349304
"('MEDIUM', 'SOFT', 'MEDIUM')","[34, 43]",86.55827
"('MEDIUM', 'SOFT', 'MEDIUM')","[34, 44]",86.76724
"('MEDIUM', 'SOFT', 'MEDIUM')","[34, 45]",86.97622
"('MEDIUM', 'SOFT', 'MEDIUM')","[34, 46]",87.18518
"('MEDIUM', 'SOFT', 'MEDIUM')","[35, 36]",84.95651
"('MEDIUM', 'SOFT', 'MEDIUM')","[35, 37]",85.16549
"('MEDIUM', 'SOFT', 'MEDIUM')","[35, 38]",85.374466
"('MEDIUM', 'SOFT', 'MEDIUM')","[35, 39]",85.583435
"('MEDIUM', 'SOFT', 'MEDIUM')","[35, 40]",85.7924
"('MEDIUM', 'SOFT', 'MEDIUM')","[35, 41]",86.00137
"('MEDIUM', 'SOFT', 'MEDIUM')","[35, 42]",86.21034
"('MEDIUM', 'SOFT', 'MEDIUM')","[35, 43]",86.41931
"('MEDIUM', 'SOFT', 'MEDIUM')","[35, 44]",86.62828
"('MEDIUM', 'SOFT', 'MEDIUM')","[35, 45]",86.83724
"('MEDIUM', 'SOFT', 'MEDIUM')","[35, 46]",87.04622
"('MEDIUM', 'SOFT', 'MEDIUM')","[36, 37]",85.02651
"('MEDIUM', 'SOFT', 'MEDIUM')","[36, 38]",85.23549
"('MEDIUM', 'SOFT', 'MEDIUM')","[36, 39]",85.44446
"('MEDIUM', 'SOFT', 'MEDIUM')","[36, 40]",85.653435
"('MEDIUM', 'SOFT', 'MEDIUM')","[36, 41]",85.8624
"('MEDIUM', 'SOFT', 'MEDIUM')","[36, 42]",86.071365
"('MEDIUM', 'SOFT', 'MEDIUM')","[36, 43]",86.280334
"('MEDIUM', 'SOFT', 'MEDIUM')","[36, 44]",86.4893
"('MEDIUM', 'SOFT', 'MEDIUM')","[36, 45]",86.69828
"('MEDIUM', 'SOFT', 'MEDIUM')","[36, 46]",86.90724
"('MEDIUM', 'SOFT', 'MEDIUM')","[37, 38]",85.09651
"('MEDIUM', 'SOFT', 'MEDIUM')","[37, 39]",85.3055
"('MEDIUM', 'SOFT', 'MEDIUM')","[37, 40]",85.51446
"('MEDIUM', 'SOFT', 'MEDIUM')","[37, 41]",85.72343
"('MEDIUM', 'SOFT', 'MEDIUM')","[37, 42]",85.93239
"('MEDIUM', 'SOFT', 'MEDIUM')","[37, 43]",86.14136
"('MEDIUM', 'SOFT', 'MEDIUM')","[37, 44]",86.350334
"('MEDIUM', 'SOFT', 'MEDIUM')","[37, 45]",86.5593
"('MEDIUM', 'SOFT', 'MEDIUM')","[37, 46]",86.76828
"('MEDIUM', 'SOFT', 'MEDIUM')","[38, 39]",85.16652
"('MEDIUM', 'SOFT', 'MEDIUM')","[38, 40]",85.37548
"('MEDIUM', 'SOFT', 'MEDIUM')","[38, 41]",85.58446
"('MEDIUM', 'SOFT', 'MEDIUM')","[38, 42]",85.79343
"('MEDIUM', 'SOFT', 'MEDIUM')","[38, 43]",86.002396
"('MEDIUM', 'SOFT', 'MEDIUM')","[38, 44]",86.211365
"('MEDIUM', 'SOFT', 'MEDIUM')","[38, 45]",86.42033
"('MEDIUM', 'SOFT', 'MEDIUM')","[38, 46]",86.6293
"('MEDIUM', 'SOFT', 'MEDIUM')","[39, 40]",85.23652
"('MEDIUM', 'SOFT', 'MEDIUM')","[39, 41]",85.44548
"('MEDIUM', 'SOFT', 'MEDIUM')","[39, 42]",85.65445
"('MEDIUM', 'SOFT', 'MEDIUM')","[39, 43]",85.86342
"('MEDIUM', 'SOFT', 'MEDIUM')","[39, 44]",86.07239
"('MEDIUM', 'SOFT', 'MEDIUM')","[39, 45]",86.281364
"('MEDIUM', 'SOFT', 'MEDIUM')","[39, 46]",86.490326
"('MEDIUM', 'SOFT', 'MEDIUM')","[40, 41]",85.30652
"('MEDIUM', 'SOFT', 'MEDIUM')","[40, 42]",85.51549
"('MEDIUM', 'SOFT', 'MEDIUM')","[40, 43]",85.72446
"('MEDIUM', 'SOFT', 'MEDIUM')","[40, 44]",85.933426
"('MEDIUM', 'SOFT', 'MEDIUM')","[40, 45]",86.14239
"('MEDIUM', 'SOFT', 'MEDIUM')","[40, 46]",86.351364
"('MEDIUM', 'SOFT', 'MEDIUM')","[41, 42]",85.37651
"('MEDIUM', 'SOFT', 'MEDIUM')","[41, 43]",85.58548
"('MEDIUM', 'SOFT', 'MEDIUM')","[41, 44]",85.79445
"('MEDIUM', 'SOFT', 'MEDIUM')","[41, 45]",86.003426
"('MEDIUM', 'SOFT', 'MEDIUM')","[41, 46]",86.21239
"('MEDIUM', 'SOFT', 'MEDIUM')","[42, 43]",85.44652
"('MEDIUM', 'SOFT', 'MEDIUM')","[42, 44]",85.65549
"('MEDIUM', 'SOFT', 'MEDIUM')","[42, 45]",85.86445
"('MEDIUM', 'SOFT', 'MEDIUM')","[42, 46]",86.073425
"('MEDIUM', 'SOFT', 'MEDIUM')","[43, 44]",85.51651
"('MEDIUM', 'SOFT', 'MEDIUM')","[43, 45]",85.72548
"('MEDIUM', 'SOFT', 'MEDIUM')","[43, 46]",85.93445
"('MEDIUM', 'SOFT', 'MEDIUM')","[44, 45]",85.58651
"('MEDIUM', 'SOFT', 'MEDIUM')","[44, 46]",85.79549
"('MEDIUM', 'SOFT', 'MEDIUM')","[45, 46]",85.65651
"('MEDIUM', 'SOFT', 'HARD')","[10, 11]",95.09874
"('MEDIUM', 'SOFT', 'HARD')","[10, 12]",95.04918
"('MEDIUM', 'SOFT', 'HARD')","[10, 13]",94.999626
"('MEDIUM', 'SOFT', 'HARD')","[10, 14]",94.950066
"('MEDIUM', 'SOFT', 'HARD')","[10, 15]",94.90051
"('MEDIUM', 'SOFT', 'HARD')","[10, 16]",94.85095
"('MEDIUM', 'SOFT', 'HARD')","[10, 17]",94.8014
"('MEDIUM', 'SOFT', 'HARD')","[10, 18]",94.75184
"('MEDIUM', 'SOFT', 'HARD')","[10, 19]",94.702286
"('MEDIUM', 'SOFT', 'HARD')","[10, 20]",94.652725
"('MEDIUM', 'SOFT', 'HARD')","[10, 21]",94.60317
"('MEDIUM', 'SOFT', 'HARD')","[10, 22]",94.55362
"('MEDIUM', 'SOFT', 'HARD')","[10, 23]",94.50406
"('MEDIUM', 'SOFT', 'HARD')","[10, 24]",94.4545
"('MEDIUM', 'SOFT', 'HARD')","[10, 25]",94.404945
"('MEDIUM', 'SOFT', 'HARD')","[10, 26]",94.35539
"('MEDIUM', 'SOFT', 'HARD')","[10, 27]",94.30583
"('MEDIUM', 'SOFT', 'HARD')","[10, 28]",94.25627
"('MEDIUM', 'SOFT', 'HARD')","[10, 29]",94.20672
"('MEDIUM', 'SOFT', 'HARD')","[10, 30]",94.157166
"('MEDIUM', 'SOFT', 'HARD')","[10, 31]",94.107605
"('MEDIUM', 'SOFT', 'HARD')","[10, 32]",94.058044
"('MEDIUM', 'SOFT', 'HARD')","[10, 33]",94.00849
"('MEDIUM', 'SOFT', 'HARD')","[10, 34]",93.95894
"('MEDIUM', 'SOFT', 'HARD')","[10, 35]",93.90938
"('MEDIUM', 'SOFT', 'HARD')","[10, 36]",93.85982
"('MEDIUM', 'SOFT', 'HARD')","[10, 37]",93.810265
"('MEDIUM', 'SOFT', 'HARD')","[10, 38]",93.76071
"('MEDIUM', 'SOFT', 'HARD')","[10, 39]",93.71115
"('MEDIUM', 'SOFT', 'HARD')","[10, 40]",93.66159
"('MEDIUM', 'SOFT', 'HARD')","[10, 41]",93.61203
"('MEDIUM', 'SOFT', 'HARD')","[10, 42]",93.56247
"('MEDIUM', 'SOFT', 'HARD')","[10, 43]",93.51291
"('MEDIUM', 'SOFT', 'HARD')","[10, 44]",93.46335
"('MEDIUM', 'SOFT', 'HARD')","[10, 45]",93.413795
"('MEDIUM', 'SOFT', 'HARD')","[10, 46]",93.364235
"('MEDIUM', 'SOFT', 'HARD')","[11, 12]",94.91022
"('MEDIUM', 'SOFT', 'HARD')","[11, 13]",94.86066
"('MEDIUM', 'SOFT', 'HARD')","[11, 14]",94.8111
"('MEDIUM', 'SOFT', 'HARD')","[11, 15]",94.76154
"('MEDIUM', 'SOFT', 'HARD')","[11, 16]",94.71198
"('MEDIUM', 'SOFT', 'HARD')","[11, 17]",94.66243
"('MEDIUM', 'SOFT', 'HARD')","[11, 18]",94.61287
"('MEDIUM', 'SOFT', 'HARD')","[11, 19]",94.56332
"('MEDIUM', 'SOFT', 'HARD')","[11, 20]",94.513756
"('MEDIUM', 'SOFT', 'HARD')","[11, 21]",94.4642
"('MEDIUM', 'SOFT', 'HARD')","[11, 22]",94.41464
"('MEDIUM', 'SOFT', 'HARD')","[11, 23]",94.36508
"('MEDIUM', 'SOFT', 'HARD')","[11, 24]",94.31554
"('MEDIUM', 'SOFT', 'HARD')","[11, 25]",94.265976
"('MEDIUM', 'SOFT', 'HARD')","[11, 26]",94.216415
"('MEDIUM', 'SOFT', 'HARD')","[11, 27]",94.16687
"('MEDIUM', 'SOFT', 'HARD')","[11, 28]",94.1173
"('MEDIUM', 'SOFT', 'HARD')","[11, 29]",94.06775
"('MEDIUM', 'SOFT', 'HARD')","[11, 30]",94.01819
"('MEDIUM', 'SOFT', 'HARD')","[11, 31]",93.96863
"('MEDIUM', 'SOFT', 'HARD')","[11, 32]",93.91908
"('MEDIUM', 'SOFT', 'HARD')","[11, 33]",93.86952
"('MEDIUM', 'SOFT', 'HARD')","[11, 34]",93.81996
"('MEDIUM', 'SOFT', 'HARD')","[11, 35]",93.77042
"('MEDIUM', 'SOFT', 'HARD')","[11, 36]",93.72085
"('MEDIUM', 'SOFT', 'HARD')","[11, 37]",93.671295
"('MEDIUM', 'SOFT', 'HARD')","[11, 38]",93.621735
"('MEDIUM', 'SOFT', 'HARD')","[11, 39]",93.572174
"('MEDIUM', 'SOFT', 'HARD')","[11, 40]",93.52262
"('MEDIUM', 'SOFT', 'HARD')","[11, 41]",93.47306
"('MEDIUM', 'SOFT', 'HARD')","[11, 42]",93.42351
"('MEDIUM', 'SOFT', 'HARD')","[11, 43]",93.37395
"('MEDIUM', 'SOFT', 'HARD')","[11, 44]",93.32439
"('MEDIUM', 'SOFT', 'HARD')","[11, 45]",93.274826
"('MEDIUM', 'SOFT', 'HARD')","[11, 46]",93.225266
"('MEDIUM', 'SOFT', 'HARD')","[12, 13]",94.72169
"('MEDIUM', 'SOFT', 'HARD')","[12, 14]",94.67213
"('MEDIUM', 'SOFT', 'HARD')","[12, 15]",94.622574
"('MEDIUM', 'SOFT', 'HARD')","[12, 16]",94.57301
"('MEDIUM', 'SOFT', 'HARD')","[12, 17]",94.52346
"('MEDIUM', 'SOFT', 'HARD')","[12, 18]",94.4739
"('MEDIUM', 'SOFT', 'HARD')","[12, 19]",94.42435
"('MEDIUM', 'SOFT', 'HARD')","[12, 20]",94.37479
"('MEDIUM', 'SOFT', 'HARD')","[12, 21]",94.32523
"('MEDIUM', 'SOFT', 'HARD')","[12, 22]",94.27568
"('MEDIUM', 'SOFT', 'HARD')","[12, 23]",94.22612
"('MEDIUM', 'SOFT', 'HARD')","[12, 24]",94.17656
"('MEDIUM', 'SOFT', 'HARD')","[12, 25]",94.12701
"('MEDIUM', 'SOFT', 'HARD')","[12, 26]",94.07745
"('MEDIUM', 'SOFT', 'HARD')","[12, 27]",94.02789
"('MEDIUM', 'SOFT', 'HARD')","[12, 28]",93.97833
"('MEDIUM', 'SOFT', 'HARD')","[12, 29]",93.92878
"('MEDIUM', 'SOFT', 'HARD')","[12, 30]",93.87923
"('MEDIUM', 'SOFT', 'HARD')","[12, 31]",93.829666
"('MEDIUM', 'SOFT', 'HARD')","[12, 32]",93.780106
"('MEDIUM', 'SOFT', 'HARD')","[12, 33]",93.73055
"('MEDIUM', 'SOFT', 'HARD')","[12, 34]",93.681
"('MEDIUM', 'SOFT', 'HARD')","[12, 35]",93.63144
"('MEDIUM', 'SOFT', 'HARD')","[12, 36]",93.58188
"('MEDIUM', 'SOFT', 'HARD')","[12, 37]",93.532326
"('MEDIUM', 'SOFT', 'HARD')","[12, 38]",93.48277
"('MEDIUM', 'SOFT', 'HARD')","[12, 39]",93.43321
"('MEDIUM', 'SOFT', 'HARD')","[12, 40]",93.38365
"('MEDIUM', 'SOFT', 'HARD')","[12, 41]",93.33409
"('MEDIUM', 'SOFT', 'HARD')","[12, 42]",93.28453
"('MEDIUM', 'SOFT', 'HARD')","[12, 43]",93.23497
"('MEDIUM', 'SOFT', 'HARD')","[12, 44]",93.18541
"('MEDIUM', 'SOFT', 'HARD')","[12, 45]",93.13586
"('MEDIUM', 'SOFT', 'HARD')","[12, 46]",93.086296
"('MEDIUM', 'SOFT', 'HARD')","[13, 14]",94.53316
"('MEDIUM', 'SOFT', 'HARD')","[13, 15]",94.483604
"('MEDIUM', 'SOFT', 'HARD')","[13, 16]",94.434044
"('MEDIUM', 'SOFT', 'HARD')","[13, 17]",94.38449
"('MEDIUM', 'SOFT', 'HARD')","[13, 18]",94.33493
"('MEDIUM', 'SOFT', 'HARD')","[13, 19]",94.28538
"('MEDIUM', 'SOFT', 'HARD')","[13, 20]",94.23582
"('MEDIUM', 'SOFT', 'HARD')","[13, 21]",94.186264
"('MEDIUM', 'SOFT', 'HARD')","[13, 22]",94.1367
"('MEDIUM', 'SOFT', 'HARD')","[13, 23]",94.08714
"('MEDIUM', 'SOFT', 'HARD')","[13, 24]",94.0376
"('MEDIUM', 'SOFT', 'HARD')","[13, 25]",93.98804
"('MEDIUM', 'SOFT', 'HARD')","[13, 26]",93.93848
"('MEDIUM', 'SOFT', 'HARD')","[13, 27]",93.88893
"('MEDIUM', 'SOFT', 'HARD')","[13, 28]",93.83936
"('MEDIUM', 'SOFT', 'HARD')","[13, 29]",93.78981
"('MEDIUM', 'SOFT', 'HARD')","[13, 30]",93.74025
"('MEDIUM', 'SOFT', 'HARD')","[13, 31]",93.69069
"('MEDIUM', 'SOFT', 'HARD')","[13, 32]",93.64114
"('MEDIUM', 'SOFT', 'HARD')","[13, 33]",93.59158
"('MEDIUM', 'SOFT', 'HARD')","[13, 34]",93.54202
"('MEDIUM', 'SOFT', 'HARD')","[13, 35]",93.49248
"('MEDIUM', 'SOFT', 'HARD')","[13, 36]",93.44291
"('MEDIUM', 'SOFT', 'HARD')","[13, 37]",93.39336
"('MEDIUM', 'SOFT', 'HARD')","[13, 38]",93.343796
"('MEDIUM', 'SOFT', 'HARD')","[13, 39]",93.294235
"('MEDIUM', 'SOFT', 'HARD')","[13, 40]",93.24468
"('MEDIUM', 'SOFT', 'HARD')","[13, 41]",93.19512
"('MEDIUM', 'SOFT', 'HARD')","[13, 42]",93.14557
"('MEDIUM', 'SOFT', 'HARD')","[13, 43]",93.09601
"('MEDIUM', 'SOFT', 'HARD')","[13, 44]",93.04645
"('MEDIUM', 'SOFT', 'HARD')","[13, 45]",92.99689
"('MEDIUM', 'SOFT', 'HARD')","[13, 46]",92.94733
"('MEDIUM', 'SOFT', 'HARD')","[14, 15]",94.344635
"('MEDIUM', 'SOFT', 'HARD')","[14, 16]",94.295074
"('MEDIUM', 'SOFT', 'HARD')","[14, 17]",94.24552
"('MEDIUM', 'SOFT', 'HARD')","[14, 18]",94.19596
"('MEDIUM', 'SOFT', 'HARD')","[14, 19]",94.14641
"('MEDIUM', 'SOFT', 'HARD')","[14, 20]",94.09685
"('MEDIUM', 'SOFT', 'HARD')","[14, 21]",94.047295
"('MEDIUM', 'SOFT', 'HARD')","[14, 22]",93.99774
"('MEDIUM', 'SOFT', 'HARD')","[14, 23]",93.94818
"('MEDIUM', 'SOFT', 'HARD')","[14, 24]",93.89862
"('MEDIUM', 'SOFT', 'HARD')","[14, 25]",93.84907
"('MEDIUM', 'SOFT', 'HARD')","[14, 26]",93.799515
"('MEDIUM', 'SOFT', 'HARD')","[14, 27]",93.749954
"('MEDIUM', 'SOFT', 'HARD')","[14, 28]",93.70039
"('MEDIUM', 'SOFT', 'HARD')","[14, 29]",93.65084
"('MEDIUM', 'SOFT', 'HARD')","[14, 30]",93.60129
"('MEDIUM', 'SOFT', 'HARD')","[14, 31]",93.55173
"('MEDIUM', 'SOFT', 'HARD')","[14, 32]",93.50217
"('MEDIUM', 'SOFT', 'HARD')","[14, 33]",93.452614
"('MEDIUM', 'SOFT', 'HARD')","[14, 34]",93.40306
"('MEDIUM', 'SOFT', 'HARD')","[14, 35]",93.3535
"('MEDIUM', 'SOFT', 'HARD')","[14, 36]",93.30394
"('MEDIUM', 'SOFT', 'HARD')","[14, 37]",93.25439
"('MEDIUM', 'SOFT', 'HARD')","[14, 38]",93.204834
"('MEDIUM', 'SOFT', 'HARD')","[14, 39]",93.15527
"('MEDIUM', 'SOFT', 'HARD')","[14, 40]",93.10571
"('MEDIUM', 'SOFT', 'HARD')","[14, 41]",93.05615
"('MEDIUM', 'SOFT', 'HARD')","[14, 42]",93.00659
"('MEDIUM', 'SOFT', 'HARD')","[14, 43]",92.95703
"('MEDIUM', 'SOFT', 'HARD')","[14, 44]",92.90747
"('MEDIUM', 'SOFT', 'HARD')","[14, 45]",92.85792
"('MEDIUM', 'SOFT', 'HARD')","[14, 46]",92.80836
"('MEDIUM', 'SOFT', 'HARD')","[15, 16]",94.156105
"('MEDIUM', 'SOFT', 'HARD')","[15, 17]",94.10655
"('MEDIUM', 'SOFT', 'HARD')","[15, 18]",94.05699
"('MEDIUM', 'SOFT', 'HARD')","[15, 19]",94.00744
"('MEDIUM', 'SOFT', 'HARD')","[15, 20]",93.95788
"('MEDIUM', 'SOFT', 'HARD')","[15, 21]",93.908325
"('MEDIUM', 'SOFT', 'HARD')","[15, 22]",93.858765
"('MEDIUM', 'SOFT', 'HARD')","[15, 23]",93.809204
"('MEDIUM', 'SOFT', 'HARD')","[15, 24]",93.75966
"('MEDIUM', 'SOFT', 'HARD')","[15, 25]",93.7101
"('MEDIUM', 'SOFT', 'HARD')","[15, 26]",93.66054
"('MEDIUM', 'SOFT', 'HARD')","[15, 27]",93.61099
"('MEDIUM', 'SOFT', 'HARD')","[15, 28]",93.561424
"('MEDIUM', 'SOFT', 'HARD')","[15, 29]",93.51187
"('MEDIUM', 'SOFT', 'HARD')","[15, 30]",93.46231
"('MEDIUM', 'SOFT', 'HARD')","[15, 31]",93.41275
"('MEDIUM', 'SOFT', 'HARD')","[15, 32]",93.363205
"('MEDIUM', 'SOFT', 'HARD')","[15, 33]",93.313644
"('MEDIUM', 'SOFT', 'HARD')","[15, 34]",93.264084
"('MEDIUM', 'SOFT', 'HARD')","[15, 35]",93.21454
"('MEDIUM', 'SOFT', 'HARD')","[15, 36]",93.16497
"('MEDIUM', 'SOFT', 'HARD')","[15, 37]",93.11542
"('MEDIUM', 'SOFT', 'HARD')","[15, 38]",93.06586
"('MEDIUM', 'SOFT', 'HARD')","[15, 39]",93.0163
"('MEDIUM', 'SOFT', 'HARD')","[15, 40]",92.96674
"('MEDIUM', 'SOFT', 'HARD')","[15, 41]",92.91718
"('MEDIUM', 'SOFT', 'HARD')","[15, 42]",92.86763
"('MEDIUM', 'SOFT', 'HARD')","[15, 43]",92.81807
"('MEDIUM', 'SOFT', 'HARD')","[15, 44]",92.76851
"('MEDIUM', 'SOFT', 'HARD')","[15, 45]",92.71895
"('MEDIUM', 'SOFT', 'HARD')","[15, 46]",92.66939
"('MEDIUM', 'SOFT', 'HARD')","[16, 17]",93.96758
"('MEDIUM', 'SOFT', 'HARD')","[16, 18]",93.91802
"('MEDIUM', 'SOFT', 'HARD')","[16, 19]",93.86847
"('MEDIUM', 'SOFT', 'HARD')","[16, 20]",93.81891
"('MEDIUM', 'SOFT', 'HARD')","[16, 21]",93.769356
"('MEDIUM', 'SOFT', 'HARD')","[16, 22]",93.7198
"('MEDIUM', 'SOFT', 'HARD')","[16, 23]",93.67024
"('MEDIUM', 'SOFT', 'HARD')","[16, 24]",93.62068
"('MEDIUM', 'SOFT', 'HARD')","[16, 25]",93.57113
"('MEDIUM', 'SOFT', 'HARD')","[16, 26]",93.521576
"('MEDIUM', 'SOFT', 'HARD')","[16, 27]",93.472015
"('MEDIUM', 'SOFT', 'HARD')","[16, 28]",93.422455
"('MEDIUM', 'SOFT', 'HARD')","[16, 29]",93.3729
"('MEDIUM', 'SOFT', 'HARD')","[16, 30]",93.32335
"('MEDIUM', 'SOFT', 'HARD')","[16, 31]",93.27379
"('MEDIUM', 'SOFT', 'HARD')","[16, 32]",93.22423
"('MEDIUM', 'SOFT', 'HARD')","[16, 33]",93.174675
"('MEDIUM', 'SOFT', 'HARD')","[16, 34]",93.12512
"('MEDIUM', 'SOFT', 'HARD')","[16, 35]",93.07556
"('MEDIUM', 'SOFT', 'HARD')","[16, 36]",93.026
"('MEDIUM', 'SOFT', 'HARD')","[16, 37]",92.97645
"('MEDIUM', 'SOFT', 'HARD')","[16, 38]",92.926895
"('MEDIUM', 'SOFT', 'HARD')","[16, 39]",92.877335
"('MEDIUM', 'SOFT', 'HARD')","[16, 40]",92.827774
"('MEDIUM', 'SOFT', 'HARD')","[16, 41]",92.77821
"('MEDIUM', 'SOFT', 'HARD')","[16, 42]",92.72865
"('MEDIUM', 'SOFT', 'HARD')","[16, 43]",92.67909
"('MEDIUM', 'SOFT', 'HARD')","[16, 44]",92.62953
"('MEDIUM', 'SOFT', 'HARD')","[16, 45]",92.57998
"('MEDIUM', 'SOFT', 'HARD')","[16, 46]",92.53042
"('MEDIUM', 'SOFT', 'HARD')","[17, 18]",93.77905
"('MEDIUM', 'SOFT', 'HARD')","[17, 19]",93.7295
"('MEDIUM', 'SOFT', 'HARD')","[17, 20]",93.67994
"('MEDIUM', 'SOFT', 'HARD')","[17, 21]",93.63039
"('MEDIUM', 'SOFT', 'HARD')","[17, 22]",93.580826
"('MEDIUM', 'SOFT', 'HARD')","[17, 23]",93.531265
"('MEDIUM', 'SOFT', 'HARD')","[17, 24]",93.48172
"('MEDIUM', 'SOFT', 'HARD')","[17, 25]",93.43216
"('MEDIUM', 'SOFT', 'HARD')","[17, 26]",93.3826
"('MEDIUM', 'SOFT', 'HARD')","[17, 27]",93.33305
"('MEDIUM', 'SOFT', 'HARD')","[17, 28]",93.283485
"('MEDIUM', 'SOFT', 'HARD')","[17, 29]",93.23393
"('MEDIUM', 'SOFT', 'HARD')","[17, 30]",93.18437
"('MEDIUM', 'SOFT', 'HARD')","[17, 31]",93.13481
"('MEDIUM', 'SOFT', 'HARD')","[17, 32]",93.085266
"('MEDIUM', 'SOFT', 'HARD')","[17, 33]",93.035706
"('MEDIUM', 'SOFT', 'HARD')","[17, 34]",92.986145
"('MEDIUM', 'SOFT', 'HARD')","[17, 35]",92.9366
"('MEDIUM', 'SOFT', 'HARD')","[17, 36]",92.88703
"('MEDIUM', 'SOFT', 'HARD')","[17, 37]",92.83748
"('MEDIUM', 'SOFT', 'HARD')","[17, 38]",92.78792
"('MEDIUM', 'SOFT', 'HARD')","[17, 39]",92.73836
"('MEDIUM', 'SOFT', 'HARD')","[17, 40]",92.688805
"('MEDIUM', 'SOFT', 'HARD')","[17, 41]",92.639244
"('MEDIUM', 'SOFT', 'HARD')","[17, 42]",92.58969
"('MEDIUM', 'SOFT', 'HARD')","[17, 43]",92.54013
"('MEDIUM', 'SOFT', 'HARD')","[17, 44]",92.49057
"('MEDIUM', 'SOFT', 'HARD')","[17, 45]",92.44101
"('MEDIUM', 'SOFT', 'HARD')","[17, 46]",92.39145
"('MEDIUM', 'SOFT', 'HARD')","[18, 19]",93.59053
"('MEDIUM', 'SOFT', 'HARD')","[18, 20]",93.54097
"('MEDIUM', 'SOFT', 'HARD')","[18, 21]",93.49142
"('MEDIUM', 'SOFT', 'HARD')","[18, 22]",93.441864
"('MEDIUM', 'SOFT', 'HARD')","[18, 23]",93.3923
"('MEDIUM', 'SOFT', 'HARD')","[18, 24]",93.34274
"('MEDIUM', 'SOFT', 'HARD')","[18, 25]",93.29319
"('MEDIUM', 'SOFT', 'HARD')","[18, 26]",93.24364
"('MEDIUM', 'SOFT', 'HARD')","[18, 27]",93.19408
"('MEDIUM', 'SOFT', 'HARD')","[18, 28]",93.144516
"('MEDIUM', 'SOFT', 'HARD')","[18, 29]",93.09496
"('MEDIUM', 'SOFT', 'HARD')","[18, 30]",93.04541
"('MEDIUM', 'SOFT', 'HARD')","[18, 31]",92.99585
"('MEDIUM', 'SOFT', 'HARD')","[18, 32]",92.94629
"('MEDIUM', 'SOFT', 'HARD')","[18, 33]",92.896736
"('MEDIUM', 'SOFT', 'HARD')","[18, 34]",92.84718
"('MEDIUM', 'SOFT', 'HARD')","[18, 35]",92.79762
"('MEDIUM', 'SOFT', 'HARD')","[18, 36]",92.74806
"('MEDIUM', 'SOFT', 'HARD')","[18, 37]",92.69851
"('MEDIUM', 'SOFT', 'HARD')","[18, 38]",92.64896
"('MEDIUM', 'SOFT', 'HARD')","[18, 39]",92.599396
"('MEDIUM', 'SOFT', 'HARD')","[18, 40]",92.549835
"('MEDIUM', 'SOFT', 'HARD')","[18, 41]",92.500275
"('MEDIUM', 'SOFT', 'HARD')","[18, 42]",92.450714
"('MEDIUM', 'SOFT', 'HARD')","[18, 43]",92.40115
"('MEDIUM', 'SOFT', 'HARD')","[18, 44]",92.35159
"('MEDIUM', 'SOFT', 'HARD')","[18, 45]",92.30204
"('MEDIUM', 'SOFT', 'HARD')","[18, 46]",92.25248
"('MEDIUM', 'SOFT', 'HARD')","[19, 20]",93.402
"('MEDIUM', 'SOFT', 'HARD')","[19, 21]",93.35245
"('MEDIUM', 'SOFT', 'HARD')","[19, 22]",93.30289
"('MEDIUM', 'SOFT', 'HARD')","[19, 23]",93.25333
"('MEDIUM', 'SOFT', 'HARD')","[19, 24]",93.20377
"('MEDIUM', 'SOFT', 'HARD')","[19, 25]",93.15421
"('MEDIUM', 'SOFT', 'HARD')","[19, 26]",93.10466
"('MEDIUM', 'SOFT', 'HARD')","[19, 27]",93.0551
"('MEDIUM', 'SOFT', 'HARD')","[19, 28]",93.00555
"('MEDIUM', 'SOFT', 'HARD')","[19, 29]",92.95599
"('MEDIUM', 'SOFT', 'HARD')","[19, 30]",92.90643
"('MEDIUM', 'SOFT', 'HARD')","[19, 31]",92.85687
"('MEDIUM', 'SOFT', 'HARD')","[19, 32]",92.80732
"('MEDIUM', 'SOFT', 'HARD')","[19, 33]",92.75776
"('MEDIUM', 'SOFT', 'HARD')","[19, 34]",92.708206
"('MEDIUM', 'SOFT', 'HARD')","[19, 35]",92.658646
"('MEDIUM', 'SOFT', 'HARD')","[19, 36]",92.60909
"('MEDIUM', 'SOFT', 'HARD')","[19, 37]",92.55954
"('MEDIUM', 'SOFT', 'HARD')","[19, 38]",92.50998
"('MEDIUM', 'SOFT', 'HARD')","[19, 39]",92.46042
"('MEDIUM', 'SOFT', 'HARD')","[19, 40]",92.41086
"('MEDIUM', 'SOFT', 'HARD')","[19, 41]",92.361305
"('MEDIUM', 'SOFT', 'HARD')","[19, 42]",92.31174
"('MEDIUM', 'SOFT', 'HARD')","[19, 43]",92.26218
"('MEDIUM', 'SOFT', 'HARD')","[19, 44]",92.21263
"('MEDIUM', 'SOFT', 'HARD')","[19, 45]",92.16306
"('MEDIUM', 'SOFT', 'HARD')","[19, 46]",92.11351
"('MEDIUM', 'SOFT', 'HARD')","[20, 21]",93.21347
"('MEDIUM', 'SOFT', 'HARD')","[20, 22]",93.16391
"('MEDIUM', 'SOFT', 'HARD')","[20, 23]",93.114365
"('MEDIUM', 'SOFT', 'HARD')","[20, 24]",93.064804
"('MEDIUM', 'SOFT', 'HARD')","[20, 25]",93.01525
"('MEDIUM', 'SOFT', 'HARD')","[20, 26]",92.9657
"('MEDIUM', 'SOFT', 'HARD')","[20, 27]",92.91614
"('MEDIUM', 'SOFT', 'HARD')","[20, 28]",92.86658
"('MEDIUM', 'SOFT', 'HARD')","[20, 29]",92.81702
"('MEDIUM', 'SOFT', 'HARD')","[20, 30]",92.767456
"('MEDIUM', 'SOFT', 'HARD')","[20, 31]",92.71791
"('MEDIUM', 'SOFT', 'HARD')","[20, 32]",92.66835
"('MEDIUM', 'SOFT', 'HARD')","[20, 33]",92.6188
"('MEDIUM', 'SOFT', 'HARD')","[20, 34]",92.569244
"('MEDIUM', 'SOFT', 'HARD')","[20, 35]",92.519684
"('MEDIUM', 'SOFT', 'HARD')","[20, 36]",92.47012
"('MEDIUM', 'SOFT', 'HARD')","[20, 37]",92.42056
"('MEDIUM', 'SOFT', 'HARD')","[20, 38]",92.371
"('MEDIUM', 'SOFT', 'HARD')","[20, 39]",92.32146
"('MEDIUM', 'SOFT', 'HARD')","[20, 40]",92.2719
"('MEDIUM', 'SOFT', 'HARD')","[20, 41]",92.22233
"('MEDIUM', 'SOFT', 'HARD')","[20, 42]",92.172775
"('MEDIUM', 'SOFT', 'HARD')","[20, 43]",92.123215
"('MEDIUM', 'SOFT', 'HARD')","[20, 44]",92.073654
"('MEDIUM', 'SOFT', 'HARD')","[20, 45]",92.0241
"('MEDIUM', 'SOFT', 'HARD')","[20, 46]",91.97454
"('MEDIUM', 'SOFT', 'HARD')","[21, 22]",93.02495
"('MEDIUM', 'SOFT', 'HARD')","[21, 23]",92.97539
"('MEDIUM', 'SOFT', 'HARD')","[21, 24]",92.925835
"('MEDIUM', 'SOFT', 'HARD')","[21, 25]",92.876274
"('MEDIUM', 'SOFT', 'HARD')","[21, 26]",92.82672
"('MEDIUM', 'SOFT', 'HARD')","[21, 27]",92.77716
"('MEDIUM', 'SOFT', 'HARD')","[21, 28]",92.72761
"('MEDIUM', 'SOFT', 'HARD')","[21, 29]",92.678055
"('MEDIUM', 'SOFT', 'HARD')","[21, 30]",92.628494
"('MEDIUM', 'SOFT', 'HARD')","[21, 31]",92.57893
"('MEDIUM', 'SOFT', 'HARD')","[21, 32]",92.52938
"('MEDIUM', 'SOFT', 'HARD')","[21, 33]",92.47982
"('MEDIUM', 'SOFT', 'HARD')","[21, 34]",92.43027
"('MEDIUM', 'SOFT', 'HARD')","[21, 35]",92.38071
"('MEDIUM', 'SOFT', 'HARD')","[21, 36]",92.331154
"('MEDIUM', 'SOFT', 'HARD')","[21, 37]",92.2816
"('MEDIUM', 'SOFT', 'HARD')","[21, 38]",92.23204
"('MEDIUM', 'SOFT', 'HARD')","[21, 39]",92.18248
"('MEDIUM', 'SOFT', 'HARD')","[21, 40]",92.13292
"('MEDIUM', 'SOFT', 'HARD')","[21, 41]",92.08337
"('MEDIUM', 'SOFT', 'HARD')","[21, 42]",92.0338
"('MEDIUM', 'SOFT', 'HARD')","[21, 43]",91.98424
"('MEDIUM', 'SOFT', 'HARD')","[21, 44]",91.93469
"('MEDIUM', 'SOFT', 'HARD')","[21, 45]",91.885124
"('MEDIUM', 'SOFT', 'HARD')","[21, 46]",91.83557
"('MEDIUM', 'SOFT', 'HARD')","[22, 23]",92.836426
"('MEDIUM', 'SOFT', 'HARD')","[22, 24]",92.786865
"('MEDIUM', 'SOFT', 'HARD')","[22, 25]",92.73731
"('MEDIUM', 'SOFT', 'HARD')","[22, 26]",92.68776
"('MEDIUM', 'SOFT', 'HARD')","[22, 27]",92.6382
"('MEDIUM', 'SOFT', 'HARD')","[22, 28]",92.58864
"('MEDIUM', 'SOFT', 'HARD')","[22, 29]",92.53908
"('MEDIUM', 'SOFT', 'HARD')","[22, 30]",92.48952
"('MEDIUM', 'SOFT', 'HARD')","[22, 31]",92.43997
"('MEDIUM', 'SOFT', 'HARD')","[22, 32]",92.39041
"('MEDIUM', 'SOFT', 'HARD')","[22, 33]",92.34086
"('MEDIUM', 'SOFT', 'HARD')","[22, 34]",92.291306
"('MEDIUM', 'SOFT', 'HARD')","[22, 35]",92.241745
"('MEDIUM', 'SOFT', 'HARD')","[22, 36]",92.192184
"('MEDIUM', 'SOFT', 'HARD')","[22, 37]",92.142624
"('MEDIUM', 'SOFT', 'HARD')","[22, 38]",92.09306
"('MEDIUM', 'SOFT', 'HARD')","[22, 39]",92.04352
"('MEDIUM', 'SOFT', 'HARD')","[22, 40]",91.99396
"('MEDIUM', 'SOFT', 'HARD')","[22, 41]",91.94439
"('MEDIUM', 'SOFT', 'HARD')","[22, 42]",91.89484
"('MEDIUM', 'SOFT', 'HARD')","[22, 43]",91.845276
"('MEDIUM', 'SOFT', 'HARD')","[22, 44]",91.795715
"('MEDIUM', 'SOFT', 'HARD')","[22, 45]",91.74616
"('MEDIUM', 'SOFT', 'HARD')","[22, 46]",91.6966
"('MEDIUM', 'SOFT', 'HARD')","[23, 24]",92.647896
"('MEDIUM', 'SOFT', 'HARD')","[23, 25]",92.598335
"('MEDIUM', 'SOFT', 'HARD')","[23, 26]",92.54878
"('MEDIUM', 'SOFT', 'HARD')","[23, 27]",92.49922
"('MEDIUM', 'SOFT', 'HARD')","[23, 28]",92.44967
"('MEDIUM', 'SOFT', 'HARD')","[23, 29]",92.400116
"('MEDIUM', 'SOFT', 'HARD')","[23, 30]",92.350555
"('MEDIUM', 'SOFT', 'HARD')","[23, 31]",92.300995
"('MEDIUM', 'SOFT', 'HARD')","[23, 32]",92.25144
"('MEDIUM', 'SOFT', 'HARD')","[23, 33]",92.20188
"('MEDIUM', 'SOFT', 'HARD')","[23, 34]",92.15233
"('MEDIUM', 'SOFT', 'HARD')","[23, 35]",92.10277
"('MEDIUM', 'SOFT', 'HARD')","[23, 36]",92.053215
"('MEDIUM', 'SOFT', 'HARD')","[23, 37]",92.00366
"('MEDIUM', 'SOFT', 'HARD')","[23, 38]",91.9541
"('MEDIUM', 'SOFT', 'HARD')","[23, 39]",91.90454
"('MEDIUM', 'SOFT', 'HARD')","[23, 40]",91.85498
"('MEDIUM', 'SOFT', 'HARD')","[23, 41]",91.80543
"('MEDIUM', 'SOFT', 'HARD')","[23, 42]",91.75586
"('MEDIUM', 'SOFT', 'HARD')","[23, 43]",91.7063
"('MEDIUM', 'SOFT', 'HARD')","[23, 44]",91.65675
"('MEDIUM', 'SOFT', 'HARD')","[23, 45]",91.607185
"('MEDIUM', 'SOFT', 'HARD')","[23, 46]",91.55763
"('MEDIUM', 'SOFT', 'HARD')","[24, 25]",92.45937
"('MEDIUM', 'SOFT', 'HARD')","[24, 26]",92.40982
"('MEDIUM', 'SOFT', 'HARD')","[24, 27]",92.36026
"('MEDIUM', 'SOFT', 'HARD')","[24, 28]",92.3107
"('MEDIUM', 'SOFT', 'HARD')","[24, 29]",92.26114
"('MEDIUM', 'SOFT', 'HARD')","[24, 30]",92.21158
"('MEDIUM', 'SOFT', 'HARD')","[24, 31]",92.16203
"('MEDIUM', 'SOFT', 'HARD')","[24, 32]",92.11247
"('MEDIUM', 'SOFT', 'HARD')","[24, 33]",92.06292
"('MEDIUM', 'SOFT', 'HARD')","[24, 34]",92.01337
"('MEDIUM', 'SOFT', 'HARD')","[24, 35]",91.963806
"('MEDIUM', 'SOFT', 'HARD')","[24, 36]",91.914246
"('MEDIUM', 'SOFT', 'HARD')","[24, 37]",91.864685
"('MEDIUM', 'SOFT', 'HARD')","[24, 38]",91.815125
"('MEDIUM', 'SOFT', 'HARD')","[24, 39]",91.76558
"('MEDIUM', 'SOFT', 'HARD')","[24, 40]",91.71602
"('MEDIUM', 'SOFT', 'HARD')","[24, 41]",91.66645
"('MEDIUM', 'SOFT', 'HARD')","[24, 42]",91.6169
"('MEDIUM', 'SOFT', 'HARD')","[24, 43]",91.56734
"('MEDIUM', 'SOFT', 'HARD')","[24, 44]",91.51778
"('MEDIUM', 'SOFT', 'HARD')","[24, 45]",91.46822
"('MEDIUM', 'SOFT', 'HARD')","[24, 46]",91.41866
"('MEDIUM', 'SOFT', 'HARD')","[25, 26]",92.27084
"('MEDIUM', 'SOFT', 'HARD')","[25, 27]",92.22128
"('MEDIUM', 'SOFT', 'HARD')","[25, 28]",92.17173
"('MEDIUM', 'SOFT', 'HARD')","[25, 29]",92.12218
"('MEDIUM', 'SOFT', 'HARD')","[25, 30]",92.07262
"('MEDIUM', 'SOFT', 'HARD')","[25, 31]",92.023056
"('MEDIUM', 'SOFT', 'HARD')","[25, 32]",91.9735
"('MEDIUM', 'SOFT', 'HARD')","[25, 33]",91.92394
"('MEDIUM', 'SOFT', 'HARD')","[25, 34]",91.87439
"('MEDIUM', 'SOFT', 'HARD')","[25, 35]",91.82483
"('MEDIUM', 'SOFT', 'HARD')","[25, 36]",91.775276
"('MEDIUM', 'SOFT', 'HARD')","[25, 37]",91.72572
"('MEDIUM', 'SOFT', 'HARD')","[25, 38]",91.67616
"('MEDIUM', 'SOFT', 'HARD')","[25, 39]",91.6266
"('MEDIUM', 'SOFT', 'HARD')","[25, 40]",91.57704
"('MEDIUM', 'SOFT', 'HARD')","[25, 41]",91.52749
"('MEDIUM', 'SOFT', 'HARD')","[25, 42]",91.47792
"('MEDIUM', 'SOFT', 'HARD')","[25, 43]",91.42836
"('MEDIUM', 'SOFT', 'HARD')","[25, 44]",91.378815
"('MEDIUM', 'SOFT', 'HARD')","[25, 45]",91.32925
"('MEDIUM', 'SOFT', 'HARD')","[25, 46]",91.27969
"('MEDIUM', 'SOFT', 'HARD')","[26, 27]",92.08232
"('MEDIUM', 'SOFT', 'HARD')","[26, 28]",92.03276
"('MEDIUM', 'SOFT', 'HARD')","[26, 29]",91.9832
"('MEDIUM', 'SOFT', 'HARD')","[26, 30]",91.93364
"('MEDIUM', 'SOFT', 'HARD')","[26, 31]",91.884094
"('MEDIUM', 'SOFT', 'HARD')","[26, 32]",91.83453
"('MEDIUM', 'SOFT', 'HARD')","[26, 33]",91.78498
"('MEDIUM', 'SOFT', 'HARD')","[26, 34]",91.73543
"('MEDIUM', 'SOFT', 'HARD')","[26, 35]",91.68587
"('MEDIUM', 'SOFT', 'HARD')","[26, 36]",91.63631
"('MEDIUM', 'SOFT', 'HARD')","[26, 37]",91.58675
"('MEDIUM', 'SOFT', 'HARD')","[26, 38]",91.537186
"('MEDIUM', 'SOFT', 'HARD')","[26, 39]",91.48764
"('MEDIUM', 'SOFT', 'HARD')","[26, 40]",91.43808
"('MEDIUM', 'SOFT', 'HARD')","[26, 41]",91.38851
"('MEDIUM', 'SOFT', 'HARD')","[26, 42]",91.33896
"('MEDIUM', 'SOFT', 'HARD')","[26, 43]",91.2894
"('MEDIUM', 'SOFT', 'HARD')","[26, 44]",91.23984
"('MEDIUM', 'SOFT', 'HARD')","[26, 45]",91.190285
"('MEDIUM', 'SOFT', 'HARD')","[26, 46]",91.140724
"('MEDIUM', 'SOFT', 'HARD')","[27, 28]",91.89379
"('MEDIUM', 'SOFT', 'HARD')","[27, 29]",91.84424
"('MEDIUM', 'SOFT', 'HARD')","[27, 30]",91.79468
"('MEDIUM', 'SOFT', 'HARD')","[27, 31]",91.74512
"('MEDIUM', 'SOFT', 'HARD')","[27, 32]",91.695564
"('MEDIUM', 'SOFT', 'HARD')","[27, 33]",91.646
"('MEDIUM', 'SOFT', 'HARD')","[27, 34]",91.59645
"('MEDIUM', 'SOFT', 'HARD')","[27, 35]",91.54689
"('MEDIUM', 'SOFT', 'HARD')","[27, 36]",91.49734
"('MEDIUM', 'SOFT', 'HARD')","[27, 37]",91.447784
"('MEDIUM', 'SOFT', 'HARD')","[27, 38]",91.398224
"('MEDIUM', 'SOFT', 'HARD')","[27, 39]",91.34866
"('MEDIUM', 'SOFT', 'HARD')","[27, 40]",91.2991
"('MEDIUM', 'SOFT', 'HARD')","[27, 41]",91.24955
"('MEDIUM', 'SOFT', 'HARD')","[27, 42]",91.19998
"('MEDIUM', 'SOFT', 'HARD')","[27, 43]",91.15042
"('MEDIUM', 'SOFT', 'HARD')","[27, 44]",91.100876
"('MEDIUM', 'SOFT', 'HARD')","[27, 45]",91.05131
"('MEDIUM', 'SOFT', 'HARD')","[27, 46]",91.001755
"('MEDIUM', 'SOFT', 'HARD')","[28, 29]",91.70526
"('MEDIUM', 'SOFT', 'HARD')","[28, 30]",91.6557
"('MEDIUM', 'SOFT', 'HARD')","[28, 31]",91.606155
"('MEDIUM', 'SOFT', 'HARD')","[28, 32]",91.556595
"('MEDIUM', 'SOFT', 'HARD')","[28, 33]",91.50704
"('MEDIUM', 'SOFT', 'HARD')","[28, 34]",91.45749
"('MEDIUM', 'SOFT', 'HARD')","[28, 35]",91.40793
"('MEDIUM', 'SOFT', 'HARD')","[28, 36]",91.35837
"('MEDIUM', 'SOFT', 'HARD')","[28, 37]",91.30881
"('MEDIUM', 'SOFT', 'HARD')","[28, 38]",91.25925
"('MEDIUM', 'SOFT', 'HARD')","[28, 39]",91.2097
"('MEDIUM', 'SOFT', 'HARD')","[28, 40]",91.16014
"('MEDIUM', 'SOFT', 'HARD')","[28, 41]",91.11057
"('MEDIUM', 'SOFT', 'HARD')","[28, 42]",91.06102
"('MEDIUM', 'SOFT', 'HARD')","[28, 43]",91.01146
"('MEDIUM', 'SOFT', 'HARD')","[28, 44]",90.9619
"('MEDIUM', 'SOFT', 'HARD')","[28, 45]",90.912346
"('MEDIUM', 'SOFT', 'HARD')","[28, 46]",90.862785
"('MEDIUM', 'SOFT', 'HARD')","[29, 30]",91.51674
"('MEDIUM', 'SOFT', 'HARD')","[29, 31]",91.46718
"('MEDIUM', 'SOFT', 'HARD')","[29, 32]",91.417625
"('MEDIUM', 'SOFT', 'HARD')","[29, 33]",91.368065
"('MEDIUM', 'SOFT', 'HARD')","[29, 34]",91.31851
"('MEDIUM', 'SOFT', 'HARD')","[29, 35]",91.26895
"('MEDIUM', 'SOFT', 'HARD')","[29, 36]",91.2194
"('MEDIUM', 'SOFT', 'HARD')","[29, 37]",91.169846
"('MEDIUM', 'SOFT', 'HARD')","[29, 38]",91.120285
"('MEDIUM', 'SOFT', 'HARD')","[29, 39]",91.070724
"('MEDIUM', 'SOFT', 'HARD')","[29, 40]",91.021164
"('MEDIUM', 'SOFT', 'HARD')","[29, 41]",90.97161
"('MEDIUM', 'SOFT', 'HARD')","[29, 42]",90.92204
"('MEDIUM', 'SOFT', 'HARD')","[29, 43]",90.87248
"('MEDIUM', 'SOFT', 'HARD')","[29, 44]",90.82294
"('MEDIUM', 'SOFT', 'HARD')","[29, 45]",90.77337
"('MEDIUM', 'SOFT', 'HARD')","[29, 46]",90.723816
"('MEDIUM', 'SOFT', 'HARD')","[30, 31]",91.32822
"('MEDIUM', 'SOFT', 'HARD')","[30, 32]",91.278656
"('MEDIUM', 'SOFT', 'HARD')","[30, 33]",91.2291
"('MEDIUM', 'SOFT', 'HARD')","[30, 34]",91.17955
"('MEDIUM', 'SOFT', 'HARD')","[30, 35]",91.12999
"('MEDIUM', 'SOFT', 'HARD')","[30, 36]",91.08043
"('MEDIUM', 'SOFT', 'HARD')","[30, 37]",91.03087
"('MEDIUM', 'SOFT', 'HARD')","[30, 38]",90.98131
"('MEDIUM', 'SOFT', 'HARD')","[30, 39]",90.93176
"('MEDIUM', 'SOFT', 'HARD')","[30, 40]",90.8822
"('MEDIUM', 'SOFT', 'HARD')","[30, 41]",90.832634
"('MEDIUM', 'SOFT', 'HARD')","[30, 42]",90.78308
"('MEDIUM', 'SOFT', 'HARD')","[30, 43]",90.73352
"('MEDIUM', 'SOFT', 'HARD')","[30, 44]",90.68396
"('MEDIUM', 'SOFT', 'HARD')","[30, 45]",90.63441
"('MEDIUM', 'SOFT', 'HARD')","[30, 46]",90.58485
"('MEDIUM', 'SOFT', 'HARD')","[31, 32]",91.13969
"('MEDIUM', 'SOFT', 'HARD')","[31, 33]",91.090126
"('MEDIUM', 'SOFT', 'HARD')","[31, 34]",91.04057
"('MEDIUM', 'SOFT', 'HARD')","[31, 35]",90.99101
"('MEDIUM', 'SOFT', 'HARD')","[31, 36]",90.94146
"('MEDIUM', 'SOFT', 'HARD')","[31, 37]",90.89191
"('MEDIUM', 'SOFT', 'HARD')","[31, 38]",90.84235
"('MEDIUM', 'SOFT', 'HARD')","[31, 39]",90.792786
"('MEDIUM', 'SOFT', 'HARD')","[31, 40]",90.743225
"('MEDIUM', 'SOFT', 'HARD')","[31, 41]",90.69367
"('MEDIUM', 'SOFT', 'HARD')","[31, 42]",90.644104
"('MEDIUM', 'SOFT', 'HARD')","[31, 43]",90.59454
"('MEDIUM', 'SOFT', 'HARD')","[31, 44]",90.545
"('MEDIUM', 'SOFT', 'HARD')","[31, 45]",90.49543
"('MEDIUM', 'SOFT', 'HARD')","[31, 46]",90.44588
"('MEDIUM', 'SOFT', 'HARD')","[32, 33]",90.951164
"('MEDIUM', 'SOFT', 'HARD')","[32, 34]",90.90161
"('MEDIUM', 'SOFT', 'HARD')","[32, 35]",90.85205
"('MEDIUM', 'SOFT', 'HARD')","[32, 36]",90.80249
"('MEDIUM', 'SOFT', 'HARD')","[32, 37]",90.75293
"('MEDIUM', 'SOFT', 'HARD')","[32, 38]",90.70337
"('MEDIUM', 'SOFT', 'HARD')","[32, 39]",90.653824
"('MEDIUM', 'SOFT', 'HARD')","[32, 40]",90.60426
"('MEDIUM', 'SOFT', 'HARD')","[32, 41]",90.554695
"('MEDIUM', 'SOFT', 'HARD')","[32, 42]",90.50514
"('MEDIUM', 'SOFT', 'HARD')","[32, 43]",90.45558
"('MEDIUM', 'SOFT', 'HARD')","[32, 44]",90.40602
"('MEDIUM', 'SOFT', 'HARD')","[32, 45]",90.35647
"('MEDIUM', 'SOFT', 'HARD')","[32, 46]",90.30691
"('MEDIUM', 'SOFT', 'HARD')","[33, 34]",90.762634
"('MEDIUM', 'SOFT', 'HARD')","[33, 35]",90.71307
"('MEDIUM', 'SOFT', 'HARD')","[33, 36]",90.66352
"('MEDIUM', 'SOFT', 'HARD')","[33, 37]",90.61397
"('MEDIUM', 'SOFT', 'HARD')","[33, 38]",90.56441
"('MEDIUM', 'SOFT', 'HARD')","[33, 39]",90.51485
"('MEDIUM', 'SOFT', 'HARD')","[33, 40]",90.46529
"('MEDIUM', 'SOFT', 'HARD')","[33, 41]",90.41573
"('MEDIUM', 'SOFT', 'HARD')","[33, 42]",90.366165
"('MEDIUM', 'SOFT', 'HARD')","[33, 43]",90.316605
"('MEDIUM', 'SOFT', 'HARD')","[33, 44]",90.26706
"('MEDIUM', 'SOFT', 'HARD')","[33, 45]",90.21749
"('MEDIUM', 'SOFT', 'HARD')","[33, 46]",90.16794
"('MEDIUM', 'SOFT', 'HARD')","[34, 35]",90.57411
"('MEDIUM', 'SOFT', 'HARD')","[34, 36]",90.52455
"('MEDIUM', 'SOFT', 'HARD')","[34, 37]",90.47499
"('MEDIUM', 'SOFT', 'HARD')","[34, 38]",90.42543
"('MEDIUM', 'SOFT', 'HARD')","[34, 39]",90.375885
"('MEDIUM', 'SOFT', 'HARD')","[34, 40]",90.326324
"('MEDIUM', 'SOFT', 'HARD')","[34, 41]",90.27676
"('MEDIUM', 'SOFT', 'HARD')","[34, 42]",90.2272
"('MEDIUM', 'SOFT', 'HARD')","[34, 43]",90.17764
"('MEDIUM', 'SOFT', 'HARD')","[34, 44]",90.12808
"('MEDIUM', 'SOFT', 'HARD')","[34, 45]",90.07853
"('MEDIUM', 'SOFT', 'HARD')","[34, 46]",90.02897
"('MEDIUM', 'SOFT', 'HARD')","[35, 36]",90.38558
"('MEDIUM', 'SOFT', 'HARD')","[35, 37]",90.33603
"('MEDIUM', 'SOFT', 'HARD')","[35, 38]",90.28647
"('MEDIUM', 'SOFT', 'HARD')","[35, 39]",90.23691
"('MEDIUM', 'SOFT', 'HARD')","[35, 40]",90.18735
"('MEDIUM', 'SOFT', 'HARD')","[35, 41]",90.137794
"('MEDIUM', 'SOFT', 'HARD')","[35, 42]",90.08823
"('MEDIUM', 'SOFT', 'HARD')","[35, 43]",90.038666
"('MEDIUM', 'SOFT', 'HARD')","[35, 44]",89.98912
"('MEDIUM', 'SOFT', 'HARD')","[35, 45]",89.93955
"('MEDIUM', 'SOFT', 'HARD')","[35, 46]",89.89
"('MEDIUM', 'SOFT', 'HARD')","[36, 37]",90.19705
"('MEDIUM', 'SOFT', 'HARD')","[36, 38]",90.14749
"('MEDIUM', 'SOFT', 'HARD')","[36, 39]",90.097946
"('MEDIUM', 'SOFT', 'HARD')","[36, 40]",90.048386
"('MEDIUM', 'SOFT', 'HARD')","[36, 41]",89.99882
"('MEDIUM', 'SOFT', 'HARD')","[36, 42]",89.949265
"('MEDIUM', 'SOFT', 'HARD')","[36, 43]",89.899704
"('MEDIUM', 'SOFT', 'HARD')","[36, 44]",89.85014
"('MEDIUM', 'SOFT', 'HARD')","[36, 45]",89.80059
"('MEDIUM', 'SOFT', 'HARD')","[36, 46]",89.75103
"('MEDIUM', 'SOFT', 'HARD')","[37, 38]",90.00853
"('MEDIUM', 'SOFT', 'HARD')","[37, 39]",89.95897
"('MEDIUM', 'SOFT', 'HARD')","[37, 40]",89.90941
"('MEDIUM', 'SOFT', 'HARD')","[37, 41]",89.85985
"('MEDIUM', 'SOFT', 'HARD')","[37, 42]",89.81029
"('MEDIUM', 'SOFT', 'HARD')","[37, 43]",89.76073
"('MEDIUM', 'SOFT', 'HARD')","[37, 44]",89.71117
"('MEDIUM', 'SOFT', 'HARD')","[37, 45]",89.66161
"('MEDIUM', 'SOFT', 'HARD')","[37, 46]",89.61206
"('MEDIUM', 'SOFT', 'HARD')","[38, 39]",89.81999
"('MEDIUM', 'SOFT', 'HARD')","[38, 40]",89.77043
"('MEDIUM', 'SOFT', 'HARD')","[38, 41]",89.72088
"('MEDIUM', 'SOFT', 'HARD')","[38, 42]",89.67131
"('MEDIUM', 'SOFT', 'HARD')","[38, 43]",89.62175
"('MEDIUM', 'SOFT', 'HARD')","[38, 44]",89.572205
"('MEDIUM', 'SOFT', 'HARD')","[38, 45]",89.52264
"('MEDIUM', 'SOFT', 'HARD')","[38, 46]",89.47308
"('MEDIUM', 'SOFT', 'HARD')","[39, 40]",89.63147
"('MEDIUM', 'SOFT', 'HARD')","[39, 41]",89.5819
"('MEDIUM', 'SOFT', 'HARD')","[39, 42]",89.53235
"('MEDIUM', 'SOFT', 'HARD')","[39, 43]",89.48279
"('MEDIUM', 'SOFT', 'HARD')","[39, 44]",89.43323
"('MEDIUM', 'SOFT', 'HARD')","[39, 45]",89.383675
"('MEDIUM', 'SOFT', 'HARD')","[39, 46]",89.334114
"('MEDIUM', 'SOFT', 'HARD')","[40, 41]",89.44294
"('MEDIUM', 'SOFT', 'HARD')","[40, 42]",89.39337
"('MEDIUM', 'SOFT', 'HARD')","[40, 43]",89.34381
"('MEDIUM', 'SOFT', 'HARD')","[40, 44]",89.294266
"('MEDIUM', 'SOFT', 'HARD')","[40, 45]",89.2447
"('MEDIUM', 'SOFT', 'HARD')","[40, 46]",89.195145
"('MEDIUM', 'SOFT', 'HARD')","[41, 42]",89.25441
"('MEDIUM', 'SOFT', 'HARD')","[41, 43]",89.20485
"('MEDIUM', 'SOFT', 'HARD')","[41, 44]",89.15529
"('MEDIUM', 'SOFT', 'HARD')","[41, 45]",89.105736
"('MEDIUM', 'SOFT', 'HARD')","[41, 46]",89.056175
"('MEDIUM', 'SOFT', 'HARD')","[42, 43]",89.06587
"('MEDIUM', 'SOFT', 'HARD')","[42, 44]",89.01633
"('MEDIUM', 'SOFT', 'HARD')","[42, 45]",88.96676
"('MEDIUM', 'SOFT', 'HARD')","[42, 46]",88.917206
"('MEDIUM', 'SOFT', 'HARD')","[43, 44]",88.87735
"('MEDIUM', 'SOFT', 'HARD')","[43, 45]",88.82779
"('MEDIUM', 'SOFT', 'HARD')","[43, 46]",88.77823
"('MEDIUM', 'SOFT', 'HARD')","[44, 45]",88.68882
"('MEDIUM', 'SOFT', 'HARD')","[44, 46]",88.63927
"('MEDIUM', 'SOFT', 'HARD')","[45, 46]",88.5003
"('MEDIUM', 'MEDIUM', 'SOFT')","[10, 11]",91.209114
"('MEDIUM', 'MEDIUM', 'SOFT')","[10, 12]",91.070145
"('MEDIUM', 'MEDIUM', 'SOFT')","[10, 13]",90.931175
"('MEDIUM', 'MEDIUM', 'SOFT')","[10, 14]",90.792206
"('MEDIUM', 'MEDIUM', 'SOFT')","[10, 15]",90.65324
"('MEDIUM', 'MEDIUM', 'SOFT')","[10, 16]",90.51427
"('MEDIUM', 'MEDIUM', 'SOFT')","[10, 17]",90.3753
"('MEDIUM', 'MEDIUM', 'SOFT')","[10, 18]",90.23633
"('MEDIUM', 'MEDIUM', 'SOFT')","[10, 19]",90.09736
"('MEDIUM', 'MEDIUM', 'SOFT')","[10, 20]",89.95839
"('MEDIUM', 'MEDIUM', 'SOFT')","[10, 21]",89.81941
"('MEDIUM', 'MEDIUM', 'SOFT')","[10, 22]",89.68044
"('MEDIUM', 'MEDIUM', 'SOFT')","[10, 23]",89.54147
"('MEDIUM', 'MEDIUM', 'SOFT')","[10, 24]",89.40251
"('MEDIUM', 'MEDIUM', 'SOFT')","[10, 25]",89.263535
"('MEDIUM', 'MEDIUM', 'SOFT')","[10, 26]",89.12457
"('MEDIUM', 'MEDIUM', 'SOFT')","[10, 27]",88.9856
"('MEDIUM', 'MEDIUM', 'SOFT')","[10, 28]",88.846634
"('MEDIUM', 'MEDIUM', 'SOFT')","[10, 29]",88.70766
"('MEDIUM', 'MEDIUM', 'SOFT')","[10, 30]",88.56869
"('MEDIUM', 'MEDIUM', 'SOFT')","[10, 31]",88.42972
"('MEDIUM', 'MEDIUM', 'SOFT')","[10, 32]",88.29076
"('MEDIUM', 'MEDIUM', 'SOFT')","[10, 33]",88.15178
"('MEDIUM', 'MEDIUM', 'SOFT')","[10, 34]",88.01282
"('MEDIUM', 'MEDIUM', 'SOFT')","[10, 35]",87.87385
"('MEDIUM', 'MEDIUM', 'SOFT')","[10, 36]",87.73488
"('MEDIUM', 'MEDIUM', 'SOFT')","[10, 37]",87.5959
"('MEDIUM', 'MEDIUM', 'SOFT')","[10, 38]",87.45693
"('MEDIUM', 'MEDIUM', 'SOFT')","[10, 39]",87.31796
"('MEDIUM', 'MEDIUM', 'SOFT')","[10, 40]",87.178986
"('MEDIUM', 'MEDIUM', 'SOFT')","[10, 41]",87.04002
"('MEDIUM', 'MEDIUM', 'SOFT')","[10, 42]",86.90105
"('MEDIUM', 'MEDIUM', 'SOFT')","[10, 43]",86.762085
"('MEDIUM', 'MEDIUM', 'SOFT')","[10, 44]",86.62311
"('MEDIUM', 'MEDIUM', 'SOFT')","[10, 45]",86.48414
"('MEDIUM', 'MEDIUM', 'SOFT')","[10, 46]",86.34518
"('MEDIUM', 'MEDIUM', 'SOFT')","[11, 12]",91.10515
"('MEDIUM', 'MEDIUM', 'SOFT')","[11, 13]",90.96618
"('MEDIUM', 'MEDIUM', 'SOFT')","[11, 14]",90.82721
"('MEDIUM', 'MEDIUM', 'SOFT')","[11, 15]",90.68824
"('MEDIUM', 'MEDIUM', 'SOFT')","[11, 16]",90.54926
"('MEDIUM', 'MEDIUM', 'SOFT')","[11, 17]",90.4103
"('MEDIUM', 'MEDIUM', 'SOFT')","[11, 18]",90.271324
"('MEDIUM', 'MEDIUM', 'SOFT')","[11, 19]",90.132355
"('MEDIUM', 'MEDIUM', 'SOFT')","[11, 20]",89.99339
"('MEDIUM', 'MEDIUM', 'SOFT')","[11, 21]",89.854416
"('MEDIUM', 'MEDIUM', 'SOFT')","[11, 22]",89.71545
"('MEDIUM', 'MEDIUM', 'SOFT')","[11, 23]",89.57648
"('MEDIUM', 'MEDIUM', 'SOFT')","[11, 24]",89.437515
"('MEDIUM', 'MEDIUM', 'SOFT')","[11, 25]",89.29854
"('MEDIUM', 'MEDIUM', 'SOFT')","[11, 26]",89.15957
"('MEDIUM', 'MEDIUM', 'SOFT')","[11, 27]",89.0206
"('MEDIUM', 'MEDIUM', 'SOFT')","[11, 28]",88.88164
"('MEDIUM', 'MEDIUM', 'SOFT')","[11, 29]",88.74266
"('MEDIUM', 'MEDIUM', 'SOFT')","[11, 30]",88.60369
"('MEDIUM', 'MEDIUM', 'SOFT')","[11, 31]",88.46472
"('MEDIUM', 'MEDIUM', 'SOFT')","[11, 32]",88.32576
"('MEDIUM', 'MEDIUM', 'SOFT')","[11, 33]",88.18678
"('MEDIUM', 'MEDIUM', 'SOFT')","[11, 34]",88.04781
"('MEDIUM', 'MEDIUM', 'SOFT')","[11, 35]",87.908844
"('MEDIUM', 'MEDIUM', 'SOFT')","[11, 36]",87.76988
"('MEDIUM', 'MEDIUM', 'SOFT')","[11, 37]",87.630905
"('MEDIUM', 'MEDIUM', 'SOFT')","[11, 38]",87.49193
"('MEDIUM', 'MEDIUM', 'SOFT')","[11, 39]",87.35297
"('MEDIUM', 'MEDIUM', 'SOFT')","[11, 40]",87.21399
"('MEDIUM', 'MEDIUM', 'SOFT')","[11, 41]",87.07502
"('MEDIUM', 'MEDIUM', 'SOFT')","[11, 42]",86.93605
"('MEDIUM', 'MEDIUM', 'SOFT')","[11, 43]",86.79709
"('MEDIUM', 'MEDIUM', 'SOFT')","[11, 44]",86.65811
"('MEDIUM', 'MEDIUM', 'SOFT')","[11, 45]",86.51914
"('MEDIUM', 'MEDIUM', 'SOFT')","[11, 46]",86.38017
"('MEDIUM', 'MEDIUM', 'SOFT')","[12, 13]",91.001175
"('MEDIUM', 'MEDIUM', 'SOFT')","[12, 14]",90.862206
"('MEDIUM', 'MEDIUM', 'SOFT')","[12, 15]",90.723236
"('MEDIUM', 'MEDIUM', 'SOFT')","[12, 16]",90.58427
"('MEDIUM', 'MEDIUM', 'SOFT')","[12, 17]",90.4453
"('MEDIUM', 'MEDIUM', 'SOFT')","[12, 18]",90.30632
"('MEDIUM', 'MEDIUM', 'SOFT')","[12, 19]",90.16735
"('MEDIUM', 'MEDIUM', 'SOFT')","[12, 20]",90.02838
"('MEDIUM', 'MEDIUM', 'SOFT')","[12, 21]",89.88942
"('MEDIUM', 'MEDIUM', 'SOFT')","[12, 22]",89.75045
"('MEDIUM', 'MEDIUM', 'SOFT')","[12, 23]",89.61148
"('MEDIUM', 'MEDIUM', 'SOFT')","[12, 24]",89.4725
"('MEDIUM', 'MEDIUM', 'SOFT')","[12, 25]",89.33354
"('MEDIUM', 'MEDIUM', 'SOFT')","[12, 26]",89.194565
"('MEDIUM', 'MEDIUM', 'SOFT')","[12, 27]",89.055595
"('MEDIUM', 'MEDIUM', 'SOFT')","[12, 28]",88.916626
"('MEDIUM', 'MEDIUM', 'SOFT')","[12, 29]",88.777664
"('MEDIUM', 'MEDIUM', 'SOFT')","[12, 30]",88.638695
"('MEDIUM', 'MEDIUM', 'SOFT')","[12, 31]",88.499725
"('MEDIUM', 'MEDIUM', 'SOFT')","[12, 32]",88.36075
"('MEDIUM', 'MEDIUM', 'SOFT')","[12, 33]",88.22179
"('MEDIUM', 'MEDIUM', 'SOFT')","[12, 34]",88.08281
"('MEDIUM', 'MEDIUM', 'SOFT')","[12, 35]",87.94384
"('MEDIUM', 'MEDIUM', 'SOFT')","[12, 36]",87.80487
"('MEDIUM', 'MEDIUM', 'SOFT')","[12, 37]",87.66591
"('MEDIUM', 'MEDIUM', 'SOFT')","[12, 38]",87.526924
"('MEDIUM', 'MEDIUM', 'SOFT')","[12, 39]",87.387955
"('MEDIUM', 'MEDIUM', 'SOFT')","[12, 40]",87.24899
"('MEDIUM', 'MEDIUM', 'SOFT')","[12, 41]",87.110016
"('MEDIUM', 'MEDIUM', 'SOFT')","[12, 42]",86.971054
"('MEDIUM', 'MEDIUM', 'SOFT')","[12, 43]",86.83208
"('MEDIUM', 'MEDIUM', 'SOFT')","[12, 44]",86.693115
"('MEDIUM', 'MEDIUM', 'SOFT')","[12, 45]",86.554146
"('MEDIUM', 'MEDIUM', 'SOFT')","[12, 46]",86.41517
"('MEDIUM', 'MEDIUM', 'SOFT')","[13, 14]",90.89721
"('MEDIUM', 'MEDIUM', 'SOFT')","[13, 15]",90.75824
"('MEDIUM', 'MEDIUM', 'SOFT')","[13, 16]",90.61927
"('MEDIUM', 'MEDIUM', 'SOFT')","[13, 17]",90.4803
"('MEDIUM', 'MEDIUM', 'SOFT')","[13, 18]",90.341324
"('MEDIUM', 'MEDIUM', 'SOFT')","[13, 19]",90.202354
"('MEDIUM', 'MEDIUM', 'SOFT')","[13, 20]",90.063385
"('MEDIUM', 'MEDIUM', 'SOFT')","[13, 21]",89.92442
"('MEDIUM', 'MEDIUM', 'SOFT')","[13, 22]",89.785446
"('MEDIUM', 'MEDIUM', 'SOFT')","[13, 23]",89.64648
"('MEDIUM', 'MEDIUM', 'SOFT')","[13, 24]",89.50751
"('MEDIUM', 'MEDIUM', 'SOFT')","[13, 25]",89.368546
"('MEDIUM', 'MEDIUM', 'SOFT')","[13, 26]",89.22957
"('MEDIUM', 'MEDIUM', 'SOFT')","[13, 27]",89.0906
"('MEDIUM', 'MEDIUM', 'SOFT')","[13, 28]",88.95163
"('MEDIUM', 'MEDIUM', 'SOFT')","[13, 29]",88.81267
"('MEDIUM', 'MEDIUM', 'SOFT')","[13, 30]",88.67369
"('MEDIUM', 'MEDIUM', 'SOFT')","[13, 31]",88.53472
"('MEDIUM', 'MEDIUM', 'SOFT')","[13, 32]",88.39575
"('MEDIUM', 'MEDIUM', 'SOFT')","[13, 33]",88.25679
"('MEDIUM', 'MEDIUM', 'SOFT')","[13, 34]",88.11781
"('MEDIUM', 'MEDIUM', 'SOFT')","[13, 35]",87.97884
"('MEDIUM', 'MEDIUM', 'SOFT')","[13, 36]",87.839874
"('MEDIUM', 'MEDIUM', 'SOFT')","[13, 37]",87.7009
"('MEDIUM', 'MEDIUM', 'SOFT')","[13, 38]",87.56193
"('MEDIUM', 'MEDIUM', 'SOFT')","[13, 39]",87.42296
"('MEDIUM', 'MEDIUM', 'SOFT')","[13, 40]",87.284
"('MEDIUM', 'MEDIUM', 'SOFT')","[13, 41]",87.14502
"('MEDIUM', 'MEDIUM', 'SOFT')","[13, 42]",87.00605
"('MEDIUM', 'MEDIUM', 'SOFT')","[13, 43]",86.86708
"('MEDIUM', 'MEDIUM', 'SOFT')","[13, 44]",86.72812
"('MEDIUM', 'MEDIUM', 'SOFT')","[13, 45]",86.58914
"('MEDIUM', 'MEDIUM', 'SOFT')","[13, 46]",86.45017
"('MEDIUM', 'MEDIUM', 'SOFT')","[14, 15]",90.793236
"('MEDIUM', 'MEDIUM', 'SOFT')","[14, 16]",90.65427
"('MEDIUM', 'MEDIUM', 'SOFT')","[14, 17]",90.5153
"('MEDIUM', 'MEDIUM', 'SOFT')","[14, 18]",90.37633
"('MEDIUM', 'MEDIUM', 'SOFT')","[14, 19]",90.23736
"('MEDIUM', 'MEDIUM', 'SOFT')","[14, 20]",90.09839
"('MEDIUM', 'MEDIUM', 'SOFT')","[14, 21]",89.95941
"('MEDIUM', 'MEDIUM', 'SOFT')","[14, 22]",89.82044
"('MEDIUM', 'MEDIUM', 'SOFT')","[14, 23]",89.68147
"('MEDIUM', 'MEDIUM', 'SOFT')","[14, 24]",89.54251
"('MEDIUM', 'MEDIUM', 'SOFT')","[14, 25]",89.403534
"('MEDIUM', 'MEDIUM', 'SOFT')","[14, 26]",89.26457
"('MEDIUM', 'MEDIUM', 'SOFT')","[14, 27]",89.1256
"('MEDIUM', 'MEDIUM', 'SOFT')","[14, 28]",88.98663
"('MEDIUM', 'MEDIUM', 'SOFT')","[14, 29]",88.84766
"('MEDIUM', 'MEDIUM', 'SOFT')","[14, 30]",88.70869
"('MEDIUM', 'MEDIUM', 'SOFT')","[14, 31]",88.56972
"('MEDIUM', 'MEDIUM', 'SOFT')","[14, 32]",88.430756
"('MEDIUM', 'MEDIUM', 'SOFT')","[14, 33]",88.29178
"('MEDIUM', 'MEDIUM', 'SOFT')","[14, 34]",88.15282
"('MEDIUM', 'MEDIUM', 'SOFT')","[14, 35]",88.01385
"('MEDIUM', 'MEDIUM', 'SOFT')","[14, 36]",87.87488
"('MEDIUM', 'MEDIUM', 'SOFT')","[14, 37]",87.7359
"('MEDIUM', 'MEDIUM', 'SOFT')","[14, 38]",87.59693
"('MEDIUM', 'MEDIUM', 'SOFT')","[14, 39]",87.45796
"('MEDIUM', 'MEDIUM', 'SOFT')","[14, 40]",87.318985
"('MEDIUM', 'MEDIUM', 'SOFT')","[14, 41]",87.18002
"('MEDIUM', 'MEDIUM', 'SOFT')","[14, 42]",87.041046
"('MEDIUM', 'MEDIUM', 'SOFT')","[14, 43]",86.902084
"('MEDIUM', 'MEDIUM', 'SOFT')","[14, 44]",86.76311
"('MEDIUM', 'MEDIUM', 'SOFT')","[14, 45]",86.62414
"('MEDIUM', 'MEDIUM', 'SOFT')","[14, 46]",86.485176
"('MEDIUM', 'MEDIUM', 'SOFT')","[15, 16]",90.68926
"('MEDIUM', 'MEDIUM', 'SOFT')","[15, 17]",90.5503
"('MEDIUM', 'MEDIUM', 'SOFT')","[15, 18]",90.41132
"('MEDIUM', 'MEDIUM', 'SOFT')","[15, 19]",90.272354
"('MEDIUM', 'MEDIUM', 'SOFT')","[15, 20]",90.13339
"('MEDIUM', 'MEDIUM', 'SOFT')","[15, 21]",89.994415
"('MEDIUM', 'MEDIUM', 'SOFT')","[15, 22]",89.855446
"('MEDIUM', 'MEDIUM', 'SOFT')","[15, 23]",89.71648
"('MEDIUM', 'MEDIUM', 'SOFT')","[15, 24]",89.577515
"('MEDIUM', 'MEDIUM', 'SOFT')","[15, 25]",89.43854
"('MEDIUM', 'MEDIUM', 'SOFT')","[15, 26]",89.29957
"('MEDIUM', 'MEDIUM', 'SOFT')","[15, 27]",89.1606
"('MEDIUM', 'MEDIUM', 'SOFT')","[15, 28]",89.02164
"('MEDIUM', 'MEDIUM', 'SOFT')","[15, 29]",88.88266
"('MEDIUM', 'MEDIUM', 'SOFT')","[15, 30]",88.74369
"('MEDIUM', 'MEDIUM', 'SOFT')","[15, 31]",88.60472
"('MEDIUM', 'MEDIUM', 'SOFT')","[15, 32]",88.46576
"('MEDIUM', 'MEDIUM', 'SOFT')","[15, 33]",88.32678
"('MEDIUM', 'MEDIUM', 'SOFT')","[15, 34]",88.18781
"('MEDIUM', 'MEDIUM', 'SOFT')","[15, 35]",88.04884
"('MEDIUM', 'MEDIUM', 'SOFT')","[15, 36]",87.90988
"('MEDIUM', 'MEDIUM', 'SOFT')","[15, 37]",87.770905
"('MEDIUM', 'MEDIUM', 'SOFT')","[15, 38]",87.63193
"('MEDIUM', 'MEDIUM', 'SOFT')","[15, 39]",87.492966
"('MEDIUM', 'MEDIUM', 'SOFT')","[15, 40]",87.35399
"('MEDIUM', 'MEDIUM', 'SOFT')","[15, 41]",87.21502
"('MEDIUM', 'MEDIUM', 'SOFT')","[15, 42]",87.07605
"('MEDIUM', 'MEDIUM', 'SOFT')","[15, 43]",86.93709
"('MEDIUM', 'MEDIUM', 'SOFT')","[15, 44]",86.79811
"('MEDIUM', 'MEDIUM', 'SOFT')","[15, 45]",86.65914
"('MEDIUM', 'MEDIUM', 'SOFT')","[15, 46]",86.52017
"('MEDIUM', 'MEDIUM', 'SOFT')","[16, 17]",90.5853
"('MEDIUM', 'MEDIUM', 'SOFT')","[16, 18]",90.44632
"('MEDIUM', 'MEDIUM', 'SOFT')","[16, 19]",90.30735
"('MEDIUM', 'MEDIUM', 'SOFT')","[16, 20]",90.16838
"('MEDIUM', 'MEDIUM', 'SOFT')","[16, 21]",90.02942
"('MEDIUM', 'MEDIUM', 'SOFT')","[16, 22]",89.89045
"('MEDIUM', 'MEDIUM', 'SOFT')","[16, 23]",89.75148
"('MEDIUM', 'MEDIUM', 'SOFT')","[16, 24]",89.6125
"('MEDIUM', 'MEDIUM', 'SOFT')","[16, 25]",89.47354
"('MEDIUM', 'MEDIUM', 'SOFT')","[16, 26]",89.334564
"('MEDIUM', 'MEDIUM', 'SOFT')","[16, 27]",89.195595
"('MEDIUM', 'MEDIUM', 'SOFT')","[16, 28]",89.056625
"('MEDIUM', 'MEDIUM', 'SOFT')","[16, 29]",88.91766
"('MEDIUM', 'MEDIUM', 'SOFT')","[16, 30]",88.778694
"('MEDIUM', 'MEDIUM', 'SOFT')","[16, 31]",88.639725
"('MEDIUM', 'MEDIUM', 'SOFT')","[16, 32]",88.50075
"('MEDIUM', 'MEDIUM', 'SOFT')","[16, 33]",88.361786
"('MEDIUM', 'MEDIUM', 'SOFT')","[16, 34]",88.22281
"('MEDIUM', 'MEDIUM', 'SOFT')","[16, 35]",88.08384
"('MEDIUM', 'MEDIUM', 'SOFT')","[16, 36]",87.94487
"('MEDIUM', 'MEDIUM', 'SOFT')","[16, 37]",87.80591
"('MEDIUM', 'MEDIUM', 'SOFT')","[16, 38]",87.66692
"('MEDIUM', 'MEDIUM', 'SOFT')","[16, 39]",87.527954
"('MEDIUM', 'MEDIUM', 'SOFT')","[16, 40]",87.38899
"('MEDIUM', 'MEDIUM', 'SOFT')","[16, 41]",87.250015
"('MEDIUM', 'MEDIUM', 'SOFT')","[16, 42]",87.11105
"('MEDIUM', 'MEDIUM', 'SOFT')","[16, 43]",86.97208
"('MEDIUM', 'MEDIUM', 'SOFT')","[16, 44]",86.833115
"('MEDIUM', 'MEDIUM', 'SOFT')","[16, 45]",86.694145
"('MEDIUM', 'MEDIUM', 'SOFT')","[16, 46]",86.55517
"('MEDIUM', 'MEDIUM', 'SOFT')","[17, 18]",90.48132
"('MEDIUM', 'MEDIUM', 'SOFT')","[17, 19]",90.342354
"('MEDIUM', 'MEDIUM', 'SOFT')","[17, 20]",90.203384
"('MEDIUM', 'MEDIUM', 'SOFT')","[17, 21]",90.06442
"('MEDIUM', 'MEDIUM', 'SOFT')","[17, 22]",89.92545
"('MEDIUM', 'MEDIUM', 'SOFT')","[17, 23]",89.78648
"('MEDIUM', 'MEDIUM', 'SOFT')","[17, 24]",89.64751
"('MEDIUM', 'MEDIUM', 'SOFT')","[17, 25]",89.508545
"('MEDIUM', 'MEDIUM', 'SOFT')","[17, 26]",89.36957
"('MEDIUM', 'MEDIUM', 'SOFT')","[17, 27]",89.2306
"('MEDIUM', 'MEDIUM', 'SOFT')","[17, 28]",89.09163
"('MEDIUM', 'MEDIUM', 'SOFT')","[17, 29]",88.95267
"('MEDIUM', 'MEDIUM', 'SOFT')","[17, 30]",88.8137
"('MEDIUM', 'MEDIUM', 'SOFT')","[17, 31]",88.67473
"('MEDIUM', 'MEDIUM', 'SOFT')","[17, 32]",88.53575
"('MEDIUM', 'MEDIUM', 'SOFT')","[17, 33]",88.39679
"('MEDIUM', 'MEDIUM', 'SOFT')","[17, 34]",88.25781
"('MEDIUM', 'MEDIUM', 'SOFT')","[17, 35]",88.11884
"('MEDIUM', 'MEDIUM', 'SOFT')","[17, 36]",87.97987
"('MEDIUM', 'MEDIUM', 'SOFT')","[17, 37]",87.84091
"('MEDIUM', 'MEDIUM', 'SOFT')","[17, 38]",87.70193
"('MEDIUM', 'MEDIUM', 'SOFT')","[17, 39]",87.56296
"('MEDIUM', 'MEDIUM', 'SOFT')","[17, 40]",87.423996
"('MEDIUM', 'MEDIUM', 'SOFT')","[17, 41]",87.28502
"('MEDIUM', 'MEDIUM', 'SOFT')","[17, 42]",87.14606
"('MEDIUM', 'MEDIUM', 'SOFT')","[17, 43]",87.00708
"('MEDIUM', 'MEDIUM', 'SOFT')","[17, 44]",86.86812
"('MEDIUM', 'MEDIUM', 'SOFT')","[17, 45]",86.72915
"('MEDIUM', 'MEDIUM', 'SOFT')","[17, 46]",86.59017
"('MEDIUM', 'MEDIUM', 'SOFT')","[18, 19]",90.37736
"('MEDIUM', 'MEDIUM', 'SOFT')","[18, 20]",90.23839
"('MEDIUM', 'MEDIUM', 'SOFT')","[18, 21]",90.09943
"('MEDIUM', 'MEDIUM', 'SOFT')","[18, 22]",89.96045
"('MEDIUM', 'MEDIUM', 'SOFT')","[18, 23]",89.82148
"('MEDIUM', 'MEDIUM', 'SOFT')","[18, 24]",89.68251
"('MEDIUM', 'MEDIUM', 'SOFT')","[18, 25]",89.54353
"('MEDIUM', 'MEDIUM', 'SOFT')","[18, 26]",89.40457
"('MEDIUM', 'MEDIUM', 'SOFT')","[18, 27]",89.2656
"('MEDIUM', 'MEDIUM', 'SOFT')","[18, 28]",89.12663
"('MEDIUM', 'MEDIUM', 'SOFT')","[18, 29]",88.98767
"('MEDIUM', 'MEDIUM', 'SOFT')","[18, 30]",88.848694
"('MEDIUM', 'MEDIUM', 'SOFT')","[18, 31]",88.709724
"('MEDIUM', 'MEDIUM', 'SOFT')","[18, 32]",88.570755
"('MEDIUM', 'MEDIUM', 'SOFT')","[18, 33]",88.43178
"('MEDIUM', 'MEDIUM', 'SOFT')","[18, 34]",88.292816
"('MEDIUM', 'MEDIUM', 'SOFT')","[18, 35]",88.15385
"('MEDIUM', 'MEDIUM', 'SOFT')","[18, 36]",88.01488
"('MEDIUM', 'MEDIUM', 'SOFT')","[18, 37]",87.8759
"('MEDIUM', 'MEDIUM', 'SOFT')","[18, 38]",87.73693
"('MEDIUM', 'MEDIUM', 'SOFT')","[18, 39]",87.59796
"('MEDIUM', 'MEDIUM', 'SOFT')","[18, 40]",87.459
"('MEDIUM', 'MEDIUM', 'SOFT')","[18, 41]",87.32002
"('MEDIUM', 'MEDIUM', 'SOFT')","[18, 42]",87.18105
"('MEDIUM', 'MEDIUM', 'SOFT')","[18, 43]",87.04208
"('MEDIUM', 'MEDIUM', 'SOFT')","[18, 44]",86.90311
"('MEDIUM', 'MEDIUM', 'SOFT')","[18, 45]",86.764145
"('MEDIUM', 'MEDIUM', 'SOFT')","[18, 46]",86.625175
"('MEDIUM', 'MEDIUM', 'SOFT')","[19, 20]",90.27339
"('MEDIUM', 'MEDIUM', 'SOFT')","[19, 21]",90.134415
"('MEDIUM', 'MEDIUM', 'SOFT')","[19, 22]",89.995445
"('MEDIUM', 'MEDIUM', 'SOFT')","[19, 23]",89.856476
"('MEDIUM', 'MEDIUM', 'SOFT')","[19, 24]",89.717514
"('MEDIUM', 'MEDIUM', 'SOFT')","[19, 25]",89.57854
"('MEDIUM', 'MEDIUM', 'SOFT')","[19, 26]",89.439575
"('MEDIUM', 'MEDIUM', 'SOFT')","[19, 27]",89.300606
"('MEDIUM', 'MEDIUM', 'SOFT')","[19, 28]",89.16164
"('MEDIUM', 'MEDIUM', 'SOFT')","[19, 29]",89.02266
"('MEDIUM', 'MEDIUM', 'SOFT')","[19, 30]",88.88369
"('MEDIUM', 'MEDIUM', 'SOFT')","[19, 31]",88.74472
"('MEDIUM', 'MEDIUM', 'SOFT')","[19, 32]",88.60576
"('MEDIUM', 'MEDIUM', 'SOFT')","[19, 33]",88.46678
"('MEDIUM', 'MEDIUM', 'SOFT')","[19, 34]",88.32782
"('MEDIUM', 'MEDIUM', 'SOFT')","[19, 35]",88.18885
"('MEDIUM', 'MEDIUM', 'SOFT')","[19, 36]",88.04988
"('MEDIUM', 'MEDIUM', 'SOFT')","[19, 37]",87.910904
"('MEDIUM', 'MEDIUM', 'SOFT')","[19, 38]",87.771935
"('MEDIUM', 'MEDIUM', 'SOFT')","[19, 39]",87.632965
"('MEDIUM', 'MEDIUM', 'SOFT')","[19, 40]",87.49399
"('MEDIUM', 'MEDIUM', 'SOFT')","[19, 41]",87.35503
"('MEDIUM', 'MEDIUM', 'SOFT')","[19, 42]",87.21605
"('MEDIUM', 'MEDIUM', 'SOFT')","[19, 43]",87.07709
"('MEDIUM', 'MEDIUM', 'SOFT')","[19, 44]",86.93811
"('MEDIUM', 'MEDIUM', 'SOFT')","[19, 45]",86.79914
"('MEDIUM', 'MEDIUM', 'SOFT')","[19, 46]",86.66018
"('MEDIUM', 'MEDIUM', 'SOFT')","[20, 21]",90.16942
"('MEDIUM', 'MEDIUM', 'SOFT')","[20, 22]",90.03045
"('MEDIUM', 'MEDIUM', 'SOFT')","[20, 23]",89.89148
"('MEDIUM', 'MEDIUM', 'SOFT')","[20, 24]",89.7525
"('MEDIUM', 'MEDIUM', 'SOFT')","[20, 25]",89.61354
"('MEDIUM', 'MEDIUM', 'SOFT')","[20, 26]",89.47457
"('MEDIUM', 'MEDIUM', 'SOFT')","[20, 27]",89.3356
"('MEDIUM', 'MEDIUM', 'SOFT')","[20, 28]",89.19664
"('MEDIUM', 'MEDIUM', 'SOFT')","[20, 29]",89.05766
"('MEDIUM', 'MEDIUM', 'SOFT')","[20, 30]",88.91869
"('MEDIUM', 'MEDIUM', 'SOFT')","[20, 31]",88.779724
"('MEDIUM', 'MEDIUM', 'SOFT')","[20, 32]",88.64075
"('MEDIUM', 'MEDIUM', 'SOFT')","[20, 33]",88.501785
"('MEDIUM', 'MEDIUM', 'SOFT')","[20, 34]",88.362816
"('MEDIUM', 'MEDIUM', 'SOFT')","[20, 35]",88.22385
"('MEDIUM', 'MEDIUM', 'SOFT')","[20, 36]",88.084885
"('MEDIUM', 'MEDIUM', 'SOFT')","[20, 37]",87.94591
"('MEDIUM', 'MEDIUM', 'SOFT')","[20, 38]",87.80693
"('MEDIUM', 'MEDIUM', 'SOFT')","[20, 39]",87.66795
"('MEDIUM', 'MEDIUM', 'SOFT')","[20, 40]",87.52899
"('MEDIUM', 'MEDIUM', 'SOFT')","[20, 41]",87.39002
"('MEDIUM', 'MEDIUM', 'SOFT')","[20, 42]",87.25105
"('MEDIUM', 'MEDIUM', 'SOFT')","[20, 43]",87.11209
"('MEDIUM', 'MEDIUM', 'SOFT')","[20, 44]",86.973114
"('MEDIUM', 'MEDIUM', 'SOFT')","[20, 45]",86.834145
"('MEDIUM', 'MEDIUM', 'SOFT')","[20, 46]",86.695175
"('MEDIUM', 'MEDIUM', 'SOFT')","[21, 22]",90.06545
"('MEDIUM', 'MEDIUM', 'SOFT')","[21, 23]",89.92648
"('MEDIUM', 'MEDIUM', 'SOFT')","[21, 24]",89.787506
"('MEDIUM', 'MEDIUM', 'SOFT')","[21, 25]",89.648544
"('MEDIUM', 'MEDIUM', 'SOFT')","[21, 26]",89.50957
"('MEDIUM', 'MEDIUM', 'SOFT')","[21, 27]",89.3706
"('MEDIUM', 'MEDIUM', 'SOFT')","[21, 28]",89.23163
"('MEDIUM', 'MEDIUM', 'SOFT')","[21, 29]",89.09267
"('MEDIUM', 'MEDIUM', 'SOFT')","[21, 30]",88.9537
"('MEDIUM', 'MEDIUM', 'SOFT')","[21, 31]",88.81473
"('MEDIUM', 'MEDIUM', 'SOFT')","[21, 32]",88.67575
"('MEDIUM', 'MEDIUM', 'SOFT')","[21, 33]",88.53679
"('MEDIUM', 'MEDIUM', 'SOFT')","[21, 34]",88.39781
"('MEDIUM', 'MEDIUM', 'SOFT')","[21, 35]",88.25884
"('MEDIUM', 'MEDIUM', 'SOFT')","[21, 36]",88.11987
"('MEDIUM', 'MEDIUM', 'SOFT')","[21, 37]",87.98091
"('MEDIUM', 'MEDIUM', 'SOFT')","[21, 38]",87.84193
"('MEDIUM', 'MEDIUM', 'SOFT')","[21, 39]",87.70296
"('MEDIUM', 'MEDIUM', 'SOFT')","[21, 40]",87.563995
"('MEDIUM', 'MEDIUM', 'SOFT')","[21, 41]",87.42502
"('MEDIUM', 'MEDIUM', 'SOFT')","[21, 42]",87.28606
"('MEDIUM', 'MEDIUM', 'SOFT')","[21, 43]",87.14708
"('MEDIUM', 'MEDIUM', 'SOFT')","[21, 44]",87.00812
"('MEDIUM', 'MEDIUM', 'SOFT')","[21, 45]",86.86915
"('MEDIUM', 'MEDIUM', 'SOFT')","[21, 46]",86.73017
"('MEDIUM', 'MEDIUM', 'SOFT')","[22, 23]",89.96148
"('MEDIUM', 'MEDIUM', 'SOFT')","[22, 24]",89.82251
"('MEDIUM', 'MEDIUM', 'SOFT')","[22, 25]",89.68353
"('MEDIUM', 'MEDIUM', 'SOFT')","[22, 26]",89.54457
"('MEDIUM', 'MEDIUM', 'SOFT')","[22, 27]",89.4056
"('MEDIUM', 'MEDIUM', 'SOFT')","[22, 28]",89.26663
"('MEDIUM', 'MEDIUM', 'SOFT')","[22, 29]",89.12767
"('MEDIUM', 'MEDIUM', 'SOFT')","[22, 30]",88.98869
"('MEDIUM', 'MEDIUM', 'SOFT')","[22, 31]",88.849724
"('MEDIUM', 'MEDIUM', 'SOFT')","[22, 32]",88.710754
"('MEDIUM', 'MEDIUM', 'SOFT')","[22, 33]",88.57178
"('MEDIUM', 'MEDIUM', 'SOFT')","[22, 34]",88.432816
"('MEDIUM', 'MEDIUM', 'SOFT')","[22, 35]",88.293846
"('MEDIUM', 'MEDIUM', 'SOFT')","[22, 36]",88.15488
"('MEDIUM', 'MEDIUM', 'SOFT')","[22, 37]",88.0159
"('MEDIUM', 'MEDIUM', 'SOFT')","[22, 38]",87.87693
"('MEDIUM', 'MEDIUM', 'SOFT')","[22, 39]",87.73796
"('MEDIUM', 'MEDIUM', 'SOFT')","[22, 40]",87.599
"('MEDIUM', 'MEDIUM', 'SOFT')","[22, 41]",87.46002
"('MEDIUM', 'MEDIUM', 'SOFT')","[22, 42]",87.32105
"('MEDIUM', 'MEDIUM', 'SOFT')","[22, 43]",87.18208
"('MEDIUM', 'MEDIUM', 'SOFT')","[22, 44]",87.043106
"('MEDIUM', 'MEDIUM', 'SOFT')","[22, 45]",86.904144
"('MEDIUM', 'MEDIUM', 'SOFT')","[22, 46]",86.765175
"('MEDIUM', 'MEDIUM', 'SOFT')","[23, 24]",89.85751
"('MEDIUM', 'MEDIUM', 'SOFT')","[23, 25]",89.71854
"('MEDIUM', 'MEDIUM', 'SOFT')","[23, 26]",89.579575
"('MEDIUM', 'MEDIUM', 'SOFT')","[23, 27]",89.440605
"('MEDIUM', 'MEDIUM', 'SOFT')","[23, 28]",89.301636
"('MEDIUM', 'MEDIUM', 'SOFT')","[23, 29]",89.16266
"('MEDIUM', 'MEDIUM', 'SOFT')","[23, 30]",89.02369
"('MEDIUM', 'MEDIUM', 'SOFT')","[23, 31]",88.88472
"('MEDIUM', 'MEDIUM', 'SOFT')","[23, 32]",88.74576
"('MEDIUM', 'MEDIUM', 'SOFT')","[23, 33]",88.60678
"('MEDIUM', 'MEDIUM', 'SOFT')","[23, 34]",88.46782
"('MEDIUM', 'MEDIUM', 'SOFT')","[23, 35]",88.32885
"('MEDIUM', 'MEDIUM', 'SOFT')","[23, 36]",88.18988
"('MEDIUM', 'MEDIUM', 'SOFT')","[23, 37]",88.0509
"('MEDIUM', 'MEDIUM', 'SOFT')","[23, 38]",87.911934
"('MEDIUM', 'MEDIUM', 'SOFT')","[23, 39]",87.772964
"('MEDIUM', 'MEDIUM', 'SOFT')","[23, 40]",87.63399
"('MEDIUM', 'MEDIUM', 'SOFT')","[23, 41]",87.495026
"('MEDIUM', 'MEDIUM', 'SOFT')","[23, 42]",87.35605
"('MEDIUM', 'MEDIUM', 'SOFT')","[23, 43]",87.21709
"('MEDIUM', 'MEDIUM', 'SOFT')","[23, 44]",87.07811
"('MEDIUM', 'MEDIUM', 'SOFT')","[23, 45]",86.93914
"('MEDIUM', 'MEDIUM', 'SOFT')","[23, 46]",86.80018
"('MEDIUM', 'MEDIUM', 'SOFT')","[24, 25]",89.75354
"('MEDIUM', 'MEDIUM', 'SOFT')","[24, 26]",89.61457
"('MEDIUM', 'MEDIUM', 'SOFT')","[24, 27]",89.4756
"('MEDIUM', 'MEDIUM', 'SOFT')","[24, 28]",89.33664
"('MEDIUM', 'MEDIUM', 'SOFT')","[24, 29]",89.19766
"('MEDIUM', 'MEDIUM', 'SOFT')","[24, 30]",89.05869
"('MEDIUM', 'MEDIUM', 'SOFT')","[24, 31]",88.91972
"('MEDIUM', 'MEDIUM', 'SOFT')","[24, 32]",88.78075
"('MEDIUM', 'MEDIUM', 'SOFT')","[24, 33]",88.641785
"('MEDIUM', 'MEDIUM', 'SOFT')","[24, 34]",88.502815
"('MEDIUM', 'MEDIUM', 'SOFT')","[24, 35]",88.363846
"('MEDIUM', 'MEDIUM', 'SOFT')","[24, 36]",88.224884
"('MEDIUM', 'MEDIUM', 'SOFT')","[24, 37]",88.08591
"('MEDIUM', 'MEDIUM', 'SOFT')","[24, 38]",87.94693
"('MEDIUM', 'MEDIUM', 'SOFT')","[24, 39]",87.80795
"('MEDIUM', 'MEDIUM', 'SOFT')","[24, 40]",87.66899
"('MEDIUM', 'MEDIUM', 'SOFT')","[24, 41]",87.53002
"('MEDIUM', 'MEDIUM', 'SOFT')","[24, 42]",87.39105
"('MEDIUM', 'MEDIUM', 'SOFT')","[24, 43]",87.25209
"('MEDIUM', 'MEDIUM', 'SOFT')","[24, 44]",87.11311
"('MEDIUM', 'MEDIUM', 'SOFT')","[24, 45]",86.974144
"('MEDIUM', 'MEDIUM', 'SOFT')","[24, 46]",86.835175
"('MEDIUM', 'MEDIUM', 'SOFT')","[25, 26]",89.64957
"('MEDIUM', 'MEDIUM', 'SOFT')","[25, 27]",89.5106
"('MEDIUM', 'MEDIUM', 'SOFT')","[25, 28]",89.37163
"('MEDIUM', 'MEDIUM', 'SOFT')","[25, 29]",89.232666
"('MEDIUM', 'MEDIUM', 'SOFT')","[25, 30]",89.0937
"('MEDIUM', 'MEDIUM', 'SOFT')","[25, 31]",88.95473
"('MEDIUM', 'MEDIUM', 'SOFT')","[25, 32]",88.81575
"('MEDIUM', 'MEDIUM', 'SOFT')","[25, 33]",88.67679
"('MEDIUM', 'MEDIUM', 'SOFT')","[25, 34]",88.53781
"('MEDIUM', 'MEDIUM', 'SOFT')","[25, 35]",88.39884
"('MEDIUM', 'MEDIUM', 'SOFT')","[25, 36]",88.25987
"('MEDIUM', 'MEDIUM', 'SOFT')","[25, 37]",88.12091
"('MEDIUM', 'MEDIUM', 'SOFT')","[25, 38]",87.981926
"('MEDIUM', 'MEDIUM', 'SOFT')","[25, 39]",87.84296
"('MEDIUM', 'MEDIUM', 'SOFT')","[25, 40]",87.703995
"('MEDIUM', 'MEDIUM', 'SOFT')","[25, 41]",87.56502
"('MEDIUM', 'MEDIUM', 'SOFT')","[25, 42]",87.426056
"('MEDIUM', 'MEDIUM', 'SOFT')","[25, 43]",87.28708
"('MEDIUM', 'MEDIUM', 'SOFT')","[25, 44]",87.14812
"('MEDIUM', 'MEDIUM', 'SOFT')","[25, 45]",87.00915
"('MEDIUM', 'MEDIUM', 'SOFT')","[25, 46]",86.87017
"('MEDIUM', 'MEDIUM', 'SOFT')","[26, 27]",89.5456
"('MEDIUM', 'MEDIUM', 'SOFT')","[26, 28]",89.40663
"('MEDIUM', 'MEDIUM', 'SOFT')","[26, 29]",89.26767
"('MEDIUM', 'MEDIUM', 'SOFT')","[26, 30]",89.12869
"('MEDIUM', 'MEDIUM', 'SOFT')","[26, 31]",88.98972
"('MEDIUM', 'MEDIUM', 'SOFT')","[26, 32]",88.85075
"('MEDIUM', 'MEDIUM', 'SOFT')","[26, 33]",88.71178
"('MEDIUM', 'MEDIUM', 'SOFT')","[26, 34]",88.572815
"('MEDIUM', 'MEDIUM', 'SOFT')","[26, 35]",88.433846
"('MEDIUM', 'MEDIUM', 'SOFT')","[26, 36]",88.294876
"('MEDIUM', 'MEDIUM', 'SOFT')","[26, 37]",88.1559
"('MEDIUM', 'MEDIUM', 'SOFT')","[26, 38]",88.01693
"('MEDIUM', 'MEDIUM', 'SOFT')","[26, 39]",87.87796
"('MEDIUM', 'MEDIUM', 'SOFT')","[26, 40]",87.739
"('MEDIUM', 'MEDIUM', 'SOFT')","[26, 41]",87.60002
"('MEDIUM', 'MEDIUM', 'SOFT')","[26, 42]",87.46105
"('MEDIUM', 'MEDIUM', 'SOFT')","[26, 43]",87.32208
"('MEDIUM', 'MEDIUM', 'SOFT')","[26, 44]",87.183105
"('MEDIUM', 'MEDIUM', 'SOFT')","[26, 45]",87.04414
"('MEDIUM', 'MEDIUM', 'SOFT')","[26, 46]",86.905174
"('MEDIUM', 'MEDIUM', 'SOFT')","[27, 28]",89.441635
"('MEDIUM', 'MEDIUM', 'SOFT')","[27, 29]",89.30266
"('MEDIUM', 'MEDIUM', 'SOFT')","[27, 30]",89.16369
"('MEDIUM', 'MEDIUM', 'SOFT')","[27, 31]",89.02472
"('MEDIUM', 'MEDIUM', 'SOFT')","[27, 32]",88.88576
"('MEDIUM', 'MEDIUM', 'SOFT')","[27, 33]",88.74678
"('MEDIUM', 'MEDIUM', 'SOFT')","[27, 34]",88.60782
"('MEDIUM', 'MEDIUM', 'SOFT')","[27, 35]",88.46885
"('MEDIUM', 'MEDIUM', 'SOFT')","[27, 36]",88.32988
"('MEDIUM', 'MEDIUM', 'SOFT')","[27, 37]",88.1909
"('MEDIUM', 'MEDIUM', 'SOFT')","[27, 38]",88.05193
"('MEDIUM', 'MEDIUM', 'SOFT')","[27, 39]",87.912964
"('MEDIUM', 'MEDIUM', 'SOFT')","[27, 40]",87.77399
"('MEDIUM', 'MEDIUM', 'SOFT')","[27, 41]",87.635025
"('MEDIUM', 'MEDIUM', 'SOFT')","[27, 42]",87.49605
"('MEDIUM', 'MEDIUM', 'SOFT')","[27, 43]",87.357086
"('MEDIUM', 'MEDIUM', 'SOFT')","[27, 44]",87.21811
"('MEDIUM', 'MEDIUM', 'SOFT')","[27, 45]",87.07914
"('MEDIUM', 'MEDIUM', 'SOFT')","[27, 46]",86.94018
"('MEDIUM', 'MEDIUM', 'SOFT')","[28, 29]",89.33766
"('MEDIUM', 'MEDIUM', 'SOFT')","[28, 30]",89.19869
"('MEDIUM', 'MEDIUM', 'SOFT')","[28, 31]",89.05972
"('MEDIUM', 'MEDIUM', 'SOFT')","[28, 32]",88.920746
"('MEDIUM', 'MEDIUM', 'SOFT')","[28, 33]",88.781784
"('MEDIUM', 'MEDIUM', 'SOFT')","[28, 34]",88.642815
"('MEDIUM', 'MEDIUM', 'SOFT')","[28, 35]",88.503845
"('MEDIUM', 'MEDIUM', 'SOFT')","[28, 36]",88.36488
"('MEDIUM', 'MEDIUM', 'SOFT')","[28, 37]",88.22591
"('MEDIUM', 'MEDIUM', 'SOFT')","[28, 38]",88.08693
"('MEDIUM', 'MEDIUM', 'SOFT')","[28, 39]",87.94795
"('MEDIUM', 'MEDIUM', 'SOFT')","[28, 40]",87.80899
"('MEDIUM', 'MEDIUM', 'SOFT')","[28, 41]",87.67002
"('MEDIUM', 'MEDIUM', 'SOFT')","[28, 42]",87.53105
"('MEDIUM', 'MEDIUM', 'SOFT')","[28, 43]",87.39209
"('MEDIUM', 'MEDIUM', 'SOFT')","[28, 44]",87.25311
"('MEDIUM', 'MEDIUM', 'SOFT')","[28, 45]",87.11414
"('MEDIUM', 'MEDIUM', 'SOFT')","[28, 46]",86.975174
"('MEDIUM', 'MEDIUM', 'SOFT')","[29, 30]",89.233696
"('MEDIUM', 'MEDIUM', 'SOFT')","[29, 31]",89.09473
"('MEDIUM', 'MEDIUM', 'SOFT')","[29, 32]",88.95575
"('MEDIUM', 'MEDIUM', 'SOFT')","[29, 33]",88.81679
"('MEDIUM', 'MEDIUM', 'SOFT')","[29, 34]",88.67781
"('MEDIUM', 'MEDIUM', 'SOFT')","[29, 35]",88.53884
"('MEDIUM', 'MEDIUM', 'SOFT')","[29, 36]",88.39987
"('MEDIUM', 'MEDIUM', 'SOFT')","[29, 37]",88.26091
"('MEDIUM', 'MEDIUM', 'SOFT')","[29, 38]",88.121925
"('MEDIUM', 'MEDIUM', 'SOFT')","[29, 39]",87.982956
"('MEDIUM', 'MEDIUM', 'SOFT')","[29, 40]",87.843994
"('MEDIUM', 'MEDIUM', 'SOFT')","[29, 41]",87.70502
"('MEDIUM', 'MEDIUM', 'SOFT')","[29, 42]",87.566055
"('MEDIUM', 'MEDIUM', 'SOFT')","[29, 43]",87.42708
"('MEDIUM', 'MEDIUM', 'SOFT')","[29, 44]",87.28812
"('MEDIUM', 'MEDIUM', 'SOFT')","[29, 45]",87.14915
"('MEDIUM', 'MEDIUM', 'SOFT')","[29, 46]",87.01017
"('MEDIUM', 'MEDIUM', 'SOFT')","[30, 31]",89.12972
"('MEDIUM', 'MEDIUM', 'SOFT')","[30, 32]",88.99075
"('MEDIUM', 'MEDIUM', 'SOFT')","[30, 33]",88.851776
"('MEDIUM', 'MEDIUM', 'SOFT')","[30, 34]",88.712814
"('MEDIUM', 'MEDIUM', 'SOFT')","[30, 35]",88.573845
"('MEDIUM', 'MEDIUM', 'SOFT')","[30, 36]",88.434875
"('MEDIUM', 'MEDIUM', 'SOFT')","[30, 37]",88.2959
"('MEDIUM', 'MEDIUM', 'SOFT')","[30, 38]",88.15693
"('MEDIUM', 'MEDIUM', 'SOFT')","[30, 39]",88.01796
"('MEDIUM', 'MEDIUM', 'SOFT')","[30, 40]",87.879
"('MEDIUM', 'MEDIUM', 'SOFT')","[30, 41]",87.74002
"('MEDIUM', 'MEDIUM', 'SOFT')","[30, 42]",87.60105
"('MEDIUM', 'MEDIUM', 'SOFT')","[30, 43]",87.46208
"('MEDIUM', 'MEDIUM', 'SOFT')","[30, 44]",87.323105
"('MEDIUM', 'MEDIUM', 'SOFT')","[30, 45]",87.18414
"('MEDIUM', 'MEDIUM', 'SOFT')","[30, 46]",87.04517
"('MEDIUM', 'MEDIUM', 'SOFT')","[31, 32]",89.02576
"('MEDIUM', 'MEDIUM', 'SOFT')","[31, 33]",88.88678
"('MEDIUM', 'MEDIUM', 'SOFT')","[31, 34]",88.74782
"('MEDIUM', 'MEDIUM', 'SOFT')","[31, 35]",88.60885
"('MEDIUM', 'MEDIUM', 'SOFT')","[31, 36]",88.46988
"('MEDIUM', 'MEDIUM', 'SOFT')","[31, 37]",88.3309
"('MEDIUM', 'MEDIUM', 'SOFT')","[31, 38]",88.19193
"('MEDIUM', 'MEDIUM', 'SOFT')","[31, 39]",88.05296
"('MEDIUM', 'MEDIUM', 'SOFT')","[31, 40]",87.91399
"('MEDIUM', 'MEDIUM', 'SOFT')","[31, 41]",87.775024
"('MEDIUM', 'MEDIUM', 'SOFT')","[31, 42]",87.63605
"('MEDIUM', 'MEDIUM', 'SOFT')","[31, 43]",87.497086
"('MEDIUM', 'MEDIUM', 'SOFT')","[31, 44]",87.35811
"('MEDIUM', 'MEDIUM', 'SOFT')","[31, 45]",87.21914
"('MEDIUM', 'MEDIUM', 'SOFT')","[31, 46]",87.08018
"('MEDIUM', 'MEDIUM', 'SOFT')","[32, 33]",88.92178
"('MEDIUM', 'MEDIUM', 'SOFT')","[32, 34]",88.782814
"('MEDIUM', 'MEDIUM', 'SOFT')","[32, 35]",88.643845
"('MEDIUM', 'MEDIUM', 'SOFT')","[32, 36]",88.50488
"('MEDIUM', 'MEDIUM', 'SOFT')","[32, 37]",88.365906
"('MEDIUM', 'MEDIUM', 'SOFT')","[32, 38]",88.22693
"('MEDIUM', 'MEDIUM', 'SOFT')","[32, 39]",88.08795
"('MEDIUM', 'MEDIUM', 'SOFT')","[32, 40]",87.94899
"('MEDIUM', 'MEDIUM', 'SOFT')","[32, 41]",87.81002
"('MEDIUM', 'MEDIUM', 'SOFT')","[32, 42]",87.67105
"('MEDIUM', 'MEDIUM', 'SOFT')","[32, 43]",87.53209
"('MEDIUM', 'MEDIUM', 'SOFT')","[32, 44]",87.39311
"('MEDIUM', 'MEDIUM', 'SOFT')","[32, 45]",87.25414
"('MEDIUM', 'MEDIUM', 'SOFT')","[32, 46]",87.11517
"('MEDIUM', 'MEDIUM', 'SOFT')","[33, 34]",88.81781
"('MEDIUM', 'MEDIUM', 'SOFT')","[33, 35]",88.67884
"('MEDIUM', 'MEDIUM', 'SOFT')","[33, 36]",88.53987
"('MEDIUM', 'MEDIUM', 'SOFT')","[33, 37]",88.40091
"('MEDIUM', 'MEDIUM', 'SOFT')","[33, 38]",88.261925
"('MEDIUM', 'MEDIUM', 'SOFT')","[33, 39]",88.122955
"('MEDIUM', 'MEDIUM', 'SOFT')","[33, 40]",87.98399
"('MEDIUM', 'MEDIUM', 'SOFT')","[33, 41]",87.84502
"('MEDIUM', 'MEDIUM', 'SOFT')","[33, 42]",87.706055
"('MEDIUM', 'MEDIUM', 'SOFT')","[33, 43]",87.56708
"('MEDIUM', 'MEDIUM', 'SOFT')","[33, 44]",87.428116
"('MEDIUM', 'MEDIUM', 'SOFT')","[33, 45]",87.28915
"('MEDIUM', 'MEDIUM', 'SOFT')","[33, 46]",87.15017
"('MEDIUM', 'MEDIUM', 'SOFT')","[34, 35]",88.713844
"('MEDIUM', 'MEDIUM', 'SOFT')","[34, 36]",88.574875
"('MEDIUM', 'MEDIUM', 'SOFT')","[34, 37]",88.4359
"('MEDIUM', 'MEDIUM', 'SOFT')","[34, 38]",88.29693
"('MEDIUM', 'MEDIUM', 'SOFT')","[34, 39]",88.15796
"('MEDIUM', 'MEDIUM', 'SOFT')","[34, 40]",88.019
"('MEDIUM', 'MEDIUM', 'SOFT')","[34, 41]",87.88002
"('MEDIUM', 'MEDIUM', 'SOFT')","[34, 42]",87.74105
"('MEDIUM', 'MEDIUM', 'SOFT')","[34, 43]",87.60208
"('MEDIUM', 'MEDIUM', 'SOFT')","[34, 44]",87.463104
"('MEDIUM', 'MEDIUM', 'SOFT')","[34, 45]",87.32414
"('MEDIUM', 'MEDIUM', 'SOFT')","[34, 46]",87.18517
"('MEDIUM', 'MEDIUM', 'SOFT')","[35, 36]",88.60988
"('MEDIUM', 'MEDIUM', 'SOFT')","[35, 37]",88.4709
"('MEDIUM', 'MEDIUM', 'SOFT')","[35, 38]",88.33193
"('MEDIUM', 'MEDIUM', 'SOFT')","[35, 39]",88.19296
"('MEDIUM', 'MEDIUM', 'SOFT')","[35, 40]",88.053986
"('MEDIUM', 'MEDIUM', 'SOFT')","[35, 41]",87.91502
"('MEDIUM', 'MEDIUM', 'SOFT')","[35, 42]",87.77605
"('MEDIUM', 'MEDIUM', 'SOFT')","[35, 43]",87.637085
"('MEDIUM', 'MEDIUM', 'SOFT')","[35, 44]",87.49811
"('MEDIUM', 'MEDIUM', 'SOFT')","[35, 45]",87.35914
"('MEDIUM', 'MEDIUM', 'SOFT')","[35, 46]",87.22018
"('MEDIUM', 'MEDIUM', 'SOFT')","[36, 37]",88.505905
"('MEDIUM', 'MEDIUM', 'SOFT')","[36, 38]",88.366936
"('MEDIUM', 'MEDIUM', 'SOFT')","[36, 39]",88.22797
"('MEDIUM', 'MEDIUM', 'SOFT')","[36, 40]",88.08899
"('MEDIUM', 'MEDIUM', 'SOFT')","[36, 41]",87.95003
"('MEDIUM', 'MEDIUM', 'SOFT')","[36, 42]",87.81105
"('MEDIUM', 'MEDIUM', 'SOFT')","[36, 43]",87.67209
"('MEDIUM', 'MEDIUM', 'SOFT')","[36, 44]",87.53311
"('MEDIUM', 'MEDIUM', 'SOFT')","[36, 45]",87.39414
"('MEDIUM', 'MEDIUM', 'SOFT')","[36, 46]",87.25518
"('MEDIUM', 'MEDIUM', 'SOFT')","[37, 38]",88.40193
"('MEDIUM', 'MEDIUM', 'SOFT')","[37, 39]",88.262955
"('MEDIUM', 'MEDIUM', 'SOFT')","[37, 40]",88.12399
"('MEDIUM', 'MEDIUM', 'SOFT')","[37, 41]",87.98502
"('MEDIUM', 'MEDIUM', 'SOFT')","[37, 42]",87.846054
"('MEDIUM', 'MEDIUM', 'SOFT')","[37, 43]",87.70709
"('MEDIUM', 'MEDIUM', 'SOFT')","[37, 44]",87.568115
"('MEDIUM', 'MEDIUM', 'SOFT')","[37, 45]",87.429146
"('MEDIUM', 'MEDIUM', 'SOFT')","[37, 46]",87.29018
"('MEDIUM', 'MEDIUM', 'SOFT')","[38, 39]",88.29796
"('MEDIUM', 'MEDIUM', 'SOFT')","[38, 40]",88.159
"('MEDIUM', 'MEDIUM', 'SOFT')","[38, 41]",88.02002
"('MEDIUM', 'MEDIUM', 'SOFT')","[38, 42]",87.88106
"('MEDIUM', 'MEDIUM', 'SOFT')","[38, 43]",87.74208
"('MEDIUM', 'MEDIUM', 'SOFT')","[38, 44]",87.60312
"('MEDIUM', 'MEDIUM', 'SOFT')","[38, 45]",87.46415
"('MEDIUM', 'MEDIUM', 'SOFT')","[38, 46]",87.32517
"('MEDIUM', 'MEDIUM', 'SOFT')","[39, 40]",88.194
"('MEDIUM', 'MEDIUM', 'SOFT')","[39, 41]",88.05502
"('MEDIUM', 'MEDIUM', 'SOFT')","[39, 42]",87.91605
"('MEDIUM', 'MEDIUM', 'SOFT')","[39, 43]",87.777084
"('MEDIUM', 'MEDIUM', 'SOFT')","[39, 44]",87.63811
"('MEDIUM', 'MEDIUM', 'SOFT')","[39, 45]",87.499146
"('MEDIUM', 'MEDIUM', 'SOFT')","[39, 46]",87.360176
"('MEDIUM', 'MEDIUM', 'SOFT')","[40, 41]",88.09003
"('MEDIUM', 'MEDIUM', 'SOFT')","[40, 42]",87.95105
"('MEDIUM', 'MEDIUM', 'SOFT')","[40, 43]",87.81209
"('MEDIUM', 'MEDIUM', 'SOFT')","[40, 44]",87.67311
"('MEDIUM', 'MEDIUM', 'SOFT')","[40, 45]",87.53414
"('MEDIUM', 'MEDIUM', 'SOFT')","[40, 46]",87.39518
"('MEDIUM', 'MEDIUM', 'SOFT')","[41, 42]",87.98605
"('MEDIUM', 'MEDIUM', 'SOFT')","[41, 43]",87.84709
"('MEDIUM', 'MEDIUM', 'SOFT')","[41, 44]",87.708115
"('MEDIUM', 'MEDIUM', 'SOFT')","[41, 45]",87.569145
"('MEDIUM', 'MEDIUM', 'SOFT')","[41, 46]",87.430176
"('MEDIUM', 'MEDIUM', 'SOFT')","[42, 43]",87.88208
"('MEDIUM', 'MEDIUM', 'SOFT')","[42, 44]",87.74312
"('MEDIUM', 'MEDIUM', 'SOFT')","[42, 45]",87.60415
"('MEDIUM', 'MEDIUM', 'SOFT')","[42, 46]",87.46517
"('MEDIUM', 'MEDIUM', 'SOFT')","[43, 44]",87.77811
"('MEDIUM', 'MEDIUM', 'SOFT')","[43, 45]",87.63914
"('MEDIUM', 'MEDIUM', 'SOFT')","[43, 46]",87.500175
"('MEDIUM', 'MEDIUM', 'SOFT')","[44, 45]",87.67414
"('MEDIUM', 'MEDIUM', 'SOFT')","[44, 46]",87.53517
"('MEDIUM', 'MEDIUM', 'SOFT')","[45, 46]",87.570175
"('MEDIUM', 'MEDIUM', 'MEDIUM')","[10, 11]",83.20651
"('MEDIUM', 'MEDIUM', 'MEDIUM')","[10, 12]",83.241516
"('MEDIUM', 'MEDIUM', 'MEDIUM')","[10, 13]",83.27651
"('MEDIUM', 'MEDIUM', 'MEDIUM')","[10, 14]",83.31151
"('MEDIUM', 'MEDIUM', 'MEDIUM')","[10, 15]",83.34651
"('MEDIUM', 'MEDIUM', 'MEDIUM')","[10, 16]",83.381516
"('MEDIUM', 'MEDIUM', 'MEDIUM')","[10, 17]",83.41651
"('MEDIUM', 'MEDIUM', 'MEDIUM')","[10, 18]",83.451515
"('MEDIUM', 'MEDIUM', 'MEDIUM')","[10, 19]",83.48651
"('MEDIUM', 'MEDIUM', 'MEDIUM')","[10, 20]",83.521515
"('MEDIUM', 'MEDIUM', 'MEDIUM')","[10, 21]",83.55651
"('MEDIUM', 'MEDIUM', 'MEDIUM')","[10, 22]",83.59151
"('MEDIUM', 'MEDIUM', 'MEDIUM')","[10, 23]",83.62651
"('MEDIUM', 'MEDIUM', 'MEDIUM')","[10, 24]",83.661514
"('MEDIUM', 'MEDIUM', 'MEDIUM')","[10, 25]",83.69651
"('MEDIUM', 'MEDIUM', 'MEDIUM')","[10, 26]",83.731514
"('MEDIUM', 'MEDIUM', 'MEDIUM')","[10, 27]",83.76651
"('MEDIUM', 'MEDIUM', 'MEDIUM')","[10, 28]",83.80151
"('MEDIUM', 'MEDIUM', 'MEDIUM')","[10, 29]",83.83651
"('MEDIUM', 'MEDIUM', 'MEDIUM')","[10, 30]",83.871506
"('MEDIUM', 'MEDIUM', 'MEDIUM')","[10, 31]",83.90651
"('MEDIUM', 'MEDIUM', 'MEDIUM')","[10, 32]",83.94151
"('MEDIUM', 'MEDIUM', 'MEDIUM')","[10, 33]",83.97651
"('MEDIUM', 'MEDIUM', 'MEDIUM')","[10, 34]",84.01151
"('MEDIUM', 'MEDIUM', 'MEDIUM')","[10, 35]",84.04651
"('MEDIUM', 'MEDIUM', 'MEDIUM')","[10, 36]",84.08151
"('MEDIUM', 'MEDIUM', 'MEDIUM')","[10, 37]",84.11651
"('MEDIUM', 'MEDIUM', 'MEDIUM')","[10, 38]",84.15152
"('MEDIUM', 'MEDIUM', 'MEDIUM')","[10, 39]",84.18651
"('MEDIUM', 'MEDIUM', 'MEDIUM')","[10, 40]",84.22151
"('MEDIUM', 'MEDIUM', 'MEDIUM')","[10, 41]",84.256516
"('MEDIUM', 'MEDIUM', 'MEDIUM')","[10, 42]",84.291504
"('MEDIUM', 'MEDIUM', 'MEDIUM')","[10, 43]",84.32651
"('MEDIUM', 'MEDIUM', 'MEDIUM')","[10, 44]",84.36151
"('MEDIUM', 'MEDIUM', 'MEDIUM')","[10, 45]",84.39651
"('MEDIUM', 'MEDIUM', 'MEDIUM')","[10, 46]",84.43152
"('MEDIUM', 'MEDIUM', 'MEDIUM')","[11, 12]",83.27651
"('MEDIUM', 'MEDIUM', 'MEDIUM')","[11, 13]",83.311516
"('MEDIUM', 'MEDIUM', 'MEDIUM')","[11, 14]",83.34651
"('MEDIUM', 'MEDIUM', 'MEDIUM')","[11, 15]",83.381516
"('MEDIUM', 'MEDIUM', 'MEDIUM')","[11, 16]",83.416504
"('MEDIUM', 'MEDIUM', 'MEDIUM')","[11, 17]",83.451515
"('MEDIUM', 'MEDIUM', 'MEDIUM')","[11, 18]",83.48651
"('MEDIUM', 'MEDIUM', 'MEDIUM')","[11, 19]",83.521515
"('MEDIUM', 'MEDIUM', 'MEDIUM')","[11, 20]",83.55652
"('MEDIUM', 'MEDIUM', 'MEDIUM')","[11, 21]",83.591515
"('MEDIUM', 'MEDIUM', 'MEDIUM')","[11, 22]",83.62651
"('MEDIUM', 'MEDIUM', 'MEDIUM')","[11, 23]",83.661514
"('MEDIUM', 'MEDIUM', 'MEDIUM')","[11, 24]",83.69652
"('MEDIUM', 'MEDIUM', 'MEDIUM')","[11, 25]",83.731514
"('MEDIUM', 'MEDIUM', 'MEDIUM')","[11, 26]",83.76651
"('MEDIUM', 'MEDIUM', 'MEDIUM')","[11, 27]",83.80151
"('MEDIUM', 'MEDIUM', 'MEDIUM')","[11, 28]",83.83652
"('MEDIUM', 'MEDIUM', 'MEDIUM')","[11, 29]",83.87151
"('MEDIUM', 'MEDIUM', 'MEDIUM')","[11, 30]",83.90651
"('MEDIUM', 'MEDIUM', 'MEDIUM')","[11, 31]",83.94151
"('MEDIUM', 'MEDIUM', 'MEDIUM')","[11, 32]",83.97652
"('MEDIUM', 'MEDIUM', 'MEDIUM')","[11, 33]",84.01151
"('MEDIUM', 'MEDIUM', 'MEDIUM')","[11, 34]",84.04651
"('MEDIUM', 'MEDIUM', 'MEDIUM')","[11, 35]",84.08151
"('MEDIUM', 'MEDIUM', 'MEDIUM')","[11, 36]",84.116516
"('MEDIUM', 'MEDIUM', 'MEDIUM')","[11, 37]",84.15151
"('MEDIUM', 'MEDIUM', 'MEDIUM')","[11, 38]",84.18651
"('MEDIUM', 'MEDIUM', 'MEDIUM')","[11, 39]",84.22151
"('MEDIUM', 'MEDIUM', 'MEDIUM')","[11, 40]",84.256516
"('MEDIUM', 'MEDIUM', 'MEDIUM')","[11, 41]",84.29151
"('MEDIUM', 'MEDIUM', 'MEDIUM')","[11, 42]",84.32651
"('MEDIUM', 'MEDIUM', 'MEDIUM')","[11, 43]",84.36151
"('MEDIUM', 'MEDIUM', 'MEDIUM')","[11, 44]",84.396515
"('MEDIUM', 'MEDIUM', 'MEDIUM')","[11, 45]",84.43151
"('MEDIUM', 'MEDIUM', 'MEDIUM')","[11, 46]",84.46651
"('MEDIUM', 'MEDIUM', 'MEDIUM')","[12, 13]",83.34651
"('MEDIUM', 'MEDIUM', 'MEDIUM')","[12, 14]",83.381516
"('MEDIUM', 'MEDIUM', 'MEDIUM')","[12, 15]",83.41651
"('MEDIUM', 'MEDIUM', 'MEDIUM')","[12, 16]",83.45151
"('MEDIUM', 'MEDIUM', 'MEDIUM')","[12, 17]",83.48651
"('MEDIUM', 'MEDIUM', 'MEDIUM')","[12, 18]",83.52151
"('MEDIUM', 'MEDIUM', 'MEDIUM')","[12, 19]",83.5565
"('MEDIUM', 'MEDIUM', 'MEDIUM')","[12, 20]",83.59151
"('MEDIUM', 'MEDIUM', 'MEDIUM')","[12, 21]",83.62651
"('MEDIUM', 'MEDIUM', 'MEDIUM')","[12, 22]",83.661514
"('MEDIUM', 'MEDIUM', 'MEDIUM')","[12, 23]",83.69652
"('MEDIUM', 'MEDIUM', 'MEDIUM')","[12, 24]",83.73151
"('MEDIUM', 'MEDIUM', 'MEDIUM')","[12, 25]",83.76651
"('MEDIUM', 'MEDIUM', 'MEDIUM')","[12, 26]",83.801506
"('MEDIUM', 'MEDIUM', 'MEDIUM')","[12, 27]",83.8365
"('MEDIUM', 'MEDIUM', 'MEDIUM')","[12, 28]",83.871506
"('MEDIUM', 'MEDIUM', 'MEDIUM')","[12, 29]",83.90651
"('MEDIUM', 'MEDIUM', 'MEDIUM')","[12, 30]",83.94151
"('MEDIUM', 'MEDIUM', 'MEDIUM')","[12, 31]",83.97652
"('MEDIUM', 'MEDIUM', 'MEDIUM')","[12, 32]",84.011505
"('MEDIUM', 'MEDIUM', 'MEDIUM')","[12, 33]",84.04651
"('MEDIUM', 'MEDIUM', 'MEDIUM')","[12, 34]",84.081505
"('MEDIUM', 'MEDIUM', 'MEDIUM')","[12, 35]",84.1165
"('MEDIUM', 'MEDIUM', 'MEDIUM')","[12, 36]",84.15151
"('MEDIUM', 'MEDIUM', 'MEDIUM')","[12, 37]",84.186516
"('MEDIUM', 'MEDIUM', 'MEDIUM')","[12, 38]",84.22151
"('MEDIUM', 'MEDIUM', 'MEDIUM')","[12, 39]",84.256516
"('MEDIUM', 'MEDIUM', 'MEDIUM')","[12, 40]",84.29151
"('MEDIUM', 'MEDIUM', 'MEDIUM')","[12, 41]",84.32651
"('MEDIUM', 'MEDIUM', 'MEDIUM')","[12, 42]",84.36151
"('MEDIUM', 'MEDIUM', 'MEDIUM')","[12, 43]",84.396515
"('MEDIUM', 'MEDIUM', 'MEDIUM')","[12, 44]",84.43151
"('MEDIUM', 'MEDIUM', 'MEDIUM')","[12, 45]",84.466515
"('MEDIUM', 'MEDIUM', 'MEDIUM')","[12, 46]",84.50151
"('MEDIUM', 'MEDIUM', 'MEDIUM')","[13, 14]",83.41651
"('MEDIUM', 'MEDIUM', 'MEDIUM')","[13, 15]",83.451515
"('MEDIUM', 'MEDIUM', 'MEDIUM')","[13, 16]",83.48651
"('MEDIUM', 'MEDIUM', 'MEDIUM')","[13, 17]",83.521515
"('MEDIUM', 'MEDIUM', 'MEDIUM')","[13, 18]",83.55651
"('MEDIUM', 'MEDIUM', 'MEDIUM')","[13, 19]",83.59151
"('MEDIUM', 'MEDIUM', 'MEDIUM')","[13, 20]",83.62651
"('MEDIUM', 'MEDIUM', 'MEDIUM')","[13, 21]",83.661514
"('MEDIUM', 'MEDIUM', 'MEDIUM')","[13, 22]",83.69651
"('MEDIUM', 'MEDIUM', 'MEDIUM')","[13, 23]",83.73151
"('MEDIUM', 'MEDIUM', 'MEDIUM')","[13, 24]",83.76651
"('MEDIUM', 'MEDIUM', 'MEDIUM')","[13, 25]",83.80151
"('MEDIUM', 'MEDIUM', 'MEDIUM')","[13, 26]",83.83651
"('MEDIUM', 'MEDIUM', 'MEDIUM')","[13, 27]",83.871506
"('MEDIUM', 'MEDIUM', 'MEDIUM')","[13, 28]",83.90651
"('MEDIUM', 'MEDIUM', 'MEDIUM')","[13, 29]",83.94151
"('MEDIUM', 'MEDIUM', 'MEDIUM')","[13, 30]",83.97651
"('MEDIUM', 'MEDIUM', 'MEDIUM')","[13, 31]",84.011505
"('MEDIUM', 'MEDIUM', 'MEDIUM')","[13, 32]",84.04651
"('MEDIUM', 'MEDIUM', 'MEDIUM')","[13, 33]",84.08151
"('MEDIUM', 'MEDIUM', 'MEDIUM')","[13, 34]",84.11651
"('MEDIUM', 'MEDIUM', 'MEDIUM')","[13, 35]",84.151505
"('MEDIUM', 'MEDIUM', 'MEDIUM')","[13, 36]",84.186516
"('MEDIUM', 'MEDIUM', 'MEDIUM')","[13, 37]",84.22151
"('MEDIUM', 'MEDIUM', 'MEDIUM')","[13, 38]",84.256516
"('MEDIUM', 'MEDIUM', 'MEDIUM')","[13, 39]",84.29152
"('MEDIUM', 'MEDIUM', 'MEDIUM')","[13, 40]",84.326515
"('MEDIUM', 'MEDIUM', 'MEDIUM')","[13, 41]",84.36151
"('MEDIUM', 'MEDIUM', 'MEDIUM')","[13, 42]",84.396515
"('MEDIUM', 'MEDIUM', 'MEDIUM')","[13, 43]",84.43152
"('MEDIUM', 'MEDIUM', 'MEDIUM')","[13, 44]",84.466515
"('MEDIUM', 'MEDIUM', 'MEDIUM')","[13, 45]",84.50151
"('MEDIUM', 'MEDIUM', 'MEDIUM')","[13, 46]",84.536514
"('MEDIUM', 'MEDIUM', 'MEDIUM')","[14, 15]",83.48651
"('MEDIUM', 'MEDIUM', 'MEDIUM')","[14, 16]",83.521515
"('MEDIUM', 'MEDIUM', 'MEDIUM')","[14, 17]",83.55651
"('MEDIUM', 'MEDIUM', 'MEDIUM')","[14, 18]",83.591515
"('MEDIUM', 'MEDIUM', 'MEDIUM')","[14, 19]",83.62651
"('MEDIUM', 'MEDIUM', 'MEDIUM')","[14, 20]",83.661514
"('MEDIUM', 'MEDIUM', 'MEDIUM')","[14, 21]",83.69651
"('MEDIUM', 'MEDIUM', 'MEDIUM')","[14, 22]",83.73151
"('MEDIUM', 'MEDIUM', 'MEDIUM')","[14, 23]",83.76651
"('MEDIUM', 'MEDIUM', 'MEDIUM')","[14, 24]",83.80151
"('MEDIUM', 'MEDIUM', 'MEDIUM')","[14, 25]",83.83651
"('MEDIUM', 'MEDIUM', 'MEDIUM')","[14, 26]",83.87151
"('MEDIUM', 'MEDIUM', 'MEDIUM')","[14, 27]",83.90651
"('MEDIUM', 'MEDIUM', 'MEDIUM')","[14, 28]",83.94151
"('MEDIUM', 'MEDIUM', 'MEDIUM')","[14, 29]",83.97651
"('MEDIUM', 'MEDIUM', 'MEDIUM')","[14, 30]",84.011505
"('MEDIUM', 'MEDIUM', 'MEDIUM')","[14, 31]",84.04651
"('MEDIUM', 'MEDIUM', 'MEDIUM')","[14, 32]",84.08151
"('MEDIUM', 'MEDIUM', 'MEDIUM')","[14, 33]",84.11651
"('MEDIUM', 'MEDIUM', 'MEDIUM')","[14, 34]",84.15151
"('MEDIUM', 'MEDIUM', 'MEDIUM')","[14, 35]",84.18651
"('MEDIUM', 'MEDIUM', 'MEDIUM')","[14, 36]",84.22151
"('MEDIUM', 'MEDIUM', 'MEDIUM')","[14, 37]",84.25651
"('MEDIUM', 'MEDIUM', 'MEDIUM')","[14, 38]",84.29152
"('MEDIUM', 'MEDIUM', 'MEDIUM')","[14, 39]",84.32651
"('MEDIUM', 'MEDIUM', 'MEDIUM')","[14, 40]",84.36151
"('MEDIUM', 'MEDIUM', 'MEDIUM')","[14, 41]",84.396515
"('MEDIUM', 'MEDIUM', 'MEDIUM')","[14, 42]",84.4315
"('MEDIUM', 'MEDIUM', 'MEDIUM')","[14, 43]",84.46651
"('MEDIUM', 'MEDIUM', 'MEDIUM')","[14, 44]",84.50151
"('MEDIUM', 'MEDIUM', 'MEDIUM')","[14, 45]",84.53651
"('MEDIUM', 'MEDIUM', 'MEDIUM')","[14, 46]",84.57152
"('MEDIUM', 'MEDIUM', 'MEDIUM')","[15, 16]",83.5565
"('MEDIUM', 'MEDIUM', 'MEDIUM')","[15, 17]",83.591515
"('MEDIUM', 'MEDIUM', 'MEDIUM')","[15, 18]",83.62651
"('MEDIUM', 'MEDIUM', 'MEDIUM')","[15, 19]",83.661514
"('MEDIUM', 'MEDIUM', 'MEDIUM')","[15, 20]",83.69652
"('MEDIUM', 'MEDIUM', 'MEDIUM')","[15, 21]",83.731514
"('MEDIUM', 'MEDIUM', 'MEDIUM')","[15, 22]",83.76651
"('MEDIUM', 'MEDIUM', 'MEDIUM')","[15, 23]",83.80151
"('MEDIUM', 'MEDIUM', 'MEDIUM')","[15, 24]",83.83652
"('MEDIUM', 'MEDIUM', 'MEDIUM')","[15, 25]",83.87151
"('MEDIUM', 'MEDIUM', 'MEDIUM')","[15, 26]",83.90651
"('MEDIUM', 'MEDIUM', 'MEDIUM')","[15, 27]",83.94151
"('MEDIUM', 'MEDIUM', 'MEDIUM')","[15, 28]",83.97652
"('MEDIUM', 'MEDIUM', 'MEDIUM')","[15, 29]",84.01151
"('MEDIUM', 'MEDIUM', 'MEDIUM')","[15, 30]",84.04651
"('MEDIUM', 'MEDIUM', 'MEDIUM')","[15, 31]",84.08151
"('MEDIUM', 'MEDIUM', 'MEDIUM')","[15, 32]",84.116516
"('MEDIUM', 'MEDIUM', 'MEDIUM')","[15, 33]",84.15151
"('MEDIUM', 'MEDIUM', 'MEDIUM')","[15, 34]",84.18651
"('MEDIUM', 'MEDIUM', 'MEDIUM')","[15, 35]",84.22151
"('MEDIUM', 'MEDIUM', 'MEDIUM')","[15, 36]",84.256516
"('MEDIUM', 'MEDIUM', 'MEDIUM')","[15, 37]",84.29151
"('MEDIUM', 'MEDIUM', 'MEDIUM')","[15, 38]",84.32651
"('MEDIUM', 'MEDIUM', 'MEDIUM')","[15, 39]",84.36151
"('MEDIUM', 'MEDIUM', 'MEDIUM')","[15, 40]",84.396515
"('MEDIUM', 'MEDIUM', 'MEDIUM')","[15, 41]",84.43151
"('MEDIUM', 'MEDIUM', 'MEDIUM')","[15, 42]",84.46651
"('MEDIUM', 'MEDIUM', 'MEDIUM')","[15, 43]",84.50151
"('MEDIUM', 'MEDIUM', 'MEDIUM')","[15, 44]",84.536514
"('MEDIUM', 'MEDIUM', 'MEDIUM')","[15, 45]",84.57151
"('MEDIUM', 'MEDIUM', 'MEDIUM')","[15, 46]",84.60651
"('MEDIUM', 'MEDIUM', 'MEDIUM')","[16, 17]",83.62651
"('MEDIUM', 'MEDIUM', 'MEDIUM')","[16, 18]",83.66151
"('MEDIUM', 'MEDIUM', 'MEDIUM')","[16, 19]",83.6965
"('MEDIUM', 'MEDIUM', 'MEDIUM')","[16, 20]",83.73151
"('MEDIUM', 'MEDIUM', 'MEDIUM')","[16, 21]",83.76651
"('MEDIUM', 'MEDIUM', 'MEDIUM')","[16, 22]",83.80151
"('MEDIUM', 'MEDIUM', 'MEDIUM')","[16, 23]",83.83652
"('MEDIUM', 'MEDIUM', 'MEDIUM')","[16, 24]",83.871506
"('MEDIUM', 'MEDIUM', 'MEDIUM')","[16, 25]",83.90651
"('MEDIUM', 'MEDIUM', 'MEDIUM')","[16, 26]",83.941505
"('MEDIUM', 'MEDIUM', 'MEDIUM')","[16, 27]",83.9765
"('MEDIUM', 'MEDIUM', 'MEDIUM')","[16, 28]",84.011505
"('MEDIUM', 'MEDIUM', 'MEDIUM')","[16, 29]",84.04651
"('MEDIUM', 'MEDIUM', 'MEDIUM')","[16, 30]",84.08151
"('MEDIUM', 'MEDIUM', 'MEDIUM')","[16, 31]",84.116516
"('MEDIUM', 'MEDIUM', 'MEDIUM')","[16, 32]",84.151505
"('MEDIUM', 'MEDIUM', 'MEDIUM')","[16, 33]",84.18651
"('MEDIUM', 'MEDIUM', 'MEDIUM')","[16, 34]",84.221504
"('MEDIUM', 'MEDIUM', 'MEDIUM')","[16, 35]",84.2565
"('MEDIUM', 'MEDIUM', 'MEDIUM')","[16, 36]",84.29151
"('MEDIUM', 'MEDIUM', 'MEDIUM')","[16, 37]",84.326515
"('MEDIUM', 'MEDIUM', 'MEDIUM')","[16, 38]",84.36151
"('MEDIUM', 'MEDIUM', 'MEDIUM')","[16, 39]",84.396515
"('MEDIUM', 'MEDIUM', 'MEDIUM')","[16, 40]",84.43151
"('MEDIUM', 'MEDIUM', 'MEDIUM')","[16, 41]",84.46651
"('MEDIUM', 'MEDIUM', 'MEDIUM')","[16, 42]",84.50151
"('MEDIUM', 'MEDIUM', 'MEDIUM')","[16, 43]",84.536514
"('MEDIUM', 'MEDIUM', 'MEDIUM')","[16, 44]",84.57151
"('MEDIUM', 'MEDIUM', 'MEDIUM')","[16, 45]",84.606514
"('MEDIUM', 'MEDIUM', 'MEDIUM')","[16, 46]",84.64151
"('MEDIUM', 'MEDIUM', 'MEDIUM')","[17, 18]",83.69651
"('MEDIUM', 'MEDIUM', 'MEDIUM')","[17, 19]",83.73151
"('MEDIUM', 'MEDIUM', 'MEDIUM')","[17, 20]",83.76651
"('MEDIUM', 'MEDIUM', 'MEDIUM')","[17, 21]",83.80151
"('MEDIUM', 'MEDIUM', 'MEDIUM')","[17, 22]",83.83652
"('MEDIUM', 'MEDIUM', 'MEDIUM')","[17, 23]",83.87152
"('MEDIUM', 'MEDIUM', 'MEDIUM')","[17, 24]",83.90651
"('MEDIUM', 'MEDIUM', 'MEDIUM')","[17, 25]",83.94151
"('MEDIUM', 'MEDIUM', 'MEDIUM')","[17, 26]",83.97651
"('MEDIUM', 'MEDIUM', 'MEDIUM')","[17, 27]",84.011505
"('MEDIUM', 'MEDIUM', 'MEDIUM')","[17, 28]",84.04651
"('MEDIUM', 'MEDIUM', 'MEDIUM')","[17, 29]",84.08151
"('MEDIUM', 'MEDIUM', 'MEDIUM')","[17, 30]",84.116516
"('MEDIUM', 'MEDIUM', 'MEDIUM')","[17, 31]",84.15152
"('MEDIUM', 'MEDIUM', 'MEDIUM')","[17, 32]",84.18651
"('MEDIUM', 'MEDIUM', 'MEDIUM')","[17, 33]",84.22151
"('MEDIUM', 'MEDIUM', 'MEDIUM')","[17, 34]",84.25651
"('MEDIUM', 'MEDIUM', 'MEDIUM')","[17, 35]",84.291504
"('MEDIUM', 'MEDIUM', 'MEDIUM')","[17, 36]",84.326515
"('MEDIUM', 'MEDIUM', 'MEDIUM')","[17, 37]",84.36152
"('MEDIUM', 'MEDIUM', 'MEDIUM')","[17, 38]",84.396515
"('MEDIUM', 'MEDIUM', 'MEDIUM')","[17, 39]",84.43152
"('MEDIUM', 'MEDIUM', 'MEDIUM')","[17, 40]",84.466515
"('MEDIUM', 'MEDIUM', 'MEDIUM')","[17, 41]",84.50151
"('MEDIUM', 'MEDIUM', 'MEDIUM')","[17, 42]",84.536514
"('MEDIUM', 'MEDIUM', 'MEDIUM')","[17, 43]",84.57152
"('MEDIUM', 'MEDIUM', 'MEDIUM')","[17, 44]",84.606514
"('MEDIUM', 'MEDIUM', 'MEDIUM')","[17, 45]",84.64152
"('MEDIUM', 'MEDIUM', 'MEDIUM')","[17, 46]",84.67651
"('MEDIUM', 'MEDIUM', 'MEDIUM')","[18, 19]",83.76651
"('MEDIUM', 'MEDIUM', 'MEDIUM')","[18, 20]",83.80151
"('MEDIUM', 'MEDIUM', 'MEDIUM')","[18, 21]",83.83652
"('MEDIUM', 'MEDIUM', 'MEDIUM')","[18, 22]",83.87151
"('MEDIUM', 'MEDIUM', 'MEDIUM')","[18, 23]",83.90651
"('MEDIUM', 'MEDIUM', 'MEDIUM')","[18, 24]",83.94151
"('MEDIUM', 'MEDIUM', 'MEDIUM')","[18, 25]",83.97651
"('MEDIUM', 'MEDIUM', 'MEDIUM')","[18, 26]",84.01151
"('MEDIUM', 'MEDIUM', 'MEDIUM')","[18, 27]",84.04651
"('MEDIUM', 'MEDIUM', 'MEDIUM')","[18, 28]",84.08151
"('MEDIUM', 'MEDIUM', 'MEDIUM')","[18, 29]",84.116516
"('MEDIUM', 'MEDIUM', 'MEDIUM')","[18, 30]",84.15151
"('MEDIUM', 'MEDIUM', 'MEDIUM')","[18, 31]",84.18651
"('MEDIUM', 'MEDIUM', 'MEDIUM')","[18, 32]",84.22151
"('MEDIUM', 'MEDIUM', 'MEDIUM')","[18, 33]",84.25651
"('MEDIUM', 'MEDIUM', 'MEDIUM')","[18, 34]",84.29151
"('MEDIUM', 'MEDIUM', 'MEDIUM')","[18, 35]",84.32651
"('MEDIUM', 'MEDIUM', 'MEDIUM')","[18, 36]",84.36151
"('MEDIUM', 'MEDIUM', 'MEDIUM')","[18, 37]",84.396515
"('MEDIUM', 'MEDIUM', 'MEDIUM')","[18, 38]",84.43152
"('MEDIUM', 'MEDIUM', 'MEDIUM')","[18, 39]",84.46652
"('MEDIUM', 'MEDIUM', 'MEDIUM')","[18, 40]",84.50152
"('MEDIUM', 'MEDIUM', 'MEDIUM')","[18, 41]",84.536514
"('MEDIUM', 'MEDIUM', 'MEDIUM')","[18, 42]",84.57152
"('MEDIUM', 'MEDIUM', 'MEDIUM')","[18, 43]",84.60651
"('MEDIUM', 'MEDIUM', 'MEDIUM')","[18, 44]",84.64151
"('MEDIUM', 'MEDIUM', 'MEDIUM')","[18, 45]",84.67651
"('MEDIUM', 'MEDIUM', 'MEDIUM')","[18, 46]",84.71152
"('MEDIUM', 'MEDIUM', 'MEDIUM')","[19, 20]",83.83652
"('MEDIUM', 'MEDIUM', 'MEDIUM')","[19, 21]",83.87151
"('MEDIUM', 'MEDIUM', 'MEDIUM')","[19, 22]",83.90651
"('MEDIUM', 'MEDIUM', 'MEDIUM')","[19, 23]",83.94151
"('MEDIUM', 'MEDIUM', 'MEDIUM')","[19, 24]",83.97652
"('MEDIUM', 'MEDIUM', 'MEDIUM')","[19, 25]",84.01151
"('MEDIUM', 'MEDIUM', 'MEDIUM')","[19, 26]",84.04652
"('MEDIUM', 'MEDIUM', 'MEDIUM')","[19, 27]",84.08151
"('MEDIUM', 'MEDIUM', 'MEDIUM')","[19, 28]",84.116516
"('MEDIUM', 'MEDIUM', 'MEDIUM')","[19, 29]",84.15151
"('MEDIUM', 'MEDIUM', 'MEDIUM')","[19, 30]",84.18651
"('MEDIUM', 'MEDIUM', 'MEDIUM')","[19, 31]",84.22151
"('MEDIUM', 'MEDIUM', 'MEDIUM')","[19, 32]",84.256516
"('MEDIUM', 'MEDIUM', 'MEDIUM')","[19, 33]",84.29151
"('MEDIUM', 'MEDIUM', 'MEDIUM')","[19, 34]",84.326515
"('MEDIUM', 'MEDIUM', 'MEDIUM')","[19, 35]",84.36151
"('MEDIUM', 'MEDIUM', 'MEDIUM')","[19, 36]",84.396515
"('MEDIUM', 'MEDIUM', 'MEDIUM')","[19, 37]",84.43151
"('MEDIUM', 'MEDIUM', 'MEDIUM')","[19, 38]",84.46652
"('MEDIUM', 'MEDIUM', 'MEDIUM')","[19, 39]",84.50151
"('MEDIUM', 'MEDIUM', 'MEDIUM')","[19, 40]",84.536514
"('MEDIUM', 'MEDIUM', 'MEDIUM')","[19, 41]",84.57152
"('MEDIUM', 'MEDIUM', 'MEDIUM')","[19, 42]",84.60651
"('MEDIUM', 'MEDIUM', 'MEDIUM')","[19, 43]",84.64151
"('MEDIUM', 'MEDIUM', 'MEDIUM')","[19, 44]",84.67651
"('MEDIUM', 'MEDIUM', 'MEDIUM')","[19, 45]",84.71151
"('MEDIUM', 'MEDIUM', 'MEDIUM')","[19, 46]",84.74652
"('MEDIUM', 'MEDIUM', 'MEDIUM')","[20, 21]",83.90651
"('MEDIUM', 'MEDIUM', 'MEDIUM')","[20, 22]",83.94151
"('MEDIUM', 'MEDIUM', 'MEDIUM')","[20, 23]",83.97652
"('MEDIUM', 'MEDIUM', 'MEDIUM')","[20, 24]",84.011505
"('MEDIUM', 'MEDIUM', 'MEDIUM')","[20, 25]",84.04652
"('MEDIUM', 'MEDIUM', 'MEDIUM')","[20, 26]",84.08151
"('MEDIUM', 'MEDIUM', 'MEDIUM')","[20, 27]",84.116516
"('MEDIUM', 'MEDIUM', 'MEDIUM')","[20, 28]",84.15152
"('MEDIUM', 'MEDIUM', 'MEDIUM')","[20, 29]",84.18651
"('MEDIUM', 'MEDIUM', 'MEDIUM')","[20, 30]",84.22151
"('MEDIUM', 'MEDIUM', 'MEDIUM')","[20, 31]",84.256516
"('MEDIUM', 'MEDIUM', 'MEDIUM')","[20, 32]",84.291504
"('MEDIUM', 'MEDIUM', 'MEDIUM')","[20, 33]",84.326515
"('MEDIUM', 'MEDIUM', 'MEDIUM')","[20, 34]",84.36151
"('MEDIUM', 'MEDIUM', 'MEDIUM')","[20, 35]",84.396515
"('MEDIUM', 'MEDIUM', 'MEDIUM')","[20, 36]",84.43152
"('MEDIUM', 'MEDIUM', 'MEDIUM')","[20, 37]",84.466515
"('MEDIUM', 'MEDIUM', 'MEDIUM')","[20, 38]",84.50151
"('MEDIUM', 'MEDIUM', 'MEDIUM')","[20, 39]",84.536514
"('MEDIUM', 'MEDIUM', 'MEDIUM')","[20, 40]",84.57151
"('MEDIUM', 'MEDIUM', 'MEDIUM')","[20, 41]",84.606514
"('MEDIUM', 'MEDIUM', 'MEDIUM')","[20, 42]",84.64151
"('MEDIUM', 'MEDIUM', 'MEDIUM')","[20, 43]",84.67651
"('MEDIUM', 'MEDIUM', 'MEDIUM')","[20, 44]",84.71152
"('MEDIUM', 'MEDIUM', 'MEDIUM')","[20, 45]",84.74651
"('MEDIUM', 'MEDIUM', 'MEDIUM')","[20, 46]",84.78151
"('MEDIUM', 'MEDIUM', 'MEDIUM')","[21, 22]",83.97652
"('MEDIUM', 'MEDIUM', 'MEDIUM')","[21, 23]",84.01152
"('MEDIUM', 'MEDIUM', 'MEDIUM')","[21, 24]",84.04651
"('MEDIUM', 'MEDIUM', 'MEDIUM')","[21, 25]",84.08151
"('MEDIUM', 'MEDIUM', 'MEDIUM')","[21, 26]",84.11651
"('MEDIUM', 'MEDIUM', 'MEDIUM')","[21, 27]",84.151505
"('MEDIUM', 'MEDIUM', 'MEDIUM')","[21, 28]",84.18651
"('MEDIUM', 'MEDIUM', 'MEDIUM')","[21, 29]",84.22151
"('MEDIUM', 'MEDIUM', 'MEDIUM')","[21, 30]",84.256516
"('MEDIUM', 'MEDIUM', 'MEDIUM')","[21, 31]",84.29152
"('MEDIUM', 'MEDIUM', 'MEDIUM')","[21, 32]",84.32651
"('MEDIUM', 'MEDIUM', 'MEDIUM')","[21, 33]",84.36151
"('MEDIUM', 'MEDIUM', 'MEDIUM')","[21, 34]",84.39651
"('MEDIUM', 'MEDIUM', 'MEDIUM')","[21, 35]",84.4315
"('MEDIUM', 'MEDIUM', 'MEDIUM')","[21, 36]",84.466515
"('MEDIUM', 'MEDIUM', 'MEDIUM')","[21, 37]",84.50152
"('MEDIUM', 'MEDIUM', 'MEDIUM')","[21, 38]",84.536514
"('MEDIUM', 'MEDIUM', 'MEDIUM')","[21, 39]",84.57152
"('MEDIUM', 'MEDIUM', 'MEDIUM')","[21, 40]",84.606514
"('MEDIUM', 'MEDIUM', 'MEDIUM')","[21, 41]",84.64151
"('MEDIUM', 'MEDIUM', 'MEDIUM')","[21, 42]",84.67651
"('MEDIUM', 'MEDIUM', 'MEDIUM')","[21, 43]",84.71152
"('MEDIUM', 'MEDIUM', 'MEDIUM')","[21, 44]",84.74651
"('MEDIUM', 'MEDIUM', 'MEDIUM')","[21, 45]",84.78152
"('MEDIUM', 'MEDIUM', 'MEDIUM')","[21, 46]",84.81651
"('MEDIUM', 'MEDIUM', 'MEDIUM')","[22, 23]",84.04651
"('MEDIUM', 'MEDIUM', 'MEDIUM')","[22, 24]",84.08151
"('MEDIUM', 'MEDIUM', 'MEDIUM')","[22, 25]",84.11651
"('MEDIUM', 'MEDIUM', 'MEDIUM')","[22, 26]",84.15151
"('MEDIUM', 'MEDIUM', 'MEDIUM')","[22, 27]",84.18651
"('MEDIUM', 'MEDIUM', 'MEDIUM')","[22, 28]",84.22151
"('MEDIUM', 'MEDIUM', 'MEDIUM')","[22, 29]",84.256516
"('MEDIUM', 'MEDIUM', 'MEDIUM')","[22, 30]",84.29151
"('MEDIUM', 'MEDIUM', 'MEDIUM')","[22, 31]",84.32651
"('MEDIUM', 'MEDIUM', 'MEDIUM')","[22, 32]",84.36151
"('MEDIUM', 'MEDIUM', 'MEDIUM')","[22, 33]",84.39651
"('MEDIUM', 'MEDIUM', 'MEDIUM')","[22, 34]",84.43151
"('MEDIUM', 'MEDIUM', 'MEDIUM')","[22, 35]",84.46651
"('MEDIUM', 'MEDIUM', 'MEDIUM')","[22, 36]",84.50151
"('MEDIUM', 'MEDIUM', 'MEDIUM')","[22, 37]",84.536514
"('MEDIUM', 'MEDIUM', 'MEDIUM')","[22, 38]",84.57152
"('MEDIUM', 'MEDIUM', 'MEDIUM')","[22, 39]",84.60652
"('MEDIUM', 'MEDIUM', 'MEDIUM')","[22, 40]",84.64152
"('MEDIUM', 'MEDIUM', 'MEDIUM')","[22, 41]",84.67651
"('MEDIUM', 'MEDIUM', 'MEDIUM')","[22, 42]",84.71152
"('MEDIUM', 'MEDIUM', 'MEDIUM')","[22, 43]",84.746506
"('MEDIUM', 'MEDIUM', 'MEDIUM')","[22, 44]",84.78151
"('MEDIUM', 'MEDIUM', 'MEDIUM')","[22, 45]",84.81651
"('MEDIUM', 'MEDIUM', 'MEDIUM')","[22, 46]",84.85152
"('MEDIUM', 'MEDIUM', 'MEDIUM')","[23, 24]",84.116516
"('MEDIUM', 'MEDIUM', 'MEDIUM')","[23, 25]",84.15151
"('MEDIUM', 'MEDIUM', 'MEDIUM')","[23, 26]",84.186516
"('MEDIUM', 'MEDIUM', 'MEDIUM')","[23, 27]",84.22151
"('MEDIUM', 'MEDIUM', 'MEDIUM')","[23, 28]",84.256516
"('MEDIUM', 'MEDIUM', 'MEDIUM')","[23, 29]",84.29151
"('MEDIUM', 'MEDIUM', 'MEDIUM')","[23, 30]",84.32651
"('MEDIUM', 'MEDIUM', 'MEDIUM')","[23, 31]",84.36151
"('MEDIUM', 'MEDIUM', 'MEDIUM')","[23, 32]",84.396515
"('MEDIUM', 'MEDIUM', 'MEDIUM')","[23, 33]",84.43151
"('MEDIUM', 'MEDIUM', 'MEDIUM')","[23, 34]",84.466515
"('MEDIUM', 'MEDIUM', 'MEDIUM')","[23, 35]",84.50151
"('MEDIUM', 'MEDIUM', 'MEDIUM')","[23, 36]",84.536514
"('MEDIUM', 'MEDIUM', 'MEDIUM')","[23, 37]",84.57151
"('MEDIUM', 'MEDIUM', 'MEDIUM')","[23, 38]",84.60652
"('MEDIUM', 'MEDIUM', 'MEDIUM')","[23, 39]",84.64151
"('MEDIUM', 'MEDIUM', 'MEDIUM')","[23, 40]",84.67651
"('MEDIUM', 'MEDIUM', 'MEDIUM')","[23, 41]",84.71152
"('MEDIUM', 'MEDIUM', 'MEDIUM')","[23, 42]",84.746506
"('MEDIUM', 'MEDIUM', 'MEDIUM')","[23, 43]",84.78151
"('MEDIUM', 'MEDIUM', 'MEDIUM')","[23, 44]",84.81651
"('MEDIUM', 'MEDIUM', 'MEDIUM')","[23, 45]",84.85151
"('MEDIUM', 'MEDIUM', 'MEDIUM')","[23, 46]",84.88652
"('MEDIUM', 'MEDIUM', 'MEDIUM')","[24, 25]",84.186516
"('MEDIUM', 'MEDIUM', 'MEDIUM')","[24, 26]",84.22151
"('MEDIUM', 'MEDIUM', 'MEDIUM')","[24, 27]",84.256516
"('MEDIUM', 'MEDIUM', 'MEDIUM')","[24, 28]",84.29152
"('MEDIUM', 'MEDIUM', 'MEDIUM')","[24, 29]",84.32651
"('MEDIUM', 'MEDIUM', 'MEDIUM')","[24, 30]",84.36151
"('MEDIUM', 'MEDIUM', 'MEDIUM')","[24, 31]",84.396515
"('MEDIUM', 'MEDIUM', 'MEDIUM')","[24, 32]",84.4315
"('MEDIUM', 'MEDIUM', 'MEDIUM')","[24, 33]",84.466515
"('MEDIUM', 'MEDIUM', 'MEDIUM')","[24, 34]",84.50151
"('MEDIUM', 'MEDIUM', 'MEDIUM')","[24, 35]",84.536514
"('MEDIUM', 'MEDIUM', 'MEDIUM')","[24, 36]",84.57152
"('MEDIUM', 'MEDIUM', 'MEDIUM')","[24, 37]",84.606514
"('MEDIUM', 'MEDIUM', 'MEDIUM')","[24, 38]",84.64151
"('MEDIUM', 'MEDIUM', 'MEDIUM')","[24, 39]",84.67651
"('MEDIUM', 'MEDIUM', 'MEDIUM')","[24, 40]",84.71151
"('MEDIUM', 'MEDIUM', 'MEDIUM')","[24, 41]",84.74651
"('MEDIUM', 'MEDIUM', 'MEDIUM')","[24, 42]",84.78151
"('MEDIUM', 'MEDIUM', 'MEDIUM')","[24, 43]",84.81651
"('MEDIUM', 'MEDIUM', 'MEDIUM')","[24, 44]",84.85152
"('MEDIUM', 'MEDIUM', 'MEDIUM')","[24, 45]",84.88651
"('MEDIUM', 'MEDIUM', 'MEDIUM')","[24, 46]",84.92151
"('MEDIUM', 'MEDIUM', 'MEDIUM')","[25, 26]",84.25651
"('MEDIUM', 'MEDIUM', 'MEDIUM')","[25, 27]",84.291504
"('MEDIUM', 'MEDIUM', 'MEDIUM')","[25, 28]",84.32651
"('MEDIUM', 'MEDIUM', 'MEDIUM')","[25, 29]",84.36151
"('MEDIUM', 'MEDIUM', 'MEDIUM')","[25, 30]",84.396515
"('MEDIUM', 'MEDIUM', 'MEDIUM')","[25, 31]",84.43152
"('MEDIUM', 'MEDIUM', 'MEDIUM')","[25, 32]",84.46651
"('MEDIUM', 'MEDIUM', 'MEDIUM')","[25, 33]",84.50151
"('MEDIUM', 'MEDIUM', 'MEDIUM')","[25, 34]",84.53651
"('MEDIUM', 'MEDIUM', 'MEDIUM')","[25, 35]",84.5715
"('MEDIUM', 'MEDIUM', 'MEDIUM')","[25, 36]",84.606514
"('MEDIUM', 'MEDIUM', 'MEDIUM')","[25, 37]",84.64152
"('MEDIUM', 'MEDIUM', 'MEDIUM')","[25, 38]",84.67651
"('MEDIUM', 'MEDIUM', 'MEDIUM')","[25, 39]",84.71152
"('MEDIUM', 'MEDIUM', 'MEDIUM')","[25, 40]",84.74651
"('MEDIUM', 'MEDIUM', 'MEDIUM')","[25, 41]",84.78151
"('MEDIUM', 'MEDIUM', 'MEDIUM')","[25, 42]",84.81651
"('MEDIUM', 'MEDIUM', 'MEDIUM')","[25, 43]",84.85152
"('MEDIUM', 'MEDIUM', 'MEDIUM')","[25, 44]",84.88651
"('MEDIUM', 'MEDIUM', 'MEDIUM')","[25, 45]",84.92152
"('MEDIUM', 'MEDIUM', 'MEDIUM')","[25, 46]",84.95651
"('MEDIUM', 'MEDIUM', 'MEDIUM')","[26, 27]",84.32651
"('MEDIUM', 'MEDIUM', 'MEDIUM')","[26, 28]",84.36151
"('MEDIUM', 'MEDIUM', 'MEDIUM')","[26, 29]",84.396515
"('MEDIUM', 'MEDIUM', 'MEDIUM')","[26, 30]",84.43151
"('MEDIUM', 'MEDIUM', 'MEDIUM')","[26, 31]",84.46651
"('MEDIUM', 'MEDIUM', 'MEDIUM')","[26, 32]",84.50151
"('MEDIUM', 'MEDIUM', 'MEDIUM')","[26, 33]",84.53651
"('MEDIUM', 'MEDIUM', 'MEDIUM')","[26, 34]",84.57151
"('MEDIUM', 'MEDIUM', 'MEDIUM')","[26, 35]",84.60651
"('MEDIUM', 'MEDIUM', 'MEDIUM')","[26, 36]",84.64151
"('MEDIUM', 'MEDIUM', 'MEDIUM')","[26, 37]",84.67651
"('MEDIUM', 'MEDIUM', 'MEDIUM')","[26, 38]",84.71152
"('MEDIUM', 'MEDIUM', 'MEDIUM')","[26, 39]",84.74652
"('MEDIUM', 'MEDIUM', 'MEDIUM')","[26, 40]",84.78152
"('MEDIUM', 'MEDIUM', 'MEDIUM')","[26, 41]",84.81651
"('MEDIUM', 'MEDIUM', 'MEDIUM')","[26, 42]",84.85152
"('MEDIUM', 'MEDIUM', 'MEDIUM')","[26, 43]",84.886505
"('MEDIUM', 'MEDIUM', 'MEDIUM')","[26, 44]",84.92151
"('MEDIUM', 'MEDIUM', 'MEDIUM')","[26, 45]",84.95651
"('MEDIUM', 'MEDIUM', 'MEDIUM')","[26, 46]",84.991516
"('MEDIUM', 'MEDIUM', 'MEDIUM')","[27, 28]",84.396515
"('MEDIUM', 'MEDIUM', 'MEDIUM')","[27, 29]",84.43151
"('MEDIUM', 'MEDIUM', 'MEDIUM')","[27, 30]",84.46651
"('MEDIUM', 'MEDIUM', 'MEDIUM')","[27, 31]",84.50151
"('MEDIUM', 'MEDIUM', 'MEDIUM')","[27, 32]",84.536514
"('MEDIUM', 'MEDIUM', 'MEDIUM')","[27, 33]",84.57151
"('MEDIUM', 'MEDIUM', 'MEDIUM')","[27, 34]",84.606514
"('MEDIUM', 'MEDIUM', 'MEDIUM')","[27, 35]",84.64151
"('MEDIUM', 'MEDIUM', 'MEDIUM')","[27, 36]",84.67651
"('MEDIUM', 'MEDIUM', 'MEDIUM')","[27, 37]",84.71151
"('MEDIUM', 'MEDIUM', 'MEDIUM')","[27, 38]",84.74652
"('MEDIUM', 'MEDIUM', 'MEDIUM')","[27, 39]",84.78151
"('MEDIUM', 'MEDIUM', 'MEDIUM')","[27, 40]",84.81651
"('MEDIUM', 'MEDIUM', 'MEDIUM')","[27, 41]",84.85152
"('MEDIUM', 'MEDIUM', 'MEDIUM')","[27, 42]",84.886505
"('MEDIUM', 'MEDIUM', 'MEDIUM')","[27, 43]",84.92151
"('MEDIUM', 'MEDIUM', 'MEDIUM')","[27, 44]",84.95651
"('MEDIUM', 'MEDIUM', 'MEDIUM')","[27, 45]",84.99151
"('MEDIUM', 'MEDIUM', 'MEDIUM')","[27, 46]",85.02652
"('MEDIUM', 'MEDIUM', 'MEDIUM')","[28, 29]",84.46651
"('MEDIUM', 'MEDIUM', 'MEDIUM')","[28, 30]",84.50151
"('MEDIUM', 'MEDIUM', 'MEDIUM')","[28, 31]",84.536514
"('MEDIUM', 'MEDIUM', 'MEDIUM')","[28, 32]",84.5715
"('MEDIUM', 'MEDIUM', 'MEDIUM')","[28, 33]",84.606514
"('MEDIUM', 'MEDIUM', 'MEDIUM')","[28, 34]",84.64151
"('MEDIUM', 'MEDIUM', 'MEDIUM')","[28, 35]",84.67651
"('MEDIUM', 'MEDIUM', 'MEDIUM')","[28, 36]",84.71152
"('MEDIUM', 'MEDIUM', 'MEDIUM')","[28, 37]",84.74651
"('MEDIUM', 'MEDIUM', 'MEDIUM')","[28, 38]",84.78151
"('MEDIUM', 'MEDIUM', 'MEDIUM')","[28, 39]",84.81651
"('MEDIUM', 'MEDIUM', 'MEDIUM')","[28, 40]",84.85151
"('MEDIUM', 'MEDIUM', 'MEDIUM')","[28, 41]",84.88651
"('MEDIUM', 'MEDIUM', 'MEDIUM')","[28, 42]",84.92151
"('MEDIUM', 'MEDIUM', 'MEDIUM')","[28, 43]",84.95651
"('MEDIUM', 'MEDIUM', 'MEDIUM')","[28, 44]",84.991516
"('MEDIUM', 'MEDIUM', 'MEDIUM')","[28, 45]",85.02651
"('MEDIUM', 'MEDIUM', 'MEDIUM')","[28, 46]",85.06151
"('MEDIUM', 'MEDIUM', 'MEDIUM')","[29, 30]",84.536514
"('MEDIUM', 'MEDIUM', 'MEDIUM')","[29, 31]",84.57152
"('MEDIUM', 'MEDIUM', 'MEDIUM')","[29, 32]",84.60651
"('MEDIUM', 'MEDIUM', 'MEDIUM')","[29, 33]",84.64151
"('MEDIUM', 'MEDIUM', 'MEDIUM')","[29, 34]",84.676506
"('MEDIUM', 'MEDIUM', 'MEDIUM')","[29, 35]",84.7115
"('MEDIUM', 'MEDIUM', 'MEDIUM')","[29, 36]",84.74651
"('MEDIUM', 'MEDIUM', 'MEDIUM')","[29, 37]",84.78152
"('MEDIUM', 'MEDIUM', 'MEDIUM')","[29, 38]",84.81651
"('MEDIUM', 'MEDIUM', 'MEDIUM')","[29, 39]",84.85152
"('MEDIUM', 'MEDIUM', 'MEDIUM')","[29, 40]",84.88651
"('MEDIUM', 'MEDIUM', 'MEDIUM')","[29, 41]",84.92151
"('MEDIUM', 'MEDIUM', 'MEDIUM')","[29, 42]",84.95651
"('MEDIUM', 'MEDIUM', 'MEDIUM')","[29, 43]",84.991516
"('MEDIUM', 'MEDIUM', 'MEDIUM')","[29, 44]",85.02651
"('MEDIUM', 'MEDIUM', 'MEDIUM')","[29, 45]",85.061516
"('MEDIUM', 'MEDIUM', 'MEDIUM')","[29, 46]",85.09651
"('MEDIUM', 'MEDIUM', 'MEDIUM')","[30, 31]",84.60651
"('MEDIUM', 'MEDIUM', 'MEDIUM')","[30, 32]",84.64151
"('MEDIUM', 'MEDIUM', 'MEDIUM')","[30, 33]",84.676506
"('MEDIUM', 'MEDIUM', 'MEDIUM')","[30, 34]",84.71151
"('MEDIUM', 'MEDIUM', 'MEDIUM')","[30, 35]",84.746506
"('MEDIUM', 'MEDIUM', 'MEDIUM')","[30, 36]",84.78151
"('MEDIUM', 'MEDIUM', 'MEDIUM')","[30, 37]",84.81651
"('MEDIUM', 'MEDIUM', 'MEDIUM')","[30, 38]",84.85152
"('MEDIUM', 'MEDIUM', 'MEDIUM')","[30, 39]",84.88652
"('MEDIUM', 'MEDIUM', 'MEDIUM')","[30, 40]",84.92152
"('MEDIUM', 'MEDIUM', 'MEDIUM')","[30, 41]",84.95651
"('MEDIUM', 'MEDIUM', 'MEDIUM')","[30, 42]",84.991516
"('MEDIUM', 'MEDIUM', 'MEDIUM')","[30, 43]",85.026505
"('MEDIUM', 'MEDIUM', 'MEDIUM')","[30, 44]",85.06151
"('MEDIUM', 'MEDIUM', 'MEDIUM')","[30, 45]",85.09651
"('MEDIUM', 'MEDIUM', 'MEDIUM')","[30, 46]",85.131516
"('MEDIUM', 'MEDIUM', 'MEDIUM')","[31, 32]",84.67651
"('MEDIUM', 'MEDIUM', 'MEDIUM')","[31, 33]",84.71151
"('MEDIUM', 'MEDIUM', 'MEDIUM')","[31, 34]",84.74651
"('MEDIUM', 'MEDIUM', 'MEDIUM')","[31, 35]",84.78151
"('MEDIUM', 'MEDIUM', 'MEDIUM')","[31, 36]",84.81651
"('MEDIUM', 'MEDIUM', 'MEDIUM')","[31, 37]",84.85151
"('MEDIUM', 'MEDIUM', 'MEDIUM')","[31, 38]",84.88652
"('MEDIUM', 'MEDIUM', 'MEDIUM')","[31, 39]",84.92151
"('MEDIUM', 'MEDIUM', 'MEDIUM')","[31, 40]",84.95651
"('MEDIUM', 'MEDIUM', 'MEDIUM')","[31, 41]",84.991516
"('MEDIUM', 'MEDIUM', 'MEDIUM')","[31, 42]",85.026505
"('MEDIUM', 'MEDIUM', 'MEDIUM')","[31, 43]",85.06151
"('MEDIUM', 'MEDIUM', 'MEDIUM')","[31, 44]",85.09651
"('MEDIUM', 'MEDIUM', 'MEDIUM')","[31, 45]",85.13151
"('MEDIUM', 'MEDIUM', 'MEDIUM')","[31, 46]",85.16652
"('MEDIUM', 'MEDIUM', 'MEDIUM')","[32, 33]",84.74651
"('MEDIUM', 'MEDIUM', 'MEDIUM')","[32, 34]",84.78151
"('MEDIUM', 'MEDIUM', 'MEDIUM')","[32, 35]",84.81651
"('MEDIUM', 'MEDIUM', 'MEDIUM')","[32, 36]",84.85152
"('MEDIUM', 'MEDIUM', 'MEDIUM')","[32, 37]",84.88651
"('MEDIUM', 'MEDIUM', 'MEDIUM')","[32, 38]",84.92151
"('MEDIUM', 'MEDIUM', 'MEDIUM')","[32, 39]",84.95651
"('MEDIUM', 'MEDIUM', 'MEDIUM')","[32, 40]",84.99151
"('MEDIUM', 'MEDIUM', 'MEDIUM')","[32, 41]",85.02651
"('MEDIUM', 'MEDIUM', 'MEDIUM')","[32, 42]",85.06151
"('MEDIUM', 'MEDIUM', 'MEDIUM')","[32, 43]",85.09651
"('MEDIUM', 'MEDIUM', 'MEDIUM')","[32, 44]",85.131516
"('MEDIUM', 'MEDIUM', 'MEDIUM')","[32, 45]",85.16651
"('MEDIUM', 'MEDIUM', 'MEDIUM')","[32, 46]",85.20151
"('MEDIUM', 'MEDIUM', 'MEDIUM')","[33, 34]",84.816505
"('MEDIUM', 'MEDIUM', 'MEDIUM')","[33, 35]",84.8515
"('MEDIUM', 'MEDIUM', 'MEDIUM')","[33, 36]",84.88651
"('MEDIUM', 'MEDIUM', 'MEDIUM')","[33, 37]",84.92152
"('MEDIUM', 'MEDIUM', 'MEDIUM')","[33, 38]",84.95651
"('MEDIUM', 'MEDIUM', 'MEDIUM')","[33, 39]",84.991516
"('MEDIUM', 'MEDIUM', 'MEDIUM')","[33, 40]",85.02651
"('MEDIUM', 'MEDIUM', 'MEDIUM')","[33, 41]",85.06151
"('MEDIUM', 'MEDIUM', 'MEDIUM')","[33, 42]",85.09651
"('MEDIUM', 'MEDIUM', 'MEDIUM')","[33, 43]",85.131516
"('MEDIUM', 'MEDIUM', 'MEDIUM')","[33, 44]",85.16651
"('MEDIUM', 'MEDIUM', 'MEDIUM')","[33, 45]",85.201515
"('MEDIUM', 'MEDIUM', 'MEDIUM')","[33, 46]",85.23651
"('MEDIUM', 'MEDIUM', 'MEDIUM')","[34, 35]",84.886505
"('MEDIUM', 'MEDIUM', 'MEDIUM')","[34, 36]",84.92151
"('MEDIUM', 'MEDIUM', 'MEDIUM')","[34, 37]",84.95651
"('MEDIUM', 'MEDIUM', 'MEDIUM')","[34, 38]",84.991516
"('MEDIUM', 'MEDIUM', 'MEDIUM')","[34, 39]",85.02652
"('MEDIUM', 'MEDIUM', 'MEDIUM')","[34, 40]",85.061516
"('MEDIUM', 'MEDIUM', 'MEDIUM')","[34, 41]",85.09651
"('MEDIUM', 'MEDIUM', 'MEDIUM')","[34, 42]",85.131516
"('MEDIUM', 'MEDIUM', 'MEDIUM')","[34, 43]",85.166504
"('MEDIUM', 'MEDIUM', 'MEDIUM')","[34, 44]",85.20151
"('MEDIUM', 'MEDIUM', 'MEDIUM')","[34, 45]",85.23651
"('MEDIUM', 'MEDIUM', 'MEDIUM')","[34, 46]",85.271515
"('MEDIUM', 'MEDIUM', 'MEDIUM')","[35, 36]",84.95651
"('MEDIUM', 'MEDIUM', 'MEDIUM')","[35, 37]",84.99151
"('MEDIUM', 'MEDIUM', 'MEDIUM')","[35, 38]",85.02652
"('MEDIUM', 'MEDIUM', 'MEDIUM')","[35, 39]",85.06151
"('MEDIUM', 'MEDIUM', 'MEDIUM')","[35, 40]",85.09651
"('MEDIUM', 'MEDIUM', 'MEDIUM')","[35, 41]",85.131516
"('MEDIUM', 'MEDIUM', 'MEDIUM')","[35, 42]",85.166504
"('MEDIUM', 'MEDIUM', 'MEDIUM')","[35, 43]",85.20151
"('MEDIUM', 'MEDIUM', 'MEDIUM')","[35, 44]",85.23651
"('MEDIUM', 'MEDIUM', 'MEDIUM')","[35, 45]",85.27151
"('MEDIUM', 'MEDIUM', 'MEDIUM')","[35, 46]",85.30652
"('MEDIUM', 'MEDIUM', 'MEDIUM')","[36, 37]",85.02651
"('MEDIUM', 'MEDIUM', 'MEDIUM')","[36, 38]",85.06152
"('MEDIUM', 'MEDIUM', 'MEDIUM')","[36, 39]",85.09651
"('MEDIUM', 'MEDIUM', 'MEDIUM')","[36, 40]",85.131516
"('MEDIUM', 'MEDIUM', 'MEDIUM')","[36, 41]",85.16652
"('MEDIUM', 'MEDIUM', 'MEDIUM')","[36, 42]",85.20151
"('MEDIUM', 'MEDIUM', 'MEDIUM')","[36, 43]",85.23651
"('MEDIUM', 'MEDIUM', 'MEDIUM')","[36, 44]",85.271515
"('MEDIUM', 'MEDIUM', 'MEDIUM')","[36, 45]",85.30651
"('MEDIUM', 'MEDIUM', 'MEDIUM')","[36, 46]",85.34152
"('MEDIUM', 'MEDIUM', 'MEDIUM')","[37, 38]",85.09651
"('MEDIUM', 'MEDIUM', 'MEDIUM')","[37, 39]",85.131516
"('MEDIUM', 'MEDIUM', 'MEDIUM')","[37, 40]",85.16651
"('MEDIUM', 'MEDIUM', 'MEDIUM')","[37, 41]",85.201515
"('MEDIUM', 'MEDIUM', 'MEDIUM')","[37, 42]",85.23651
"('MEDIUM', 'MEDIUM', 'MEDIUM')","[37, 43]",85.271515
"('MEDIUM', 'MEDIUM', 'MEDIUM')","[37, 44]",85.30652
"('MEDIUM', 'MEDIUM', 'MEDIUM')","[37, 45]",85.341515
"('MEDIUM', 'MEDIUM', 'MEDIUM')","[37, 46]",85.37651
"('MEDIUM', 'MEDIUM', 'MEDIUM')","[38, 39]",85.16652
"('MEDIUM', 'MEDIUM', 'MEDIUM')","[38, 40]",85.201515
"('MEDIUM', 'MEDIUM', 'MEDIUM')","[38, 41]",85.23651
"('MEDIUM', 'MEDIUM', 'MEDIUM')","[38, 42]",85.271515
"('MEDIUM', 'MEDIUM', 'MEDIUM')","[38, 43]",85.30652
"('MEDIUM', 'MEDIUM', 'MEDIUM')","[38, 44]",85.341515
"('MEDIUM', 'MEDIUM', 'MEDIUM')","[38, 45]",85.37652
"('MEDIUM', 'MEDIUM', 'MEDIUM')","[38, 46]",85.411514
"('MEDIUM', 'MEDIUM', 'MEDIUM')","[39, 40]",85.23652
"('MEDIUM', 'MEDIUM', 'MEDIUM')","[39, 41]",85.271515
"('MEDIUM', 'MEDIUM', 'MEDIUM')","[39, 42]",85.30652
"('MEDIUM', 'MEDIUM', 'MEDIUM')","[39, 43]",85.34151
"('MEDIUM', 'MEDIUM', 'MEDIUM')","[39, 44]",85.37651
"('MEDIUM', 'MEDIUM', 'MEDIUM')","[39, 45]",85.411514
"('MEDIUM', 'MEDIUM', 'MEDIUM')","[39, 46]",85.44652
"('MEDIUM', 'MEDIUM', 'MEDIUM')","[40, 41]",85.30652
"('MEDIUM', 'MEDIUM', 'MEDIUM')","[40, 42]",85.34151
"('MEDIUM', 'MEDIUM', 'MEDIUM')","[40, 43]",85.37651
"('MEDIUM', 'MEDIUM', 'MEDIUM')","[40, 44]",85.411514
"('MEDIUM', 'MEDIUM', 'MEDIUM')","[40, 45]",85.44651
"('MEDIUM', 'MEDIUM', 'MEDIUM')","[40, 46]",85.48152
"('MEDIUM', 'MEDIUM', 'MEDIUM')","[41, 42]",85.37651
"('MEDIUM', 'MEDIUM', 'MEDIUM')","[41, 43]",85.411514
"('MEDIUM', 'MEDIUM', 'MEDIUM')","[41, 44]",85.44652
"('MEDIUM', 'MEDIUM', 'MEDIUM')","[41, 45]",85.481514
"('MEDIUM', 'MEDIUM', 'MEDIUM')","[41, 46]",85.51651
"('MEDIUM', 'MEDIUM', 'MEDIUM')","[42, 43]",85.44652
"('MEDIUM', 'MEDIUM', 'MEDIUM')","[42, 44]",85.481514
"('MEDIUM', 'MEDIUM', 'MEDIUM')","[42, 45]",85.51652
"('MEDIUM', 'MEDIUM', 'MEDIUM')","[42, 46]",85.55151
"('MEDIUM', 'MEDIUM', 'MEDIUM')","[43, 44]",85.51651
"('MEDIUM', 'MEDIUM', 'MEDIUM')","[43, 45]",85.551506
"('MEDIUM', 'MEDIUM', 'MEDIUM')","[43, 46]",85.58652
"('MEDIUM', 'MEDIUM', 'MEDIUM')","[44, 45]",85.58651
"('MEDIUM', 'MEDIUM', 'MEDIUM')","[44, 46]",85.621506
"('MEDIUM', 'MEDIUM', 'MEDIUM')","[45, 46]",85.65651
"('MEDIUM', 'MEDIUM', 'HARD')","[10, 11]",95.09874
"('MEDIUM', 'MEDIUM', 'HARD')","[10, 12]",94.87521
"('MEDIUM', 'MEDIUM', 'HARD')","[10, 13]",94.65169
"('MEDIUM', 'MEDIUM', 'HARD')","[10, 14]",94.42816
"('MEDIUM', 'MEDIUM', 'HARD')","[10, 15]",94.204636
"('MEDIUM', 'MEDIUM', 'HARD')","[10, 16]",93.98111
"('MEDIUM', 'MEDIUM', 'HARD')","[10, 17]",93.75758
"('MEDIUM', 'MEDIUM', 'HARD')","[10, 18]",93.53406
"('MEDIUM', 'MEDIUM', 'HARD')","[10, 19]",93.31053
"('MEDIUM', 'MEDIUM', 'HARD')","[10, 20]",93.087
"('MEDIUM', 'MEDIUM', 'HARD')","[10, 21]",92.86347
"('MEDIUM', 'MEDIUM', 'HARD')","[10, 22]",92.63994
"('MEDIUM', 'MEDIUM', 'HARD')","[10, 23]",92.41641
"('MEDIUM', 'MEDIUM', 'HARD')","[10, 24]",92.192894
"('MEDIUM', 'MEDIUM', 'HARD')","[10, 25]",91.96937
"('MEDIUM', 'MEDIUM', 'HARD')","[10, 26]",91.74585
"('MEDIUM', 'MEDIUM', 'HARD')","[10, 27]",91.52232
"('MEDIUM', 'MEDIUM', 'HARD')","[10, 28]",91.29879
"('MEDIUM', 'MEDIUM', 'HARD')","[10, 29]",91.075264
"('MEDIUM', 'MEDIUM', 'HARD')","[10, 30]",90.85173
"('MEDIUM', 'MEDIUM', 'HARD')","[10, 31]",90.628204
"('MEDIUM', 'MEDIUM', 'HARD')","[10, 32]",90.404686
"('MEDIUM', 'MEDIUM', 'HARD')","[10, 33]",90.18116
"('MEDIUM', 'MEDIUM', 'HARD')","[10, 34]",89.95764
"('MEDIUM', 'MEDIUM', 'HARD')","[10, 35]",89.734116
"('MEDIUM', 'MEDIUM', 'HARD')","[10, 36]",89.51058
"('MEDIUM', 'MEDIUM', 'HARD')","[10, 37]",89.28705
"('MEDIUM', 'MEDIUM', 'HARD')","[10, 38]",89.06352
"('MEDIUM', 'MEDIUM', 'HARD')","[10, 39]",88.84
"('MEDIUM', 'MEDIUM', 'HARD')","[10, 40]",88.61646
"('MEDIUM', 'MEDIUM', 'HARD')","[10, 41]",88.39294
"('MEDIUM', 'MEDIUM', 'HARD')","[10, 42]",88.1694
"('MEDIUM', 'MEDIUM', 'HARD')","[10, 43]",87.94588
"('MEDIUM', 'MEDIUM', 'HARD')","[10, 44]",87.72235
"('MEDIUM', 'MEDIUM', 'HARD')","[10, 45]",87.49882
"('MEDIUM', 'MEDIUM', 'HARD')","[10, 46]",87.2753
"('MEDIUM', 'MEDIUM', 'HARD')","[11, 12]",94.91022
"('MEDIUM', 'MEDIUM', 'HARD')","[11, 13]",94.68669
"('MEDIUM', 'MEDIUM', 'HARD')","[11, 14]",94.463165
"('MEDIUM', 'MEDIUM', 'HARD')","[11, 15]",94.23964
"('MEDIUM', 'MEDIUM', 'HARD')","[11, 16]",94.016106
"('MEDIUM', 'MEDIUM', 'HARD')","[11, 17]",93.79259
"('MEDIUM', 'MEDIUM', 'HARD')","[11, 18]",93.56905
"('MEDIUM', 'MEDIUM', 'HARD')","[11, 19]",93.34553
"('MEDIUM', 'MEDIUM', 'HARD')","[11, 20]",93.122
"('MEDIUM', 'MEDIUM', 'HARD')","[11, 21]",92.898476
"('MEDIUM', 'MEDIUM', 'HARD')","[11, 22]",92.67494
"('MEDIUM', 'MEDIUM', 'HARD')","[11, 23]",92.451416
"('MEDIUM', 'MEDIUM', 'HARD')","[11, 24]",92.2279
"('MEDIUM', 'MEDIUM', 'HARD')","[11, 25]",92.00437
"('MEDIUM', 'MEDIUM', 'HARD')","[11, 26]",91.78084
"('MEDIUM', 'MEDIUM', 'HARD')","[11, 27]",91.55731
"('MEDIUM', 'MEDIUM', 'HARD')","[11, 28]",91.33379
"('MEDIUM', 'MEDIUM', 'HARD')","[11, 29]",91.11027
"('MEDIUM', 'MEDIUM', 'HARD')","[11, 30]",90.886734
"('MEDIUM', 'MEDIUM', 'HARD')","[11, 31]",90.66321
"('MEDIUM', 'MEDIUM', 'HARD')","[11, 32]",90.43969
"('MEDIUM', 'MEDIUM', 'HARD')","[11, 33]",90.21616
"('MEDIUM', 'MEDIUM', 'HARD')","[11, 34]",89.99263
"('MEDIUM', 'MEDIUM', 'HARD')","[11, 35]",89.769104
"('MEDIUM', 'MEDIUM', 'HARD')","[11, 36]",89.545586
"('MEDIUM', 'MEDIUM', 'HARD')","[11, 37]",89.32205
"('MEDIUM', 'MEDIUM', 'HARD')","[11, 38]",89.098526
"('MEDIUM', 'MEDIUM', 'HARD')","[11, 39]",88.875
"('MEDIUM', 'MEDIUM', 'HARD')","[11, 40]",88.65147
"('MEDIUM', 'MEDIUM', 'HARD')","[11, 41]",88.42793
"('MEDIUM', 'MEDIUM', 'HARD')","[11, 42]",88.20441
"('MEDIUM', 'MEDIUM', 'HARD')","[11, 43]",87.98088
"('MEDIUM', 'MEDIUM', 'HARD')","[11, 44]",87.757355
"('MEDIUM', 'MEDIUM', 'HARD')","[11, 45]",87.53382
"('MEDIUM', 'MEDIUM', 'HARD')","[11, 46]",87.310295
"('MEDIUM', 'MEDIUM', 'HARD')","[12, 13]",94.72169
"('MEDIUM', 'MEDIUM', 'HARD')","[12, 14]",94.49816
"('MEDIUM', 'MEDIUM', 'HARD')","[12, 15]",94.274635
"('MEDIUM', 'MEDIUM', 'HARD')","[12, 16]",94.05111
"('MEDIUM', 'MEDIUM', 'HARD')","[12, 17]",93.82758
"('MEDIUM', 'MEDIUM', 'HARD')","[12, 18]",93.60405
"('MEDIUM', 'MEDIUM', 'HARD')","[12, 19]",93.38052
"('MEDIUM', 'MEDIUM', 'HARD')","[12, 20]",93.157
"('MEDIUM', 'MEDIUM', 'HARD')","[12, 21]",92.93347
"('MEDIUM', 'MEDIUM', 'HARD')","[12, 22]",92.709946
"('MEDIUM', 'MEDIUM', 'HARD')","[12, 23]",92.48642
"('MEDIUM', 'MEDIUM', 'HARD')","[12, 24]",92.26289
"('MEDIUM', 'MEDIUM', 'HARD')","[12, 25]",92.03937
"('MEDIUM', 'MEDIUM', 'HARD')","[12, 26]",91.81584
"('MEDIUM', 'MEDIUM', 'HARD')","[12, 27]",91.592316
"('MEDIUM', 'MEDIUM', 'HARD')","[12, 28]",91.36879
"('MEDIUM', 'MEDIUM', 'HARD')","[12, 29]",91.14526
"('MEDIUM', 'MEDIUM', 'HARD')","[12, 30]",90.92174
"('MEDIUM', 'MEDIUM', 'HARD')","[12, 31]",90.69821
"('MEDIUM', 'MEDIUM', 'HARD')","[12, 32]",90.474686
"('MEDIUM', 'MEDIUM', 'HARD')","[12, 33]",90.25116
"('MEDIUM', 'MEDIUM', 'HARD')","[12, 34]",90.02763
"('MEDIUM', 'MEDIUM', 'HARD')","[12, 35]",89.80411
"('MEDIUM', 'MEDIUM', 'HARD')","[12, 36]",89.58058
"('MEDIUM', 'MEDIUM', 'HARD')","[12, 37]",89.357056
"('MEDIUM', 'MEDIUM', 'HARD')","[12, 38]",89.133514
"('MEDIUM', 'MEDIUM', 'HARD')","[12, 39]",88.90999
"('MEDIUM', 'MEDIUM', 'HARD')","[12, 40]",88.68646
"('MEDIUM', 'MEDIUM', 'HARD')","[12, 41]",88.46293
"('MEDIUM', 'MEDIUM', 'HARD')","[12, 42]",88.23941
"('MEDIUM', 'MEDIUM', 'HARD')","[12, 43]",88.01587
"('MEDIUM', 'MEDIUM', 'HARD')","[12, 44]",87.79234
"('MEDIUM', 'MEDIUM', 'HARD')","[12, 45]",87.568825
"('MEDIUM', 'MEDIUM', 'HARD')","[12, 46]",87.34529
"('MEDIUM', 'MEDIUM', 'HARD')","[13, 14]",94.53316
"('MEDIUM', 'MEDIUM', 'HARD')","[13, 15]",94.30964
"('MEDIUM', 'MEDIUM', 'HARD')","[13, 16]",94.08611
"('MEDIUM', 'MEDIUM', 'HARD')","[13, 17]",93.86259
"('MEDIUM', 'MEDIUM', 'HARD')","[13, 18]",93.63905
"('MEDIUM', 'MEDIUM', 'HARD')","[13, 19]",93.41553
"('MEDIUM', 'MEDIUM', 'HARD')","[13, 20]",93.192
"('MEDIUM', 'MEDIUM', 'HARD')","[13, 21]",92.968475
"('MEDIUM', 'MEDIUM', 'HARD')","[13, 22]",92.74495
"('MEDIUM', 'MEDIUM', 'HARD')","[13, 23]",92.52142
"('MEDIUM', 'MEDIUM', 'HARD')","[13, 24]",92.2979
"('MEDIUM', 'MEDIUM', 'HARD')","[13, 25]",92.07437
"('MEDIUM', 'MEDIUM', 'HARD')","[13, 26]",91.850845
"('MEDIUM', 'MEDIUM', 'HARD')","[13, 27]",91.62732
"('MEDIUM', 'MEDIUM', 'HARD')","[13, 28]",91.40379
"('MEDIUM', 'MEDIUM', 'HARD')","[13, 29]",91.18027
"('MEDIUM', 'MEDIUM', 'HARD')","[13, 30]",90.95674
"('MEDIUM', 'MEDIUM', 'HARD')","[13, 31]",90.733215
"('MEDIUM', 'MEDIUM', 'HARD')","[13, 32]",90.50969
"('MEDIUM', 'MEDIUM', 'HARD')","[13, 33]",90.28616
"('MEDIUM', 'MEDIUM', 'HARD')","[13, 34]",90.06264
"('MEDIUM', 'MEDIUM', 'HARD')","[13, 35]",89.83911
"('MEDIUM', 'MEDIUM', 'HARD')","[13, 36]",89.615585
"('MEDIUM', 'MEDIUM', 'HARD')","[13, 37]",89.39205
"('MEDIUM', 'MEDIUM', 'HARD')","[13, 38]",89.16852
"('MEDIUM', 'MEDIUM', 'HARD')","[13, 39]",88.94499
"('MEDIUM', 'MEDIUM', 'HARD')","[13, 40]",88.721466
"('MEDIUM', 'MEDIUM', 'HARD')","[13, 41]",88.49793
"('MEDIUM', 'MEDIUM', 'HARD')","[13, 42]",88.2744
"('MEDIUM', 'MEDIUM', 'HARD')","[13, 43]",88.05087
"('MEDIUM', 'MEDIUM', 'HARD')","[13, 44]",87.82735
"('MEDIUM', 'MEDIUM', 'HARD')","[13, 45]",87.60382
"('MEDIUM', 'MEDIUM', 'HARD')","[13, 46]",87.380295
"('MEDIUM', 'MEDIUM', 'HARD')","[14, 15]",94.344635
"('MEDIUM', 'MEDIUM', 'HARD')","[14, 16]",94.12111
"('MEDIUM', 'MEDIUM', 'HARD')","[14, 17]",93.89758
"('MEDIUM', 'MEDIUM', 'HARD')","[14, 18]",93.67406
"('MEDIUM', 'MEDIUM', 'HARD')","[14, 19]",93.45053
"('MEDIUM', 'MEDIUM', 'HARD')","[14, 20]",93.227
"('MEDIUM', 'MEDIUM', 'HARD')","[14, 21]",93.00347
"('MEDIUM', 'MEDIUM', 'HARD')","[14, 22]",92.77994
"('MEDIUM', 'MEDIUM', 'HARD')","[14, 23]",92.55641
"('MEDIUM', 'MEDIUM', 'HARD')","[14, 24]",92.33289
"('MEDIUM', 'MEDIUM', 'HARD')","[14, 25]",92.10937
"('MEDIUM', 'MEDIUM', 'HARD')","[14, 26]",91.88585
"('MEDIUM', 'MEDIUM', 'HARD')","[14, 27]",91.66232
"('MEDIUM', 'MEDIUM', 'HARD')","[14, 28]",91.43879
"('MEDIUM', 'MEDIUM', 'HARD')","[14, 29]",91.21526
"('MEDIUM', 'MEDIUM', 'HARD')","[14, 30]",90.99173
"('MEDIUM', 'MEDIUM', 'HARD')","[14, 31]",90.7682
"('MEDIUM', 'MEDIUM', 'HARD')","[14, 32]",90.544685
"('MEDIUM', 'MEDIUM', 'HARD')","[14, 33]",90.32116
"('MEDIUM', 'MEDIUM', 'HARD')","[14, 34]",90.09764
"('MEDIUM', 'MEDIUM', 'HARD')","[14, 35]",89.874115
"('MEDIUM', 'MEDIUM', 'HARD')","[14, 36]",89.65058
"('MEDIUM', 'MEDIUM', 'HARD')","[14, 37]",89.42705
"('MEDIUM', 'MEDIUM', 'HARD')","[14, 38]",89.20352
"('MEDIUM', 'MEDIUM', 'HARD')","[14, 39]",88.979996
"('MEDIUM', 'MEDIUM', 'HARD')","[14, 40]",88.75646
"('MEDIUM', 'MEDIUM', 'HARD')","[14, 41]",88.532936
"('MEDIUM', 'MEDIUM', 'HARD')","[14, 42]",88.3094
"('MEDIUM', 'MEDIUM', 'HARD')","[14, 43]",88.08588
"('MEDIUM', 'MEDIUM', 'HARD')","[14, 44]",87.86235
"('MEDIUM', 'MEDIUM', 'HARD')","[14, 45]",87.63882
"('MEDIUM', 'MEDIUM', 'HARD')","[14, 46]",87.4153
"('MEDIUM', 'MEDIUM', 'HARD')","[15, 16]",94.156105
"('MEDIUM', 'MEDIUM', 'HARD')","[15, 17]",93.93259
"('MEDIUM', 'MEDIUM', 'HARD')","[15, 18]",93.70905
"('MEDIUM', 'MEDIUM', 'HARD')","[15, 19]",93.48553
"('MEDIUM', 'MEDIUM', 'HARD')","[15, 20]",93.262
"('MEDIUM', 'MEDIUM', 'HARD')","[15, 21]",93.038475
"('MEDIUM', 'MEDIUM', 'HARD')","[15, 22]",92.81494
"('MEDIUM', 'MEDIUM', 'HARD')","[15, 23]",92.591415
"('MEDIUM', 'MEDIUM', 'HARD')","[15, 24]",92.3679
"('MEDIUM', 'MEDIUM', 'HARD')","[15, 25]",92.14437
"('MEDIUM', 'MEDIUM', 'HARD')","[15, 26]",91.92084
"('MEDIUM', 'MEDIUM', 'HARD')","[15, 27]",91.69731
"('MEDIUM', 'MEDIUM', 'HARD')","[15, 28]",91.47379
"('MEDIUM', 'MEDIUM', 'HARD')","[15, 29]",91.25027
"('MEDIUM', 'MEDIUM', 'HARD')","[15, 30]",91.02673
"('MEDIUM', 'MEDIUM', 'HARD')","[15, 31]",90.80321
"('MEDIUM', 'MEDIUM', 'HARD')","[15, 32]",90.57969
"('MEDIUM', 'MEDIUM', 'HARD')","[15, 33]",90.35616
"('MEDIUM', 'MEDIUM', 'HARD')","[15, 34]",90.13263
"('MEDIUM', 'MEDIUM', 'HARD')","[15, 35]",89.9091
"('MEDIUM', 'MEDIUM', 'HARD')","[15, 36]",89.685585
"('MEDIUM', 'MEDIUM', 'HARD')","[15, 37]",89.46205
"('MEDIUM', 'MEDIUM', 'HARD')","[15, 38]",89.238525
"('MEDIUM', 'MEDIUM', 'HARD')","[15, 39]",89.015
"('MEDIUM', 'MEDIUM', 'HARD')","[15, 40]",88.791466
"('MEDIUM', 'MEDIUM', 'HARD')","[15, 41]",88.56793
"('MEDIUM', 'MEDIUM', 'HARD')","[15, 42]",88.344406
"('MEDIUM', 'MEDIUM', 'HARD')","[15, 43]",88.12088
"('MEDIUM', 'MEDIUM', 'HARD')","[15, 44]",87.897354
"('MEDIUM', 'MEDIUM', 'HARD')","[15, 45]",87.67382
"('MEDIUM', 'MEDIUM', 'HARD')","[15, 46]",87.450294
"('MEDIUM', 'MEDIUM', 'HARD')","[16, 17]",93.96758
"('MEDIUM', 'MEDIUM', 'HARD')","[16, 18]",93.74405
"('MEDIUM', 'MEDIUM', 'HARD')","[16, 19]",93.52052
"('MEDIUM', 'MEDIUM', 'HARD')","[16, 20]",93.297
"('MEDIUM', 'MEDIUM', 'HARD')","[16, 21]",93.07347
"('MEDIUM', 'MEDIUM', 'HARD')","[16, 22]",92.849945
"('MEDIUM', 'MEDIUM', 'HARD')","[16, 23]",92.62642
"('MEDIUM', 'MEDIUM', 'HARD')","[16, 24]",92.40289
"('MEDIUM', 'MEDIUM', 'HARD')","[16, 25]",92.17937
"('MEDIUM', 'MEDIUM', 'HARD')","[16, 26]",91.95584
"('MEDIUM', 'MEDIUM', 'HARD')","[16, 27]",91.732315
"('MEDIUM', 'MEDIUM', 'HARD')","[16, 28]",91.50879
"('MEDIUM', 'MEDIUM', 'HARD')","[16, 29]",91.28526
"('MEDIUM', 'MEDIUM', 'HARD')","[16, 30]",91.06174
"('MEDIUM', 'MEDIUM', 'HARD')","[16, 31]",90.83821
"('MEDIUM', 'MEDIUM', 'HARD')","[16, 32]",90.614685
"('MEDIUM', 'MEDIUM', 'HARD')","[16, 33]",90.39116
"('MEDIUM', 'MEDIUM', 'HARD')","[16, 34]",90.16763
"('MEDIUM', 'MEDIUM', 'HARD')","[16, 35]",89.94411
"('MEDIUM', 'MEDIUM', 'HARD')","[16, 36]",89.72058
"('MEDIUM', 'MEDIUM', 'HARD')","[16, 37]",89.497055
"('MEDIUM', 'MEDIUM', 'HARD')","[16, 38]",89.27351
"('MEDIUM', 'MEDIUM', 'HARD')","[16, 39]",89.04999
"('MEDIUM', 'MEDIUM', 'HARD')","[16, 40]",88.82646
"('MEDIUM', 'MEDIUM', 'HARD')","[16, 41]",88.60293
"('MEDIUM', 'MEDIUM', 'HARD')","[16, 42]",88.37941
"('MEDIUM', 'MEDIUM', 'HARD')","[16, 43]",88.15587
"('MEDIUM', 'MEDIUM', 'HARD')","[16, 44]",87.93234
"('MEDIUM', 'MEDIUM', 'HARD')","[16, 45]",87.708824
"('MEDIUM', 'MEDIUM', 'HARD')","[16, 46]",87.48529
"('MEDIUM', 'MEDIUM', 'HARD')","[17, 18]",93.77905
"('MEDIUM', 'MEDIUM', 'HARD')","[17, 19]",93.55553
"('MEDIUM', 'MEDIUM', 'HARD')","[17, 20]",93.332
"('MEDIUM', 'MEDIUM', 'HARD')","[17, 21]",93.108475
"('MEDIUM', 'MEDIUM', 'HARD')","[17, 22]",92.88495
"('MEDIUM', 'MEDIUM', 'HARD')","[17, 23]",92.66142
"('MEDIUM', 'MEDIUM', 'HARD')","[17, 24]",92.4379
"('MEDIUM', 'MEDIUM', 'HARD')","[17, 25]",92.21437
"('MEDIUM', 'MEDIUM', 'HARD')","[17, 26]",91.990845
"('MEDIUM', 'MEDIUM', 'HARD')","[17, 27]",91.76732
"('MEDIUM', 'MEDIUM', 'HARD')","[17, 28]",91.54379
"('MEDIUM', 'MEDIUM', 'HARD')","[17, 29]",91.32027
"('MEDIUM', 'MEDIUM', 'HARD')","[17, 30]",91.09674
"('MEDIUM', 'MEDIUM', 'HARD')","[17, 31]",90.873215
"('MEDIUM', 'MEDIUM', 'HARD')","[17, 32]",90.64969
"('MEDIUM', 'MEDIUM', 'HARD')","[17, 33]",90.42616
"('MEDIUM', 'MEDIUM', 'HARD')","[17, 34]",90.20264
"('MEDIUM', 'MEDIUM', 'HARD')","[17, 35]",89.97911
"('MEDIUM', 'MEDIUM', 'HARD')","[17, 36]",89.755585
"('MEDIUM', 'MEDIUM', 'HARD')","[17, 37]",89.53206
"('MEDIUM', 'MEDIUM', 'HARD')","[17, 38]",89.30852
"('MEDIUM', 'MEDIUM', 'HARD')","[17, 39]",89.08499
"('MEDIUM', 'MEDIUM', 'HARD')","[17, 40]",88.861465
"('MEDIUM', 'MEDIUM', 'HARD')","[17, 41]",88.63793
"('MEDIUM', 'MEDIUM', 'HARD')","[17, 42]",88.41441
"('MEDIUM', 'MEDIUM', 'HARD')","[17, 43]",88.19087
"('MEDIUM', 'MEDIUM', 'HARD')","[17, 44]",87.96735
"('MEDIUM', 'MEDIUM', 'HARD')","[17, 45]",87.74383
"('MEDIUM', 'MEDIUM', 'HARD')","[17, 46]",87.520294
"('MEDIUM', 'MEDIUM', 'HARD')","[18, 19]",93.59053
"('MEDIUM', 'MEDIUM', 'HARD')","[18, 20]",93.367
"('MEDIUM', 'MEDIUM', 'HARD')","[18, 21]",93.14348
"('MEDIUM', 'MEDIUM', 'HARD')","[18, 22]",92.91995
"('MEDIUM', 'MEDIUM', 'HARD')","[18, 23]",92.69643
"('MEDIUM', 'MEDIUM', 'HARD')","[18, 24]",92.4729
"('MEDIUM', 'MEDIUM', 'HARD')","[18, 25]",92.24937
"('MEDIUM', 'MEDIUM', 'HARD')","[18, 26]",92.02585
"('MEDIUM', 'MEDIUM', 'HARD')","[18, 27]",91.80232
"('MEDIUM', 'MEDIUM', 'HARD')","[18, 28]",91.57879
"('MEDIUM', 'MEDIUM', 'HARD')","[18, 29]",91.35527
"('MEDIUM', 'MEDIUM', 'HARD')","[18, 30]",91.131744
"('MEDIUM', 'MEDIUM', 'HARD')","[18, 31]",90.90822
"('MEDIUM', 'MEDIUM', 'HARD')","[18, 32]",90.68469
"('MEDIUM', 'MEDIUM', 'HARD')","[18, 33]",90.46116
"('MEDIUM', 'MEDIUM', 'HARD')","[18, 34]",90.23764
"('MEDIUM', 'MEDIUM', 'HARD')","[18, 35]",90.014114
"('MEDIUM', 'MEDIUM', 'HARD')","[18, 36]",89.79058
"('MEDIUM', 'MEDIUM', 'HARD')","[18, 37]",89.567055
"('MEDIUM', 'MEDIUM', 'HARD')","[18, 38]",89.34352
"('MEDIUM', 'MEDIUM', 'HARD')","[18, 39]",89.119995
"('MEDIUM', 'MEDIUM', 'HARD')","[18, 40]",88.89647
"('MEDIUM', 'MEDIUM', 'HARD')","[18, 41]",88.672935
"('MEDIUM', 'MEDIUM', 'HARD')","[18, 42]",88.4494
"('MEDIUM', 'MEDIUM', 'HARD')","[18, 43]",88.225876
"('MEDIUM', 'MEDIUM', 'HARD')","[18, 44]",88.00235
"('MEDIUM', 'MEDIUM', 'HARD')","[18, 45]",87.778824
"('MEDIUM', 'MEDIUM', 'HARD')","[18, 46]",87.5553
"('MEDIUM', 'MEDIUM', 'HARD')","[19, 20]",93.402
"('MEDIUM', 'MEDIUM', 'HARD')","[19, 21]",93.178474
"('MEDIUM', 'MEDIUM', 'HARD')","[19, 22]",92.95494
"('MEDIUM', 'MEDIUM', 'HARD')","[19, 23]",92.731415
"('MEDIUM', 'MEDIUM', 'HARD')","[19, 24]",92.5079
"('MEDIUM', 'MEDIUM', 'HARD')","[19, 25]",92.28437
"('MEDIUM', 'MEDIUM', 'HARD')","[19, 26]",92.06085
"('MEDIUM', 'MEDIUM', 'HARD')","[19, 27]",91.837326
"('MEDIUM', 'MEDIUM', 'HARD')","[19, 28]",91.61379
"('MEDIUM', 'MEDIUM', 'HARD')","[19, 29]",91.39027
"('MEDIUM', 'MEDIUM', 'HARD')","[19, 30]",91.16673
"('MEDIUM', 'MEDIUM', 'HARD')","[19, 31]",90.94321
"('MEDIUM', 'MEDIUM', 'HARD')","[19, 32]",90.71969
"('MEDIUM', 'MEDIUM', 'HARD')","[19, 33]",90.49616
"('MEDIUM', 'MEDIUM', 'HARD')","[19, 34]",90.272644
"('MEDIUM', 'MEDIUM', 'HARD')","[19, 35]",90.04912
"('MEDIUM', 'MEDIUM', 'HARD')","[19, 36]",89.825584
"('MEDIUM', 'MEDIUM', 'HARD')","[19, 37]",89.60205
"('MEDIUM', 'MEDIUM', 'HARD')","[19, 38]",89.378525
"('MEDIUM', 'MEDIUM', 'HARD')","[19, 39]",89.155
"('MEDIUM', 'MEDIUM', 'HARD')","[19, 40]",88.931465
"('MEDIUM', 'MEDIUM', 'HARD')","[19, 41]",88.70794
"('MEDIUM', 'MEDIUM', 'HARD')","[19, 42]",88.484406
"('MEDIUM', 'MEDIUM', 'HARD')","[19, 43]",88.26088
"('MEDIUM', 'MEDIUM', 'HARD')","[19, 44]",88.03735
"('MEDIUM', 'MEDIUM', 'HARD')","[19, 45]",87.81382
"('MEDIUM', 'MEDIUM', 'HARD')","[19, 46]",87.5903
"('MEDIUM', 'MEDIUM', 'HARD')","[20, 21]",93.21347
"('MEDIUM', 'MEDIUM', 'HARD')","[20, 22]",92.989944
"('MEDIUM', 'MEDIUM', 'HARD')","[20, 23]",92.76642
"('MEDIUM', 'MEDIUM', 'HARD')","[20, 24]",92.54289
"('MEDIUM', 'MEDIUM', 'HARD')","[20, 25]",92.319374
"('MEDIUM', 'MEDIUM', 'HARD')","[20, 26]",92.09584
"('MEDIUM', 'MEDIUM', 'HARD')","[20, 27]",91.872314
"('MEDIUM', 'MEDIUM', 'HARD')","[20, 28]",91.648796
"('MEDIUM', 'MEDIUM', 'HARD')","[20, 29]",91.42526
"('MEDIUM', 'MEDIUM', 'HARD')","[20, 30]",91.20174
"('MEDIUM', 'MEDIUM', 'HARD')","[20, 31]",90.97821
"('MEDIUM', 'MEDIUM', 'HARD')","[20, 32]",90.754684
"('MEDIUM', 'MEDIUM', 'HARD')","[20, 33]",90.531166
"('MEDIUM', 'MEDIUM', 'HARD')","[20, 34]",90.30763
"('MEDIUM', 'MEDIUM', 'HARD')","[20, 35]",90.08411
"('MEDIUM', 'MEDIUM', 'HARD')","[20, 36]",89.86059
"('MEDIUM', 'MEDIUM', 'HARD')","[20, 37]",89.637054
"('MEDIUM', 'MEDIUM', 'HARD')","[20, 38]",89.41353
"('MEDIUM', 'MEDIUM', 'HARD')","[20, 39]",89.18999
"('MEDIUM', 'MEDIUM', 'HARD')","[20, 40]",88.96646
"('MEDIUM', 'MEDIUM', 'HARD')","[20, 41]",88.742935
"('MEDIUM', 'MEDIUM', 'HARD')","[20, 42]",88.51941
"('MEDIUM', 'MEDIUM', 'HARD')","[20, 43]",88.29588
"('MEDIUM', 'MEDIUM', 'HARD')","[20, 44]",88.07236
"('MEDIUM', 'MEDIUM', 'HARD')","[20, 45]",87.84882
"('MEDIUM', 'MEDIUM', 'HARD')","[20, 46]",87.6253
"('MEDIUM', 'MEDIUM', 'HARD')","[21, 22]",93.02495
"('MEDIUM', 'MEDIUM', 'HARD')","[21, 23]",92.80142
"('MEDIUM', 'MEDIUM', 'HARD')","[21, 24]",92.577896
"('MEDIUM', 'MEDIUM', 'HARD')","[21, 25]",92.35437
"('MEDIUM', 'MEDIUM', 'HARD')","[21, 26]",92.130844
"('MEDIUM', 'MEDIUM', 'HARD')","[21, 27]",91.90732
"('MEDIUM', 'MEDIUM', 'HARD')","[21, 28]",91.68379
"('MEDIUM', 'MEDIUM', 'HARD')","[21, 29]",91.460266
"('MEDIUM', 'MEDIUM', 'HARD')","[21, 30]",91.23674
"('MEDIUM', 'MEDIUM', 'HARD')","[21, 31]",91.013214
"('MEDIUM', 'MEDIUM', 'HARD')","[21, 32]",90.78969
"('MEDIUM', 'MEDIUM', 'HARD')","[21, 33]",90.56616
"('MEDIUM', 'MEDIUM', 'HARD')","[21, 34]",90.342636
"('MEDIUM', 'MEDIUM', 'HARD')","[21, 35]",90.11911
"('MEDIUM', 'MEDIUM', 'HARD')","[21, 36]",89.895584
"('MEDIUM', 'MEDIUM', 'HARD')","[21, 37]",89.67206
"('MEDIUM', 'MEDIUM', 'HARD')","[21, 38]",89.44852
"('MEDIUM', 'MEDIUM', 'HARD')","[21, 39]",89.22499
"('MEDIUM', 'MEDIUM', 'HARD')","[21, 40]",89.001465
"('MEDIUM', 'MEDIUM', 'HARD')","[21, 41]",88.77793
"('MEDIUM', 'MEDIUM', 'HARD')","[21, 42]",88.55441
"('MEDIUM', 'MEDIUM', 'HARD')","[21, 43]",88.33087
"('MEDIUM', 'MEDIUM', 'HARD')","[21, 44]",88.107346
"('MEDIUM', 'MEDIUM', 'HARD')","[21, 45]",87.88383
"('MEDIUM', 'MEDIUM', 'HARD')","[21, 46]",87.66029
"('MEDIUM', 'MEDIUM', 'HARD')","[22, 23]",92.836426
"('MEDIUM', 'MEDIUM', 'HARD')","[22, 24]",92.6129
"('MEDIUM', 'MEDIUM', 'HARD')","[22, 25]",92.389366
"('MEDIUM', 'MEDIUM', 'HARD')","[22, 26]",92.16585
"('MEDIUM', 'MEDIUM', 'HARD')","[22, 27]",91.94232
"('MEDIUM', 'MEDIUM', 'HARD')","[22, 28]",91.71879
"('MEDIUM', 'MEDIUM', 'HARD')","[22, 29]",91.49527
"('MEDIUM', 'MEDIUM', 'HARD')","[22, 30]",91.27174
"('MEDIUM', 'MEDIUM', 'HARD')","[22, 31]",91.04822
"('MEDIUM', 'MEDIUM', 'HARD')","[22, 32]",90.82469
"('MEDIUM', 'MEDIUM', 'HARD')","[22, 33]",90.60116
"('MEDIUM', 'MEDIUM', 'HARD')","[22, 34]",90.37764
"('MEDIUM', 'MEDIUM', 'HARD')","[22, 35]",90.15411
"('MEDIUM', 'MEDIUM', 'HARD')","[22, 36]",89.93058
"('MEDIUM', 'MEDIUM', 'HARD')","[22, 37]",89.707054
"('MEDIUM', 'MEDIUM', 'HARD')","[22, 38]",89.48352
"('MEDIUM', 'MEDIUM', 'HARD')","[22, 39]",89.259995
"('MEDIUM', 'MEDIUM', 'HARD')","[22, 40]",89.03647
"('MEDIUM', 'MEDIUM', 'HARD')","[22, 41]",88.812935
"('MEDIUM', 'MEDIUM', 'HARD')","[22, 42]",88.5894
"('MEDIUM', 'MEDIUM', 'HARD')","[22, 43]",88.365875
"('MEDIUM', 'MEDIUM', 'HARD')","[22, 44]",88.14235
"('MEDIUM', 'MEDIUM', 'HARD')","[22, 45]",87.91882
"('MEDIUM', 'MEDIUM', 'HARD')","[22, 46]",87.6953
"('MEDIUM', 'MEDIUM', 'HARD')","[23, 24]",92.647896
"('MEDIUM', 'MEDIUM', 'HARD')","[23, 25]",92.42437
"('MEDIUM', 'MEDIUM', 'HARD')","[23, 26]",92.20085
"('MEDIUM', 'MEDIUM', 'HARD')","[23, 27]",91.977325
"('MEDIUM', 'MEDIUM', 'HARD')","[23, 28]",91.75379
"('MEDIUM', 'MEDIUM', 'HARD')","[23, 29]",91.530266
"('MEDIUM', 'MEDIUM', 'HARD')","[23, 30]",91.30673
"('MEDIUM', 'MEDIUM', 'HARD')","[23, 31]",91.083206
"('MEDIUM', 'MEDIUM', 'HARD')","[23, 32]",90.85969
"('MEDIUM', 'MEDIUM', 'HARD')","[23, 33]",90.63616
"('MEDIUM', 'MEDIUM', 'HARD')","[23, 34]",90.41264
"('MEDIUM', 'MEDIUM', 'HARD')","[23, 35]",90.18912
"('MEDIUM', 'MEDIUM', 'HARD')","[23, 36]",89.96558
"('MEDIUM', 'MEDIUM', 'HARD')","[23, 37]",89.74205
"('MEDIUM', 'MEDIUM', 'HARD')","[23, 38]",89.518524
"('MEDIUM', 'MEDIUM', 'HARD')","[23, 39]",89.295
"('MEDIUM', 'MEDIUM', 'HARD')","[23, 40]",89.071465
"('MEDIUM', 'MEDIUM', 'HARD')","[23, 41]",88.84794
"('MEDIUM', 'MEDIUM', 'HARD')","[23, 42]",88.624405
"('MEDIUM', 'MEDIUM', 'HARD')","[23, 43]",88.40088
"('MEDIUM', 'MEDIUM', 'HARD')","[23, 44]",88.17735
"('MEDIUM', 'MEDIUM', 'HARD')","[23, 45]",87.95382
"('MEDIUM', 'MEDIUM', 'HARD')","[23, 46]",87.7303
"('MEDIUM', 'MEDIUM', 'HARD')","[24, 25]",92.45937
"('MEDIUM', 'MEDIUM', 'HARD')","[24, 26]",92.23584
"('MEDIUM', 'MEDIUM', 'HARD')","[24, 27]",92.012314
"('MEDIUM', 'MEDIUM', 'HARD')","[24, 28]",91.788795
"('MEDIUM', 'MEDIUM', 'HARD')","[24, 29]",91.56526
"('MEDIUM', 'MEDIUM', 'HARD')","[24, 30]",91.341736
"('MEDIUM', 'MEDIUM', 'HARD')","[24, 31]",91.11821
"('MEDIUM', 'MEDIUM', 'HARD')","[24, 32]",90.894684
"('MEDIUM', 'MEDIUM', 'HARD')","[24, 33]",90.671165
"('MEDIUM', 'MEDIUM', 'HARD')","[24, 34]",90.44763
"('MEDIUM', 'MEDIUM', 'HARD')","[24, 35]",90.224106
"('MEDIUM', 'MEDIUM', 'HARD')","[24, 36]",90.00059
"('MEDIUM', 'MEDIUM', 'HARD')","[24, 37]",89.777054
"('MEDIUM', 'MEDIUM', 'HARD')","[24, 38]",89.55353
"('MEDIUM', 'MEDIUM', 'HARD')","[24, 39]",89.32999
"('MEDIUM', 'MEDIUM', 'HARD')","[24, 40]",89.10646
"('MEDIUM', 'MEDIUM', 'HARD')","[24, 41]",88.882935
"('MEDIUM', 'MEDIUM', 'HARD')","[24, 42]",88.65941
"('MEDIUM', 'MEDIUM', 'HARD')","[24, 43]",88.43588
"('MEDIUM', 'MEDIUM', 'HARD')","[24, 44]",88.21236
"('MEDIUM', 'MEDIUM', 'HARD')","[24, 45]",87.98882
"('MEDIUM', 'MEDIUM', 'HARD')","[24, 46]",87.7653
"('MEDIUM', 'MEDIUM', 'HARD')","[25, 26]",92.27084
"('MEDIUM', 'MEDIUM', 'HARD')","[25, 27]",92.04732
"('MEDIUM', 'MEDIUM', 'HARD')","[25, 28]",91.82379
"('MEDIUM', 'MEDIUM', 'HARD')","[25, 29]",91.600266
"('MEDIUM', 'MEDIUM', 'HARD')","[25, 30]",91.37674
"('MEDIUM', 'MEDIUM', 'HARD')","[25, 31]",91.15321
"('MEDIUM', 'MEDIUM', 'HARD')","[25, 32]",90.92969
"('MEDIUM', 'MEDIUM', 'HARD')","[25, 33]",90.70616
"('MEDIUM', 'MEDIUM', 'HARD')","[25, 34]",90.482635
"('MEDIUM', 'MEDIUM', 'HARD')","[25, 35]",90.25911
"('MEDIUM', 'MEDIUM', 'HARD')","[25, 36]",90.03558
"('MEDIUM', 'MEDIUM', 'HARD')","[25, 37]",89.81206
"('MEDIUM', 'MEDIUM', 'HARD')","[25, 38]",89.58852
"('MEDIUM', 'MEDIUM', 'HARD')","[25, 39]",89.36499
"('MEDIUM', 'MEDIUM', 'HARD')","[25, 40]",89.141464
"('MEDIUM', 'MEDIUM', 'HARD')","[25, 41]",88.91793
"('MEDIUM', 'MEDIUM', 'HARD')","[25, 42]",88.69441
"('MEDIUM', 'MEDIUM', 'HARD')","[25, 43]",88.47087
"('MEDIUM', 'MEDIUM', 'HARD')","[25, 44]",88.247345
"('MEDIUM', 'MEDIUM', 'HARD')","[25, 45]",88.02383
"('MEDIUM', 'MEDIUM', 'HARD')","[25, 46]",87.80029
"('MEDIUM', 'MEDIUM', 'HARD')","[26, 27]",92.08232
"('MEDIUM', 'MEDIUM', 'HARD')","[26, 28]",91.85879
"('MEDIUM', 'MEDIUM', 'HARD')","[26, 29]",91.63527
"('MEDIUM', 'MEDIUM', 'HARD')","[26, 30]",91.41174
"('MEDIUM', 'MEDIUM', 'HARD')","[26, 31]",91.18822
"('MEDIUM', 'MEDIUM', 'HARD')","[26, 32]",90.96469
"('MEDIUM', 'MEDIUM', 'HARD')","[26, 33]",90.74116
"('MEDIUM', 'MEDIUM', 'HARD')","[26, 34]",90.51764
"('MEDIUM', 'MEDIUM', 'HARD')","[26, 35]",90.29411
"('MEDIUM', 'MEDIUM', 'HARD')","[26, 36]",90.07058
"('MEDIUM', 'MEDIUM', 'HARD')","[26, 37]",89.84705
"('MEDIUM', 'MEDIUM', 'HARD')","[26, 38]",89.62352
"('MEDIUM', 'MEDIUM', 'HARD')","[26, 39]",89.399994
"('MEDIUM', 'MEDIUM', 'HARD')","[26, 40]",89.17647
"('MEDIUM', 'MEDIUM', 'HARD')","[26, 41]",88.952934
"('MEDIUM', 'MEDIUM', 'HARD')","[26, 42]",88.7294
"('MEDIUM', 'MEDIUM', 'HARD')","[26, 43]",88.505875
"('MEDIUM', 'MEDIUM', 'HARD')","[26, 44]",88.28235
"('MEDIUM', 'MEDIUM', 'HARD')","[26, 45]",88.05882
"('MEDIUM', 'MEDIUM', 'HARD')","[26, 46]",87.8353
"('MEDIUM', 'MEDIUM', 'HARD')","[27, 28]",91.89379
"('MEDIUM', 'MEDIUM', 'HARD')","[27, 29]",91.670265
"('MEDIUM', 'MEDIUM', 'HARD')","[27, 30]",91.44673
"('MEDIUM', 'MEDIUM', 'HARD')","[27, 31]",91.223206
"('MEDIUM', 'MEDIUM', 'HARD')","[27, 32]",90.99969
"('MEDIUM', 'MEDIUM', 'HARD')","[27, 33]",90.77616
"('MEDIUM', 'MEDIUM', 'HARD')","[27, 34]",90.55264
"('MEDIUM', 'MEDIUM', 'HARD')","[27, 35]",90.32912
"('MEDIUM', 'MEDIUM', 'HARD')","[27, 36]",90.10558
"('MEDIUM', 'MEDIUM', 'HARD')","[27, 37]",89.88205
"('MEDIUM', 'MEDIUM', 'HARD')","[27, 38]",89.65852
"('MEDIUM', 'MEDIUM', 'HARD')","[27, 39]",89.435
"('MEDIUM', 'MEDIUM', 'HARD')","[27, 40]",89.211464
"('MEDIUM', 'MEDIUM', 'HARD')","[27, 41]",88.98794
"('MEDIUM', 'MEDIUM', 'HARD')","[27, 42]",88.764404
"('MEDIUM', 'MEDIUM', 'HARD')","[27, 43]",88.54088
"('MEDIUM', 'MEDIUM', 'HARD')","[27, 44]",88.31735
"('MEDIUM', 'MEDIUM', 'HARD')","[27, 45]",88.09382
"('MEDIUM', 'MEDIUM', 'HARD')","[27, 46]",87.8703
"('MEDIUM', 'MEDIUM', 'HARD')","[28, 29]",91.70526
"('MEDIUM', 'MEDIUM', 'HARD')","[28, 30]",91.481735
"('MEDIUM', 'MEDIUM', 'HARD')","[28, 31]",91.25821
"('MEDIUM', 'MEDIUM', 'HARD')","[28, 32]",91.03468
"('MEDIUM', 'MEDIUM', 'HARD')","[28, 33]",90.811165
"('MEDIUM', 'MEDIUM', 'HARD')","[28, 34]",90.58763
"('MEDIUM', 'MEDIUM', 'HARD')","[28, 35]",90.364105
"('MEDIUM', 'MEDIUM', 'HARD')","[28, 36]",90.14059
"('MEDIUM', 'MEDIUM', 'HARD')","[28, 37]",89.91705
"('MEDIUM', 'MEDIUM', 'HARD')","[28, 38]",89.69353
"('MEDIUM', 'MEDIUM', 'HARD')","[28, 39]",89.469986
"('MEDIUM', 'MEDIUM', 'HARD')","[28, 40]",89.24646
"('MEDIUM', 'MEDIUM', 'HARD')","[28, 41]",89.022934
"('MEDIUM', 'MEDIUM', 'HARD')","[28, 42]",88.79941
"('MEDIUM', 'MEDIUM', 'HARD')","[28, 43]",88.57588
"('MEDIUM', 'MEDIUM', 'HARD')","[28, 44]",88.352356
"('MEDIUM', 'MEDIUM', 'HARD')","[28, 45]",88.12882
"('MEDIUM', 'MEDIUM', 'HARD')","[28, 46]",87.9053
"('MEDIUM', 'MEDIUM', 'HARD')","[29, 30]",91.51674
"('MEDIUM', 'MEDIUM', 'HARD')","[29, 31]",91.29321
"('MEDIUM', 'MEDIUM', 'HARD')","[29, 32]",91.06969
"('MEDIUM', 'MEDIUM', 'HARD')","[29, 33]",90.84616
"('MEDIUM', 'MEDIUM', 'HARD')","[29, 34]",90.622635
"('MEDIUM', 'MEDIUM', 'HARD')","[29, 35]",90.39911
"('MEDIUM', 'MEDIUM', 'HARD')","[29, 36]",90.17558
"('MEDIUM', 'MEDIUM', 'HARD')","[29, 37]",89.95206
"('MEDIUM', 'MEDIUM', 'HARD')","[29, 38]",89.728516
"('MEDIUM', 'MEDIUM', 'HARD')","[29, 39]",89.50499
"('MEDIUM', 'MEDIUM', 'HARD')","[29, 40]",89.28146
"('MEDIUM', 'MEDIUM', 'HARD')","[29, 41]",89.05793
"('MEDIUM', 'MEDIUM', 'HARD')","[29, 42]",88.83441
"('MEDIUM', 'MEDIUM', 'HARD')","[29, 43]",88.61087
"('MEDIUM', 'MEDIUM', 'HARD')","[29, 44]",88.387344
"('MEDIUM', 'MEDIUM', 'HARD')","[29, 45]",88.163826
"('MEDIUM', 'MEDIUM', 'HARD')","[29, 46]",87.94029
"('MEDIUM', 'MEDIUM', 'HARD')","[30, 31]",91.32822
"('MEDIUM', 'MEDIUM', 'HARD')","[30, 32]",91.10469
"('MEDIUM', 'MEDIUM', 'HARD')","[30, 33]",90.88116
"('MEDIUM', 'MEDIUM', 'HARD')","[30, 34]",90.65764
"('MEDIUM', 'MEDIUM', 'HARD')","[30, 35]",90.43411
"('MEDIUM', 'MEDIUM', 'HARD')","[30, 36]",90.21058
"('MEDIUM', 'MEDIUM', 'HARD')","[30, 37]",89.98705
"('MEDIUM', 'MEDIUM', 'HARD')","[30, 38]",89.76352
"('MEDIUM', 'MEDIUM', 'HARD')","[30, 39]",89.53999
"('MEDIUM', 'MEDIUM', 'HARD')","[30, 40]",89.31647
"('MEDIUM', 'MEDIUM', 'HARD')","[30, 41]",89.09293
"('MEDIUM', 'MEDIUM', 'HARD')","[30, 42]",88.8694
"('MEDIUM', 'MEDIUM', 'HARD')","[30, 43]",88.645874
"('MEDIUM', 'MEDIUM', 'HARD')","[30, 44]",88.42235
"('MEDIUM', 'MEDIUM', 'HARD')","[30, 45]",88.19882
"('MEDIUM', 'MEDIUM', 'HARD')","[30, 46]",87.975296
"('MEDIUM', 'MEDIUM', 'HARD')","[31, 32]",91.13969
"('MEDIUM', 'MEDIUM', 'HARD')","[31, 33]",90.91616
"('MEDIUM', 'MEDIUM', 'HARD')","[31, 34]",90.69264
"('MEDIUM', 'MEDIUM', 'HARD')","[31, 35]",90.46912
"('MEDIUM', 'MEDIUM', 'HARD')","[31, 36]",90.24558
"('MEDIUM', 'MEDIUM', 'HARD')","[31, 37]",90.02205
"('MEDIUM', 'MEDIUM', 'HARD')","[31, 38]",89.79852
"('MEDIUM', 'MEDIUM', 'HARD')","[31, 39]",89.575
"('MEDIUM', 'MEDIUM', 'HARD')","[31, 40]",89.35146
"('MEDIUM', 'MEDIUM', 'HARD')","[31, 41]",89.12794
"('MEDIUM', 'MEDIUM', 'HARD')","[31, 42]",88.9044
"('MEDIUM', 'MEDIUM', 'HARD')","[31, 43]",88.68088
"('MEDIUM', 'MEDIUM', 'HARD')","[31, 44]",88.45735
"('MEDIUM', 'MEDIUM', 'HARD')","[31, 45]",88.23382
"('MEDIUM', 'MEDIUM', 'HARD')","[31, 46]",88.0103
"('MEDIUM', 'MEDIUM', 'HARD')","[32, 33]",90.951164
"('MEDIUM', 'MEDIUM', 'HARD')","[32, 34]",90.72763
"('MEDIUM', 'MEDIUM', 'HARD')","[32, 35]",90.504105
"('MEDIUM', 'MEDIUM', 'HARD')","[32, 36]",90.28059
"('MEDIUM', 'MEDIUM', 'HARD')","[32, 37]",90.05705
"('MEDIUM', 'MEDIUM', 'HARD')","[32, 38]",89.83353
"('MEDIUM', 'MEDIUM', 'HARD')","[32, 39]",89.609985
"('MEDIUM', 'MEDIUM', 'HARD')","[32, 40]",89.38646
"('MEDIUM', 'MEDIUM', 'HARD')","[32, 41]",89.16293
"('MEDIUM', 'MEDIUM', 'HARD')","[32, 42]",88.93941
"('MEDIUM', 'MEDIUM', 'HARD')","[32, 43]",88.71588
"('MEDIUM', 'MEDIUM', 'HARD')","[32, 44]",88.492355
"('MEDIUM', 'MEDIUM', 'HARD')","[32, 45]",88.26882
"('MEDIUM', 'MEDIUM', 'HARD')","[32, 46]",88.045296
"('MEDIUM', 'MEDIUM', 'HARD')","[33, 34]",90.762634
"('MEDIUM', 'MEDIUM', 'HARD')","[33, 35]",90.53911
"('MEDIUM', 'MEDIUM', 'HARD')","[33, 36]",90.31558
"('MEDIUM', 'MEDIUM', 'HARD')","[33, 37]",90.09206
"('MEDIUM', 'MEDIUM', 'HARD')","[33, 38]",89.868515
"('MEDIUM', 'MEDIUM', 'HARD')","[33, 39]",89.64499
"('MEDIUM', 'MEDIUM', 'HARD')","[33, 40]",89.42146
"('MEDIUM', 'MEDIUM', 'HARD')","[33, 41]",89.19793
"('MEDIUM', 'MEDIUM', 'HARD')","[33, 42]",88.97441
"('MEDIUM', 'MEDIUM', 'HARD')","[33, 43]",88.75087
"('MEDIUM', 'MEDIUM', 'HARD')","[33, 44]",88.52734
"('MEDIUM', 'MEDIUM', 'HARD')","[33, 45]",88.303825
"('MEDIUM', 'MEDIUM', 'HARD')","[33, 46]",88.08029
"('MEDIUM', 'MEDIUM', 'HARD')","[34, 35]",90.57411
"('MEDIUM', 'MEDIUM', 'HARD')","[34, 36]",90.35058
"('MEDIUM', 'MEDIUM', 'HARD')","[34, 37]",90.12705
"('MEDIUM', 'MEDIUM', 'HARD')","[34, 38]",89.90352
"('MEDIUM', 'MEDIUM', 'HARD')","[34, 39]",89.67999
"('MEDIUM', 'MEDIUM', 'HARD')","[34, 40]",89.45647
"('MEDIUM', 'MEDIUM', 'HARD')","[34, 41]",89.23293
"('MEDIUM', 'MEDIUM', 'HARD')","[34, 42]",89.0094
"('MEDIUM', 'MEDIUM', 'HARD')","[34, 43]",88.78587
"('MEDIUM', 'MEDIUM', 'HARD')","[34, 44]",88.56235
"('MEDIUM', 'MEDIUM', 'HARD')","[34, 45]",88.33882
"('MEDIUM', 'MEDIUM', 'HARD')","[34, 46]",88.115295
"('MEDIUM', 'MEDIUM', 'HARD')","[35, 36]",90.38558
"('MEDIUM', 'MEDIUM', 'HARD')","[35, 37]",90.16205
"('MEDIUM', 'MEDIUM', 'HARD')","[35, 38]",89.93852
"('MEDIUM', 'MEDIUM', 'HARD')","[35, 39]",89.715
"('MEDIUM', 'MEDIUM', 'HARD')","[35, 40]",89.49146
"('MEDIUM', 'MEDIUM', 'HARD')","[35, 41]",89.26794
"('MEDIUM', 'MEDIUM', 'HARD')","[35, 42]",89.0444
"('MEDIUM', 'MEDIUM', 'HARD')","[35, 43]",88.82088
"('MEDIUM', 'MEDIUM', 'HARD')","[35, 44]",88.59735
"('MEDIUM', 'MEDIUM', 'HARD')","[35, 45]",88.37382
"('MEDIUM', 'MEDIUM', 'HARD')","[35, 46]",88.1503
"('MEDIUM', 'MEDIUM', 'HARD')","[36, 37]",90.19705
"('MEDIUM', 'MEDIUM', 'HARD')","[36, 38]",89.973526
"('MEDIUM', 'MEDIUM', 'HARD')","[36, 39]",89.75
"('MEDIUM', 'MEDIUM', 'HARD')","[36, 40]",89.52647
"('MEDIUM', 'MEDIUM', 'HARD')","[36, 41]",89.30294
"('MEDIUM', 'MEDIUM', 'HARD')","[36, 42]",89.07941
"('MEDIUM', 'MEDIUM', 'HARD')","[36, 43]",88.85588
"('MEDIUM', 'MEDIUM', 'HARD')","[36, 44]",88.632355
"('MEDIUM', 'MEDIUM', 'HARD')","[36, 45]",88.40882
"('MEDIUM', 'MEDIUM', 'HARD')","[36, 46]",88.1853
"('MEDIUM', 'MEDIUM', 'HARD')","[37, 38]",90.00853
"('MEDIUM', 'MEDIUM', 'HARD')","[37, 39]",89.78499
"('MEDIUM', 'MEDIUM', 'HARD')","[37, 40]",89.56146
"('MEDIUM', 'MEDIUM', 'HARD')","[37, 41]",89.33794
"('MEDIUM', 'MEDIUM', 'HARD')","[37, 42]",89.11441
"('MEDIUM', 'MEDIUM', 'HARD')","[37, 43]",88.890884
"('MEDIUM', 'MEDIUM', 'HARD')","[37, 44]",88.66736
"('MEDIUM', 'MEDIUM', 'HARD')","[37, 45]",88.443825
"('MEDIUM', 'MEDIUM', 'HARD')","[37, 46]",88.2203
"('MEDIUM', 'MEDIUM', 'HARD')","[38, 39]",89.81999
"('MEDIUM', 'MEDIUM', 'HARD')","[38, 40]",89.596466
"('MEDIUM', 'MEDIUM', 'HARD')","[38, 41]",89.37293
"('MEDIUM', 'MEDIUM', 'HARD')","[38, 42]",89.149414
"('MEDIUM', 'MEDIUM', 'HARD')","[38, 43]",88.92587
"('MEDIUM', 'MEDIUM', 'HARD')","[38, 44]",88.70235
"('MEDIUM', 'MEDIUM', 'HARD')","[38, 45]",88.47883
"('MEDIUM', 'MEDIUM', 'HARD')","[38, 46]",88.255295
"('MEDIUM', 'MEDIUM', 'HARD')","[39, 40]",89.63147
"('MEDIUM', 'MEDIUM', 'HARD')","[39, 41]",89.407936
"('MEDIUM', 'MEDIUM', 'HARD')","[39, 42]",89.1844
"('MEDIUM', 'MEDIUM', 'HARD')","[39, 43]",88.96088
"('MEDIUM', 'MEDIUM', 'HARD')","[39, 44]",88.73735
"('MEDIUM', 'MEDIUM', 'HARD')","[39, 45]",88.513824
"('MEDIUM', 'MEDIUM', 'HARD')","[39, 46]",88.2903
"('MEDIUM', 'MEDIUM', 'HARD')","[40, 41]",89.44294
"('MEDIUM', 'MEDIUM', 'HARD')","[40, 42]",89.219406
"('MEDIUM', 'MEDIUM', 'HARD')","[40, 43]",88.99588
"('MEDIUM', 'MEDIUM', 'HARD')","[40, 44]",88.772354
"('MEDIUM', 'MEDIUM', 'HARD')","[40, 45]",88.54882
"('MEDIUM', 'MEDIUM', 'HARD')","[40, 46]",88.3253
"('MEDIUM', 'MEDIUM', 'HARD')","[41, 42]",89.25441
"('MEDIUM', 'MEDIUM', 'HARD')","[41, 43]",89.03088
"('MEDIUM', 'MEDIUM', 'HARD')","[41, 44]",88.80736
"('MEDIUM', 'MEDIUM', 'HARD')","[41, 45]",88.583824
"('MEDIUM', 'MEDIUM', 'HARD')","[41, 46]",88.3603
"('MEDIUM', 'MEDIUM', 'HARD')","[42, 43]",89.06587
"('MEDIUM', 'MEDIUM', 'HARD')","[42, 44]",88.84235
"('MEDIUM', 'MEDIUM', 'HARD')","[42, 45]",88.61883
"('MEDIUM', 'MEDIUM', 'HARD')","[42, 46]",88.395294
"('MEDIUM', 'MEDIUM', 'HARD')","[43, 44]",88.87735
"('MEDIUM', 'MEDIUM', 'HARD')","[43, 45]",88.65382
"('MEDIUM', 'MEDIUM', 'HARD')","[43, 46]",88.4303
"('MEDIUM', 'MEDIUM', 'HARD')","[44, 45]",88.68882
"('MEDIUM', 'MEDIUM', 'HARD')","[44, 46]",88.465294
"('MEDIUM', 'MEDIUM', 'HARD')","[45, 46]",88.5003
"('MEDIUM', 'HARD', 'SOFT')","[10, 11]",91.209114
"('MEDIUM', 'HARD', 'SOFT')","[10, 12]",91.328674
"('MEDIUM', 'HARD', 'SOFT')","[10, 13]",91.44823
"('MEDIUM', 'HARD', 'SOFT')","[10, 14]",91.56779
"('MEDIUM', 'HARD', 'SOFT')","[10, 15]",91.68734
"('MEDIUM', 'HARD', 'SOFT')","[10, 16]",91.8069
"('MEDIUM', 'HARD', 'SOFT')","[10, 17]",91.92646
"('MEDIUM', 'HARD', 'SOFT')","[10, 18]",92.04601
"('MEDIUM', 'HARD', 'SOFT')","[10, 19]",92.165565
"('MEDIUM', 'HARD', 'SOFT')","[10, 20]",92.285126
"('MEDIUM', 'HARD', 'SOFT')","[10, 21]",92.40469
"('MEDIUM', 'HARD', 'SOFT')","[10, 22]",92.52424
"('MEDIUM', 'HARD', 'SOFT')","[10, 23]",92.6438
"('MEDIUM', 'HARD', 'SOFT')","[10, 24]",92.76335
"('MEDIUM', 'HARD', 'SOFT')","[10, 25]",92.882904
"('MEDIUM', 'HARD', 'SOFT')","[10, 26]",93.00247
"('MEDIUM', 'HARD', 'SOFT')","[10, 27]",93.122025
"('MEDIUM', 'HARD', 'SOFT')","[10, 28]",93.24158
"('MEDIUM', 'HARD', 'SOFT')","[10, 29]",93.361145
"('MEDIUM', 'HARD', 'SOFT')","[10, 30]",93.48069
"('MEDIUM', 'HARD', 'SOFT')","[10, 31]",93.60025
"('MEDIUM', 'HARD', 'SOFT')","[10, 32]",93.7198
"('MEDIUM', 'HARD', 'SOFT')","[10, 33]",93.839355
"('MEDIUM', 'HARD', 'SOFT')","[10, 34]",93.95892
"('MEDIUM', 'HARD', 'SOFT')","[10, 35]",94.078476
"('MEDIUM', 'HARD', 'SOFT')","[10, 36]",94.19803
"('MEDIUM', 'HARD', 'SOFT')","[10, 37]",94.3176
"('MEDIUM', 'HARD', 'SOFT')","[10, 38]",94.43714
"('MEDIUM', 'HARD', 'SOFT')","[10, 39]",94.5567
"('MEDIUM', 'HARD', 'SOFT')","[10, 40]",94.67627
"('MEDIUM', 'HARD', 'SOFT')","[10, 41]",94.79582
"('MEDIUM', 'HARD', 'SOFT')","[10, 42]",94.91539
"('MEDIUM', 'HARD', 'SOFT')","[10, 43]",95.03494
"('MEDIUM', 'HARD', 'SOFT')","[10, 44]",95.15451
"('MEDIUM', 'HARD', 'SOFT')","[10, 45]",95.27406
"('MEDIUM', 'HARD', 'SOFT')","[10, 46]",95.39362
"('MEDIUM', 'HARD', 'SOFT')","[11, 12]",91.10515
"('MEDIUM', 'HARD', 'SOFT')","[11, 13]",91.2247
"('MEDIUM', 'HARD', 'SOFT')","[11, 14]",91.34426
"('MEDIUM', 'HARD', 'SOFT')","[11, 15]",91.46381
"('MEDIUM', 'HARD', 'SOFT')","[11, 16]",91.583374
"('MEDIUM', 'HARD', 'SOFT')","[11, 17]",91.702934
"('MEDIUM', 'HARD', 'SOFT')","[11, 18]",91.82249
"('MEDIUM', 'HARD', 'SOFT')","[11, 19]",91.94204
"('MEDIUM', 'HARD', 'SOFT')","[11, 20]",92.0616
"('MEDIUM', 'HARD', 'SOFT')","[11, 21]",92.18117
"('MEDIUM', 'HARD', 'SOFT')","[11, 22]",92.30071
"('MEDIUM', 'HARD', 'SOFT')","[11, 23]",92.42027
"('MEDIUM', 'HARD', 'SOFT')","[11, 24]",92.539825
"('MEDIUM', 'HARD', 'SOFT')","[11, 25]",92.65938
"('MEDIUM', 'HARD', 'SOFT')","[11, 26]",92.778946
"('MEDIUM', 'HARD', 'SOFT')","[11, 27]",92.8985
"('MEDIUM', 'HARD', 'SOFT')","[11, 28]",93.01805
"('MEDIUM', 'HARD', 'SOFT')","[11, 29]",93.13762
"('MEDIUM', 'HARD', 'SOFT')","[11, 30]",93.257164
"('MEDIUM', 'HARD', 'SOFT')","[11, 31]",93.376724
"('MEDIUM', 'HARD', 'SOFT')","[11, 32]",93.49628
"('MEDIUM', 'HARD', 'SOFT')","[11, 33]",93.61583
"('MEDIUM', 'HARD', 'SOFT')","[11, 34]",93.7354
"('MEDIUM', 'HARD', 'SOFT')","[11, 35]",93.85495
"('MEDIUM', 'HARD', 'SOFT')","[11, 36]",93.9745
"('MEDIUM', 'HARD', 'SOFT')","[11, 37]",94.09407
"('MEDIUM', 'HARD', 'SOFT')","[11, 38]",94.213615
"('MEDIUM', 'HARD', 'SOFT')","[11, 39]",94.333176
"('MEDIUM', 'HARD', 'SOFT')","[11, 40]",94.45274
"('MEDIUM', 'HARD', 'SOFT')","[11, 41]",94.572296
"('MEDIUM', 'HARD', 'SOFT')","[11, 42]",94.691864
"('MEDIUM', 'HARD', 'SOFT')","[11, 43]",94.81142
"('MEDIUM', 'HARD', 'SOFT')","[11, 44]",94.930984
"('MEDIUM', 'HARD', 'SOFT')","[11, 45]",95.05054
"('MEDIUM', 'HARD', 'SOFT')","[11, 46]",95.1701
"('MEDIUM', 'HARD', 'SOFT')","[12, 13]",91.001175
"('MEDIUM', 'HARD', 'SOFT')","[12, 14]",91.12073
"('MEDIUM', 'HARD', 'SOFT')","[12, 15]",91.24029
"('MEDIUM', 'HARD', 'SOFT')","[12, 16]",91.35984
"('MEDIUM', 'HARD', 'SOFT')","[12, 17]",91.4794
"('MEDIUM', 'HARD', 'SOFT')","[12, 18]",91.59895
"('MEDIUM', 'HARD', 'SOFT')","[12, 19]",91.71851
"('MEDIUM', 'HARD', 'SOFT')","[12, 20]",91.83807
"('MEDIUM', 'HARD', 'SOFT')","[12, 21]",91.95763
"('MEDIUM', 'HARD', 'SOFT')","[12, 22]",92.07719
"('MEDIUM', 'HARD', 'SOFT')","[12, 23]",92.19675
"('MEDIUM', 'HARD', 'SOFT')","[12, 24]",92.3163
"('MEDIUM', 'HARD', 'SOFT')","[12, 25]",92.43585
"('MEDIUM', 'HARD', 'SOFT')","[12, 26]",92.55541
"('MEDIUM', 'HARD', 'SOFT')","[12, 27]",92.674965
"('MEDIUM', 'HARD', 'SOFT')","[12, 28]",92.794525
"('MEDIUM', 'HARD', 'SOFT')","[12, 29]",92.91408
"('MEDIUM', 'HARD', 'SOFT')","[12, 30]",93.03364
"('MEDIUM', 'HARD', 'SOFT')","[12, 31]",93.1532
"('MEDIUM', 'HARD', 'SOFT')","[12, 32]",93.27275
"('MEDIUM', 'HARD', 'SOFT')","[12, 33]",93.3923
"('MEDIUM', 'HARD', 'SOFT')","[12, 34]",93.51186
"('MEDIUM', 'HARD', 'SOFT')","[12, 35]",93.63142
"('MEDIUM', 'HARD', 'SOFT')","[12, 36]",93.75098
"('MEDIUM', 'HARD', 'SOFT')","[12, 37]",93.87053
"('MEDIUM', 'HARD', 'SOFT')","[12, 38]",93.99009
"('MEDIUM', 'HARD', 'SOFT')","[12, 39]",94.10965
"('MEDIUM', 'HARD', 'SOFT')","[12, 40]",94.22922
"('MEDIUM', 'HARD', 'SOFT')","[12, 41]",94.34877
"('MEDIUM', 'HARD', 'SOFT')","[12, 42]",94.46833
"('MEDIUM', 'HARD', 'SOFT')","[12, 43]",94.58789
"('MEDIUM', 'HARD', 'SOFT')","[12, 44]",94.70744
"('MEDIUM', 'HARD', 'SOFT')","[12, 45]",94.827
"('MEDIUM', 'HARD', 'SOFT')","[12, 46]",94.94656
"('MEDIUM', 'HARD', 'SOFT')","[13, 14]",90.89721
"('MEDIUM', 'HARD', 'SOFT')","[13, 15]",91.01676
"('MEDIUM', 'HARD', 'SOFT')","[13, 16]",91.136314
"('MEDIUM', 'HARD', 'SOFT')","[13, 17]",91.255875
"('MEDIUM', 'HARD', 'SOFT')","[13, 18]",91.37543
"('MEDIUM', 'HARD', 'SOFT')","[13, 19]",91.49499
"('MEDIUM', 'HARD', 'SOFT')","[13, 20]",91.61455
"('MEDIUM', 'HARD', 'SOFT')","[13, 21]",91.7341
"('MEDIUM', 'HARD', 'SOFT')","[13, 22]",91.85366
"('MEDIUM', 'HARD', 'SOFT')","[13, 23]",91.97322
"('MEDIUM', 'HARD', 'SOFT')","[13, 24]",92.09277
"('MEDIUM', 'HARD', 'SOFT')","[13, 25]",92.212326
"('MEDIUM', 'HARD', 'SOFT')","[13, 26]",92.33189
"('MEDIUM', 'HARD', 'SOFT')","[13, 27]",92.45145
"('MEDIUM', 'HARD', 'SOFT')","[13, 28]",92.571
"('MEDIUM', 'HARD', 'SOFT')","[13, 29]",92.69055
"('MEDIUM', 'HARD', 'SOFT')","[13, 30]",92.81011
"('MEDIUM', 'HARD', 'SOFT')","[13, 31]",92.92967
"('MEDIUM', 'HARD', 'SOFT')","[13, 32]",93.049225
"('MEDIUM', 'HARD', 'SOFT')","[13, 33]",93.16878
"('MEDIUM', 'HARD', 'SOFT')","[13, 34]",93.28834
"('MEDIUM', 'HARD', 'SOFT')","[13, 35]",93.4079
"('MEDIUM', 'HARD', 'SOFT')","[13, 36]",93.52745
"('MEDIUM', 'HARD', 'SOFT')","[13, 37]",93.647
"('MEDIUM', 'HARD', 'SOFT')","[13, 38]",93.76656
"('MEDIUM', 'HARD', 'SOFT')","[13, 39]",93.88612
"('MEDIUM', 'HARD', 'SOFT')","[13, 40]",94.00569
"('MEDIUM', 'HARD', 'SOFT')","[13, 41]",94.125244
"('MEDIUM', 'HARD', 'SOFT')","[13, 42]",94.244804
"('MEDIUM', 'HARD', 'SOFT')","[13, 43]",94.364365
"('MEDIUM', 'HARD', 'SOFT')","[13, 44]",94.48393
"('MEDIUM', 'HARD', 'SOFT')","[13, 45]",94.603485
"('MEDIUM', 'HARD', 'SOFT')","[13, 46]",94.72304
"('MEDIUM', 'HARD', 'SOFT')","[14, 15]",90.793236
"('MEDIUM', 'HARD', 'SOFT')","[14, 16]",90.91279
"('MEDIUM', 'HARD', 'SOFT')","[14, 17]",91.03235
"('MEDIUM', 'HARD', 'SOFT')","[14, 18]",91.1519
"('MEDIUM', 'HARD', 'SOFT')","[14, 19]",91.27146
"('MEDIUM', 'HARD', 'SOFT')","[14, 20]",91.39102
"('MEDIUM', 'HARD', 'SOFT')","[14, 21]",91.510574
"('MEDIUM', 'HARD', 'SOFT')","[14, 22]",91.630135
"('MEDIUM', 'HARD', 'SOFT')","[14, 23]",91.749695
"('MEDIUM', 'HARD', 'SOFT')","[14, 24]",91.86925
"('MEDIUM', 'HARD', 'SOFT')","[14, 25]",91.9888
"('MEDIUM', 'HARD', 'SOFT')","[14, 26]",92.10836
"('MEDIUM', 'HARD', 'SOFT')","[14, 27]",92.22791
"('MEDIUM', 'HARD', 'SOFT')","[14, 28]",92.34747
"('MEDIUM', 'HARD', 'SOFT')","[14, 29]",92.467026
"('MEDIUM', 'HARD', 'SOFT')","[14, 30]",92.586586
"('MEDIUM', 'HARD', 'SOFT')","[14, 31]",92.70615
"('MEDIUM', 'HARD', 'SOFT')","[14, 32]",92.8257
"('MEDIUM', 'HARD', 'SOFT')","[14, 33]",92.94525
"('MEDIUM', 'HARD', 'SOFT')","[14, 34]",93.06481
"('MEDIUM', 'HARD', 'SOFT')","[14, 35]",93.184364
"('MEDIUM', 'HARD', 'SOFT')","[14, 36]",93.303925
"('MEDIUM', 'HARD', 'SOFT')","[14, 37]",93.42348
"('MEDIUM', 'HARD', 'SOFT')","[14, 38]",93.54304
"('MEDIUM', 'HARD', 'SOFT')","[14, 39]",93.6626
"('MEDIUM', 'HARD', 'SOFT')","[14, 40]",93.782166
"('MEDIUM', 'HARD', 'SOFT')","[14, 41]",93.90172
"('MEDIUM', 'HARD', 'SOFT')","[14, 42]",94.02128
"('MEDIUM', 'HARD', 'SOFT')","[14, 43]",94.14084
"('MEDIUM', 'HARD', 'SOFT')","[14, 44]",94.26039
"('MEDIUM', 'HARD', 'SOFT')","[14, 45]",94.37995
"('MEDIUM', 'HARD', 'SOFT')","[14, 46]",94.49951
"('MEDIUM', 'HARD', 'SOFT')","[15, 16]",90.68926
"('MEDIUM', 'HARD', 'SOFT')","[15, 17]",90.80882
"('MEDIUM', 'HARD', 'SOFT')","[15, 18]",90.928375
"('MEDIUM', 'HARD', 'SOFT')","[15, 19]",91.047935
"('MEDIUM', 'HARD', 'SOFT')","[15, 20]",91.167496
"('MEDIUM', 'HARD', 'SOFT')","[15, 21]",91.28705
"('MEDIUM', 'HARD', 'SOFT')","[15, 22]",91.40661
"('MEDIUM', 'HARD', 'SOFT')","[15, 23]",91.52617
"('MEDIUM', 'HARD', 'SOFT')","[15, 24]",91.64572
"('MEDIUM', 'HARD', 'SOFT')","[15, 25]",91.765274
"('MEDIUM', 'HARD', 'SOFT')","[15, 26]",91.884834
"('MEDIUM', 'HARD', 'SOFT')","[15, 27]",92.004395
"('MEDIUM', 'HARD', 'SOFT')","[15, 28]",92.12395
"('MEDIUM', 'HARD', 'SOFT')","[15, 29]",92.2435
"('MEDIUM', 'HARD', 'SOFT')","[15, 30]",92.36306
"('MEDIUM', 'HARD', 'SOFT')","[15, 31]",92.48262
"('MEDIUM', 'HARD', 'SOFT')","[15, 32]",92.60217
"('MEDIUM', 'HARD', 'SOFT')","[15, 33]",92.721725
"('MEDIUM', 'HARD', 'SOFT')","[15, 34]",92.841286
"('MEDIUM', 'HARD', 'SOFT')","[15, 35]",92.960846
"('MEDIUM', 'HARD', 'SOFT')","[15, 36]",93.0804
"('MEDIUM', 'HARD', 'SOFT')","[15, 37]",93.19995
"('MEDIUM', 'HARD', 'SOFT')","[15, 38]",93.31951
"('MEDIUM', 'HARD', 'SOFT')","[15, 39]",93.43907
"('MEDIUM', 'HARD', 'SOFT')","[15, 40]",93.55864
"('MEDIUM', 'HARD', 'SOFT')","[15, 41]",93.67819
"('MEDIUM', 'HARD', 'SOFT')","[15, 42]",93.79775
"('MEDIUM', 'HARD', 'SOFT')","[15, 43]",93.91731
"('MEDIUM', 'HARD', 'SOFT')","[15, 44]",94.03688
"('MEDIUM', 'HARD', 'SOFT')","[15, 45]",94.15643
"('MEDIUM', 'HARD', 'SOFT')","[15, 46]",94.275986
"('MEDIUM', 'HARD', 'SOFT')","[16, 17]",90.5853
"('MEDIUM', 'HARD', 'SOFT')","[16, 18]",90.70485
"('MEDIUM', 'HARD', 'SOFT')","[16, 19]",90.82441
"('MEDIUM', 'HARD', 'SOFT')","[16, 20]",90.94397
"('MEDIUM', 'HARD', 'SOFT')","[16, 21]",91.06352
"('MEDIUM', 'HARD', 'SOFT')","[16, 22]",91.18308
"('MEDIUM', 'HARD', 'SOFT')","[16, 23]",91.30264
"('MEDIUM', 'HARD', 'SOFT')","[16, 24]",91.422195
"('MEDIUM', 'HARD', 'SOFT')","[16, 25]",91.54175
"('MEDIUM', 'HARD', 'SOFT')","[16, 26]",91.66131
"('MEDIUM', 'HARD', 'SOFT')","[16, 27]",91.78086
"('MEDIUM', 'HARD', 'SOFT')","[16, 28]",91.90042
"('MEDIUM', 'HARD', 'SOFT')","[16, 29]",92.01997
"('MEDIUM', 'HARD', 'SOFT')","[16, 30]",92.139534
"('MEDIUM', 'HARD', 'SOFT')","[16, 31]",92.259094
"('MEDIUM', 'HARD', 'SOFT')","[16, 32]",92.37865
"('MEDIUM', 'HARD', 'SOFT')","[16, 33]",92.4982
"('MEDIUM', 'HARD', 'SOFT')","[16, 34]",92.61776
"('MEDIUM', 'HARD', 'SOFT')","[16, 35]",92.73731
"('MEDIUM', 'HARD', 'SOFT')","[16, 36]",92.85687
"('MEDIUM', 'HARD', 'SOFT')","[16, 37]",92.976425
"('MEDIUM', 'HARD', 'SOFT')","[16, 38]",93.095985
"('MEDIUM', 'HARD', 'SOFT')","[16, 39]",93.215546
"('MEDIUM', 'HARD', 'SOFT')","[16, 40]",93.33511
"('MEDIUM', 'HARD', 'SOFT')","[16, 41]",93.454666
"('MEDIUM', 'HARD', 'SOFT')","[16, 42]",93.57423
"('MEDIUM', 'HARD', 'SOFT')","[16, 43]",93.69379
"('MEDIUM', 'HARD', 'SOFT')","[16, 44]",93.81334
"('MEDIUM', 'HARD', 'SOFT')","[16, 45]",93.9329
"('MEDIUM', 'HARD', 'SOFT')","[16, 46]",94.05246
"('MEDIUM', 'HARD', 'SOFT')","[17, 18]",90.48132
"('MEDIUM', 'HARD', 'SOFT')","[17, 19]",90.60088
"('MEDIUM', 'HARD', 'SOFT')","[17, 20]",90.72044
"('MEDIUM', 'HARD', 'SOFT')","[17, 21]",90.84
"('MEDIUM', 'HARD', 'SOFT')","[17, 22]",90.95956
"('MEDIUM', 'HARD', 'SOFT')","[17, 23]",91.07912
"('MEDIUM', 'HARD', 'SOFT')","[17, 24]",91.19867
"('MEDIUM', 'HARD', 'SOFT')","[17, 25]",91.31822
"('MEDIUM', 'HARD', 'SOFT')","[17, 26]",91.43778
"('MEDIUM', 'HARD', 'SOFT')","[17, 27]",91.55734
"('MEDIUM', 'HARD', 'SOFT')","[17, 28]",91.676895
"('MEDIUM', 'HARD', 'SOFT')","[17, 29]",91.79645
"('MEDIUM', 'HARD', 'SOFT')","[17, 30]",91.91601
"('MEDIUM', 'HARD', 'SOFT')","[17, 31]",92.03557
"('MEDIUM', 'HARD', 'SOFT')","[17, 32]",92.15512
"('MEDIUM', 'HARD', 'SOFT')","[17, 33]",92.27467
"('MEDIUM', 'HARD', 'SOFT')","[17, 34]",92.39423
"('MEDIUM', 'HARD', 'SOFT')","[17, 35]",92.513794
"('MEDIUM', 'HARD', 'SOFT')","[17, 36]",92.63335
"('MEDIUM', 'HARD', 'SOFT')","[17, 37]",92.7529
"('MEDIUM', 'HARD', 'SOFT')","[17, 38]",92.87246
"('MEDIUM', 'HARD', 'SOFT')","[17, 39]",92.99202
"('MEDIUM', 'HARD', 'SOFT')","[17, 40]",93.11159
"('MEDIUM', 'HARD', 'SOFT')","[17, 41]",93.23114
"('MEDIUM', 'HARD', 'SOFT')","[17, 42]",93.3507
"('MEDIUM', 'HARD', 'SOFT')","[17, 43]",93.47026
"('MEDIUM', 'HARD', 'SOFT')","[17, 44]",93.58983
"('MEDIUM', 'HARD', 'SOFT')","[17, 45]",93.70938
"('MEDIUM', 'HARD', 'SOFT')","[17, 46]",93.82893
"('MEDIUM', 'HARD', 'SOFT')","[18, 19]",90.37736
"('MEDIUM', 'HARD', 'SOFT')","[18, 20]",90.49692
"('MEDIUM', 'HARD', 'SOFT')","[18, 21]",90.61647
"('MEDIUM', 'HARD', 'SOFT')","[18, 22]",90.73603
"('MEDIUM', 'HARD', 'SOFT')","[18, 23]",90.85559
"('MEDIUM', 'HARD', 'SOFT')","[18, 24]",90.97514
"('MEDIUM', 'HARD', 'SOFT')","[18, 25]",91.094696
"('MEDIUM', 'HARD', 'SOFT')","[18, 26]",91.21426
"('MEDIUM', 'HARD', 'SOFT')","[18, 27]",91.33381
"('MEDIUM', 'HARD', 'SOFT')","[18, 28]",91.45337
"('MEDIUM', 'HARD', 'SOFT')","[18, 29]",91.57292
"('MEDIUM', 'HARD', 'SOFT')","[18, 30]",91.69248
"('MEDIUM', 'HARD', 'SOFT')","[18, 31]",91.81204
"('MEDIUM', 'HARD', 'SOFT')","[18, 32]",91.931595
"('MEDIUM', 'HARD', 'SOFT')","[18, 33]",92.05115
"('MEDIUM', 'HARD', 'SOFT')","[18, 34]",92.17071
"('MEDIUM', 'HARD', 'SOFT')","[18, 35]",92.29026
"('MEDIUM', 'HARD', 'SOFT')","[18, 36]",92.40982
"('MEDIUM', 'HARD', 'SOFT')","[18, 37]",92.52937
"('MEDIUM', 'HARD', 'SOFT')","[18, 38]",92.64893
"('MEDIUM', 'HARD', 'SOFT')","[18, 39]",92.76849
"('MEDIUM', 'HARD', 'SOFT')","[18, 40]",92.88806
"('MEDIUM', 'HARD', 'SOFT')","[18, 41]",93.007614
"('MEDIUM', 'HARD', 'SOFT')","[18, 42]",93.127174
"('MEDIUM', 'HARD', 'SOFT')","[18, 43]",93.246735
"('MEDIUM', 'HARD', 'SOFT')","[18, 44]",93.36629
"('MEDIUM', 'HARD', 'SOFT')","[18, 45]",93.48585
"('MEDIUM', 'HARD', 'SOFT')","[18, 46]",93.60541
"('MEDIUM', 'HARD', 'SOFT')","[19, 20]",90.27339
"('MEDIUM', 'HARD', 'SOFT')","[19, 21]",90.392944
"('MEDIUM', 'HARD', 'SOFT')","[19, 22]",90.512505
"('MEDIUM', 'HARD', 'SOFT')","[19, 23]",90.63206
"('MEDIUM', 'HARD', 'SOFT')","[19, 24]",90.75162
"('MEDIUM', 'HARD', 'SOFT')","[19, 25]",90.87117
"('MEDIUM', 'HARD', 'SOFT')","[19, 26]",90.99073
"('MEDIUM', 'HARD', 'SOFT')","[19, 27]",91.11028
"('MEDIUM', 'HARD', 'SOFT')","[19, 28]",91.22984
"('MEDIUM', 'HARD', 'SOFT')","[19, 29]",91.349396
"('MEDIUM', 'HARD', 'SOFT')","[19, 30]",91.468956
"('MEDIUM', 'HARD', 'SOFT')","[19, 31]",91.58851
"('MEDIUM', 'HARD', 'SOFT')","[19, 32]",91.70807
"('MEDIUM', 'HARD', 'SOFT')","[19, 33]",91.82762
"('MEDIUM', 'HARD', 'SOFT')","[19, 34]",91.94718
"('MEDIUM', 'HARD', 'SOFT')","[19, 35]",92.066734
"('MEDIUM', 'HARD', 'SOFT')","[19, 36]",92.186295
"('MEDIUM', 'HARD', 'SOFT')","[19, 37]",92.30585
"('MEDIUM', 'HARD', 'SOFT')","[19, 38]",92.42541
"('MEDIUM', 'HARD', 'SOFT')","[19, 39]",92.54497
"('MEDIUM', 'HARD', 'SOFT')","[19, 40]",92.66452
"('MEDIUM', 'HARD', 'SOFT')","[19, 41]",92.78409
"('MEDIUM', 'HARD', 'SOFT')","[19, 42]",92.90365
"('MEDIUM', 'HARD', 'SOFT')","[19, 43]",93.02321
"('MEDIUM', 'HARD', 'SOFT')","[19, 44]",93.14276
"('MEDIUM', 'HARD', 'SOFT')","[19, 45]",93.26232
"('MEDIUM', 'HARD', 'SOFT')","[19, 46]",93.38188
"('MEDIUM', 'HARD', 'SOFT')","[20, 21]",90.16942
"('MEDIUM', 'HARD', 'SOFT')","[20, 22]",90.28898
"('MEDIUM', 'HARD', 'SOFT')","[20, 23]",90.40853
"('MEDIUM', 'HARD', 'SOFT')","[20, 24]",90.52809
"('MEDIUM', 'HARD', 'SOFT')","[20, 25]",90.647644
"('MEDIUM', 'HARD', 'SOFT')","[20, 26]",90.7672
"('MEDIUM', 'HARD', 'SOFT')","[20, 27]",90.88676
"('MEDIUM', 'HARD', 'SOFT')","[20, 28]",91.00632
"('MEDIUM', 'HARD', 'SOFT')","[20, 29]",91.12587
"('MEDIUM', 'HARD', 'SOFT')","[20, 30]",91.24543
"('MEDIUM', 'HARD', 'SOFT')","[20, 31]",91.36498
"('MEDIUM', 'HARD', 'SOFT')","[20, 32]",91.48454
"('MEDIUM', 'HARD', 'SOFT')","[20, 33]",91.604095
"('MEDIUM', 'HARD', 'SOFT')","[20, 34]",91.72365
"('MEDIUM', 'HARD', 'SOFT')","[20, 35]",91.84321
"('MEDIUM', 'HARD', 'SOFT')","[20, 36]",91.96277
"('MEDIUM', 'HARD', 'SOFT')","[20, 37]",92.08232
"('MEDIUM', 'HARD', 'SOFT')","[20, 38]",92.20188
"('MEDIUM', 'HARD', 'SOFT')","[20, 39]",92.32144
"('MEDIUM', 'HARD', 'SOFT')","[20, 40]",92.440994
"('MEDIUM', 'HARD', 'SOFT')","[20, 41]",92.56056
"('MEDIUM', 'HARD', 'SOFT')","[20, 42]",92.680115
"('MEDIUM', 'HARD', 'SOFT')","[20, 43]",92.79968
"('MEDIUM', 'HARD', 'SOFT')","[20, 44]",92.919235
"('MEDIUM', 'HARD', 'SOFT')","[20, 45]",93.038795
"('MEDIUM', 'HARD', 'SOFT')","[20, 46]",93.15835
"('MEDIUM', 'HARD', 'SOFT')","[21, 22]",90.06545
"('MEDIUM', 'HARD', 'SOFT')","[21, 23]",90.185005
"('MEDIUM', 'HARD', 'SOFT')","[21, 24]",90.304565
"('MEDIUM', 'HARD', 'SOFT')","[21, 25]",90.42412
"('MEDIUM', 'HARD', 'SOFT')","[21, 26]",90.54367
"('MEDIUM', 'HARD', 'SOFT')","[21, 27]",90.66323
"('MEDIUM', 'HARD', 'SOFT')","[21, 28]",90.78279
"('MEDIUM', 'HARD', 'SOFT')","[21, 29]",90.90234
"('MEDIUM', 'HARD', 'SOFT')","[21, 30]",91.021904
"('MEDIUM', 'HARD', 'SOFT')","[21, 31]",91.14146
"('MEDIUM', 'HARD', 'SOFT')","[21, 32]",91.26102
"('MEDIUM', 'HARD', 'SOFT')","[21, 33]",91.38057
"('MEDIUM', 'HARD', 'SOFT')","[21, 34]",91.50012
"('MEDIUM', 'HARD', 'SOFT')","[21, 35]",91.61968
"('MEDIUM', 'HARD', 'SOFT')","[21, 36]",91.73924
"('MEDIUM', 'HARD', 'SOFT')","[21, 37]",91.858795
"('MEDIUM', 'HARD', 'SOFT')","[21, 38]",91.978355
"('MEDIUM', 'HARD', 'SOFT')","[21, 39]",92.097916
"('MEDIUM', 'HARD', 'SOFT')","[21, 40]",92.21747
"('MEDIUM', 'HARD', 'SOFT')","[21, 41]",92.337036
"('MEDIUM', 'HARD', 'SOFT')","[21, 42]",92.45659
"('MEDIUM', 'HARD', 'SOFT')","[21, 43]",92.57616
"('MEDIUM', 'HARD', 'SOFT')","[21, 44]",92.69571
"('MEDIUM', 'HARD', 'SOFT')","[21, 45]",92.81527
"('MEDIUM', 'HARD', 'SOFT')","[21, 46]",92.93482
"('MEDIUM', 'HARD', 'SOFT')","[22, 23]",89.96148
"('MEDIUM', 'HARD', 'SOFT')","[22, 24]",90.08104
"('MEDIUM', 'HARD', 'SOFT')","[22, 25]",90.20059
"('MEDIUM', 'HARD', 'SOFT')","[22, 26]",90.320145
"('MEDIUM', 'HARD', 'SOFT')","[22, 27]",90.439705
"('MEDIUM', 'HARD', 'SOFT')","[22, 28]",90.559265
"('MEDIUM', 'HARD', 'SOFT')","[22, 29]",90.67882
"('MEDIUM', 'HARD', 'SOFT')","[22, 30]",90.79838
"('MEDIUM', 'HARD', 'SOFT')","[22, 31]",90.91793
"('MEDIUM', 'HARD', 'SOFT')","[22, 32]",91.03749
"('MEDIUM', 'HARD', 'SOFT')","[22, 33]",91.15704
"('MEDIUM', 'HARD', 'SOFT')","[22, 34]",91.276596
"('MEDIUM', 'HARD', 'SOFT')","[22, 35]",91.39616
"('MEDIUM', 'HARD', 'SOFT')","[22, 36]",91.51572
"('MEDIUM', 'HARD', 'SOFT')","[22, 37]",91.63527
"('MEDIUM', 'HARD', 'SOFT')","[22, 38]",91.75483
"('MEDIUM', 'HARD', 'SOFT')","[22, 39]",91.87439
"('MEDIUM', 'HARD', 'SOFT')","[22, 40]",91.99394
"('MEDIUM', 'HARD', 'SOFT')","[22, 41]",92.11351
"('MEDIUM', 'HARD', 'SOFT')","[22, 42]",92.23306
"('MEDIUM', 'HARD', 'SOFT')","[22, 43]",92.35263
"('MEDIUM', 'HARD', 'SOFT')","[22, 44]",92.47218
"('MEDIUM', 'HARD', 'SOFT')","[22, 45]",92.59174
"('MEDIUM', 'HARD', 'SOFT')","[22, 46]",92.711296
"('MEDIUM', 'HARD', 'SOFT')","[23, 24]",89.85751
"('MEDIUM', 'HARD', 'SOFT')","[23, 25]",89.977066
"('MEDIUM', 'HARD', 'SOFT')","[23, 26]",90.09662
"('MEDIUM', 'HARD', 'SOFT')","[23, 27]",90.21618
"('MEDIUM', 'HARD', 'SOFT')","[23, 28]",90.33574
"('MEDIUM', 'HARD', 'SOFT')","[23, 29]",90.45529
"('MEDIUM', 'HARD', 'SOFT')","[23, 30]",90.57485
"('MEDIUM', 'HARD', 'SOFT')","[23, 31]",90.694405
"('MEDIUM', 'HARD', 'SOFT')","[23, 32]",90.813965
"('MEDIUM', 'HARD', 'SOFT')","[23, 33]",90.93352
"('MEDIUM', 'HARD', 'SOFT')","[23, 34]",91.05307
"('MEDIUM', 'HARD', 'SOFT')","[23, 35]",91.17263
"('MEDIUM', 'HARD', 'SOFT')","[23, 36]",91.29219
"('MEDIUM', 'HARD', 'SOFT')","[23, 37]",91.41174
"('MEDIUM', 'HARD', 'SOFT')","[23, 38]",91.5313
"('MEDIUM', 'HARD', 'SOFT')","[23, 39]",91.65086
"('MEDIUM', 'HARD', 'SOFT')","[23, 40]",91.77042
"('MEDIUM', 'HARD', 'SOFT')","[23, 41]",91.889984
"('MEDIUM', 'HARD', 'SOFT')","[23, 42]",92.00954
"('MEDIUM', 'HARD', 'SOFT')","[23, 43]",92.129105
"('MEDIUM', 'HARD', 'SOFT')","[23, 44]",92.24866
"('MEDIUM', 'HARD', 'SOFT')","[23, 45]",92.36822
"('MEDIUM', 'HARD', 'SOFT')","[23, 46]",92.48777
"('MEDIUM', 'HARD', 'SOFT')","[24, 25]",89.75354
"('MEDIUM', 'HARD', 'SOFT')","[24, 26]",89.87309
"('MEDIUM', 'HARD', 'SOFT')","[24, 27]",89.99265
"('MEDIUM', 'HARD', 'SOFT')","[24, 28]",90.11221
"('MEDIUM', 'HARD', 'SOFT')","[24, 29]",90.231766
"('MEDIUM', 'HARD', 'SOFT')","[24, 30]",90.351326
"('MEDIUM', 'HARD', 'SOFT')","[24, 31]",90.47088
"('MEDIUM', 'HARD', 'SOFT')","[24, 32]",90.59044
"('MEDIUM', 'HARD', 'SOFT')","[24, 33]",90.70999
"('MEDIUM', 'HARD', 'SOFT')","[24, 34]",90.829544
"('MEDIUM', 'HARD', 'SOFT')","[24, 35]",90.949104
"('MEDIUM', 'HARD', 'SOFT')","[24, 36]",91.068665
"('MEDIUM', 'HARD', 'SOFT')","[24, 37]",91.18822
"('MEDIUM', 'HARD', 'SOFT')","[24, 38]",91.30778
"('MEDIUM', 'HARD', 'SOFT')","[24, 39]",91.42734
"('MEDIUM', 'HARD', 'SOFT')","[24, 40]",91.54689
"('MEDIUM', 'HARD', 'SOFT')","[24, 41]",91.66646
"('MEDIUM', 'HARD', 'SOFT')","[24, 42]",91.78601
"('MEDIUM', 'HARD', 'SOFT')","[24, 43]",91.90558
"('MEDIUM', 'HARD', 'SOFT')","[24, 44]",92.02513
"('MEDIUM', 'HARD', 'SOFT')","[24, 45]",92.14469
"('MEDIUM', 'HARD', 'SOFT')","[24, 46]",92.264244
"('MEDIUM', 'HARD', 'SOFT')","[25, 26]",89.64957
"('MEDIUM', 'HARD', 'SOFT')","[25, 27]",89.76913
"('MEDIUM', 'HARD', 'SOFT')","[25, 28]",89.88869
"('MEDIUM', 'HARD', 'SOFT')","[25, 29]",90.00824
"('MEDIUM', 'HARD', 'SOFT')","[25, 30]",90.1278
"('MEDIUM', 'HARD', 'SOFT')","[25, 31]",90.24735
"('MEDIUM', 'HARD', 'SOFT')","[25, 32]",90.36691
"('MEDIUM', 'HARD', 'SOFT')","[25, 33]",90.486465
"('MEDIUM', 'HARD', 'SOFT')","[25, 34]",90.60602
"('MEDIUM', 'HARD', 'SOFT')","[25, 35]",90.72558
"('MEDIUM', 'HARD', 'SOFT')","[25, 36]",90.84514
"('MEDIUM', 'HARD', 'SOFT')","[25, 37]",90.96469
"('MEDIUM', 'HARD', 'SOFT')","[25, 38]",91.08425
"('MEDIUM', 'HARD', 'SOFT')","[25, 39]",91.20381
"('MEDIUM', 'HARD', 'SOFT')","[25, 40]",91.323364
"('MEDIUM', 'HARD', 'SOFT')","[25, 41]",91.44293
"('MEDIUM', 'HARD', 'SOFT')","[25, 42]",91.562485
"('MEDIUM', 'HARD', 'SOFT')","[25, 43]",91.68205
"('MEDIUM', 'HARD', 'SOFT')","[25, 44]",91.801605
"('MEDIUM', 'HARD', 'SOFT')","[25, 45]",91.921165
"('MEDIUM', 'HARD', 'SOFT')","[25, 46]",92.04072
"('MEDIUM', 'HARD', 'SOFT')","[26, 27]",89.5456
"('MEDIUM', 'HARD', 'SOFT')","[26, 28]",89.66516
"('MEDIUM', 'HARD', 'SOFT')","[26, 29]",89.78471
"('MEDIUM', 'HARD', 'SOFT')","[26, 30]",89.904274
"('MEDIUM', 'HARD', 'SOFT')","[26, 31]",90.02383
"('MEDIUM', 'HARD', 'SOFT')","[26, 32]",90.14339
"('MEDIUM', 'HARD', 'SOFT')","[26, 33]",90.26294
"('MEDIUM', 'HARD', 'SOFT')","[26, 34]",90.38249
"('MEDIUM', 'HARD', 'SOFT')","[26, 35]",90.50205
"('MEDIUM', 'HARD', 'SOFT')","[26, 36]",90.62161
"('MEDIUM', 'HARD', 'SOFT')","[26, 37]",90.741165
"('MEDIUM', 'HARD', 'SOFT')","[26, 38]",90.860725
"('MEDIUM', 'HARD', 'SOFT')","[26, 39]",90.980286
"('MEDIUM', 'HARD', 'SOFT')","[26, 40]",91.09984
"('MEDIUM', 'HARD', 'SOFT')","[26, 41]",91.219406
"('MEDIUM', 'HARD', 'SOFT')","[26, 42]",91.33896
"('MEDIUM', 'HARD', 'SOFT')","[26, 43]",91.45853
"('MEDIUM', 'HARD', 'SOFT')","[26, 44]",91.57808
"('MEDIUM', 'HARD', 'SOFT')","[26, 45]",91.69764
"('MEDIUM', 'HARD', 'SOFT')","[26, 46]",91.81719
"('MEDIUM', 'HARD', 'SOFT')","[27, 28]",89.441635
"('MEDIUM', 'HARD', 'SOFT')","[27, 29]",89.56119
"('MEDIUM', 'HARD', 'SOFT')","[27, 30]",89.68075
"('MEDIUM', 'HARD', 'SOFT')","[27, 31]",89.8003
"('MEDIUM', 'HARD', 'SOFT')","[27, 32]",89.91986
"('MEDIUM', 'HARD', 'SOFT')","[27, 33]",90.03941
"('MEDIUM', 'HARD', 'SOFT')","[27, 34]",90.158966
"('MEDIUM', 'HARD', 'SOFT')","[27, 35]",90.27853
"('MEDIUM', 'HARD', 'SOFT')","[27, 36]",90.39809
"('MEDIUM', 'HARD', 'SOFT')","[27, 37]",90.51764
"('MEDIUM', 'HARD', 'SOFT')","[27, 38]",90.6372
"('MEDIUM', 'HARD', 'SOFT')","[27, 39]",90.75676
"('MEDIUM', 'HARD', 'SOFT')","[27, 40]",90.87631
"('MEDIUM', 'HARD', 'SOFT')","[27, 41]",90.99588
"('MEDIUM', 'HARD', 'SOFT')","[27, 42]",91.11543
"('MEDIUM', 'HARD', 'SOFT')","[27, 43]",91.235
"('MEDIUM', 'HARD', 'SOFT')","[27, 44]",91.35455
"('MEDIUM', 'HARD', 'SOFT')","[27, 45]",91.47411
"('MEDIUM', 'HARD', 'SOFT')","[27, 46]",91.593666
"('MEDIUM', 'HARD', 'SOFT')","[28, 29]",89.33766
"('MEDIUM', 'HARD', 'SOFT')","[28, 30]",89.45722
"('MEDIUM', 'HARD', 'SOFT')","[28, 31]",89.576775
"('MEDIUM', 'HARD', 'SOFT')","[28, 32]",89.696335
"('MEDIUM', 'HARD', 'SOFT')","[28, 33]",89.81589
"('MEDIUM', 'HARD', 'SOFT')","[28, 34]",89.93544
"('MEDIUM', 'HARD', 'SOFT')","[28, 35]",90.055
"('MEDIUM', 'HARD', 'SOFT')","[28, 36]",90.17456
"('MEDIUM', 'HARD', 'SOFT')","[28, 37]",90.29411
"('MEDIUM', 'HARD', 'SOFT')","[28, 38]",90.41367
"('MEDIUM', 'HARD', 'SOFT')","[28, 39]",90.53323
"('MEDIUM', 'HARD', 'SOFT')","[28, 40]",90.65279
"('MEDIUM', 'HARD', 'SOFT')","[28, 41]",90.772354
"('MEDIUM', 'HARD', 'SOFT')","[28, 42]",90.89191
"('MEDIUM', 'HARD', 'SOFT')","[28, 43]",91.011475
"('MEDIUM', 'HARD', 'SOFT')","[28, 44]",91.13103
"('MEDIUM', 'HARD', 'SOFT')","[28, 45]",91.25059
"('MEDIUM', 'HARD', 'SOFT')","[28, 46]",91.37014
"('MEDIUM', 'HARD', 'SOFT')","[29, 30]",89.233696
"('MEDIUM', 'HARD', 'SOFT')","[29, 31]",89.35325
"('MEDIUM', 'HARD', 'SOFT')","[29, 32]",89.47281
"('MEDIUM', 'HARD', 'SOFT')","[29, 33]",89.59236
"('MEDIUM', 'HARD', 'SOFT')","[29, 34]",89.711914
"('MEDIUM', 'HARD', 'SOFT')","[29, 35]",89.831474
"('MEDIUM', 'HARD', 'SOFT')","[29, 36]",89.951035
"('MEDIUM', 'HARD', 'SOFT')","[29, 37]",90.07059
"('MEDIUM', 'HARD', 'SOFT')","[29, 38]",90.19015
"('MEDIUM', 'HARD', 'SOFT')","[29, 39]",90.30971
"('MEDIUM', 'HARD', 'SOFT')","[29, 40]",90.42926
"('MEDIUM', 'HARD', 'SOFT')","[29, 41]",90.54883
"('MEDIUM', 'HARD', 'SOFT')","[29, 42]",90.66838
"('MEDIUM', 'HARD', 'SOFT')","[29, 43]",90.78795
"('MEDIUM', 'HARD', 'SOFT')","[29, 44]",90.9075
"('MEDIUM', 'HARD', 'SOFT')","[29, 45]",91.02706
"('MEDIUM', 'HARD', 'SOFT')","[29, 46]",91.146614
"('MEDIUM', 'HARD', 'SOFT')","[30, 31]",89.12972
"('MEDIUM', 'HARD', 'SOFT')","[30, 32]",89.24928
"('MEDIUM', 'HARD', 'SOFT')","[30, 33]",89.368835
"('MEDIUM', 'HARD', 'SOFT')","[30, 34]",89.48839
"('MEDIUM', 'HARD', 'SOFT')","[30, 35]",89.60795
"('MEDIUM', 'HARD', 'SOFT')","[30, 36]",89.72751
"('MEDIUM', 'HARD', 'SOFT')","[30, 37]",89.84706
"('MEDIUM', 'HARD', 'SOFT')","[30, 38]",89.96662
"('MEDIUM', 'HARD', 'SOFT')","[30, 39]",90.08618
"('MEDIUM', 'HARD', 'SOFT')","[30, 40]",90.205734
"('MEDIUM', 'HARD', 'SOFT')","[30, 41]",90.3253
"('MEDIUM', 'HARD', 'SOFT')","[30, 42]",90.444855
"('MEDIUM', 'HARD', 'SOFT')","[30, 43]",90.56442
"('MEDIUM', 'HARD', 'SOFT')","[30, 44]",90.683975
"('MEDIUM', 'HARD', 'SOFT')","[30, 45]",90.803535
"('MEDIUM', 'HARD', 'SOFT')","[30, 46]",90.92309
"('MEDIUM', 'HARD', 'SOFT')","[31, 32]",89.02576
"('MEDIUM', 'HARD', 'SOFT')","[31, 33]",89.14531
"('MEDIUM', 'HARD', 'SOFT')","[31, 34]",89.26486
"('MEDIUM', 'HARD', 'SOFT')","[31, 35]",89.38442
"('MEDIUM', 'HARD', 'SOFT')","[31, 36]",89.50398
"('MEDIUM', 'HARD', 'SOFT')","[31, 37]",89.623535
"('MEDIUM', 'HARD', 'SOFT')","[31, 38]",89.743095
"('MEDIUM', 'HARD', 'SOFT')","[31, 39]",89.862656
"('MEDIUM', 'HARD', 'SOFT')","[31, 40]",89.98221
"('MEDIUM', 'HARD', 'SOFT')","[31, 41]",90.101776
"('MEDIUM', 'HARD', 'SOFT')","[31, 42]",90.22133
"('MEDIUM', 'HARD', 'SOFT')","[31, 43]",90.3409
"('MEDIUM', 'HARD', 'SOFT')","[31, 44]",90.46045
"('MEDIUM', 'HARD', 'SOFT')","[31, 45]",90.58001
"('MEDIUM', 'HARD', 'SOFT')","[31, 46]",90.69956
"('MEDIUM', 'HARD', 'SOFT')","[32, 33]",88.92178
"('MEDIUM', 'HARD', 'SOFT')","[32, 34]",89.041336
"('MEDIUM', 'HARD', 'SOFT')","[32, 35]",89.1609
"('MEDIUM', 'HARD', 'SOFT')","[32, 36]",89.28046
"('MEDIUM', 'HARD', 'SOFT')","[32, 37]",89.40001
"('MEDIUM', 'HARD', 'SOFT')","[32, 38]",89.51957
"('MEDIUM', 'HARD', 'SOFT')","[32, 39]",89.63913
"('MEDIUM', 'HARD', 'SOFT')","[32, 40]",89.75868
"('MEDIUM', 'HARD', 'SOFT')","[32, 41]",89.87825
"('MEDIUM', 'HARD', 'SOFT')","[32, 42]",89.9978
"('MEDIUM', 'HARD', 'SOFT')","[32, 43]",90.11737
"('MEDIUM', 'HARD', 'SOFT')","[32, 44]",90.23692
"('MEDIUM', 'HARD', 'SOFT')","[32, 45]",90.35648
"('MEDIUM', 'HARD', 'SOFT')","[32, 46]",90.476036
"('MEDIUM', 'HARD', 'SOFT')","[33, 34]",88.81781
"('MEDIUM', 'HARD', 'SOFT')","[33, 35]",88.93737
"('MEDIUM', 'HARD', 'SOFT')","[33, 36]",89.05693
"('MEDIUM', 'HARD', 'SOFT')","[33, 37]",89.17648
"('MEDIUM', 'HARD', 'SOFT')","[33, 38]",89.29604
"('MEDIUM', 'HARD', 'SOFT')","[33, 39]",89.4156
"('MEDIUM', 'HARD', 'SOFT')","[33, 40]",89.53516
"('MEDIUM', 'HARD', 'SOFT')","[33, 41]",89.654724
"('MEDIUM', 'HARD', 'SOFT')","[33, 42]",89.77428
"('MEDIUM', 'HARD', 'SOFT')","[33, 43]",89.893845
"('MEDIUM', 'HARD', 'SOFT')","[33, 44]",90.0134
"('MEDIUM', 'HARD', 'SOFT')","[33, 45]",90.13296
"('MEDIUM', 'HARD', 'SOFT')","[33, 46]",90.25251
"('MEDIUM', 'HARD', 'SOFT')","[34, 35]",88.713844
"('MEDIUM', 'HARD', 'SOFT')","[34, 36]",88.833405
"('MEDIUM', 'HARD', 'SOFT')","[34, 37]",88.95296
"('MEDIUM', 'HARD', 'SOFT')","[34, 38]",89.07252
"('MEDIUM', 'HARD', 'SOFT')","[34, 39]",89.19208
"('MEDIUM', 'HARD', 'SOFT')","[34, 40]",89.31163
"('MEDIUM', 'HARD', 'SOFT')","[34, 41]",89.4312
"('MEDIUM', 'HARD', 'SOFT')","[34, 42]",89.55075
"('MEDIUM', 'HARD', 'SOFT')","[34, 43]",89.67032
"('MEDIUM', 'HARD', 'SOFT')","[34, 44]",89.78987
"('MEDIUM', 'HARD', 'SOFT')","[34, 45]",89.90943
"('MEDIUM', 'HARD', 'SOFT')","[34, 46]",90.028984
"('MEDIUM', 'HARD', 'SOFT')","[35, 36]",88.60988
"('MEDIUM', 'HARD', 'SOFT')","[35, 37]",88.72943
"('MEDIUM', 'HARD', 'SOFT')","[35, 38]",88.84899
"('MEDIUM', 'HARD', 'SOFT')","[35, 39]",88.96855
"('MEDIUM', 'HARD', 'SOFT')","[35, 40]",89.088104
"('MEDIUM', 'HARD', 'SOFT')","[35, 41]",89.20767
"('MEDIUM', 'HARD', 'SOFT')","[35, 42]",89.327225
"('MEDIUM', 'HARD', 'SOFT')","[35, 43]",89.44679
"('MEDIUM', 'HARD', 'SOFT')","[35, 44]",89.566345
"('MEDIUM', 'HARD', 'SOFT')","[35, 45]",89.685905
"('MEDIUM', 'HARD', 'SOFT')","[35, 46]",89.80546
"('MEDIUM', 'HARD', 'SOFT')","[36, 37]",88.505905
"('MEDIUM', 'HARD', 'SOFT')","[36, 38]",88.625465
"('MEDIUM', 'HARD', 'SOFT')","[36, 39]",88.745026
"('MEDIUM', 'HARD', 'SOFT')","[36, 40]",88.86458
"('MEDIUM', 'HARD', 'SOFT')","[36, 41]",88.984146
"('MEDIUM', 'HARD', 'SOFT')","[36, 42]",89.1037
"('MEDIUM', 'HARD', 'SOFT')","[36, 43]",89.22327
"('MEDIUM', 'HARD', 'SOFT')","[36, 44]",89.34282
"('MEDIUM', 'HARD', 'SOFT')","[36, 45]",89.46238
"('MEDIUM', 'HARD', 'SOFT')","[36, 46]",89.58193
"('MEDIUM', 'HARD', 'SOFT')","[37, 38]",88.40193
"('MEDIUM', 'HARD', 'SOFT')","[37, 39]",88.521484
"('MEDIUM', 'HARD', 'SOFT')","[37, 40]",88.64105
"('MEDIUM', 'HARD', 'SOFT')","[37, 41]",88.76061
"('MEDIUM', 'HARD', 'SOFT')","[37, 42]",88.88017
"('MEDIUM', 'HARD', 'SOFT')","[37, 43]",88.99974
"('MEDIUM', 'HARD', 'SOFT')","[37, 44]",89.11929
"('MEDIUM', 'HARD', 'SOFT')","[37, 45]",89.23885
"('MEDIUM', 'HARD', 'SOFT')","[37, 46]",89.358406
"('MEDIUM', 'HARD', 'SOFT')","[38, 39]",88.29796
"('MEDIUM', 'HARD', 'SOFT')","[38, 40]",88.41753
"('MEDIUM', 'HARD', 'SOFT')","[38, 41]",88.53708
"('MEDIUM', 'HARD', 'SOFT')","[38, 42]",88.65665
"('MEDIUM', 'HARD', 'SOFT')","[38, 43]",88.7762
"('MEDIUM', 'HARD', 'SOFT')","[38, 44]",88.89577
"('MEDIUM', 'HARD', 'SOFT')","[38, 45]",89.01532
"('MEDIUM', 'HARD', 'SOFT')","[38, 46]",89.13488
"('MEDIUM', 'HARD', 'SOFT')","[39, 40]",88.194
"('MEDIUM', 'HARD', 'SOFT')","[39, 41]",88.31355
"('MEDIUM', 'HARD', 'SOFT')","[39, 42]",88.43311
"('MEDIUM', 'HARD', 'SOFT')","[39, 43]",88.55267
"('MEDIUM', 'HARD', 'SOFT')","[39, 44]",88.672226
"('MEDIUM', 'HARD', 'SOFT')","[39, 45]",88.79179
"('MEDIUM', 'HARD', 'SOFT')","[39, 46]",88.91135
"('MEDIUM', 'HARD', 'SOFT')","[40, 41]",88.09003
"('MEDIUM', 'HARD', 'SOFT')","[40, 42]",88.20958
"('MEDIUM', 'HARD', 'SOFT')","[40, 43]",88.32915
"('MEDIUM', 'HARD', 'SOFT')","[40, 44]",88.4487
"('MEDIUM', 'HARD', 'SOFT')","[40, 45]",88.56826
"('MEDIUM', 'HARD', 'SOFT')","[40, 46]",88.68781
"('MEDIUM', 'HARD', 'SOFT')","[41, 42]",87.98605
"('MEDIUM', 'HARD', 'SOFT')","[41, 43]",88.10562
"('MEDIUM', 'HARD', 'SOFT')","[41, 44]",88.225174
"('MEDIUM', 'HARD', 'SOFT')","[41, 45]",88.344734
"('MEDIUM', 'HARD', 'SOFT')","[41, 46]",88.46429
"('MEDIUM', 'HARD', 'SOFT')","[42, 43]",87.88208
"('MEDIUM', 'HARD', 'SOFT')","[42, 44]",88.00165
"('MEDIUM', 'HARD', 'SOFT')","[42, 45]",88.1212
"('MEDIUM', 'HARD', 'SOFT')","[42, 46]",88.24076
"('MEDIUM', 'HARD', 'SOFT')","[43, 44]",87.77811
"('MEDIUM', 'HARD', 'SOFT')","[43, 45]",87.89767
"('MEDIUM', 'HARD', 'SOFT')","[43, 46]",88.01722
"('MEDIUM', 'HARD', 'SOFT')","[44, 45]",87.67414
"('MEDIUM', 'HARD', 'SOFT')","[44, 46]",87.79369
"('MEDIUM', 'HARD', 'SOFT')","[45, 46]",87.570175
"('MEDIUM', 'HARD', 'MEDIUM')","[10, 11]",83.20651
"('MEDIUM', 'HARD', 'MEDIUM')","[10, 12]",83.50004
"('MEDIUM', 'HARD', 'MEDIUM')","[10, 13]",83.793564
"('MEDIUM', 'HARD', 'MEDIUM')","[10, 14]",84.0871
"('MEDIUM', 'HARD', 'MEDIUM')","[10, 15]",84.380615
"('MEDIUM', 'HARD', 'MEDIUM')","[10, 16]",84.67415
"('MEDIUM', 'HARD', 'MEDIUM')","[10, 17]",84.967674
"('MEDIUM', 'HARD', 'MEDIUM')","[10, 18]",85.2612
"('MEDIUM', 'HARD', 'MEDIUM')","[10, 19]",85.55472
"('MEDIUM', 'HARD', 'MEDIUM')","[10, 20]",85.84825
"('MEDIUM', 'HARD', 'MEDIUM')","[10, 21]",86.141785
"('MEDIUM', 'HARD', 'MEDIUM')","[10, 22]",86.4353
"('MEDIUM', 'HARD', 'MEDIUM')","[10, 23]",86.728836
"('MEDIUM', 'HARD', 'MEDIUM')","[10, 24]",87.022354
"('MEDIUM', 'HARD', 'MEDIUM')","[10, 25]",87.31588
"('MEDIUM', 'HARD', 'MEDIUM')","[10, 26]",87.60941
"('MEDIUM', 'HARD', 'MEDIUM')","[10, 27]",87.90294
"('MEDIUM', 'HARD', 'MEDIUM')","[10, 28]",88.19646
"('MEDIUM', 'HARD', 'MEDIUM')","[10, 29]",88.48999
"('MEDIUM', 'HARD', 'MEDIUM')","[10, 30]",88.78351
"('MEDIUM', 'HARD', 'MEDIUM')","[10, 31]",89.07704
"('MEDIUM', 'HARD', 'MEDIUM')","[10, 32]",89.37056
"('MEDIUM', 'HARD', 'MEDIUM')","[10, 33]",89.664085
"('MEDIUM', 'HARD', 'MEDIUM')","[10, 34]",89.95762
"('MEDIUM', 'HARD', 'MEDIUM')","[10, 35]",90.251144
"('MEDIUM', 'HARD', 'MEDIUM')","[10, 36]",90.54467
"('MEDIUM', 'HARD', 'MEDIUM')","[10, 37]",90.8382
"('MEDIUM', 'HARD', 'MEDIUM')","[10, 38]",91.13173
"('MEDIUM', 'HARD', 'MEDIUM')","[10, 39]",91.42526
"('MEDIUM', 'HARD', 'MEDIUM')","[10, 40]",91.71879
"('MEDIUM', 'HARD', 'MEDIUM')","[10, 41]",92.012314
"('MEDIUM', 'HARD', 'MEDIUM')","[10, 42]",92.30585
"('MEDIUM', 'HARD', 'MEDIUM')","[10, 43]",92.59938
"('MEDIUM', 'HARD', 'MEDIUM')","[10, 44]",92.89291
"('MEDIUM', 'HARD', 'MEDIUM')","[10, 45]",93.18643
"('MEDIUM', 'HARD', 'MEDIUM')","[10, 46]",93.479965
"('MEDIUM', 'HARD', 'MEDIUM')","[11, 12]",83.27651
"('MEDIUM', 'HARD', 'MEDIUM')","[11, 13]",83.57004
"('MEDIUM', 'HARD', 'MEDIUM')","[11, 14]",83.86357
"('MEDIUM', 'HARD', 'MEDIUM')","[11, 15]",84.15709
"('MEDIUM', 'HARD', 'MEDIUM')","[11, 16]",84.45062
"('MEDIUM', 'HARD', 'MEDIUM')","[11, 17]",84.74415
"('MEDIUM', 'HARD', 'MEDIUM')","[11, 18]",85.037674
"('MEDIUM', 'HARD', 'MEDIUM')","[11, 19]",85.33119
"('MEDIUM', 'HARD', 'MEDIUM')","[11, 20]",85.624725
"('MEDIUM', 'HARD', 'MEDIUM')","[11, 21]",85.91826
"('MEDIUM', 'HARD', 'MEDIUM')","[11, 22]",86.21178
"('MEDIUM', 'HARD', 'MEDIUM')","[11, 23]",86.50531
"('MEDIUM', 'HARD', 'MEDIUM')","[11, 24]",86.79883
"('MEDIUM', 'HARD', 'MEDIUM')","[11, 25]",87.092354
"('MEDIUM', 'HARD', 'MEDIUM')","[11, 26]",87.38589
"('MEDIUM', 'HARD', 'MEDIUM')","[11, 27]",87.67941
"('MEDIUM', 'HARD', 'MEDIUM')","[11, 28]",87.97293
"('MEDIUM', 'HARD', 'MEDIUM')","[11, 29]",88.266464
"('MEDIUM', 'HARD', 'MEDIUM')","[11, 30]",88.55998
"('MEDIUM', 'HARD', 'MEDIUM')","[11, 31]",88.853516
"('MEDIUM', 'HARD', 'MEDIUM')","[11, 32]",89.14703
"('MEDIUM', 'HARD', 'MEDIUM')","[11, 33]",89.44056
"('MEDIUM', 'HARD', 'MEDIUM')","[11, 34]",89.73409
"('MEDIUM', 'HARD', 'MEDIUM')","[11, 35]",90.02762
"('MEDIUM', 'HARD', 'MEDIUM')","[11, 36]",90.321144
"('MEDIUM', 'HARD', 'MEDIUM')","[11, 37]",90.61468
"('MEDIUM', 'HARD', 'MEDIUM')","[11, 38]",90.9082
"('MEDIUM', 'HARD', 'MEDIUM')","[11, 39]",91.20174
"('MEDIUM', 'HARD', 'MEDIUM')","[11, 40]",91.49526
"('MEDIUM', 'HARD', 'MEDIUM')","[11, 41]",91.78879
"('MEDIUM', 'HARD', 'MEDIUM')","[11, 42]",92.08232
"('MEDIUM', 'HARD', 'MEDIUM')","[11, 43]",92.375854
"('MEDIUM', 'HARD', 'MEDIUM')","[11, 44]",92.66938
"('MEDIUM', 'HARD', 'MEDIUM')","[11, 45]",92.962906
"('MEDIUM', 'HARD', 'MEDIUM')","[11, 46]",93.25644
"('MEDIUM', 'HARD', 'MEDIUM')","[12, 13]",83.34651
"('MEDIUM', 'HARD', 'MEDIUM')","[12, 14]",83.64003
"('MEDIUM', 'HARD', 'MEDIUM')","[12, 15]",83.93356
"('MEDIUM', 'HARD', 'MEDIUM')","[12, 16]",84.22708
"('MEDIUM', 'HARD', 'MEDIUM')","[12, 17]",84.520615
"('MEDIUM', 'HARD', 'MEDIUM')","[12, 18]",84.81414
"('MEDIUM', 'HARD', 'MEDIUM')","[12, 19]",85.107666
"('MEDIUM', 'HARD', 'MEDIUM')","[12, 20]",85.4012
"('MEDIUM', 'HARD', 'MEDIUM')","[12, 21]",85.694725
"('MEDIUM', 'HARD', 'MEDIUM')","[12, 22]",85.98825
"('MEDIUM', 'HARD', 'MEDIUM')","[12, 23]",86.281784
"('MEDIUM', 'HARD', 'MEDIUM')","[12, 24]",86.5753
"('MEDIUM', 'HARD', 'MEDIUM')","[12, 25]",86.86883
"('MEDIUM', 'HARD', 'MEDIUM')","[12, 26]",87.16235
"('MEDIUM', 'HARD', 'MEDIUM')","[12, 27]",87.45587
"('MEDIUM', 'HARD', 'MEDIUM')","[12, 28]",87.749405
"('MEDIUM', 'HARD', 'MEDIUM')","[12, 29]",88.04293
"('MEDIUM', 'HARD', 'MEDIUM')","[12, 30]",88.33646
"('MEDIUM', 'HARD', 'MEDIUM')","[12, 31]",88.62999
"('MEDIUM', 'HARD', 'MEDIUM')","[12, 32]",88.92351
"('MEDIUM', 'HARD', 'MEDIUM')","[12, 33]",89.21703
"('MEDIUM', 'HARD', 'MEDIUM')","[12, 34]",89.51056
"('MEDIUM', 'HARD', 'MEDIUM')","[12, 35]",89.80408
"('MEDIUM', 'HARD', 'MEDIUM')","[12, 36]",90.09761
"('MEDIUM', 'HARD', 'MEDIUM')","[12, 37]",90.39114
"('MEDIUM', 'HARD', 'MEDIUM')","[12, 38]",90.68468
"('MEDIUM', 'HARD', 'MEDIUM')","[12, 39]",90.97821
"('MEDIUM', 'HARD', 'MEDIUM')","[12, 40]",91.271736
"('MEDIUM', 'HARD', 'MEDIUM')","[12, 41]",91.56526
"('MEDIUM', 'HARD', 'MEDIUM')","[12, 42]",91.858795
"('MEDIUM', 'HARD', 'MEDIUM')","[12, 43]",92.15231
"('MEDIUM', 'HARD', 'MEDIUM')","[12, 44]",92.44585
"('MEDIUM', 'HARD', 'MEDIUM')","[12, 45]",92.73937
"('MEDIUM', 'HARD', 'MEDIUM')","[12, 46]",93.0329
"('MEDIUM', 'HARD', 'MEDIUM')","[13, 14]",83.41651
"('MEDIUM', 'HARD', 'MEDIUM')","[13, 15]",83.71004
"('MEDIUM', 'HARD', 'MEDIUM')","[13, 16]",84.003555
"('MEDIUM', 'HARD', 'MEDIUM')","[13, 17]",84.29709
"('MEDIUM', 'HARD', 'MEDIUM')","[13, 18]",84.590614
"('MEDIUM', 'HARD', 'MEDIUM')","[13, 19]",84.88414
"('MEDIUM', 'HARD', 'MEDIUM')","[13, 20]",85.17767
"('MEDIUM', 'HARD', 'MEDIUM')","[13, 21]",85.4712
"('MEDIUM', 'HARD', 'MEDIUM')","[13, 22]",85.764725
"('MEDIUM', 'HARD', 'MEDIUM')","[13, 23]",86.05826
"('MEDIUM', 'HARD', 'MEDIUM')","[13, 24]",86.351776
"('MEDIUM', 'HARD', 'MEDIUM')","[13, 25]",86.6453
"('MEDIUM', 'HARD', 'MEDIUM')","[13, 26]",86.93883
"('MEDIUM', 'HARD', 'MEDIUM')","[13, 27]",87.23236
"('MEDIUM', 'HARD', 'MEDIUM')","[13, 28]",87.52588
"('MEDIUM', 'HARD', 'MEDIUM')","[13, 29]",87.819405
"('MEDIUM', 'HARD', 'MEDIUM')","[13, 30]",88.11293
"('MEDIUM', 'HARD', 'MEDIUM')","[13, 31]",88.40646
"('MEDIUM', 'HARD', 'MEDIUM')","[13, 32]",88.69998
"('MEDIUM', 'HARD', 'MEDIUM')","[13, 33]",88.99351
"('MEDIUM', 'HARD', 'MEDIUM')","[13, 34]",89.28703
"('MEDIUM', 'HARD', 'MEDIUM')","[13, 35]",89.58057
"('MEDIUM', 'HARD', 'MEDIUM')","[13, 36]",89.87409
"('MEDIUM', 'HARD', 'MEDIUM')","[13, 37]",90.16762
"('MEDIUM', 'HARD', 'MEDIUM')","[13, 38]",90.46115
"('MEDIUM', 'HARD', 'MEDIUM')","[13, 39]",90.754684
"('MEDIUM', 'HARD', 'MEDIUM')","[13, 40]",91.04821
"('MEDIUM', 'HARD', 'MEDIUM')","[13, 41]",91.341736
"('MEDIUM', 'HARD', 'MEDIUM')","[13, 42]",91.63527
"('MEDIUM', 'HARD', 'MEDIUM')","[13, 43]",91.9288
"('MEDIUM', 'HARD', 'MEDIUM')","[13, 44]",92.22233
"('MEDIUM', 'HARD', 'MEDIUM')","[13, 45]",92.515854
"('MEDIUM', 'HARD', 'MEDIUM')","[13, 46]",92.80937
"('MEDIUM', 'HARD', 'MEDIUM')","[14, 15]",83.48651
"('MEDIUM', 'HARD', 'MEDIUM')","[14, 16]",83.78003
"('MEDIUM', 'HARD', 'MEDIUM')","[14, 17]",84.07356
"('MEDIUM', 'HARD', 'MEDIUM')","[14, 18]",84.36709
"('MEDIUM', 'HARD', 'MEDIUM')","[14, 19]",84.660614
"('MEDIUM', 'HARD', 'MEDIUM')","[14, 20]",84.95415
"('MEDIUM', 'HARD', 'MEDIUM')","[14, 21]",85.24767
"('MEDIUM', 'HARD', 'MEDIUM')","[14, 22]",85.5412
"('MEDIUM', 'HARD', 'MEDIUM')","[14, 23]",85.83473
"('MEDIUM', 'HARD', 'MEDIUM')","[14, 24]",86.12825
"('MEDIUM', 'HARD', 'MEDIUM')","[14, 25]",86.421776
"('MEDIUM', 'HARD', 'MEDIUM')","[14, 26]",86.7153
"('MEDIUM', 'HARD', 'MEDIUM')","[14, 27]",87.00882
"('MEDIUM', 'HARD', 'MEDIUM')","[14, 28]",87.30235
"('MEDIUM', 'HARD', 'MEDIUM')","[14, 29]",87.59588
"('MEDIUM', 'HARD', 'MEDIUM')","[14, 30]",87.889404
"('MEDIUM', 'HARD', 'MEDIUM')","[14, 31]",88.18294
"('MEDIUM', 'HARD', 'MEDIUM')","[14, 32]",88.476456
"('MEDIUM', 'HARD', 'MEDIUM')","[14, 33]",88.76998
"('MEDIUM', 'HARD', 'MEDIUM')","[14, 34]",89.06351
"('MEDIUM', 'HARD', 'MEDIUM')","[14, 35]",89.357025
"('MEDIUM', 'HARD', 'MEDIUM')","[14, 36]",89.65056
"('MEDIUM', 'HARD', 'MEDIUM')","[14, 37]",89.94409
"('MEDIUM', 'HARD', 'MEDIUM')","[14, 38]",90.237625
"('MEDIUM', 'HARD', 'MEDIUM')","[14, 39]",90.53116
"('MEDIUM', 'HARD', 'MEDIUM')","[14, 40]",90.824684
"('MEDIUM', 'HARD', 'MEDIUM')","[14, 41]",91.11821
"('MEDIUM', 'HARD', 'MEDIUM')","[14, 42]",91.41174
"('MEDIUM', 'HARD', 'MEDIUM')","[14, 43]",91.70526
"('MEDIUM', 'HARD', 'MEDIUM')","[14, 44]",91.998795
"('MEDIUM', 'HARD', 'MEDIUM')","[14, 45]",92.29232
"('MEDIUM', 'HARD', 'MEDIUM')","[14, 46]",92.585846
"('MEDIUM', 'HARD', 'MEDIUM')","[15, 16]",83.5565
"('MEDIUM', 'HARD', 'MEDIUM')","[15, 17]",83.85004
"('MEDIUM', 'HARD', 'MEDIUM')","[15, 18]",84.14356
"('MEDIUM', 'HARD', 'MEDIUM')","[15, 19]",84.43709
"('MEDIUM', 'HARD', 'MEDIUM')","[15, 20]",84.73062
"('MEDIUM', 'HARD', 'MEDIUM')","[15, 21]",85.02415
"('MEDIUM', 'HARD', 'MEDIUM')","[15, 22]",85.31767
"('MEDIUM', 'HARD', 'MEDIUM')","[15, 23]",85.611206
"('MEDIUM', 'HARD', 'MEDIUM')","[15, 24]",85.904724
"('MEDIUM', 'HARD', 'MEDIUM')","[15, 25]",86.19825
"('MEDIUM', 'HARD', 'MEDIUM')","[15, 26]",86.491776
"('MEDIUM', 'HARD', 'MEDIUM')","[15, 27]",86.78531
"('MEDIUM', 'HARD', 'MEDIUM')","[15, 28]",87.07883
"('MEDIUM', 'HARD', 'MEDIUM')","[15, 29]",87.37235
"('MEDIUM', 'HARD', 'MEDIUM')","[15, 30]",87.66588
"('MEDIUM', 'HARD', 'MEDIUM')","[15, 31]",87.95941
"('MEDIUM', 'HARD', 'MEDIUM')","[15, 32]",88.25293
"('MEDIUM', 'HARD', 'MEDIUM')","[15, 33]",88.546455
"('MEDIUM', 'HARD', 'MEDIUM')","[15, 34]",88.83998
"('MEDIUM', 'HARD', 'MEDIUM')","[15, 35]",89.133514
"('MEDIUM', 'HARD', 'MEDIUM')","[15, 36]",89.42704
"('MEDIUM', 'HARD', 'MEDIUM')","[15, 37]",89.720566
"('MEDIUM', 'HARD', 'MEDIUM')","[15, 38]",90.0141
"('MEDIUM', 'HARD', 'MEDIUM')","[15, 39]",90.30763
"('MEDIUM', 'HARD', 'MEDIUM')","[15, 40]",90.60116
"('MEDIUM', 'HARD', 'MEDIUM')","[15, 41]",90.894684
"('MEDIUM', 'HARD', 'MEDIUM')","[15, 42]",91.18822
"('MEDIUM', 'HARD', 'MEDIUM')","[15, 43]",91.48175
"('MEDIUM', 'HARD', 'MEDIUM')","[15, 44]",91.775276
"('MEDIUM', 'HARD', 'MEDIUM')","[15, 45]",92.0688
"('MEDIUM', 'HARD', 'MEDIUM')","[15, 46]",92.36232
"('MEDIUM', 'HARD', 'MEDIUM')","[16, 17]",83.62651
"('MEDIUM', 'HARD', 'MEDIUM')","[16, 18]",83.92004
"('MEDIUM', 'HARD', 'MEDIUM')","[16, 19]",84.21356
"('MEDIUM', 'HARD', 'MEDIUM')","[16, 20]",84.507095
"('MEDIUM', 'HARD', 'MEDIUM')","[16, 21]",84.80062
"('MEDIUM', 'HARD', 'MEDIUM')","[16, 22]",85.09415
"('MEDIUM', 'HARD', 'MEDIUM')","[16, 23]",85.38768
"('MEDIUM', 'HARD', 'MEDIUM')","[16, 24]",85.6812
"('MEDIUM', 'HARD', 'MEDIUM')","[16, 25]",85.974724
"('MEDIUM', 'HARD', 'MEDIUM')","[16, 26]",86.26825
"('MEDIUM', 'HARD', 'MEDIUM')","[16, 27]",86.56177
"('MEDIUM', 'HARD', 'MEDIUM')","[16, 28]",86.8553
"('MEDIUM', 'HARD', 'MEDIUM')","[16, 29]",87.14883
"('MEDIUM', 'HARD', 'MEDIUM')","[16, 30]",87.44235
"('MEDIUM', 'HARD', 'MEDIUM')","[16, 31]",87.735886
"('MEDIUM', 'HARD', 'MEDIUM')","[16, 32]",88.0294
"('MEDIUM', 'HARD', 'MEDIUM')","[16, 33]",88.32293
"('MEDIUM', 'HARD', 'MEDIUM')","[16, 34]",88.616455
"('MEDIUM', 'HARD', 'MEDIUM')","[16, 35]",88.90997
"('MEDIUM', 'HARD', 'MEDIUM')","[16, 36]",89.20351
"('MEDIUM', 'HARD', 'MEDIUM')","[16, 37]",89.49704
"('MEDIUM', 'HARD', 'MEDIUM')","[16, 38]",89.79057
"('MEDIUM', 'HARD', 'MEDIUM')","[16, 39]",90.08411
"('MEDIUM', 'HARD', 'MEDIUM')","[16, 40]",90.37763
"('MEDIUM', 'HARD', 'MEDIUM')","[16, 41]",90.67116
"('MEDIUM', 'HARD', 'MEDIUM')","[16, 42]",90.96469
"('MEDIUM', 'HARD', 'MEDIUM')","[16, 43]",91.25821
"('MEDIUM', 'HARD', 'MEDIUM')","[16, 44]",91.55174
"('MEDIUM', 'HARD', 'MEDIUM')","[16, 45]",91.84527
"('MEDIUM', 'HARD', 'MEDIUM')","[16, 46]",92.138794
"('MEDIUM', 'HARD', 'MEDIUM')","[17, 18]",83.69651
"('MEDIUM', 'HARD', 'MEDIUM')","[17, 19]",83.990036
"('MEDIUM', 'HARD', 'MEDIUM')","[17, 20]",84.28357
"('MEDIUM', 'HARD', 'MEDIUM')","[17, 21]",84.577095
"('MEDIUM', 'HARD', 'MEDIUM')","[17, 22]",84.87062
"('MEDIUM', 'HARD', 'MEDIUM')","[17, 23]",85.164154
"('MEDIUM', 'HARD', 'MEDIUM')","[17, 24]",85.45767
"('MEDIUM', 'HARD', 'MEDIUM')","[17, 25]",85.7512
"('MEDIUM', 'HARD', 'MEDIUM')","[17, 26]",86.04472
"('MEDIUM', 'HARD', 'MEDIUM')","[17, 27]",86.33826
"('MEDIUM', 'HARD', 'MEDIUM')","[17, 28]",86.631775
"('MEDIUM', 'HARD', 'MEDIUM')","[17, 29]",86.9253
"('MEDIUM', 'HARD', 'MEDIUM')","[17, 30]",87.21883
"('MEDIUM', 'HARD', 'MEDIUM')","[17, 31]",87.51236
"('MEDIUM', 'HARD', 'MEDIUM')","[17, 32]",87.80588
"('MEDIUM', 'HARD', 'MEDIUM')","[17, 33]",88.0994
"('MEDIUM', 'HARD', 'MEDIUM')","[17, 34]",88.39293
"('MEDIUM', 'HARD', 'MEDIUM')","[17, 35]",88.68646
"('MEDIUM', 'HARD', 'MEDIUM')","[17, 36]",88.97999
"('MEDIUM', 'HARD', 'MEDIUM')","[17, 37]",89.27351
"('MEDIUM', 'HARD', 'MEDIUM')","[17, 38]",89.56705
"('MEDIUM', 'HARD', 'MEDIUM')","[17, 39]",89.86058
"('MEDIUM', 'HARD', 'MEDIUM')","[17, 40]",90.154106
"('MEDIUM', 'HARD', 'MEDIUM')","[17, 41]",90.44763
"('MEDIUM', 'HARD', 'MEDIUM')","[17, 42]",90.741165
"('MEDIUM', 'HARD', 'MEDIUM')","[17, 43]",91.0347
"('MEDIUM', 'HARD', 'MEDIUM')","[17, 44]",91.328224
"('MEDIUM', 'HARD', 'MEDIUM')","[17, 45]",91.62175
"('MEDIUM', 'HARD', 'MEDIUM')","[17, 46]",91.91527
"('MEDIUM', 'HARD', 'MEDIUM')","[18, 19]",83.76651
"('MEDIUM', 'HARD', 'MEDIUM')","[18, 20]",84.06004
"('MEDIUM', 'HARD', 'MEDIUM')","[18, 21]",84.35357
"('MEDIUM', 'HARD', 'MEDIUM')","[18, 22]",84.647095
"('MEDIUM', 'HARD', 'MEDIUM')","[18, 23]",84.94063
"('MEDIUM', 'HARD', 'MEDIUM')","[18, 24]",85.234146
"('MEDIUM', 'HARD', 'MEDIUM')","[18, 25]",85.52767
"('MEDIUM', 'HARD', 'MEDIUM')","[18, 26]",85.8212
"('MEDIUM', 'HARD', 'MEDIUM')","[18, 27]",86.114716
"('MEDIUM', 'HARD', 'MEDIUM')","[18, 28]",86.40825
"('MEDIUM', 'HARD', 'MEDIUM')","[18, 29]",86.701775
"('MEDIUM', 'HARD', 'MEDIUM')","[18, 30]",86.9953
"('MEDIUM', 'HARD', 'MEDIUM')","[18, 31]",87.28883
"('MEDIUM', 'HARD', 'MEDIUM')","[18, 32]",87.58235
"('MEDIUM', 'HARD', 'MEDIUM')","[18, 33]",87.87588
"('MEDIUM', 'HARD', 'MEDIUM')","[18, 34]",88.1694
"('MEDIUM', 'HARD', 'MEDIUM')","[18, 35]",88.46292
"('MEDIUM', 'HARD', 'MEDIUM')","[18, 36]",88.756454
"('MEDIUM', 'HARD', 'MEDIUM')","[18, 37]",89.04999
"('MEDIUM', 'HARD', 'MEDIUM')","[18, 38]",89.34352
"('MEDIUM', 'HARD', 'MEDIUM')","[18, 39]",89.637054
"('MEDIUM', 'HARD', 'MEDIUM')","[18, 40]",89.93058
"('MEDIUM', 'HARD', 'MEDIUM')","[18, 41]",90.224106
"('MEDIUM', 'HARD', 'MEDIUM')","[18, 42]",90.51764
"('MEDIUM', 'HARD', 'MEDIUM')","[18, 43]",90.81116
"('MEDIUM', 'HARD', 'MEDIUM')","[18, 44]",91.10469
"('MEDIUM', 'HARD', 'MEDIUM')","[18, 45]",91.39822
"('MEDIUM', 'HARD', 'MEDIUM')","[18, 46]",91.69174
"('MEDIUM', 'HARD', 'MEDIUM')","[19, 20]",83.83652
"('MEDIUM', 'HARD', 'MEDIUM')","[19, 21]",84.13004
"('MEDIUM', 'HARD', 'MEDIUM')","[19, 22]",84.42357
"('MEDIUM', 'HARD', 'MEDIUM')","[19, 23]",84.71709
"('MEDIUM', 'HARD', 'MEDIUM')","[19, 24]",85.01062
"('MEDIUM', 'HARD', 'MEDIUM')","[19, 25]",85.304146
"('MEDIUM', 'HARD', 'MEDIUM')","[19, 26]",85.59767
"('MEDIUM', 'HARD', 'MEDIUM')","[19, 27]",85.89119
"('MEDIUM', 'HARD', 'MEDIUM')","[19, 28]",86.18472
"('MEDIUM', 'HARD', 'MEDIUM')","[19, 29]",86.47825
"('MEDIUM', 'HARD', 'MEDIUM')","[19, 30]",86.771774
"('MEDIUM', 'HARD', 'MEDIUM')","[19, 31]",87.06529
"('MEDIUM', 'HARD', 'MEDIUM')","[19, 32]",87.358826
"('MEDIUM', 'HARD', 'MEDIUM')","[19, 33]",87.65235
"('MEDIUM', 'HARD', 'MEDIUM')","[19, 34]",87.94588
"('MEDIUM', 'HARD', 'MEDIUM')","[19, 35]",88.239395
"('MEDIUM', 'HARD', 'MEDIUM')","[19, 36]",88.53293
"('MEDIUM', 'HARD', 'MEDIUM')","[19, 37]",88.82646
"('MEDIUM', 'HARD', 'MEDIUM')","[19, 38]",89.119995
"('MEDIUM', 'HARD', 'MEDIUM')","[19, 39]",89.41351
"('MEDIUM', 'HARD', 'MEDIUM')","[19, 40]",89.70705
"('MEDIUM', 'HARD', 'MEDIUM')","[19, 41]",90.00058
"('MEDIUM', 'HARD', 'MEDIUM')","[19, 42]",90.29411
"('MEDIUM', 'HARD', 'MEDIUM')","[19, 43]",90.58763
"('MEDIUM', 'HARD', 'MEDIUM')","[19, 44]",90.881165
"('MEDIUM', 'HARD', 'MEDIUM')","[19, 45]",91.17469
"('MEDIUM', 'HARD', 'MEDIUM')","[19, 46]",91.468216
"('MEDIUM', 'HARD', 'MEDIUM')","[20, 21]",83.90651
"('MEDIUM', 'HARD', 'MEDIUM')","[20, 22]",84.20004
"('MEDIUM', 'HARD', 'MEDIUM')","[20, 23]",84.49356
"('MEDIUM', 'HARD', 'MEDIUM')","[20, 24]",84.787094
"('MEDIUM', 'HARD', 'MEDIUM')","[20, 25]",85.08062
"('MEDIUM', 'HARD', 'MEDIUM')","[20, 26]",85.37414
"('MEDIUM', 'HARD', 'MEDIUM')","[20, 27]",85.66766
"('MEDIUM', 'HARD', 'MEDIUM')","[20, 28]",85.9612
"('MEDIUM', 'HARD', 'MEDIUM')","[20, 29]",86.254715
"('MEDIUM', 'HARD', 'MEDIUM')","[20, 30]",86.54825
"('MEDIUM', 'HARD', 'MEDIUM')","[20, 31]",86.84177
"('MEDIUM', 'HARD', 'MEDIUM')","[20, 32]",87.1353
"('MEDIUM', 'HARD', 'MEDIUM')","[20, 33]",87.428825
"('MEDIUM', 'HARD', 'MEDIUM')","[20, 34]",87.72234
"('MEDIUM', 'HARD', 'MEDIUM')","[20, 35]",88.01587
"('MEDIUM', 'HARD', 'MEDIUM')","[20, 36]",88.3094
"('MEDIUM', 'HARD', 'MEDIUM')","[20, 37]",88.60293
"('MEDIUM', 'HARD', 'MEDIUM')","[20, 38]",88.89647
"('MEDIUM', 'HARD', 'MEDIUM')","[20, 39]",89.18999
"('MEDIUM', 'HARD', 'MEDIUM')","[20, 40]",89.48352
"('MEDIUM', 'HARD', 'MEDIUM')","[20, 41]",89.777054
"('MEDIUM', 'HARD', 'MEDIUM')","[20, 42]",90.07057
"('MEDIUM', 'HARD', 'MEDIUM')","[20, 43]",90.364105
"('MEDIUM', 'HARD', 'MEDIUM')","[20, 44]",90.65764
"('MEDIUM', 'HARD', 'MEDIUM')","[20, 45]",90.951164
"('MEDIUM', 'HARD', 'MEDIUM')","[20, 46]",91.24469
"('MEDIUM', 'HARD', 'MEDIUM')","[21, 22]",83.97652
"('MEDIUM', 'HARD', 'MEDIUM')","[21, 23]",84.270035
"('MEDIUM', 'HARD', 'MEDIUM')","[21, 24]",84.56357
"('MEDIUM', 'HARD', 'MEDIUM')","[21, 25]",84.85709
"('MEDIUM', 'HARD', 'MEDIUM')","[21, 26]",85.15061
"('MEDIUM', 'HARD', 'MEDIUM')","[21, 27]",85.44414
"('MEDIUM', 'HARD', 'MEDIUM')","[21, 28]",85.73767
"('MEDIUM', 'HARD', 'MEDIUM')","[21, 29]",86.03119
"('MEDIUM', 'HARD', 'MEDIUM')","[21, 30]",86.32472
"('MEDIUM', 'HARD', 'MEDIUM')","[21, 31]",86.61824
"('MEDIUM', 'HARD', 'MEDIUM')","[21, 32]",86.91177
"('MEDIUM', 'HARD', 'MEDIUM')","[21, 33]",87.2053
"('MEDIUM', 'HARD', 'MEDIUM')","[21, 34]",87.49882
"('MEDIUM', 'HARD', 'MEDIUM')","[21, 35]",87.79234
"('MEDIUM', 'HARD', 'MEDIUM')","[21, 36]",88.08588
"('MEDIUM', 'HARD', 'MEDIUM')","[21, 37]",88.3794
"('MEDIUM', 'HARD', 'MEDIUM')","[21, 38]",88.67294
"('MEDIUM', 'HARD', 'MEDIUM')","[21, 39]",88.96646
"('MEDIUM', 'HARD', 'MEDIUM')","[21, 40]",89.259995
"('MEDIUM', 'HARD', 'MEDIUM')","[21, 41]",89.55353
"('MEDIUM', 'HARD', 'MEDIUM')","[21, 42]",89.847046
"('MEDIUM', 'HARD', 'MEDIUM')","[21, 43]",90.14058
"('MEDIUM', 'HARD', 'MEDIUM')","[21, 44]",90.43411
"('MEDIUM', 'HARD', 'MEDIUM')","[21, 45]",90.72764
"('MEDIUM', 'HARD', 'MEDIUM')","[21, 46]",91.021164
"('MEDIUM', 'HARD', 'MEDIUM')","[22, 23]",84.04651
"('MEDIUM', 'HARD', 'MEDIUM')","[22, 24]",84.34004
"('MEDIUM', 'HARD', 'MEDIUM')","[22, 25]",84.63357
"('MEDIUM', 'HARD', 'MEDIUM')","[22, 26]",84.927086
"('MEDIUM', 'HARD', 'MEDIUM')","[22, 27]",85.22061
"('MEDIUM', 'HARD', 'MEDIUM')","[22, 28]",85.514145
"('MEDIUM', 'HARD', 'MEDIUM')","[22, 29]",85.80766
"('MEDIUM', 'HARD', 'MEDIUM')","[22, 30]",86.1012
"('MEDIUM', 'HARD', 'MEDIUM')","[22, 31]",86.394714
"('MEDIUM', 'HARD', 'MEDIUM')","[22, 32]",86.68825
"('MEDIUM', 'HARD', 'MEDIUM')","[22, 33]",86.98177
"('MEDIUM', 'HARD', 'MEDIUM')","[22, 34]",87.27529
"('MEDIUM', 'HARD', 'MEDIUM')","[22, 35]",87.56882
"('MEDIUM', 'HARD', 'MEDIUM')","[22, 36]",87.86235
"('MEDIUM', 'HARD', 'MEDIUM')","[22, 37]",88.155876
"('MEDIUM', 'HARD', 'MEDIUM')","[22, 38]",88.44942
"('MEDIUM', 'HARD', 'MEDIUM')","[22, 39]",88.742935
"('MEDIUM', 'HARD', 'MEDIUM')","[22, 40]",89.03647
"('MEDIUM', 'HARD', 'MEDIUM')","[22, 41]",89.33
"('MEDIUM', 'HARD', 'MEDIUM')","[22, 42]",89.62352
"('MEDIUM', 'HARD', 'MEDIUM')","[22, 43]",89.91705
"('MEDIUM', 'HARD', 'MEDIUM')","[22, 44]",90.21059
"('MEDIUM', 'HARD', 'MEDIUM')","[22, 45]",90.50411
"('MEDIUM', 'HARD', 'MEDIUM')","[22, 46]",90.79764
"('MEDIUM', 'HARD', 'MEDIUM')","[23, 24]",84.116516
"('MEDIUM', 'HARD', 'MEDIUM')","[23, 25]",84.41004
"('MEDIUM', 'HARD', 'MEDIUM')","[23, 26]",84.70356
"('MEDIUM', 'HARD', 'MEDIUM')","[23, 27]",84.997086
"('MEDIUM', 'HARD', 'MEDIUM')","[23, 28]",85.29062
"('MEDIUM', 'HARD', 'MEDIUM')","[23, 29]",85.58414
"('MEDIUM', 'HARD', 'MEDIUM')","[23, 30]",85.87767
"('MEDIUM', 'HARD', 'MEDIUM')","[23, 31]",86.17119
"('MEDIUM', 'HARD', 'MEDIUM')","[23, 32]",86.46472
"('MEDIUM', 'HARD', 'MEDIUM')","[23, 33]",86.75825
"('MEDIUM', 'HARD', 'MEDIUM')","[23, 34]",87.051765
"('MEDIUM', 'HARD', 'MEDIUM')","[23, 35]",87.34529
"('MEDIUM', 'HARD', 'MEDIUM')","[23, 36]",87.638824
"('MEDIUM', 'HARD', 'MEDIUM')","[23, 37]",87.93235
"('MEDIUM', 'HARD', 'MEDIUM')","[23, 38]",88.22589
"('MEDIUM', 'HARD', 'MEDIUM')","[23, 39]",88.51941
"('MEDIUM', 'HARD', 'MEDIUM')","[23, 40]",88.81294
"('MEDIUM', 'HARD', 'MEDIUM')","[23, 41]",89.106476
"('MEDIUM', 'HARD', 'MEDIUM')","[23, 42]",89.399994
"('MEDIUM', 'HARD', 'MEDIUM')","[23, 43]",89.69353
"('MEDIUM', 'HARD', 'MEDIUM')","[23, 44]",89.98706
"('MEDIUM', 'HARD', 'MEDIUM')","[23, 45]",90.28059
"('MEDIUM', 'HARD', 'MEDIUM')","[23, 46]",90.57411
"('MEDIUM', 'HARD', 'MEDIUM')","[24, 25]",84.186516
"('MEDIUM', 'HARD', 'MEDIUM')","[24, 26]",84.480034
"('MEDIUM', 'HARD', 'MEDIUM')","[24, 27]",84.77356
"('MEDIUM', 'HARD', 'MEDIUM')","[24, 28]",85.06709
"('MEDIUM', 'HARD', 'MEDIUM')","[24, 29]",85.36061
"('MEDIUM', 'HARD', 'MEDIUM')","[24, 30]",85.654144
"('MEDIUM', 'HARD', 'MEDIUM')","[24, 31]",85.94766
"('MEDIUM', 'HARD', 'MEDIUM')","[24, 32]",86.241196
"('MEDIUM', 'HARD', 'MEDIUM')","[24, 33]",86.53472
"('MEDIUM', 'HARD', 'MEDIUM')","[24, 34]",86.82824
"('MEDIUM', 'HARD', 'MEDIUM')","[24, 35]",87.121765
"('MEDIUM', 'HARD', 'MEDIUM')","[24, 36]",87.4153
"('MEDIUM', 'HARD', 'MEDIUM')","[24, 37]",87.708824
"('MEDIUM', 'HARD', 'MEDIUM')","[24, 38]",88.002365
"('MEDIUM', 'HARD', 'MEDIUM')","[24, 39]",88.29588
"('MEDIUM', 'HARD', 'MEDIUM')","[24, 40]",88.58942
"('MEDIUM', 'HARD', 'MEDIUM')","[24, 41]",88.88295
"('MEDIUM', 'HARD', 'MEDIUM')","[24, 42]",89.17647
"('MEDIUM', 'HARD', 'MEDIUM')","[24, 43]",89.47
"('MEDIUM', 'HARD', 'MEDIUM')","[24, 44]",89.763535
"('MEDIUM', 'HARD', 'MEDIUM')","[24, 45]",90.05706
"('MEDIUM', 'HARD', 'MEDIUM')","[24, 46]",90.350586
"('MEDIUM', 'HARD', 'MEDIUM')","[25, 26]",84.25651
"('MEDIUM', 'HARD', 'MEDIUM')","[25, 27]",84.55003
"('MEDIUM', 'HARD', 'MEDIUM')","[25, 28]",84.84357
"('MEDIUM', 'HARD', 'MEDIUM')","[25, 29]",85.137085
"('MEDIUM', 'HARD', 'MEDIUM')","[25, 30]",85.43062
"('MEDIUM', 'HARD', 'MEDIUM')","[25, 31]",85.72414
"('MEDIUM', 'HARD', 'MEDIUM')","[25, 32]",86.01767
"('MEDIUM', 'HARD', 'MEDIUM')","[25, 33]",86.311195
"('MEDIUM', 'HARD', 'MEDIUM')","[25, 34]",86.60471
"('MEDIUM', 'HARD', 'MEDIUM')","[25, 35]",86.89824
"('MEDIUM', 'HARD', 'MEDIUM')","[25, 36]",87.19177
"('MEDIUM', 'HARD', 'MEDIUM')","[25, 37]",87.4853
"('MEDIUM', 'HARD', 'MEDIUM')","[25, 38]",87.77884
"('MEDIUM', 'HARD', 'MEDIUM')","[25, 39]",88.07236
"('MEDIUM', 'HARD', 'MEDIUM')","[25, 40]",88.36589
"('MEDIUM', 'HARD', 'MEDIUM')","[25, 41]",88.659424
"('MEDIUM', 'HARD', 'MEDIUM')","[25, 42]",88.95294
"('MEDIUM', 'HARD', 'MEDIUM')","[25, 43]",89.246475
"('MEDIUM', 'HARD', 'MEDIUM')","[25, 44]",89.54001
"('MEDIUM', 'HARD', 'MEDIUM')","[25, 45]",89.833534
"('MEDIUM', 'HARD', 'MEDIUM')","[25, 46]",90.12706
"('MEDIUM', 'HARD', 'MEDIUM')","[26, 27]",84.32651
"('MEDIUM', 'HARD', 'MEDIUM')","[26, 28]",84.62004
"('MEDIUM', 'HARD', 'MEDIUM')","[26, 29]",84.91356
"('MEDIUM', 'HARD', 'MEDIUM')","[26, 30]",85.20709
"('MEDIUM', 'HARD', 'MEDIUM')","[26, 31]",85.50061
"('MEDIUM', 'HARD', 'MEDIUM')","[26, 32]",85.79414
"('MEDIUM', 'HARD', 'MEDIUM')","[26, 33]",86.08767
"('MEDIUM', 'HARD', 'MEDIUM')","[26, 34]",86.38119
"('MEDIUM', 'HARD', 'MEDIUM')","[26, 35]",86.67471
"('MEDIUM', 'HARD', 'MEDIUM')","[26, 36]",86.96825
"('MEDIUM', 'HARD', 'MEDIUM')","[26, 37]",87.26177
"('MEDIUM', 'HARD', 'MEDIUM')","[26, 38]",87.55531
"('MEDIUM', 'HARD', 'MEDIUM')","[26, 39]",87.84883
"('MEDIUM', 'HARD', 'MEDIUM')","[26, 40]",88.142365
"('MEDIUM', 'HARD', 'MEDIUM')","[26, 41]",88.4359
"('MEDIUM', 'HARD', 'MEDIUM')","[26, 42]",88.729416
"('MEDIUM', 'HARD', 'MEDIUM')","[26, 43]",89.02295
"('MEDIUM', 'HARD', 'MEDIUM')","[26, 44]",89.31648
"('MEDIUM', 'HARD', 'MEDIUM')","[26, 45]",89.61001
"('MEDIUM', 'HARD', 'MEDIUM')","[26, 46]",89.903534
"('MEDIUM', 'HARD', 'MEDIUM')","[27, 28]",84.396515
"('MEDIUM', 'HARD', 'MEDIUM')","[27, 29]",84.69003
"('MEDIUM', 'HARD', 'MEDIUM')","[27, 30]",84.98357
"('MEDIUM', 'HARD', 'MEDIUM')","[27, 31]",85.277084
"('MEDIUM', 'HARD', 'MEDIUM')","[27, 32]",85.57062
"('MEDIUM', 'HARD', 'MEDIUM')","[27, 33]",85.86414
"('MEDIUM', 'HARD', 'MEDIUM')","[27, 34]",86.15766
"('MEDIUM', 'HARD', 'MEDIUM')","[27, 35]",86.45119
"('MEDIUM', 'HARD', 'MEDIUM')","[27, 36]",86.74472
"('MEDIUM', 'HARD', 'MEDIUM')","[27, 37]",87.038246
"('MEDIUM', 'HARD', 'MEDIUM')","[27, 38]",87.33179
"('MEDIUM', 'HARD', 'MEDIUM')","[27, 39]",87.625305
"('MEDIUM', 'HARD', 'MEDIUM')","[27, 40]",87.91884
"('MEDIUM', 'HARD', 'MEDIUM')","[27, 41]",88.21237
"('MEDIUM', 'HARD', 'MEDIUM')","[27, 42]",88.50589
"('MEDIUM', 'HARD', 'MEDIUM')","[27, 43]",88.79942
"('MEDIUM', 'HARD', 'MEDIUM')","[27, 44]",89.09296
"('MEDIUM', 'HARD', 'MEDIUM')","[27, 45]",89.38648
"('MEDIUM', 'HARD', 'MEDIUM')","[27, 46]",89.68001
"('MEDIUM', 'HARD', 'MEDIUM')","[28, 29]",84.46651
"('MEDIUM', 'HARD', 'MEDIUM')","[28, 30]",84.76004
"('MEDIUM', 'HARD', 'MEDIUM')","[28, 31]",85.05356
"('MEDIUM', 'HARD', 'MEDIUM')","[28, 32]",85.34709
"('MEDIUM', 'HARD', 'MEDIUM')","[28, 33]",85.64062
"('MEDIUM', 'HARD', 'MEDIUM')","[28, 34]",85.934135
"('MEDIUM', 'HARD', 'MEDIUM')","[28, 35]",86.22766
"('MEDIUM', 'HARD', 'MEDIUM')","[28, 36]",86.521194
"('MEDIUM', 'HARD', 'MEDIUM')","[28, 37]",86.81472
"('MEDIUM', 'HARD', 'MEDIUM')","[28, 38]",87.10826
"('MEDIUM', 'HARD', 'MEDIUM')","[28, 39]",87.40178
"('MEDIUM', 'HARD', 'MEDIUM')","[28, 40]",87.69531
"('MEDIUM', 'HARD', 'MEDIUM')","[28, 41]",87.988846
"('MEDIUM', 'HARD', 'MEDIUM')","[28, 42]",88.282364
"('MEDIUM', 'HARD', 'MEDIUM')","[28, 43]",88.5759
"('MEDIUM', 'HARD', 'MEDIUM')","[28, 44]",88.86943
"('MEDIUM', 'HARD', 'MEDIUM')","[28, 45]",89.16296
"('MEDIUM', 'HARD', 'MEDIUM')","[28, 46]",89.45648
"('MEDIUM', 'HARD', 'MEDIUM')","[29, 30]",84.536514
"('MEDIUM', 'HARD', 'MEDIUM')","[29, 31]",84.83003
"('MEDIUM', 'HARD', 'MEDIUM')","[29, 32]",85.123566
"('MEDIUM', 'HARD', 'MEDIUM')","[29, 33]",85.41709
"('MEDIUM', 'HARD', 'MEDIUM')","[29, 34]",85.71061
"('MEDIUM', 'HARD', 'MEDIUM')","[29, 35]",86.004135
"('MEDIUM', 'HARD', 'MEDIUM')","[29, 36]",86.29767
"('MEDIUM', 'HARD', 'MEDIUM')","[29, 37]",86.591194
"('MEDIUM', 'HARD', 'MEDIUM')","[29, 38]",86.884735
"('MEDIUM', 'HARD', 'MEDIUM')","[29, 39]",87.17825
"('MEDIUM', 'HARD', 'MEDIUM')","[29, 40]",87.47179
"('MEDIUM', 'HARD', 'MEDIUM')","[29, 41]",87.76532
"('MEDIUM', 'HARD', 'MEDIUM')","[29, 42]",88.05884
"('MEDIUM', 'HARD', 'MEDIUM')","[29, 43]",88.35237
"('MEDIUM', 'HARD', 'MEDIUM')","[29, 44]",88.645905
"('MEDIUM', 'HARD', 'MEDIUM')","[29, 45]",88.93943
"('MEDIUM', 'HARD', 'MEDIUM')","[29, 46]",89.232956
"('MEDIUM', 'HARD', 'MEDIUM')","[30, 31]",84.60651
"('MEDIUM', 'HARD', 'MEDIUM')","[30, 32]",84.90004
"('MEDIUM', 'HARD', 'MEDIUM')","[30, 33]",85.193565
"('MEDIUM', 'HARD', 'MEDIUM')","[30, 34]",85.48708
"('MEDIUM', 'HARD', 'MEDIUM')","[30, 35]",85.78061
"('MEDIUM', 'HARD', 'MEDIUM')","[30, 36]",86.07414
"('MEDIUM', 'HARD', 'MEDIUM')","[30, 37]",86.36767
"('MEDIUM', 'HARD', 'MEDIUM')","[30, 38]",86.66121
"('MEDIUM', 'HARD', 'MEDIUM')","[30, 39]",86.95473
"('MEDIUM', 'HARD', 'MEDIUM')","[30, 40]",87.24826
"('MEDIUM', 'HARD', 'MEDIUM')","[30, 41]",87.541794
"('MEDIUM', 'HARD', 'MEDIUM')","[30, 42]",87.83531
"('MEDIUM', 'HARD', 'MEDIUM')","[30, 43]",88.128845
"('MEDIUM', 'HARD', 'MEDIUM')","[30, 44]",88.42238
"('MEDIUM', 'HARD', 'MEDIUM')","[30, 45]",88.715904
"('MEDIUM', 'HARD', 'MEDIUM')","[30, 46]",89.00943
"('MEDIUM', 'HARD', 'MEDIUM')","[31, 32]",84.67651
"('MEDIUM', 'HARD', 'MEDIUM')","[31, 33]",84.97004
"('MEDIUM', 'HARD', 'MEDIUM')","[31, 34]",85.26356
"('MEDIUM', 'HARD', 'MEDIUM')","[31, 35]",85.55708
"('MEDIUM', 'HARD', 'MEDIUM')","[31, 36]",85.85062
"('MEDIUM', 'HARD', 'MEDIUM')","[31, 37]",86.14414
"('MEDIUM', 'HARD', 'MEDIUM')","[31, 38]",86.43768
"('MEDIUM', 'HARD', 'MEDIUM')","[31, 39]",86.7312
"('MEDIUM', 'HARD', 'MEDIUM')","[31, 40]",87.024734
"('MEDIUM', 'HARD', 'MEDIUM')","[31, 41]",87.31827
"('MEDIUM', 'HARD', 'MEDIUM')","[31, 42]",87.611786
"('MEDIUM', 'HARD', 'MEDIUM')","[31, 43]",87.90532
"('MEDIUM', 'HARD', 'MEDIUM')","[31, 44]",88.19885
"('MEDIUM', 'HARD', 'MEDIUM')","[31, 45]",88.49238
"('MEDIUM', 'HARD', 'MEDIUM')","[31, 46]",88.785904
"('MEDIUM', 'HARD', 'MEDIUM')","[32, 33]",84.74651
"('MEDIUM', 'HARD', 'MEDIUM')","[32, 34]",85.04003
"('MEDIUM', 'HARD', 'MEDIUM')","[32, 35]",85.33356
"('MEDIUM', 'HARD', 'MEDIUM')","[32, 36]",85.62709
"('MEDIUM', 'HARD', 'MEDIUM')","[32, 37]",85.920616
"('MEDIUM', 'HARD', 'MEDIUM')","[32, 38]",86.21416
"('MEDIUM', 'HARD', 'MEDIUM')","[32, 39]",86.507675
"('MEDIUM', 'HARD', 'MEDIUM')","[32, 40]",86.80121
"('MEDIUM', 'HARD', 'MEDIUM')","[32, 41]",87.09474
"('MEDIUM', 'HARD', 'MEDIUM')","[32, 42]",87.38826
"('MEDIUM', 'HARD', 'MEDIUM')","[32, 43]",87.68179
"('MEDIUM', 'HARD', 'MEDIUM')","[32, 44]",87.97533
"('MEDIUM', 'HARD', 'MEDIUM')","[32, 45]",88.26885
"('MEDIUM', 'HARD', 'MEDIUM')","[32, 46]",88.56238
"('MEDIUM', 'HARD', 'MEDIUM')","[33, 34]",84.816505
"('MEDIUM', 'HARD', 'MEDIUM')","[33, 35]",85.11003
"('MEDIUM', 'HARD', 'MEDIUM')","[33, 36]",85.403564
"('MEDIUM', 'HARD', 'MEDIUM')","[33, 37]",85.69709
"('MEDIUM', 'HARD', 'MEDIUM')","[33, 38]",85.99063
"('MEDIUM', 'HARD', 'MEDIUM')","[33, 39]",86.28415
"('MEDIUM', 'HARD', 'MEDIUM')","[33, 40]",86.57768
"('MEDIUM', 'HARD', 'MEDIUM')","[33, 41]",86.871216
"('MEDIUM', 'HARD', 'MEDIUM')","[33, 42]",87.164734
"('MEDIUM', 'HARD', 'MEDIUM')","[33, 43]",87.45827
"('MEDIUM', 'HARD', 'MEDIUM')","[33, 44]",87.7518
"('MEDIUM', 'HARD', 'MEDIUM')","[33, 45]",88.04533
"('MEDIUM', 'HARD', 'MEDIUM')","[33, 46]",88.33885
"('MEDIUM', 'HARD', 'MEDIUM')","[34, 35]",84.886505
"('MEDIUM', 'HARD', 'MEDIUM')","[34, 36]",85.18004
"('MEDIUM', 'HARD', 'MEDIUM')","[34, 37]",85.473564
"('MEDIUM', 'HARD', 'MEDIUM')","[34, 38]",85.767105
"('MEDIUM', 'HARD', 'MEDIUM')","[34, 39]",86.06062
"('MEDIUM', 'HARD', 'MEDIUM')","[34, 40]",86.35416
"('MEDIUM', 'HARD', 'MEDIUM')","[34, 41]",86.64769
"('MEDIUM', 'HARD', 'MEDIUM')","[34, 42]",86.94121
"('MEDIUM', 'HARD', 'MEDIUM')","[34, 43]",87.23474
"('MEDIUM', 'HARD', 'MEDIUM')","[34, 44]",87.528275
"('MEDIUM', 'HARD', 'MEDIUM')","[34, 45]",87.8218
"('MEDIUM', 'HARD', 'MEDIUM')","[34, 46]",88.115326
"('MEDIUM', 'HARD', 'MEDIUM')","[35, 36]",84.95651
"('MEDIUM', 'HARD', 'MEDIUM')","[35, 37]",85.25004
"('MEDIUM', 'HARD', 'MEDIUM')","[35, 38]",85.54358
"('MEDIUM', 'HARD', 'MEDIUM')","[35, 39]",85.8371
"('MEDIUM', 'HARD', 'MEDIUM')","[35, 40]",86.13063
"('MEDIUM', 'HARD', 'MEDIUM')","[35, 41]",86.424164
"('MEDIUM', 'HARD', 'MEDIUM')","[35, 42]",86.71768
"('MEDIUM', 'HARD', 'MEDIUM')","[35, 43]",87.011215
"('MEDIUM', 'HARD', 'MEDIUM')","[35, 44]",87.30475
"('MEDIUM', 'HARD', 'MEDIUM')","[35, 45]",87.598274
"('MEDIUM', 'HARD', 'MEDIUM')","[35, 46]",87.8918
"('MEDIUM', 'HARD', 'MEDIUM')","[36, 37]",85.02651
"('MEDIUM', 'HARD', 'MEDIUM')","[36, 38]",85.32005
"('MEDIUM', 'HARD', 'MEDIUM')","[36, 39]",85.61357
"('MEDIUM', 'HARD', 'MEDIUM')","[36, 40]",85.907104
"('MEDIUM', 'HARD', 'MEDIUM')","[36, 41]",86.20064
"('MEDIUM', 'HARD', 'MEDIUM')","[36, 42]",86.494156
"('MEDIUM', 'HARD', 'MEDIUM')","[36, 43]",86.78769
"('MEDIUM', 'HARD', 'MEDIUM')","[36, 44]",87.08122
"('MEDIUM', 'HARD', 'MEDIUM')","[36, 45]",87.37475
"('MEDIUM', 'HARD', 'MEDIUM')","[36, 46]",87.668274
"('MEDIUM', 'HARD', 'MEDIUM')","[37, 38]",85.09651
"('MEDIUM', 'HARD', 'MEDIUM')","[37, 39]",85.390045
"('MEDIUM', 'HARD', 'MEDIUM')","[37, 40]",85.68357
"('MEDIUM', 'HARD', 'MEDIUM')","[37, 41]",85.977104
"('MEDIUM', 'HARD', 'MEDIUM')","[37, 42]",86.27063
"('MEDIUM', 'HARD', 'MEDIUM')","[37, 43]",86.56416
"('MEDIUM', 'HARD', 'MEDIUM')","[37, 44]",86.8577
"('MEDIUM', 'HARD', 'MEDIUM')","[37, 45]",87.15122
"('MEDIUM', 'HARD', 'MEDIUM')","[37, 46]",87.44475
"('MEDIUM', 'HARD', 'MEDIUM')","[38, 39]",85.16652
"('MEDIUM', 'HARD', 'MEDIUM')","[38, 40]",85.460045
"('MEDIUM', 'HARD', 'MEDIUM')","[38, 41]",85.75357
"('MEDIUM', 'HARD', 'MEDIUM')","[38, 42]",86.047104
"('MEDIUM', 'HARD', 'MEDIUM')","[38, 43]",86.34064
"('MEDIUM', 'HARD', 'MEDIUM')","[38, 44]",86.63416
"('MEDIUM', 'HARD', 'MEDIUM')","[38, 45]",86.92769
"('MEDIUM', 'HARD', 'MEDIUM')","[38, 46]",87.22122
"('MEDIUM', 'HARD', 'MEDIUM')","[39, 40]",85.23652
"('MEDIUM', 'HARD', 'MEDIUM')","[39, 41]",85.530045
"('MEDIUM', 'HARD', 'MEDIUM')","[39, 42]",85.82358
"('MEDIUM', 'HARD', 'MEDIUM')","[39, 43]",86.117096
"('MEDIUM', 'HARD', 'MEDIUM')","[39, 44]",86.41063
"('MEDIUM', 'HARD', 'MEDIUM')","[39, 45]",86.704155
"('MEDIUM', 'HARD', 'MEDIUM')","[39, 46]",86.99768
"('MEDIUM', 'HARD', 'MEDIUM')","[40, 41]",85.30652
"('MEDIUM', 'HARD', 'MEDIUM')","[40, 42]",85.60004
"('MEDIUM', 'HARD', 'MEDIUM')","[40, 43]",85.89357
"('MEDIUM', 'HARD', 'MEDIUM')","[40, 44]",86.1871
"('MEDIUM', 'HARD', 'MEDIUM')","[40, 45]",86.48063
"('MEDIUM', 'HARD', 'MEDIUM')","[40, 46]",86.774155
"('MEDIUM', 'HARD', 'MEDIUM')","[41, 42]",85.37651
"('MEDIUM', 'HARD', 'MEDIUM')","[41, 43]",85.670044
"('MEDIUM', 'HARD', 'MEDIUM')","[41, 44]",85.96358
"('MEDIUM', 'HARD', 'MEDIUM')","[41, 45]",86.2571
"('MEDIUM', 'HARD', 'MEDIUM')","[41, 46]",86.55063
"('MEDIUM', 'HARD', 'MEDIUM')","[42, 43]",85.44652
"('MEDIUM', 'HARD', 'MEDIUM')","[42, 44]",85.74004
"('MEDIUM', 'HARD', 'MEDIUM')","[42, 45]",86.03357
"('MEDIUM', 'HARD', 'MEDIUM')","[42, 46]",86.3271
"('MEDIUM', 'HARD', 'MEDIUM')","[43, 44]",85.51651
"('MEDIUM', 'HARD', 'MEDIUM')","[43, 45]",85.810036
"('MEDIUM', 'HARD', 'MEDIUM')","[43, 46]",86.10356
"('MEDIUM', 'HARD', 'MEDIUM')","[44, 45]",85.58651
"('MEDIUM', 'HARD', 'MEDIUM')","[44, 46]",85.880035
"('MEDIUM', 'HARD', 'MEDIUM')","[45, 46]",85.65651
"('MEDIUM', 'HARD', 'HARD')","[10, 11]",95.09874
"('MEDIUM', 'HARD', 'HARD')","[10, 12]",95.13374
"('MEDIUM', 'HARD', 'HARD')","[10, 13]",95.16875
"('MEDIUM', 'HARD', 'HARD')","[10, 14]",95.20374
"('MEDIUM', 'HARD', 'HARD')","[10, 15]",95.23874
"('MEDIUM', 'HARD', 'HARD')","[10, 16]",95.27374
"('MEDIUM', 'HARD', 'HARD')","[10, 17]",95.30875
"('MEDIUM', 'HARD', 'HARD')","[10, 18]",95.34374
"('MEDIUM', 'HARD', 'HARD')","[10, 19]",95.37874
"('MEDIUM', 'HARD', 'HARD')","[10, 20]",95.41374
"('MEDIUM', 'HARD', 'HARD')","[10, 21]",95.448746
"('MEDIUM', 'HARD', 'HARD')","[10, 22]",95.483734
"('MEDIUM', 'HARD', 'HARD')","[10, 23]",95.51874
"('MEDIUM', 'HARD', 'HARD')","[10, 24]",95.55374
"('MEDIUM', 'HARD', 'HARD')","[10, 25]",95.58874
"('MEDIUM', 'HARD', 'HARD')","[10, 26]",95.62375
"('MEDIUM', 'HARD', 'HARD')","[10, 27]",95.65874
"('MEDIUM', 'HARD', 'HARD')","[10, 28]",95.69374
"('MEDIUM', 'HARD', 'HARD')","[10, 29]",95.728745
"('MEDIUM', 'HARD', 'HARD')","[10, 30]",95.76373
"('MEDIUM', 'HARD', 'HARD')","[10, 31]",95.79874
"('MEDIUM', 'HARD', 'HARD')","[10, 32]",95.83374
"('MEDIUM', 'HARD', 'HARD')","[10, 33]",95.86874
"('MEDIUM', 'HARD', 'HARD')","[10, 34]",95.90375
"('MEDIUM', 'HARD', 'HARD')","[10, 35]",95.938736
"('MEDIUM', 'HARD', 'HARD')","[10, 36]",95.97374
"('MEDIUM', 'HARD', 'HARD')","[10, 37]",96.00874
"('MEDIUM', 'HARD', 'HARD')","[10, 38]",96.04373
"('MEDIUM', 'HARD', 'HARD')","[10, 39]",96.078735
"('MEDIUM', 'HARD', 'HARD')","[10, 40]",96.11374
"('MEDIUM', 'HARD', 'HARD')","[10, 41]",96.148735
"('MEDIUM', 'HARD', 'HARD')","[10, 42]",96.18375
"('MEDIUM', 'HARD', 'HARD')","[10, 43]",96.218735
"('MEDIUM', 'HARD', 'HARD')","[10, 44]",96.25374
"('MEDIUM', 'HARD', 'HARD')","[10, 45]",96.28874
"('MEDIUM', 'HARD', 'HARD')","[10, 46]",96.323746
"('MEDIUM', 'HARD', 'HARD')","[11, 12]",94.91022
"('MEDIUM', 'HARD', 'HARD')","[11, 13]",94.94522
"('MEDIUM', 'HARD', 'HARD')","[11, 14]",94.98022
"('MEDIUM', 'HARD', 'HARD')","[11, 15]",95.01521
"('MEDIUM', 'HARD', 'HARD')","[11, 16]",95.05022
"('MEDIUM', 'HARD', 'HARD')","[11, 17]",95.08522
"('MEDIUM', 'HARD', 'HARD')","[11, 18]",95.12022
"('MEDIUM', 'HARD', 'HARD')","[11, 19]",95.15521
"('MEDIUM', 'HARD', 'HARD')","[11, 20]",95.190216
"('MEDIUM', 'HARD', 'HARD')","[11, 21]",95.22522
"('MEDIUM', 'HARD', 'HARD')","[11, 22]",95.26021
"('MEDIUM', 'HARD', 'HARD')","[11, 23]",95.29521
"('MEDIUM', 'HARD', 'HARD')","[11, 24]",95.330215
"('MEDIUM', 'HARD', 'HARD')","[11, 25]",95.36521
"('MEDIUM', 'HARD', 'HARD')","[11, 26]",95.40022
"('MEDIUM', 'HARD', 'HARD')","[11, 27]",95.43521
"('MEDIUM', 'HARD', 'HARD')","[11, 28]",95.470215
"('MEDIUM', 'HARD', 'HARD')","[11, 29]",95.50522
"('MEDIUM', 'HARD', 'HARD')","[11, 30]",95.54021
"('MEDIUM', 'HARD', 'HARD')","[11, 31]",95.57521
"('MEDIUM', 'HARD', 'HARD')","[11, 32]",95.610214
"('MEDIUM', 'HARD', 'HARD')","[11, 33]",95.64521
"('MEDIUM', 'HARD', 'HARD')","[11, 34]",95.68022
"('MEDIUM', 'HARD', 'HARD')","[11, 35]",95.71521
"('MEDIUM', 'HARD', 'HARD')","[11, 36]",95.75021
"('MEDIUM', 'HARD', 'HARD')","[11, 37]",95.78522
"('MEDIUM', 'HARD', 'HARD')","[11, 38]",95.820206
"('MEDIUM', 'HARD', 'HARD')","[11, 39]",95.85521
"('MEDIUM', 'HARD', 'HARD')","[11, 40]",95.89021
"('MEDIUM', 'HARD', 'HARD')","[11, 41]",95.92521
"('MEDIUM', 'HARD', 'HARD')","[11, 42]",95.96022
"('MEDIUM', 'HARD', 'HARD')","[11, 43]",95.99521
"('MEDIUM', 'HARD', 'HARD')","[11, 44]",96.03021
"('MEDIUM', 'HARD', 'HARD')","[11, 45]",96.065216
"('MEDIUM', 'HARD', 'HARD')","[11, 46]",96.10022
"('MEDIUM', 'HARD', 'HARD')","[12, 13]",94.72169
"('MEDIUM', 'HARD', 'HARD')","[12, 14]",94.75668
"('MEDIUM', 'HARD', 'HARD')","[12, 15]",94.79169
"('MEDIUM', 'HARD', 'HARD')","[12, 16]",94.82668
"('MEDIUM', 'HARD', 'HARD')","[12, 17]",94.86169
"('MEDIUM', 'HARD', 'HARD')","[12, 18]",94.89668
"('MEDIUM', 'HARD', 'HARD')","[12, 19]",94.93169
"('MEDIUM', 'HARD', 'HARD')","[12, 20]",94.96668
"('MEDIUM', 'HARD', 'HARD')","[12, 21]",95.001686
"('MEDIUM', 'HARD', 'HARD')","[12, 22]",95.03668
"('MEDIUM', 'HARD', 'HARD')","[12, 23]",95.071686
"('MEDIUM', 'HARD', 'HARD')","[12, 24]",95.10669
"('MEDIUM', 'HARD', 'HARD')","[12, 25]",95.141685
"('MEDIUM', 'HARD', 'HARD')","[12, 26]",95.17668
"('MEDIUM', 'HARD', 'HARD')","[12, 27]",95.211685
"('MEDIUM', 'HARD', 'HARD')","[12, 28]",95.24668
"('MEDIUM', 'HARD', 'HARD')","[12, 29]",95.281685
"('MEDIUM', 'HARD', 'HARD')","[12, 30]",95.31668
"('MEDIUM', 'HARD', 'HARD')","[12, 31]",95.351685
"('MEDIUM', 'HARD', 'HARD')","[12, 32]",95.38669
"('MEDIUM', 'HARD', 'HARD')","[12, 33]",95.421684
"('MEDIUM', 'HARD', 'HARD')","[12, 34]",95.45668
"('MEDIUM', 'HARD', 'HARD')","[12, 35]",95.491684
"('MEDIUM', 'HARD', 'HARD')","[12, 36]",95.52668
"('MEDIUM', 'HARD', 'HARD')","[12, 37]",95.56168
"('MEDIUM', 'HARD', 'HARD')","[12, 38]",95.59668
"('MEDIUM', 'HARD', 'HARD')","[12, 39]",95.63168
"('MEDIUM', 'HARD', 'HARD')","[12, 40]",95.66669
"('MEDIUM', 'HARD', 'HARD')","[12, 41]",95.70168
"('MEDIUM', 'HARD', 'HARD')","[12, 42]",95.73668
"('MEDIUM', 'HARD', 'HARD')","[12, 43]",95.77168
"('MEDIUM', 'HARD', 'HARD')","[12, 44]",95.80669
"('MEDIUM', 'HARD', 'HARD')","[12, 45]",95.84168
"('MEDIUM', 'HARD', 'HARD')","[12, 46]",95.876686
"('MEDIUM', 'HARD', 'HARD')","[13, 14]",94.53316
"('MEDIUM', 'HARD', 'HARD')","[13, 15]",94.56816
"('MEDIUM', 'HARD', 'HARD')","[13, 16]",94.60316
"('MEDIUM', 'HARD', 'HARD')","[13, 17]",94.63816
"('MEDIUM', 'HARD', 'HARD')","[13, 18]",94.67316
"('MEDIUM', 'HARD', 'HARD')","[13, 19]",94.70816
"('MEDIUM', 'HARD', 'HARD')","[13, 20]",94.74316
"('MEDIUM', 'HARD', 'HARD')","[13, 21]",94.77816
"('MEDIUM', 'HARD', 'HARD')","[13, 22]",94.813156
"('MEDIUM', 'HARD', 'HARD')","[13, 23]",94.84816
"('MEDIUM', 'HARD', 'HARD')","[13, 24]",94.88316
"('MEDIUM', 'HARD', 'HARD')","[13, 25]",94.91816
"('MEDIUM', 'HARD', 'HARD')","[13, 26]",94.953156
"('MEDIUM', 'HARD', 'HARD')","[13, 27]",94.98816
"('MEDIUM', 'HARD', 'HARD')","[13, 28]",95.02316
"('MEDIUM', 'HARD', 'HARD')","[13, 29]",95.05816
"('MEDIUM', 'HARD', 'HARD')","[13, 30]",95.093155
"('MEDIUM', 'HARD', 'HARD')","[13, 31]",95.12816
"('MEDIUM', 'HARD', 'HARD')","[13, 32]",95.16316
"('MEDIUM', 'HARD', 'HARD')","[13, 33]",95.19816
"('MEDIUM', 'HARD', 'HARD')","[13, 34]",95.233154
"('MEDIUM', 'HARD', 'HARD')","[13, 35]",95.26816
"('MEDIUM', 'HARD', 'HARD')","[13, 36]",95.30316
"('MEDIUM', 'HARD', 'HARD')","[13, 37]",95.33816
"('MEDIUM', 'HARD', 'HARD')","[13, 38]",95.37315
"('MEDIUM', 'HARD', 'HARD')","[13, 39]",95.40816
"('MEDIUM', 'HARD', 'HARD')","[13, 40]",95.44316
"('MEDIUM', 'HARD', 'HARD')","[13, 41]",95.47816
"('MEDIUM', 'HARD', 'HARD')","[13, 42]",95.51315
"('MEDIUM', 'HARD', 'HARD')","[13, 43]",95.54816
"('MEDIUM', 'HARD', 'HARD')","[13, 44]",95.58316
"('MEDIUM', 'HARD', 'HARD')","[13, 45]",95.618164
"('MEDIUM', 'HARD', 'HARD')","[13, 46]",95.65316
"('MEDIUM', 'HARD', 'HARD')","[14, 15]",94.344635
"('MEDIUM', 'HARD', 'HARD')","[14, 16]",94.37963
"('MEDIUM', 'HARD', 'HARD')","[14, 17]",94.414635
"('MEDIUM', 'HARD', 'HARD')","[14, 18]",94.44963
"('MEDIUM', 'HARD', 'HARD')","[14, 19]",94.484634
"('MEDIUM', 'HARD', 'HARD')","[14, 20]",94.51963
"('MEDIUM', 'HARD', 'HARD')","[14, 21]",94.554634
"('MEDIUM', 'HARD', 'HARD')","[14, 22]",94.58963
"('MEDIUM', 'HARD', 'HARD')","[14, 23]",94.62463
"('MEDIUM', 'HARD', 'HARD')","[14, 24]",94.65964
"('MEDIUM', 'HARD', 'HARD')","[14, 25]",94.69463
"('MEDIUM', 'HARD', 'HARD')","[14, 26]",94.72963
"('MEDIUM', 'HARD', 'HARD')","[14, 27]",94.76463
"('MEDIUM', 'HARD', 'HARD')","[14, 28]",94.79963
"('MEDIUM', 'HARD', 'HARD')","[14, 29]",94.83463
"('MEDIUM', 'HARD', 'HARD')","[14, 30]",94.86963
"('MEDIUM', 'HARD', 'HARD')","[14, 31]",94.90463
"('MEDIUM', 'HARD', 'HARD')","[14, 32]",94.93964
"('MEDIUM', 'HARD', 'HARD')","[14, 33]",94.97463
"('MEDIUM', 'HARD', 'HARD')","[14, 34]",95.00963
"('MEDIUM', 'HARD', 'HARD')","[14, 35]",95.04463
"('MEDIUM', 'HARD', 'HARD')","[14, 36]",95.07963
"('MEDIUM', 'HARD', 'HARD')","[14, 37]",95.11463
"('MEDIUM', 'HARD', 'HARD')","[14, 38]",95.14963
"('MEDIUM', 'HARD', 'HARD')","[14, 39]",95.18463
"('MEDIUM', 'HARD', 'HARD')","[14, 40]",95.219635
"('MEDIUM', 'HARD', 'HARD')","[14, 41]",95.25463
"('MEDIUM', 'HARD', 'HARD')","[14, 42]",95.28963
"('MEDIUM', 'HARD', 'HARD')","[14, 43]",95.32463
"('MEDIUM', 'HARD', 'HARD')","[14, 44]",95.359634
"('MEDIUM', 'HARD', 'HARD')","[14, 45]",95.39463
"('MEDIUM', 'HARD', 'HARD')","[14, 46]",95.429634
"('MEDIUM', 'HARD', 'HARD')","[15, 16]",94.156105
"('MEDIUM', 'HARD', 'HARD')","[15, 17]",94.19111
"('MEDIUM', 'HARD', 'HARD')","[15, 18]",94.226105
"('MEDIUM', 'HARD', 'HARD')","[15, 19]",94.26111
"('MEDIUM', 'HARD', 'HARD')","[15, 20]",94.296104
"('MEDIUM', 'HARD', 'HARD')","[15, 21]",94.33111
"('MEDIUM', 'HARD', 'HARD')","[15, 22]",94.366104
"('MEDIUM', 'HARD', 'HARD')","[15, 23]",94.40111
"('MEDIUM', 'HARD', 'HARD')","[15, 24]",94.43611
"('MEDIUM', 'HARD', 'HARD')","[15, 25]",94.47111
"('MEDIUM', 'HARD', 'HARD')","[15, 26]",94.5061
"('MEDIUM', 'HARD', 'HARD')","[15, 27]",94.54111
"('MEDIUM', 'HARD', 'HARD')","[15, 28]",94.57611
"('MEDIUM', 'HARD', 'HARD')","[15, 29]",94.61111
"('MEDIUM', 'HARD', 'HARD')","[15, 30]",94.6461
"('MEDIUM', 'HARD', 'HARD')","[15, 31]",94.68111
"('MEDIUM', 'HARD', 'HARD')","[15, 32]",94.71611
"('MEDIUM', 'HARD', 'HARD')","[15, 33]",94.75111
"('MEDIUM', 'HARD', 'HARD')","[15, 34]",94.7861
"('MEDIUM', 'HARD', 'HARD')","[15, 35]",94.821106
"('MEDIUM', 'HARD', 'HARD')","[15, 36]",94.85611
"('MEDIUM', 'HARD', 'HARD')","[15, 37]",94.891106
"('MEDIUM', 'HARD', 'HARD')","[15, 38]",94.9261
"('MEDIUM', 'HARD', 'HARD')","[15, 39]",94.961105
"('MEDIUM', 'HARD', 'HARD')","[15, 40]",94.99611
"('MEDIUM', 'HARD', 'HARD')","[15, 41]",95.031105
"('MEDIUM', 'HARD', 'HARD')","[15, 42]",95.0661
"('MEDIUM', 'HARD', 'HARD')","[15, 43]",95.101105
"('MEDIUM', 'HARD', 'HARD')","[15, 44]",95.13611
"('MEDIUM', 'HARD', 'HARD')","[15, 45]",95.17111
"('MEDIUM', 'HARD', 'HARD')","[15, 46]",95.20611
"('MEDIUM', 'HARD', 'HARD')","[16, 17]",93.96758
"('MEDIUM', 'HARD', 'HARD')","[16, 18]",94.00258
"('MEDIUM', 'HARD', 'HARD')","[16, 19]",94.03758
"('MEDIUM', 'HARD', 'HARD')","[16, 20]",94.07258
"('MEDIUM', 'HARD', 'HARD')","[16, 21]",94.10758
"('MEDIUM', 'HARD', 'HARD')","[16, 22]",94.14258
"('MEDIUM', 'HARD', 'HARD')","[16, 23]",94.17758
"('MEDIUM', 'HARD', 'HARD')","[16, 24]",94.212585
"('MEDIUM', 'HARD', 'HARD')","[16, 25]",94.24758
"('MEDIUM', 'HARD', 'HARD')","[16, 26]",94.28258
"('MEDIUM', 'HARD', 'HARD')","[16, 27]",94.31758
"('MEDIUM', 'HARD', 'HARD')","[16, 28]",94.35258
"('MEDIUM', 'HARD', 'HARD')","[16, 29]",94.38758
"('MEDIUM', 'HARD', 'HARD')","[16, 30]",94.42258
"('MEDIUM', 'HARD', 'HARD')","[16, 31]",94.45758
"('MEDIUM', 'HARD', 'HARD')","[16, 32]",94.492584
"('MEDIUM', 'HARD', 'HARD')","[16, 33]",94.52758
"('MEDIUM', 'HARD', 'HARD')","[16, 34]",94.56258
"('MEDIUM', 'HARD', 'HARD')","[16, 35]",94.59758
"('MEDIUM', 'HARD', 'HARD')","[16, 36]",94.632576
"('MEDIUM', 'HARD', 'HARD')","[16, 37]",94.66758
"('MEDIUM', 'HARD', 'HARD')","[16, 38]",94.702576
"('MEDIUM', 'HARD', 'HARD')","[16, 39]",94.73758
"('MEDIUM', 'HARD', 'HARD')","[16, 40]",94.77258
"('MEDIUM', 'HARD', 'HARD')","[16, 41]",94.80758
"('MEDIUM', 'HARD', 'HARD')","[16, 42]",94.842575
"('MEDIUM', 'HARD', 'HARD')","[16, 43]",94.87758
"('MEDIUM', 'HARD', 'HARD')","[16, 44]",94.91258
"('MEDIUM', 'HARD', 'HARD')","[16, 45]",94.94758
"('MEDIUM', 'HARD', 'HARD')","[16, 46]",94.98258
"('MEDIUM', 'HARD', 'HARD')","[17, 18]",93.77905
"('MEDIUM', 'HARD', 'HARD')","[17, 19]",93.81406
"('MEDIUM', 'HARD', 'HARD')","[17, 20]",93.84905
"('MEDIUM', 'HARD', 'HARD')","[17, 21]",93.884056
"('MEDIUM', 'HARD', 'HARD')","[17, 22]",93.91905
"('MEDIUM', 'HARD', 'HARD')","[17, 23]",93.954056
"('MEDIUM', 'HARD', 'HARD')","[17, 24]",93.98906
"('MEDIUM', 'HARD', 'HARD')","[17, 25]",94.024055
"('MEDIUM', 'HARD', 'HARD')","[17, 26]",94.05905
"('MEDIUM', 'HARD', 'HARD')","[17, 27]",94.094055
"('MEDIUM', 'HARD', 'HARD')","[17, 28]",94.12906
"('MEDIUM', 'HARD', 'HARD')","[17, 29]",94.164055
"('MEDIUM', 'HARD', 'HARD')","[17, 30]",94.19905
"('MEDIUM', 'HARD', 'HARD')","[17, 31]",94.234055
"('MEDIUM', 'HARD', 'HARD')","[17, 32]",94.26906
"('MEDIUM', 'HARD', 'HARD')","[17, 33]",94.304054
"('MEDIUM', 'HARD', 'HARD')","[17, 34]",94.33905
"('MEDIUM', 'HARD', 'HARD')","[17, 35]",94.374054
"('MEDIUM', 'HARD', 'HARD')","[17, 36]",94.40906
"('MEDIUM', 'HARD', 'HARD')","[17, 37]",94.44405
"('MEDIUM', 'HARD', 'HARD')","[17, 38]",94.47905
"('MEDIUM', 'HARD', 'HARD')","[17, 39]",94.51405
"('MEDIUM', 'HARD', 'HARD')","[17, 40]",94.54906
"('MEDIUM', 'HARD', 'HARD')","[17, 41]",94.58405
"('MEDIUM', 'HARD', 'HARD')","[17, 42]",94.61905
"('MEDIUM', 'HARD', 'HARD')","[17, 43]",94.65405
"('MEDIUM', 'HARD', 'HARD')","[17, 44]",94.68906
"('MEDIUM', 'HARD', 'HARD')","[17, 45]",94.72406
"('MEDIUM', 'HARD', 'HARD')","[17, 46]",94.759056
"('MEDIUM', 'HARD', 'HARD')","[18, 19]",93.59053
"('MEDIUM', 'HARD', 'HARD')","[18, 20]",93.62553
"('MEDIUM', 'HARD', 'HARD')","[18, 21]",93.66053
"('MEDIUM', 'HARD', 'HARD')","[18, 22]",93.695526
"('MEDIUM', 'HARD', 'HARD')","[18, 23]",93.73053
"('MEDIUM', 'HARD', 'HARD')","[18, 24]",93.76553
"('MEDIUM', 'HARD', 'HARD')","[18, 25]",93.80053
"('MEDIUM', 'HARD', 'HARD')","[18, 26]",93.835526
"('MEDIUM', 'HARD', 'HARD')","[18, 27]",93.87053
"('MEDIUM', 'HARD', 'HARD')","[18, 28]",93.905525
"('MEDIUM', 'HARD', 'HARD')","[18, 29]",93.94053
"('MEDIUM', 'HARD', 'HARD')","[18, 30]",93.975525
"('MEDIUM', 'HARD', 'HARD')","[18, 31]",94.01053
"('MEDIUM', 'HARD', 'HARD')","[18, 32]",94.04553
"('MEDIUM', 'HARD', 'HARD')","[18, 33]",94.08053
"('MEDIUM', 'HARD', 'HARD')","[18, 34]",94.115524
"('MEDIUM', 'HARD', 'HARD')","[18, 35]",94.15053
"('MEDIUM', 'HARD', 'HARD')","[18, 36]",94.185524
"('MEDIUM', 'HARD', 'HARD')","[18, 37]",94.22053
"('MEDIUM', 'HARD', 'HARD')","[18, 38]",94.25552
"('MEDIUM', 'HARD', 'HARD')","[18, 39]",94.29053
"('MEDIUM', 'HARD', 'HARD')","[18, 40]",94.32553
"('MEDIUM', 'HARD', 'HARD')","[18, 41]",94.36053
"('MEDIUM', 'HARD', 'HARD')","[18, 42]",94.39552
"('MEDIUM', 'HARD', 'HARD')","[18, 43]",94.43053
"('MEDIUM', 'HARD', 'HARD')","[18, 44]",94.46553
"('MEDIUM', 'HARD', 'HARD')","[18, 45]",94.50053
"('MEDIUM', 'HARD', 'HARD')","[18, 46]",94.53553
"('MEDIUM', 'HARD', 'HARD')","[19, 20]",93.402
"('MEDIUM', 'HARD', 'HARD')","[19, 21]",93.437004
"('MEDIUM', 'HARD', 'HARD')","[19, 22]",93.472
"('MEDIUM', 'HARD', 'HARD')","[19, 23]",93.507
"('MEDIUM', 'HARD', 'HARD')","[19, 24]",93.542
"('MEDIUM', 'HARD', 'HARD')","[19, 25]",93.577
"('MEDIUM', 'HARD', 'HARD')","[19, 26]",93.612
"('MEDIUM', 'HARD', 'HARD')","[19, 27]",93.647
"('MEDIUM', 'HARD', 'HARD')","[19, 28]",93.682
"('MEDIUM', 'HARD', 'HARD')","[19, 29]",93.717
"('MEDIUM', 'HARD', 'HARD')","[19, 30]",93.752
"('MEDIUM', 'HARD', 'HARD')","[19, 31]",93.787
"('MEDIUM', 'HARD', 'HARD')","[19, 32]",93.822
"('MEDIUM', 'HARD', 'HARD')","[19, 33]",93.857
"('MEDIUM', 'HARD', 'HARD')","[19, 34]",93.892
"('MEDIUM', 'HARD', 'HARD')","[19, 35]",93.927
"('MEDIUM', 'HARD', 'HARD')","[19, 36]",93.962
"('MEDIUM', 'HARD', 'HARD')","[19, 37]",93.997
"('MEDIUM', 'HARD', 'HARD')","[19, 38]",94.032
"('MEDIUM', 'HARD', 'HARD')","[19, 39]",94.067
"('MEDIUM', 'HARD', 'HARD')","[19, 40]",94.102
"('MEDIUM', 'HARD', 'HARD')","[19, 41]",94.137
"('MEDIUM', 'HARD', 'HARD')","[19, 42]",94.172
"('MEDIUM', 'HARD', 'HARD')","[19, 43]",94.207
"('MEDIUM', 'HARD', 'HARD')","[19, 44]",94.242004
"('MEDIUM', 'HARD', 'HARD')","[19, 45]",94.277
"('MEDIUM', 'HARD', 'HARD')","[19, 46]",94.312004
"('MEDIUM', 'HARD', 'HARD')","[20, 21]",93.21347
"('MEDIUM', 'HARD', 'HARD')","[20, 22]",93.248474
"('MEDIUM', 'HARD', 'HARD')","[20, 23]",93.28348
"('MEDIUM', 'HARD', 'HARD')","[20, 24]",93.318474
"('MEDIUM', 'HARD', 'HARD')","[20, 25]",93.35348
"('MEDIUM', 'HARD', 'HARD')","[20, 26]",93.38847
"('MEDIUM', 'HARD', 'HARD')","[20, 27]",93.42348
"('MEDIUM', 'HARD', 'HARD')","[20, 28]",93.45847
"('MEDIUM', 'HARD', 'HARD')","[20, 29]",93.49347
"('MEDIUM', 'HARD', 'HARD')","[20, 30]",93.52847
"('MEDIUM', 'HARD', 'HARD')","[20, 31]",93.56348
"('MEDIUM', 'HARD', 'HARD')","[20, 32]",93.59847
"('MEDIUM', 'HARD', 'HARD')","[20, 33]",93.63348
"('MEDIUM', 'HARD', 'HARD')","[20, 34]",93.66847
"('MEDIUM', 'HARD', 'HARD')","[20, 35]",93.703476
"('MEDIUM', 'HARD', 'HARD')","[20, 36]",93.73847
"('MEDIUM', 'HARD', 'HARD')","[20, 37]",93.77347
"('MEDIUM', 'HARD', 'HARD')","[20, 38]",93.80847
"('MEDIUM', 'HARD', 'HARD')","[20, 39]",93.843475
"('MEDIUM', 'HARD', 'HARD')","[20, 40]",93.87847
"('MEDIUM', 'HARD', 'HARD')","[20, 41]",93.913475
"('MEDIUM', 'HARD', 'HARD')","[20, 42]",93.94847
"('MEDIUM', 'HARD', 'HARD')","[20, 43]",93.983475
"('MEDIUM', 'HARD', 'HARD')","[20, 44]",94.01848
"('MEDIUM', 'HARD', 'HARD')","[20, 45]",94.053474
"('MEDIUM', 'HARD', 'HARD')","[20, 46]",94.08847
"('MEDIUM', 'HARD', 'HARD')","[21, 22]",93.02495
"('MEDIUM', 'HARD', 'HARD')","[21, 23]",93.05995
"('MEDIUM', 'HARD', 'HARD')","[21, 24]",93.09495
"('MEDIUM', 'HARD', 'HARD')","[21, 25]",93.12995
"('MEDIUM', 'HARD', 'HARD')","[21, 26]",93.16495
"('MEDIUM', 'HARD', 'HARD')","[21, 27]",93.19995
"('MEDIUM', 'HARD', 'HARD')","[21, 28]",93.23495
"('MEDIUM', 'HARD', 'HARD')","[21, 29]",93.26994
"('MEDIUM', 'HARD', 'HARD')","[21, 30]",93.30495
"('MEDIUM', 'HARD', 'HARD')","[21, 31]",93.33995
"('MEDIUM', 'HARD', 'HARD')","[21, 32]",93.37495
"('MEDIUM', 'HARD', 'HARD')","[21, 33]",93.40995
"('MEDIUM', 'HARD', 'HARD')","[21, 34]",93.44495
"('MEDIUM', 'HARD', 'HARD')","[21, 35]",93.47995
"('MEDIUM', 'HARD', 'HARD')","[21, 36]",93.514946
"('MEDIUM', 'HARD', 'HARD')","[21, 37]",93.54994
"('MEDIUM', 'HARD', 'HARD')","[21, 38]",93.584946
"('MEDIUM', 'HARD', 'HARD')","[21, 39]",93.61995
"('MEDIUM', 'HARD', 'HARD')","[21, 40]",93.654945
"('MEDIUM', 'HARD', 'HARD')","[21, 41]",93.68995
"('MEDIUM', 'HARD', 'HARD')","[21, 42]",93.724945
"('MEDIUM', 'HARD', 'HARD')","[21, 43]",93.75995
"('MEDIUM', 'HARD', 'HARD')","[21, 44]",93.79495
"('MEDIUM', 'HARD', 'HARD')","[21, 45]",93.82995
"('MEDIUM', 'HARD', 'HARD')","[21, 46]",93.864944
"('MEDIUM', 'HARD', 'HARD')","[22, 23]",92.836426
"('MEDIUM', 'HARD', 'HARD')","[22, 24]",92.87142
"('MEDIUM', 'HARD', 'HARD')","[22, 25]",92.906425
"('MEDIUM', 'HARD', 'HARD')","[22, 26]",92.94142
"('MEDIUM', 'HARD', 'HARD')","[22, 27]",92.976425
"('MEDIUM', 'HARD', 'HARD')","[22, 28]",93.01142
"('MEDIUM', 'HARD', 'HARD')","[22, 29]",93.04642
"('MEDIUM', 'HARD', 'HARD')","[22, 30]",93.08142
"('MEDIUM', 'HARD', 'HARD')","[22, 31]",93.116425
"('MEDIUM', 'HARD', 'HARD')","[22, 32]",93.15142
"('MEDIUM', 'HARD', 'HARD')","[22, 33]",93.186424
"('MEDIUM', 'HARD', 'HARD')","[22, 34]",93.22142
"('MEDIUM', 'HARD', 'HARD')","[22, 35]",93.256424
"('MEDIUM', 'HARD', 'HARD')","[22, 36]",93.29142
"('MEDIUM', 'HARD', 'HARD')","[22, 37]",93.326416
"('MEDIUM', 'HARD', 'HARD')","[22, 38]",93.36142
"('MEDIUM', 'HARD', 'HARD')","[22, 39]",93.39642
"('MEDIUM', 'HARD', 'HARD')","[22, 40]",93.43142
"('MEDIUM', 'HARD', 'HARD')","[22, 41]",93.46642
"('MEDIUM', 'HARD', 'HARD')","[22, 42]",93.50142
"('MEDIUM', 'HARD', 'HARD')","[22, 43]",93.53642
"('MEDIUM', 'HARD', 'HARD')","[22, 44]",93.57143
"('MEDIUM', 'HARD', 'HARD')","[22, 45]",93.60642
"('MEDIUM', 'HARD', 'HARD')","[22, 46]",93.64142
"('MEDIUM', 'HARD', 'HARD')","[23, 24]",92.647896
"('MEDIUM', 'HARD', 'HARD')","[23, 25]",92.6829
"('MEDIUM', 'HARD', 'HARD')","[23, 26]",92.717896
"('MEDIUM', 'HARD', 'HARD')","[23, 27]",92.7529
"('MEDIUM', 'HARD', 'HARD')","[23, 28]",92.787895
"('MEDIUM', 'HARD', 'HARD')","[23, 29]",92.82289
"('MEDIUM', 'HARD', 'HARD')","[23, 30]",92.857895
"('MEDIUM', 'HARD', 'HARD')","[23, 31]",92.8929
"('MEDIUM', 'HARD', 'HARD')","[23, 32]",92.927895
"('MEDIUM', 'HARD', 'HARD')","[23, 33]",92.9629
"('MEDIUM', 'HARD', 'HARD')","[23, 34]",92.997894
"('MEDIUM', 'HARD', 'HARD')","[23, 35]",93.0329
"('MEDIUM', 'HARD', 'HARD')","[23, 36]",93.067894
"('MEDIUM', 'HARD', 'HARD')","[23, 37]",93.10289
"('MEDIUM', 'HARD', 'HARD')","[23, 38]",93.13789
"('MEDIUM', 'HARD', 'HARD')","[23, 39]",93.1729
"('MEDIUM', 'HARD', 'HARD')","[23, 40]",93.20789
"('MEDIUM', 'HARD', 'HARD')","[23, 41]",93.2429
"('MEDIUM', 'HARD', 'HARD')","[23, 42]",93.27789
"('MEDIUM', 'HARD', 'HARD')","[23, 43]",93.3129
"('MEDIUM', 'HARD', 'HARD')","[23, 44]",93.3479
"('MEDIUM', 'HARD', 'HARD')","[23, 45]",93.3829
"('MEDIUM', 'HARD', 'HARD')","[23, 46]",93.41789
"('MEDIUM', 'HARD', 'HARD')","[24, 25]",92.45937
"('MEDIUM', 'HARD', 'HARD')","[24, 26]",92.49437
"('MEDIUM', 'HARD', 'HARD')","[24, 27]",92.52937
"('MEDIUM', 'HARD', 'HARD')","[24, 28]",92.56437
"('MEDIUM', 'HARD', 'HARD')","[24, 29]",92.599365
"('MEDIUM', 'HARD', 'HARD')","[24, 30]",92.63437
"('MEDIUM', 'HARD', 'HARD')","[24, 31]",92.66937
"('MEDIUM', 'HARD', 'HARD')","[24, 32]",92.70437
"('MEDIUM', 'HARD', 'HARD')","[24, 33]",92.73937
"('MEDIUM', 'HARD', 'HARD')","[24, 34]",92.77437
"('MEDIUM', 'HARD', 'HARD')","[24, 35]",92.80937
"('MEDIUM', 'HARD', 'HARD')","[24, 36]",92.84437
"('MEDIUM', 'HARD', 'HARD')","[24, 37]",92.879364
"('MEDIUM', 'HARD', 'HARD')","[24, 38]",92.91437
"('MEDIUM', 'HARD', 'HARD')","[24, 39]",92.94937
"('MEDIUM', 'HARD', 'HARD')","[24, 40]",92.98437
"('MEDIUM', 'HARD', 'HARD')","[24, 41]",93.01937
"('MEDIUM', 'HARD', 'HARD')","[24, 42]",93.05437
"('MEDIUM', 'HARD', 'HARD')","[24, 43]",93.08937
"('MEDIUM', 'HARD', 'HARD')","[24, 44]",93.124374
"('MEDIUM', 'HARD', 'HARD')","[24, 45]",93.15937
"('MEDIUM', 'HARD', 'HARD')","[24, 46]",93.19437
"('MEDIUM', 'HARD', 'HARD')","[25, 26]",92.27084
"('MEDIUM', 'HARD', 'HARD')","[25, 27]",92.30585
"('MEDIUM', 'HARD', 'HARD')","[25, 28]",92.34084
"('MEDIUM', 'HARD', 'HARD')","[25, 29]",92.37584
"('MEDIUM', 'HARD', 'HARD')","[25, 30]",92.41084
"('MEDIUM', 'HARD', 'HARD')","[25, 31]",92.44585
"('MEDIUM', 'HARD', 'HARD')","[25, 32]",92.48084
"('MEDIUM', 'HARD', 'HARD')","[25, 33]",92.51585
"('MEDIUM', 'HARD', 'HARD')","[25, 34]",92.55084
"('MEDIUM', 'HARD', 'HARD')","[25, 35]",92.585846
"('MEDIUM', 'HARD', 'HARD')","[25, 36]",92.62084
"('MEDIUM', 'HARD', 'HARD')","[25, 37]",92.65584
"('MEDIUM', 'HARD', 'HARD')","[25, 38]",92.69084
"('MEDIUM', 'HARD', 'HARD')","[25, 39]",92.725845
"('MEDIUM', 'HARD', 'HARD')","[25, 40]",92.76084
"('MEDIUM', 'HARD', 'HARD')","[25, 41]",92.795845
"('MEDIUM', 'HARD', 'HARD')","[25, 42]",92.83084
"('MEDIUM', 'HARD', 'HARD')","[25, 43]",92.865845
"('MEDIUM', 'HARD', 'HARD')","[25, 44]",92.90085
"('MEDIUM', 'HARD', 'HARD')","[25, 45]",92.935844
"('MEDIUM', 'HARD', 'HARD')","[25, 46]",92.97084
"('MEDIUM', 'HARD', 'HARD')","[26, 27]",92.08232
"('MEDIUM', 'HARD', 'HARD')","[26, 28]",92.11732
"('MEDIUM', 'HARD', 'HARD')","[26, 29]",92.15231
"('MEDIUM', 'HARD', 'HARD')","[26, 30]",92.18732
"('MEDIUM', 'HARD', 'HARD')","[26, 31]",92.22232
"('MEDIUM', 'HARD', 'HARD')","[26, 32]",92.25732
"('MEDIUM', 'HARD', 'HARD')","[26, 33]",92.29232
"('MEDIUM', 'HARD', 'HARD')","[26, 34]",92.32732
"('MEDIUM', 'HARD', 'HARD')","[26, 35]",92.36232
"('MEDIUM', 'HARD', 'HARD')","[26, 36]",92.397316
"('MEDIUM', 'HARD', 'HARD')","[26, 37]",92.43231
"('MEDIUM', 'HARD', 'HARD')","[26, 38]",92.467316
"('MEDIUM', 'HARD', 'HARD')","[26, 39]",92.50232
"('MEDIUM', 'HARD', 'HARD')","[26, 40]",92.537315
"('MEDIUM', 'HARD', 'HARD')","[26, 41]",92.57232
"('MEDIUM', 'HARD', 'HARD')","[26, 42]",92.607315
"('MEDIUM', 'HARD', 'HARD')","[26, 43]",92.64232
"('MEDIUM', 'HARD', 'HARD')","[26, 44]",92.67732
"('MEDIUM', 'HARD', 'HARD')","[26, 45]",92.71232
"('MEDIUM', 'HARD', 'HARD')","[26, 46]",92.747314
"('MEDIUM', 'HARD', 'HARD')","[27, 28]",91.89379
"('MEDIUM', 'HARD', 'HARD')","[27, 29]",91.92879
"('MEDIUM', 'HARD', 'HARD')","[27, 30]",91.96379
"('MEDIUM', 'HARD', 'HARD')","[27, 31]",91.998795
"('MEDIUM', 'HARD', 'HARD')","[27, 32]",92.03379
"('MEDIUM', 'HARD', 'HARD')","[27, 33]",92.068794
"('MEDIUM', 'HARD', 'HARD')","[27, 34]",92.10379
"('MEDIUM', 'HARD', 'HARD')","[27, 35]",92.138794
"('MEDIUM', 'HARD', 'HARD')","[27, 36]",92.17379
"('MEDIUM', 'HARD', 'HARD')","[27, 37]",92.208786
"('MEDIUM', 'HARD', 'HARD')","[27, 38]",92.24379
"('MEDIUM', 'HARD', 'HARD')","[27, 39]",92.27879
"('MEDIUM', 'HARD', 'HARD')","[27, 40]",92.31379
"('MEDIUM', 'HARD', 'HARD')","[27, 41]",92.34879
"('MEDIUM', 'HARD', 'HARD')","[27, 42]",92.38379
"('MEDIUM', 'HARD', 'HARD')","[27, 43]",92.41879
"('MEDIUM', 'HARD', 'HARD')","[27, 44]",92.4538
"('MEDIUM', 'HARD', 'HARD')","[27, 45]",92.48879
"('MEDIUM', 'HARD', 'HARD')","[27, 46]",92.52379
"('MEDIUM', 'HARD', 'HARD')","[28, 29]",91.70526
"('MEDIUM', 'HARD', 'HARD')","[28, 30]",91.740265
"('MEDIUM', 'HARD', 'HARD')","[28, 31]",91.77527
"('MEDIUM', 'HARD', 'HARD')","[28, 32]",91.810265
"('MEDIUM', 'HARD', 'HARD')","[28, 33]",91.84527
"('MEDIUM', 'HARD', 'HARD')","[28, 34]",91.880264
"('MEDIUM', 'HARD', 'HARD')","[28, 35]",91.91527
"('MEDIUM', 'HARD', 'HARD')","[28, 36]",91.950264
"('MEDIUM', 'HARD', 'HARD')","[28, 37]",91.98526
"('MEDIUM', 'HARD', 'HARD')","[28, 38]",92.02026
"('MEDIUM', 'HARD', 'HARD')","[28, 39]",92.05527
"('MEDIUM', 'HARD', 'HARD')","[28, 40]",92.09026
"('MEDIUM', 'HARD', 'HARD')","[28, 41]",92.12527
"('MEDIUM', 'HARD', 'HARD')","[28, 42]",92.16026
"('MEDIUM', 'HARD', 'HARD')","[28, 43]",92.19527
"('MEDIUM', 'HARD', 'HARD')","[28, 44]",92.23027
"('MEDIUM', 'HARD', 'HARD')","[28, 45]",92.26527
"('MEDIUM', 'HARD', 'HARD')","[28, 46]",92.30026
"('MEDIUM', 'HARD', 'HARD')","[29, 30]",91.51674
"('MEDIUM', 'HARD', 'HARD')","[29, 31]",91.55174
"('MEDIUM', 'HARD', 'HARD')","[29, 32]",91.58674
"('MEDIUM', 'HARD', 'HARD')","[29, 33]",91.62174
"('MEDIUM', 'HARD', 'HARD')","[29, 34]",91.65674
"('MEDIUM', 'HARD', 'HARD')","[29, 35]",91.69174
"('MEDIUM', 'HARD', 'HARD')","[29, 36]",91.72674
"('MEDIUM', 'HARD', 'HARD')","[29, 37]",91.761734
"('MEDIUM', 'HARD', 'HARD')","[29, 38]",91.79674
"('MEDIUM', 'HARD', 'HARD')","[29, 39]",91.83174
"('MEDIUM', 'HARD', 'HARD')","[29, 40]",91.86674
"('MEDIUM', 'HARD', 'HARD')","[29, 41]",91.90174
"('MEDIUM', 'HARD', 'HARD')","[29, 42]",91.93674
"('MEDIUM', 'HARD', 'HARD')","[29, 43]",91.97174
"('MEDIUM', 'HARD', 'HARD')","[29, 44]",92.006744
"('MEDIUM', 'HARD', 'HARD')","[29, 45]",92.04174
"('MEDIUM', 'HARD', 'HARD')","[29, 46]",92.07674
"('MEDIUM', 'HARD', 'HARD')","[30, 31]",91.32822
"('MEDIUM', 'HARD', 'HARD')","[30, 32]",91.36321
"('MEDIUM', 'HARD', 'HARD')","[30, 33]",91.39822
"('MEDIUM', 'HARD', 'HARD')","[30, 34]",91.43321
"('MEDIUM', 'HARD', 'HARD')","[30, 35]",91.468216
"('MEDIUM', 'HARD', 'HARD')","[30, 36]",91.50321
"('MEDIUM', 'HARD', 'HARD')","[30, 37]",91.53821
"('MEDIUM', 'HARD', 'HARD')","[30, 38]",91.57321
"('MEDIUM', 'HARD', 'HARD')","[30, 39]",91.608215
"('MEDIUM', 'HARD', 'HARD')","[30, 40]",91.64321
"('MEDIUM', 'HARD', 'HARD')","[30, 41]",91.678215
"('MEDIUM', 'HARD', 'HARD')","[30, 42]",91.71321
"('MEDIUM', 'HARD', 'HARD')","[30, 43]",91.748215
"('MEDIUM', 'HARD', 'HARD')","[30, 44]",91.78322
"('MEDIUM', 'HARD', 'HARD')","[30, 45]",91.818214
"('MEDIUM', 'HARD', 'HARD')","[30, 46]",91.85321
"('MEDIUM', 'HARD', 'HARD')","[31, 32]",91.13969
"('MEDIUM', 'HARD', 'HARD')","[31, 33]",91.17469
"('MEDIUM', 'HARD', 'HARD')","[31, 34]",91.20969
"('MEDIUM', 'HARD', 'HARD')","[31, 35]",91.24469
"('MEDIUM', 'HARD', 'HARD')","[31, 36]",91.279686
"('MEDIUM', 'HARD', 'HARD')","[31, 37]",91.31468
"('MEDIUM', 'HARD', 'HARD')","[31, 38]",91.349686
"('MEDIUM', 'HARD', 'HARD')","[31, 39]",91.38469
"('MEDIUM', 'HARD', 'HARD')","[31, 40]",91.419685
"('MEDIUM', 'HARD', 'HARD')","[31, 41]",91.45469
"('MEDIUM', 'HARD', 'HARD')","[31, 42]",91.489685
"('MEDIUM', 'HARD', 'HARD')","[31, 43]",91.52469
"('MEDIUM', 'HARD', 'HARD')","[31, 44]",91.55969
"('MEDIUM', 'HARD', 'HARD')","[31, 45]",91.59469
"('MEDIUM', 'HARD', 'HARD')","[31, 46]",91.629684
"('MEDIUM', 'HARD', 'HARD')","[32, 33]",90.951164
"('MEDIUM', 'HARD', 'HARD')","[32, 34]",90.98616
"('MEDIUM', 'HARD', 'HARD')","[32, 35]",91.021164
"('MEDIUM', 'HARD', 'HARD')","[32, 36]",91.05616
"('MEDIUM', 'HARD', 'HARD')","[32, 37]",91.091156
"('MEDIUM', 'HARD', 'HARD')","[32, 38]",91.12616
"('MEDIUM', 'HARD', 'HARD')","[32, 39]",91.16116
"('MEDIUM', 'HARD', 'HARD')","[32, 40]",91.19616
"('MEDIUM', 'HARD', 'HARD')","[32, 41]",91.23116
"('MEDIUM', 'HARD', 'HARD')","[32, 42]",91.26616
"('MEDIUM', 'HARD', 'HARD')","[32, 43]",91.30116
"('MEDIUM', 'HARD', 'HARD')","[32, 44]",91.33617
"('MEDIUM', 'HARD', 'HARD')","[32, 45]",91.37116
"('MEDIUM', 'HARD', 'HARD')","[32, 46]",91.40616
"('MEDIUM', 'HARD', 'HARD')","[33, 34]",90.762634
"('MEDIUM', 'HARD', 'HARD')","[33, 35]",90.79764
"('MEDIUM', 'HARD', 'HARD')","[33, 36]",90.832634
"('MEDIUM', 'HARD', 'HARD')","[33, 37]",90.86763
"('MEDIUM', 'HARD', 'HARD')","[33, 38]",90.90263
"('MEDIUM', 'HARD', 'HARD')","[33, 39]",90.93764
"('MEDIUM', 'HARD', 'HARD')","[33, 40]",90.97263
"('MEDIUM', 'HARD', 'HARD')","[33, 41]",91.00764
"('MEDIUM', 'HARD', 'HARD')","[33, 42]",91.04263
"('MEDIUM', 'HARD', 'HARD')","[33, 43]",91.07764
"('MEDIUM', 'HARD', 'HARD')","[33, 44]",91.11264
"('MEDIUM', 'HARD', 'HARD')","[33, 45]",91.14764
"('MEDIUM', 'HARD', 'HARD')","[33, 46]",91.18263
"('MEDIUM', 'HARD', 'HARD')","[34, 35]",90.57411
"('MEDIUM', 'HARD', 'HARD')","[34, 36]",90.60911
"('MEDIUM', 'HARD', 'HARD')","[34, 37]",90.644104
"('MEDIUM', 'HARD', 'HARD')","[34, 38]",90.67911
"('MEDIUM', 'HARD', 'HARD')","[34, 39]",90.71411
"('MEDIUM', 'HARD', 'HARD')","[34, 40]",90.74911
"('MEDIUM', 'HARD', 'HARD')","[34, 41]",90.78411
"('MEDIUM', 'HARD', 'HARD')","[34, 42]",90.81911
"('MEDIUM', 'HARD', 'HARD')","[34, 43]",90.85411
"('MEDIUM', 'HARD', 'HARD')","[34, 44]",90.889114
"('MEDIUM', 'HARD', 'HARD')","[34, 45]",90.92411
"('MEDIUM', 'HARD', 'HARD')","[34, 46]",90.95911
"('MEDIUM', 'HARD', 'HARD')","[35, 36]",90.38558
"('MEDIUM', 'HARD', 'HARD')","[35, 37]",90.42058
"('MEDIUM', 'HARD', 'HARD')","[35, 38]",90.45558
"('MEDIUM', 'HARD', 'HARD')","[35, 39]",90.490585
"('MEDIUM', 'HARD', 'HARD')","[35, 40]",90.52558
"('MEDIUM', 'HARD', 'HARD')","[35, 41]",90.560585
"('MEDIUM', 'HARD', 'HARD')","[35, 42]",90.59558
"('MEDIUM', 'HARD', 'HARD')","[35, 43]",90.630585
"('MEDIUM', 'HARD', 'HARD')","[35, 44]",90.66559
"('MEDIUM', 'HARD', 'HARD')","[35, 45]",90.700584
"('MEDIUM', 'HARD', 'HARD')","[35, 46]",90.73558
"('MEDIUM', 'HARD', 'HARD')","[36, 37]",90.19705
"('MEDIUM', 'HARD', 'HARD')","[36, 38]",90.232056
"('MEDIUM', 'HARD', 'HARD')","[36, 39]",90.26706
"('MEDIUM', 'HARD', 'HARD')","[36, 40]",90.302055
"('MEDIUM', 'HARD', 'HARD')","[36, 41]",90.33706
"('MEDIUM', 'HARD', 'HARD')","[36, 42]",90.372055
"('MEDIUM', 'HARD', 'HARD')","[36, 43]",90.40706
"('MEDIUM', 'HARD', 'HARD')","[36, 44]",90.44206
"('MEDIUM', 'HARD', 'HARD')","[36, 45]",90.47706
"('MEDIUM', 'HARD', 'HARD')","[36, 46]",90.512054
"('MEDIUM', 'HARD', 'HARD')","[37, 38]",90.00853
"('MEDIUM', 'HARD', 'HARD')","[37, 39]",90.04352
"('MEDIUM', 'HARD', 'HARD')","[37, 40]",90.07852
"('MEDIUM', 'HARD', 'HARD')","[37, 41]",90.113525
"('MEDIUM', 'HARD', 'HARD')","[37, 42]",90.14853
"('MEDIUM', 'HARD', 'HARD')","[37, 43]",90.18353
"('MEDIUM', 'HARD', 'HARD')","[37, 44]",90.21854
"('MEDIUM', 'HARD', 'HARD')","[37, 45]",90.25353
"('MEDIUM', 'HARD', 'HARD')","[37, 46]",90.28853
"('MEDIUM', 'HARD', 'HARD')","[38, 39]",89.81999
"('MEDIUM', 'HARD', 'HARD')","[38, 40]",89.854996
"('MEDIUM', 'HARD', 'HARD')","[38, 41]",89.88999
"('MEDIUM', 'HARD', 'HARD')","[38, 42]",89.925
"('MEDIUM', 'HARD', 'HARD')","[38, 43]",89.95999
"('MEDIUM', 'HARD', 'HARD')","[38, 44]",89.994995
"('MEDIUM', 'HARD', 'HARD')","[38, 45]",90.03
"('MEDIUM', 'HARD', 'HARD')","[38, 46]",90.065
"('MEDIUM', 'HARD', 'HARD')","[39, 40]",89.63147
"('MEDIUM', 'HARD', 'HARD')","[39, 41]",89.666466
"('MEDIUM', 'HARD', 'HARD')","[39, 42]",89.70146
"('MEDIUM', 'HARD', 'HARD')","[39, 43]",89.736465
"('MEDIUM', 'HARD', 'HARD')","[39, 44]",89.77147
"('MEDIUM', 'HARD', 'HARD')","[39, 45]",89.806465
"('MEDIUM', 'HARD', 'HARD')","[39, 46]",89.84147
"('MEDIUM', 'HARD', 'HARD')","[40, 41]",89.44294
"('MEDIUM', 'HARD', 'HARD')","[40, 42]",89.477936
"('MEDIUM', 'HARD', 'HARD')","[40, 43]",89.51294
"('MEDIUM', 'HARD', 'HARD')","[40, 44]",89.54794
"('MEDIUM', 'HARD', 'HARD')","[40, 45]",89.58294
"('MEDIUM', 'HARD', 'HARD')","[40, 46]",89.617935
"('MEDIUM', 'HARD', 'HARD')","[41, 42]",89.25441
"('MEDIUM', 'HARD', 'HARD')","[41, 43]",89.28941
"('MEDIUM', 'HARD', 'HARD')","[41, 44]",89.32442
"('MEDIUM', 'HARD', 'HARD')","[41, 45]",89.35941
"('MEDIUM', 'HARD', 'HARD')","[41, 46]",89.39441
"('MEDIUM', 'HARD', 'HARD')","[42, 43]",89.06587
"('MEDIUM', 'HARD', 'HARD')","[42, 44]",89.100876
"('MEDIUM', 'HARD', 'HARD')","[42, 45]",89.13588
"('MEDIUM', 'HARD', 'HARD')","[42, 46]",89.17088
"('MEDIUM', 'HARD', 'HARD')","[43, 44]",88.87735
"('MEDIUM', 'HARD', 'HARD')","[43, 45]",88.912346
"('MEDIUM', 'HARD', 'HARD')","[43, 46]",88.94734
"('MEDIUM', 'HARD', 'HARD')","[44, 45]",88.68882
"('MEDIUM', 'HARD', 'HARD')","[44, 46]",88.723816
"('MEDIUM', 'HARD', 'HARD')","[45, 46]",88.5003
"('HARD', 'SOFT', 'SOFT')","[10, 11]",93.53586
"('HARD', 'SOFT', 'SOFT')","[10, 12]",93.570854
"('HARD', 'SOFT', 'SOFT')","[10, 13]",93.60586
"('HARD', 'SOFT', 'SOFT')","[10, 14]",93.640854
"('HARD', 'SOFT', 'SOFT')","[10, 15]",93.67586
"('HARD', 'SOFT', 'SOFT')","[10, 16]",93.71085
"('HARD', 'SOFT', 'SOFT')","[10, 17]",93.74586
"('HARD', 'SOFT', 'SOFT')","[10, 18]",93.78085
"('HARD', 'SOFT', 'SOFT')","[10, 19]",93.81586
"('HARD', 'SOFT', 'SOFT')","[10, 20]",93.85086
"('HARD', 'SOFT', 'SOFT')","[10, 21]",93.885864
"('HARD', 'SOFT', 'SOFT')","[10, 22]",93.92086
"('HARD', 'SOFT', 'SOFT')","[10, 23]",93.95586
"('HARD', 'SOFT', 'SOFT')","[10, 24]",93.99086
"('HARD', 'SOFT', 'SOFT')","[10, 25]",94.02586
"('HARD', 'SOFT', 'SOFT')","[10, 26]",94.06086
"('HARD', 'SOFT', 'SOFT')","[10, 27]",94.095856
"('HARD', 'SOFT', 'SOFT')","[10, 28]",94.13086
"('HARD', 'SOFT', 'SOFT')","[10, 29]",94.16586
"('HARD', 'SOFT', 'SOFT')","[10, 30]",94.20086
"('HARD', 'SOFT', 'SOFT')","[10, 31]",94.235855
"('HARD', 'SOFT', 'SOFT')","[10, 32]",94.27086
"('HARD', 'SOFT', 'SOFT')","[10, 33]",94.30586
"('HARD', 'SOFT', 'SOFT')","[10, 34]",94.34086
"('HARD', 'SOFT', 'SOFT')","[10, 35]",94.375854
"('HARD', 'SOFT', 'SOFT')","[10, 36]",94.41086
"('HARD', 'SOFT', 'SOFT')","[10, 37]",94.44586
"('HARD', 'SOFT', 'SOFT')","[10, 38]",94.48086
"('HARD', 'SOFT', 'SOFT')","[10, 39]",94.515854
"('HARD', 'SOFT', 'SOFT')","[10, 40]",94.55086
"('HARD', 'SOFT', 'SOFT')","[10, 41]",94.58586
"('HARD', 'SOFT', 'SOFT')","[10, 42]",94.62086
"('HARD', 'SOFT', 'SOFT')","[10, 43]",94.65585
"('HARD', 'SOFT', 'SOFT')","[10, 44]",94.69086
"('HARD', 'SOFT', 'SOFT')","[10, 45]",94.72586
"('HARD', 'SOFT', 'SOFT')","[10, 46]",94.76086
"('HARD', 'SOFT', 'SOFT')","[11, 12]",93.690414
"('HARD', 'SOFT', 'SOFT')","[11, 13]",93.72542
"('HARD', 'SOFT', 'SOFT')","[11, 14]",93.760414
"('HARD', 'SOFT', 'SOFT')","[11, 15]",93.79542
"('HARD', 'SOFT', 'SOFT')","[11, 16]",93.830414
"('HARD', 'SOFT', 'SOFT')","[11, 17]",93.86542
"('HARD', 'SOFT', 'SOFT')","[11, 18]",93.90041
"('HARD', 'SOFT', 'SOFT')","[11, 19]",93.93542
"('HARD', 'SOFT', 'SOFT')","[11, 20]",93.97041
"('HARD', 'SOFT', 'SOFT')","[11, 21]",94.00542
"('HARD', 'SOFT', 'SOFT')","[11, 22]",94.04041
"('HARD', 'SOFT', 'SOFT')","[11, 23]",94.07542
"('HARD', 'SOFT', 'SOFT')","[11, 24]",94.11041
"('HARD', 'SOFT', 'SOFT')","[11, 25]",94.14542
"('HARD', 'SOFT', 'SOFT')","[11, 26]",94.18042
"('HARD', 'SOFT', 'SOFT')","[11, 27]",94.215416
"('HARD', 'SOFT', 'SOFT')","[11, 28]",94.25041
"('HARD', 'SOFT', 'SOFT')","[11, 29]",94.285416
"('HARD', 'SOFT', 'SOFT')","[11, 30]",94.32041
"('HARD', 'SOFT', 'SOFT')","[11, 31]",94.355415
"('HARD', 'SOFT', 'SOFT')","[11, 32]",94.39041
"('HARD', 'SOFT', 'SOFT')","[11, 33]",94.425415
"('HARD', 'SOFT', 'SOFT')","[11, 34]",94.46042
"('HARD', 'SOFT', 'SOFT')","[11, 35]",94.495415
"('HARD', 'SOFT', 'SOFT')","[11, 36]",94.53041
"('HARD', 'SOFT', 'SOFT')","[11, 37]",94.565414
"('HARD', 'SOFT', 'SOFT')","[11, 38]",94.60041
"('HARD', 'SOFT', 'SOFT')","[11, 39]",94.63542
"('HARD', 'SOFT', 'SOFT')","[11, 40]",94.670425
"('HARD', 'SOFT', 'SOFT')","[11, 41]",94.705414
"('HARD', 'SOFT', 'SOFT')","[11, 42]",94.74042
"('HARD', 'SOFT', 'SOFT')","[11, 43]",94.77542
"('HARD', 'SOFT', 'SOFT')","[11, 44]",94.81041
"('HARD', 'SOFT', 'SOFT')","[11, 45]",94.84542
"('HARD', 'SOFT', 'SOFT')","[11, 46]",94.88042
"('HARD', 'SOFT', 'SOFT')","[12, 13]",93.84498
"('HARD', 'SOFT', 'SOFT')","[12, 14]",93.879974
"('HARD', 'SOFT', 'SOFT')","[12, 15]",93.91497
"('HARD', 'SOFT', 'SOFT')","[12, 16]",93.949974
"('HARD', 'SOFT', 'SOFT')","[12, 17]",93.98498
"('HARD', 'SOFT', 'SOFT')","[12, 18]",94.01997
"('HARD', 'SOFT', 'SOFT')","[12, 19]",94.05497
"('HARD', 'SOFT', 'SOFT')","[12, 20]",94.08998
"('HARD', 'SOFT', 'SOFT')","[12, 21]",94.12497
"('HARD', 'SOFT', 'SOFT')","[12, 22]",94.15997
"('HARD', 'SOFT', 'SOFT')","[12, 23]",94.19498
"('HARD', 'SOFT', 'SOFT')","[12, 24]",94.22998
"('HARD', 'SOFT', 'SOFT')","[12, 25]",94.26497
"('HARD', 'SOFT', 'SOFT')","[12, 26]",94.29997
"('HARD', 'SOFT', 'SOFT')","[12, 27]",94.33498
"('HARD', 'SOFT', 'SOFT')","[12, 28]",94.36998
"('HARD', 'SOFT', 'SOFT')","[12, 29]",94.40497
"('HARD', 'SOFT', 'SOFT')","[12, 30]",94.43997
"('HARD', 'SOFT', 'SOFT')","[12, 31]",94.474976
"('HARD', 'SOFT', 'SOFT')","[12, 32]",94.50998
"('HARD', 'SOFT', 'SOFT')","[12, 33]",94.54497
"('HARD', 'SOFT', 'SOFT')","[12, 34]",94.57997
"('HARD', 'SOFT', 'SOFT')","[12, 35]",94.614975
"('HARD', 'SOFT', 'SOFT')","[12, 36]",94.64998
"('HARD', 'SOFT', 'SOFT')","[12, 37]",94.68497
"('HARD', 'SOFT', 'SOFT')","[12, 38]",94.71997
"('HARD', 'SOFT', 'SOFT')","[12, 39]",94.754974
"('HARD', 'SOFT', 'SOFT')","[12, 40]",94.78998
"('HARD', 'SOFT', 'SOFT')","[12, 41]",94.824974
"('HARD', 'SOFT', 'SOFT')","[12, 42]",94.85998
"('HARD', 'SOFT', 'SOFT')","[12, 43]",94.89497
"('HARD', 'SOFT', 'SOFT')","[12, 44]",94.92998
"('HARD', 'SOFT', 'SOFT')","[12, 45]",94.96497
"('HARD', 'SOFT', 'SOFT')","[12, 46]",94.99998
"('HARD', 'SOFT', 'SOFT')","[13, 14]",93.99953
"('HARD', 'SOFT', 'SOFT')","[13, 15]",94.03453
"('HARD', 'SOFT', 'SOFT')","[13, 16]",94.06953
"('HARD', 'SOFT', 'SOFT')","[13, 17]",94.10453
"('HARD', 'SOFT', 'SOFT')","[13, 18]",94.13953
"('HARD', 'SOFT', 'SOFT')","[13, 19]",94.17453
"('HARD', 'SOFT', 'SOFT')","[13, 20]",94.20953
"('HARD', 'SOFT', 'SOFT')","[13, 21]",94.24454
"('HARD', 'SOFT', 'SOFT')","[13, 22]",94.27953
"('HARD', 'SOFT', 'SOFT')","[13, 23]",94.31453
"('HARD', 'SOFT', 'SOFT')","[13, 24]",94.34953
"('HARD', 'SOFT', 'SOFT')","[13, 25]",94.38454
"('HARD', 'SOFT', 'SOFT')","[13, 26]",94.41953
"('HARD', 'SOFT', 'SOFT')","[13, 27]",94.45454
"('HARD', 'SOFT', 'SOFT')","[13, 28]",94.48953
"('HARD', 'SOFT', 'SOFT')","[13, 29]",94.524536
"('HARD', 'SOFT', 'SOFT')","[13, 30]",94.55953
"('HARD', 'SOFT', 'SOFT')","[13, 31]",94.59453
"('HARD', 'SOFT', 'SOFT')","[13, 32]",94.62953
"('HARD', 'SOFT', 'SOFT')","[13, 33]",94.664536
"('HARD', 'SOFT', 'SOFT')","[13, 34]",94.69953
"('HARD', 'SOFT', 'SOFT')","[13, 35]",94.734535
"('HARD', 'SOFT', 'SOFT')","[13, 36]",94.76953
"('HARD', 'SOFT', 'SOFT')","[13, 37]",94.804535
"('HARD', 'SOFT', 'SOFT')","[13, 38]",94.83953
"('HARD', 'SOFT', 'SOFT')","[13, 39]",94.87453
"('HARD', 'SOFT', 'SOFT')","[13, 40]",94.90953
"('HARD', 'SOFT', 'SOFT')","[13, 41]",94.944534
"('HARD', 'SOFT', 'SOFT')","[13, 42]",94.97954
"('HARD', 'SOFT', 'SOFT')","[13, 43]",95.01454
"('HARD', 'SOFT', 'SOFT')","[13, 44]",95.04953
"('HARD', 'SOFT', 'SOFT')","[13, 45]",95.08453
"('HARD', 'SOFT', 'SOFT')","[13, 46]",95.11953
"('HARD', 'SOFT', 'SOFT')","[14, 15]",94.15409
"('HARD', 'SOFT', 'SOFT')","[14, 16]",94.18909
"('HARD', 'SOFT', 'SOFT')","[14, 17]",94.22409
"('HARD', 'SOFT', 'SOFT')","[14, 18]",94.25909
"('HARD', 'SOFT', 'SOFT')","[14, 19]",94.29409
"('HARD', 'SOFT', 'SOFT')","[14, 20]",94.32909
"('HARD', 'SOFT', 'SOFT')","[14, 21]",94.36409
"('HARD', 'SOFT', 'SOFT')","[14, 22]",94.39909
"('HARD', 'SOFT', 'SOFT')","[14, 23]",94.43409
"('HARD', 'SOFT', 'SOFT')","[14, 24]",94.469086
"('HARD', 'SOFT', 'SOFT')","[14, 25]",94.50409
"('HARD', 'SOFT', 'SOFT')","[14, 26]",94.53909
"('HARD', 'SOFT', 'SOFT')","[14, 27]",94.57409
"('HARD', 'SOFT', 'SOFT')","[14, 28]",94.609085
"('HARD', 'SOFT', 'SOFT')","[14, 29]",94.64409
"('HARD', 'SOFT', 'SOFT')","[14, 30]",94.67909
"('HARD', 'SOFT', 'SOFT')","[14, 31]",94.71409
"('HARD', 'SOFT', 'SOFT')","[14, 32]",94.749084
"('HARD', 'SOFT', 'SOFT')","[14, 33]",94.78409
"('HARD', 'SOFT', 'SOFT')","[14, 34]",94.81909
"('HARD', 'SOFT', 'SOFT')","[14, 35]",94.85409
"('HARD', 'SOFT', 'SOFT')","[14, 36]",94.889084
"('HARD', 'SOFT', 'SOFT')","[14, 37]",94.92409
"('HARD', 'SOFT', 'SOFT')","[14, 38]",94.95909
"('HARD', 'SOFT', 'SOFT')","[14, 39]",94.994095
"('HARD', 'SOFT', 'SOFT')","[14, 40]",95.0291
"('HARD', 'SOFT', 'SOFT')","[14, 41]",95.064095
"('HARD', 'SOFT', 'SOFT')","[14, 42]",95.09909
"('HARD', 'SOFT', 'SOFT')","[14, 43]",95.134094
"('HARD', 'SOFT', 'SOFT')","[14, 44]",95.1691
"('HARD', 'SOFT', 'SOFT')","[14, 45]",95.204094
"('HARD', 'SOFT', 'SOFT')","[14, 46]",95.23909
"('HARD', 'SOFT', 'SOFT')","[15, 16]",94.30865
"('HARD', 'SOFT', 'SOFT')","[15, 17]",94.34364
"('HARD', 'SOFT', 'SOFT')","[15, 18]",94.37865
"('HARD', 'SOFT', 'SOFT')","[15, 19]",94.41364
"('HARD', 'SOFT', 'SOFT')","[15, 20]",94.448654
"('HARD', 'SOFT', 'SOFT')","[15, 21]",94.48364
"('HARD', 'SOFT', 'SOFT')","[15, 22]",94.51865
"('HARD', 'SOFT', 'SOFT')","[15, 23]",94.55365
"('HARD', 'SOFT', 'SOFT')","[15, 24]",94.58864
"('HARD', 'SOFT', 'SOFT')","[15, 25]",94.62364
"('HARD', 'SOFT', 'SOFT')","[15, 26]",94.658646
"('HARD', 'SOFT', 'SOFT')","[15, 27]",94.69364
"('HARD', 'SOFT', 'SOFT')","[15, 28]",94.72865
"('HARD', 'SOFT', 'SOFT')","[15, 29]",94.76364
"('HARD', 'SOFT', 'SOFT')","[15, 30]",94.798645
"('HARD', 'SOFT', 'SOFT')","[15, 31]",94.83365
"('HARD', 'SOFT', 'SOFT')","[15, 32]",94.86864
"('HARD', 'SOFT', 'SOFT')","[15, 33]",94.90364
"('HARD', 'SOFT', 'SOFT')","[15, 34]",94.938644
"('HARD', 'SOFT', 'SOFT')","[15, 35]",94.97364
"('HARD', 'SOFT', 'SOFT')","[15, 36]",95.00865
"('HARD', 'SOFT', 'SOFT')","[15, 37]",95.04364
"('HARD', 'SOFT', 'SOFT')","[15, 38]",95.07864
"('HARD', 'SOFT', 'SOFT')","[15, 39]",95.11365
"('HARD', 'SOFT', 'SOFT')","[15, 40]",95.14865
"('HARD', 'SOFT', 'SOFT')","[15, 41]",95.18365
"('HARD', 'SOFT', 'SOFT')","[15, 42]",95.21864
"('HARD', 'SOFT', 'SOFT')","[15, 43]",95.25365
"('HARD', 'SOFT', 'SOFT')","[15, 44]",95.28865
"('HARD', 'SOFT', 'SOFT')","[15, 45]",95.32365
"('HARD', 'SOFT', 'SOFT')","[15, 46]",95.35865
"('HARD', 'SOFT', 'SOFT')","[16, 17]",94.4632
"('HARD', 'SOFT', 'SOFT')","[16, 18]",94.4982
"('HARD', 'SOFT', 'SOFT')","[16, 19]",94.5332
"('HARD', 'SOFT', 'SOFT')","[16, 20]",94.56821
"('HARD', 'SOFT', 'SOFT')","[16, 21]",94.60321
"('HARD', 'SOFT', 'SOFT')","[16, 22]",94.63821
"('HARD', 'SOFT', 'SOFT')","[16, 23]",94.6732
"('HARD', 'SOFT', 'SOFT')","[16, 24]",94.708206
"('HARD', 'SOFT', 'SOFT')","[16, 25]",94.74321
"('HARD', 'SOFT', 'SOFT')","[16, 26]",94.778206
"('HARD', 'SOFT', 'SOFT')","[16, 27]",94.8132
"('HARD', 'SOFT', 'SOFT')","[16, 28]",94.848206
"('HARD', 'SOFT', 'SOFT')","[16, 29]",94.88321
"('HARD', 'SOFT', 'SOFT')","[16, 30]",94.918205
"('HARD', 'SOFT', 'SOFT')","[16, 31]",94.9532
"('HARD', 'SOFT', 'SOFT')","[16, 32]",94.988205
"('HARD', 'SOFT', 'SOFT')","[16, 33]",95.02321
"('HARD', 'SOFT', 'SOFT')","[16, 34]",95.058205
"('HARD', 'SOFT', 'SOFT')","[16, 35]",95.0932
"('HARD', 'SOFT', 'SOFT')","[16, 36]",95.128204
"('HARD', 'SOFT', 'SOFT')","[16, 37]",95.16321
"('HARD', 'SOFT', 'SOFT')","[16, 38]",95.198204
"('HARD', 'SOFT', 'SOFT')","[16, 39]",95.2332
"('HARD', 'SOFT', 'SOFT')","[16, 40]",95.2682
"('HARD', 'SOFT', 'SOFT')","[16, 41]",95.30321
"('HARD', 'SOFT', 'SOFT')","[16, 42]",95.3382
"('HARD', 'SOFT', 'SOFT')","[16, 43]",95.3732
"('HARD', 'SOFT', 'SOFT')","[16, 44]",95.4082
"('HARD', 'SOFT', 'SOFT')","[16, 45]",95.44321
"('HARD', 'SOFT', 'SOFT')","[16, 46]",95.4782
"('HARD', 'SOFT', 'SOFT')","[17, 18]",94.61775
"('HARD', 'SOFT', 'SOFT')","[17, 19]",94.652756
"('HARD', 'SOFT', 'SOFT')","[17, 20]",94.68776
"('HARD', 'SOFT', 'SOFT')","[17, 21]",94.72276
"('HARD', 'SOFT', 'SOFT')","[17, 22]",94.75776
"('HARD', 'SOFT', 'SOFT')","[17, 23]",94.792755
"('HARD', 'SOFT', 'SOFT')","[17, 24]",94.82776
"('HARD', 'SOFT', 'SOFT')","[17, 25]",94.86276
"('HARD', 'SOFT', 'SOFT')","[17, 26]",94.89776
"('HARD', 'SOFT', 'SOFT')","[17, 27]",94.93276
"('HARD', 'SOFT', 'SOFT')","[17, 28]",94.96776
"('HARD', 'SOFT', 'SOFT')","[17, 29]",95.00276
"('HARD', 'SOFT', 'SOFT')","[17, 30]",95.03776
"('HARD', 'SOFT', 'SOFT')","[17, 31]",95.072754
"('HARD', 'SOFT', 'SOFT')","[17, 32]",95.10776
"('HARD', 'SOFT', 'SOFT')","[17, 33]",95.14276
"('HARD', 'SOFT', 'SOFT')","[17, 34]",95.17776
"('HARD', 'SOFT', 'SOFT')","[17, 35]",95.21276
"('HARD', 'SOFT', 'SOFT')","[17, 36]",95.24776
"('HARD', 'SOFT', 'SOFT')","[17, 37]",95.28276
"('HARD', 'SOFT', 'SOFT')","[17, 38]",95.31776
"('HARD', 'SOFT', 'SOFT')","[17, 39]",95.35275
"('HARD', 'SOFT', 'SOFT')","[17, 40]",95.38776
"('HARD', 'SOFT', 'SOFT')","[17, 41]",95.42276
"('HARD', 'SOFT', 'SOFT')","[17, 42]",95.45776
"('HARD', 'SOFT', 'SOFT')","[17, 43]",95.49277
"('HARD', 'SOFT', 'SOFT')","[17, 44]",95.527756
"('HARD', 'SOFT', 'SOFT')","[17, 45]",95.56276
"('HARD', 'SOFT', 'SOFT')","[17, 46]",95.597755
"('HARD', 'SOFT', 'SOFT')","[18, 19]",94.772316
"('HARD', 'SOFT', 'SOFT')","[18, 20]",94.80731
"('HARD', 'SOFT', 'SOFT')","[18, 21]",94.842316
"('HARD', 'SOFT', 'SOFT')","[18, 22]",94.87732
"('HARD', 'SOFT', 'SOFT')","[18, 23]",94.912315
"('HARD', 'SOFT', 'SOFT')","[18, 24]",94.94731
"('HARD', 'SOFT', 'SOFT')","[18, 25]",94.982315
"('HARD', 'SOFT', 'SOFT')","[18, 26]",95.01732
"('HARD', 'SOFT', 'SOFT')","[18, 27]",95.052315
"('HARD', 'SOFT', 'SOFT')","[18, 28]",95.08731
"('HARD', 'SOFT', 'SOFT')","[18, 29]",95.122314
"('HARD', 'SOFT', 'SOFT')","[18, 30]",95.15732
"('HARD', 'SOFT', 'SOFT')","[18, 31]",95.192314
"('HARD', 'SOFT', 'SOFT')","[18, 32]",95.22731
"('HARD', 'SOFT', 'SOFT')","[18, 33]",95.262314
"('HARD', 'SOFT', 'SOFT')","[18, 34]",95.29732
"('HARD', 'SOFT', 'SOFT')","[18, 35]",95.33231
"('HARD', 'SOFT', 'SOFT')","[18, 36]",95.36731
"('HARD', 'SOFT', 'SOFT')","[18, 37]",95.40231
"('HARD', 'SOFT', 'SOFT')","[18, 38]",95.43732
"('HARD', 'SOFT', 'SOFT')","[18, 39]",95.47232
"('HARD', 'SOFT', 'SOFT')","[18, 40]",95.507324
"('HARD', 'SOFT', 'SOFT')","[18, 41]",95.54232
"('HARD', 'SOFT', 'SOFT')","[18, 42]",95.57732
"('HARD', 'SOFT', 'SOFT')","[18, 43]",95.61232
"('HARD', 'SOFT', 'SOFT')","[18, 44]",95.64732
"('HARD', 'SOFT', 'SOFT')","[18, 45]",95.68232
"('HARD', 'SOFT', 'SOFT')","[18, 46]",95.717316
"('HARD', 'SOFT', 'SOFT')","[19, 20]",94.92688
"('HARD', 'SOFT', 'SOFT')","[19, 21]",94.96187
"('HARD', 'SOFT', 'SOFT')","[19, 22]",94.99687
"('HARD', 'SOFT', 'SOFT')","[19, 23]",95.031876
"('HARD', 'SOFT', 'SOFT')","[19, 24]",95.066864
"('HARD', 'SOFT', 'SOFT')","[19, 25]",95.10187
"('HARD', 'SOFT', 'SOFT')","[19, 26]",95.13687
"('HARD', 'SOFT', 'SOFT')","[19, 27]",95.17187
"('HARD', 'SOFT', 'SOFT')","[19, 28]",95.20688
"('HARD', 'SOFT', 'SOFT')","[19, 29]",95.24187
"('HARD', 'SOFT', 'SOFT')","[19, 30]",95.27687
"('HARD', 'SOFT', 'SOFT')","[19, 31]",95.311874
"('HARD', 'SOFT', 'SOFT')","[19, 32]",95.34686
"('HARD', 'SOFT', 'SOFT')","[19, 33]",95.38187
"('HARD', 'SOFT', 'SOFT')","[19, 34]",95.41687
"('HARD', 'SOFT', 'SOFT')","[19, 35]",95.451866
"('HARD', 'SOFT', 'SOFT')","[19, 36]",95.48688
"('HARD', 'SOFT', 'SOFT')","[19, 37]",95.521866
"('HARD', 'SOFT', 'SOFT')","[19, 38]",95.55687
"('HARD', 'SOFT', 'SOFT')","[19, 39]",95.59187
"('HARD', 'SOFT', 'SOFT')","[19, 40]",95.62688
"('HARD', 'SOFT', 'SOFT')","[19, 41]",95.66187
"('HARD', 'SOFT', 'SOFT')","[19, 42]",95.69687
"('HARD', 'SOFT', 'SOFT')","[19, 43]",95.73187
"('HARD', 'SOFT', 'SOFT')","[19, 44]",95.76688
"('HARD', 'SOFT', 'SOFT')","[19, 45]",95.80187
"('HARD', 'SOFT', 'SOFT')","[19, 46]",95.836876
"('HARD', 'SOFT', 'SOFT')","[20, 21]",95.081436
"('HARD', 'SOFT', 'SOFT')","[20, 22]",95.11643
"('HARD', 'SOFT', 'SOFT')","[20, 23]",95.15143
"('HARD', 'SOFT', 'SOFT')","[20, 24]",95.18643
"('HARD', 'SOFT', 'SOFT')","[20, 25]",95.221436
"('HARD', 'SOFT', 'SOFT')","[20, 26]",95.25643
"('HARD', 'SOFT', 'SOFT')","[20, 27]",95.291435
"('HARD', 'SOFT', 'SOFT')","[20, 28]",95.32643
"('HARD', 'SOFT', 'SOFT')","[20, 29]",95.361435
"('HARD', 'SOFT', 'SOFT')","[20, 30]",95.39643
"('HARD', 'SOFT', 'SOFT')","[20, 31]",95.43143
"('HARD', 'SOFT', 'SOFT')","[20, 32]",95.46643
"('HARD', 'SOFT', 'SOFT')","[20, 33]",95.501434
"('HARD', 'SOFT', 'SOFT')","[20, 34]",95.53643
"('HARD', 'SOFT', 'SOFT')","[20, 35]",95.571434
"('HARD', 'SOFT', 'SOFT')","[20, 36]",95.60643
"('HARD', 'SOFT', 'SOFT')","[20, 37]",95.64143
"('HARD', 'SOFT', 'SOFT')","[20, 38]",95.67643
"('HARD', 'SOFT', 'SOFT')","[20, 39]",95.711426
"('HARD', 'SOFT', 'SOFT')","[20, 40]",95.74643
"('HARD', 'SOFT', 'SOFT')","[20, 41]",95.78143
"('HARD', 'SOFT', 'SOFT')","[20, 42]",95.81644
"('HARD', 'SOFT', 'SOFT')","[20, 43]",95.85144
"('HARD', 'SOFT', 'SOFT')","[20, 44]",95.88643
"('HARD', 'SOFT', 'SOFT')","[20, 45]",95.92143
"('HARD', 'SOFT', 'SOFT')","[20, 46]",95.95643
"('HARD', 'SOFT', 'SOFT')","[21, 22]",95.235985
"('HARD', 'SOFT', 'SOFT')","[21, 23]",95.27099
"('HARD', 'SOFT', 'SOFT')","[21, 24]",95.305984
"('HARD', 'SOFT', 'SOFT')","[21, 25]",95.34099
"('HARD', 'SOFT', 'SOFT')","[21, 26]",95.37599
"('HARD', 'SOFT', 'SOFT')","[21, 27]",95.41099
"('HARD', 'SOFT', 'SOFT')","[21, 28]",95.445984
"('HARD', 'SOFT', 'SOFT')","[21, 29]",95.48099
"('HARD', 'SOFT', 'SOFT')","[21, 30]",95.51598
"('HARD', 'SOFT', 'SOFT')","[21, 31]",95.55099
"('HARD', 'SOFT', 'SOFT')","[21, 32]",95.58598
"('HARD', 'SOFT', 'SOFT')","[21, 33]",95.62099
"('HARD', 'SOFT', 'SOFT')","[21, 34]",95.65599
"('HARD', 'SOFT', 'SOFT')","[21, 35]",95.69099
"('HARD', 'SOFT', 'SOFT')","[21, 36]",95.72598
"('HARD', 'SOFT', 'SOFT')","[21, 37]",95.76099
"('HARD', 'SOFT', 'SOFT')","[21, 38]",95.79598
"('HARD', 'SOFT', 'SOFT')","[21, 39]",95.83099
"('HARD', 'SOFT', 'SOFT')","[21, 40]",95.866
"('HARD', 'SOFT', 'SOFT')","[21, 41]",95.900986
"('HARD', 'SOFT', 'SOFT')","[21, 42]",95.93599
"('HARD', 'SOFT', 'SOFT')","[21, 43]",95.97099
"('HARD', 'SOFT', 'SOFT')","[21, 44]",96.00598
"('HARD', 'SOFT', 'SOFT')","[21, 45]",96.04099
"('HARD', 'SOFT', 'SOFT')","[21, 46]",96.07599
"('HARD', 'SOFT', 'SOFT')","[22, 23]",95.39055
"('HARD', 'SOFT', 'SOFT')","[22, 24]",95.42554
"('HARD', 'SOFT', 'SOFT')","[22, 25]",95.46054
"('HARD', 'SOFT', 'SOFT')","[22, 26]",95.495544
"('HARD', 'SOFT', 'SOFT')","[22, 27]",95.53054
"('HARD', 'SOFT', 'SOFT')","[22, 28]",95.56555
"('HARD', 'SOFT', 'SOFT')","[22, 29]",95.60054
"('HARD', 'SOFT', 'SOFT')","[22, 30]",95.635544
"('HARD', 'SOFT', 'SOFT')","[22, 31]",95.67055
"('HARD', 'SOFT', 'SOFT')","[22, 32]",95.705536
"('HARD', 'SOFT', 'SOFT')","[22, 33]",95.74054
"('HARD', 'SOFT', 'SOFT')","[22, 34]",95.77554
"('HARD', 'SOFT', 'SOFT')","[22, 35]",95.81054
"('HARD', 'SOFT', 'SOFT')","[22, 36]",95.84555
"('HARD', 'SOFT', 'SOFT')","[22, 37]",95.88054
"('HARD', 'SOFT', 'SOFT')","[22, 38]",95.91554
"('HARD', 'SOFT', 'SOFT')","[22, 39]",95.95055
"('HARD', 'SOFT', 'SOFT')","[22, 40]",95.98555
"('HARD', 'SOFT', 'SOFT')","[22, 41]",96.020546
"('HARD', 'SOFT', 'SOFT')","[22, 42]",96.05554
"('HARD', 'SOFT', 'SOFT')","[22, 43]",96.090546
"('HARD', 'SOFT', 'SOFT')","[22, 44]",96.12555
"('HARD', 'SOFT', 'SOFT')","[22, 45]",96.160545
"('HARD', 'SOFT', 'SOFT')","[22, 46]",96.19555
"('HARD', 'SOFT', 'SOFT')","[23, 24]",95.545105
"('HARD', 'SOFT', 'SOFT')","[23, 25]",95.58009
"('HARD', 'SOFT', 'SOFT')","[23, 26]",95.6151
"('HARD', 'SOFT', 'SOFT')","[23, 27]",95.6501
"('HARD', 'SOFT', 'SOFT')","[23, 28]",95.685104
"('HARD', 'SOFT', 'SOFT')","[23, 29]",95.72011
"('HARD', 'SOFT', 'SOFT')","[23, 30]",95.755104
"('HARD', 'SOFT', 'SOFT')","[23, 31]",95.7901
"('HARD', 'SOFT', 'SOFT')","[23, 32]",95.8251
"('HARD', 'SOFT', 'SOFT')","[23, 33]",95.86009
"('HARD', 'SOFT', 'SOFT')","[23, 34]",95.895096
"('HARD', 'SOFT', 'SOFT')","[23, 35]",95.9301
"('HARD', 'SOFT', 'SOFT')","[23, 36]",95.9651
"('HARD', 'SOFT', 'SOFT')","[23, 37]",96.00011
"('HARD', 'SOFT', 'SOFT')","[23, 38]",96.0351
"('HARD', 'SOFT', 'SOFT')","[23, 39]",96.0701
"('HARD', 'SOFT', 'SOFT')","[23, 40]",96.1051
"('HARD', 'SOFT', 'SOFT')","[23, 41]",96.14011
"('HARD', 'SOFT', 'SOFT')","[23, 42]",96.1751
"('HARD', 'SOFT', 'SOFT')","[23, 43]",96.2101
"('HARD', 'SOFT', 'SOFT')","[23, 44]",96.2451
"('HARD', 'SOFT', 'SOFT')","[23, 45]",96.2801
"('HARD', 'SOFT', 'SOFT')","[23, 46]",96.3151
"('HARD', 'SOFT', 'SOFT')","[24, 25]",95.69966
"('HARD', 'SOFT', 'SOFT')","[24, 26]",95.73466
"('HARD', 'SOFT', 'SOFT')","[24, 27]",95.76966
"('HARD', 'SOFT', 'SOFT')","[24, 28]",95.80466
"('HARD', 'SOFT', 'SOFT')","[24, 29]",95.83966
"('HARD', 'SOFT', 'SOFT')","[24, 30]",95.87466
"('HARD', 'SOFT', 'SOFT')","[24, 31]",95.90965
"('HARD', 'SOFT', 'SOFT')","[24, 32]",95.94466
"('HARD', 'SOFT', 'SOFT')","[24, 33]",95.97966
"('HARD', 'SOFT', 'SOFT')","[24, 34]",96.014656
"('HARD', 'SOFT', 'SOFT')","[24, 35]",96.04966
"('HARD', 'SOFT', 'SOFT')","[24, 36]",96.084656
"('HARD', 'SOFT', 'SOFT')","[24, 37]",96.11966
"('HARD', 'SOFT', 'SOFT')","[24, 38]",96.154655
"('HARD', 'SOFT', 'SOFT')","[24, 39]",96.18965
"('HARD', 'SOFT', 'SOFT')","[24, 40]",96.224655
"('HARD', 'SOFT', 'SOFT')","[24, 41]",96.25966
"('HARD', 'SOFT', 'SOFT')","[24, 42]",96.29466
"('HARD', 'SOFT', 'SOFT')","[24, 43]",96.329666
"('HARD', 'SOFT', 'SOFT')","[24, 44]",96.364655
"('HARD', 'SOFT', 'SOFT')","[24, 45]",96.39966
"('HARD', 'SOFT', 'SOFT')","[24, 46]",96.434654
"('HARD', 'SOFT', 'SOFT')","[25, 26]",95.85422
"('HARD', 'SOFT', 'SOFT')","[25, 27]",95.88921
"('HARD', 'SOFT', 'SOFT')","[25, 28]",95.92421
"('HARD', 'SOFT', 'SOFT')","[25, 29]",95.95921
"('HARD', 'SOFT', 'SOFT')","[25, 30]",95.99421
"('HARD', 'SOFT', 'SOFT')","[25, 31]",96.02921
"('HARD', 'SOFT', 'SOFT')","[25, 32]",96.06421
"('HARD', 'SOFT', 'SOFT')","[25, 33]",96.09921
"('HARD', 'SOFT', 'SOFT')","[25, 34]",96.13422
"('HARD', 'SOFT', 'SOFT')","[25, 35]",96.16921
"('HARD', 'SOFT', 'SOFT')","[25, 36]",96.20421
"('HARD', 'SOFT', 'SOFT')","[25, 37]",96.23921
"('HARD', 'SOFT', 'SOFT')","[25, 38]",96.27421
"('HARD', 'SOFT', 'SOFT')","[25, 39]",96.30922
"('HARD', 'SOFT', 'SOFT')","[25, 40]",96.34422
"('HARD', 'SOFT', 'SOFT')","[25, 41]",96.37921
"('HARD', 'SOFT', 'SOFT')","[25, 42]",96.414215
"('HARD', 'SOFT', 'SOFT')","[25, 43]",96.44922
"('HARD', 'SOFT', 'SOFT')","[25, 44]",96.48421
"('HARD', 'SOFT', 'SOFT')","[25, 45]",96.51922
"('HARD', 'SOFT', 'SOFT')","[25, 46]",96.554214
"('HARD', 'SOFT', 'SOFT')","[26, 27]",96.008766
"('HARD', 'SOFT', 'SOFT')","[26, 28]",96.04378
"('HARD', 'SOFT', 'SOFT')","[26, 29]",96.078766
"('HARD', 'SOFT', 'SOFT')","[26, 30]",96.11377
"('HARD', 'SOFT', 'SOFT')","[26, 31]",96.14877
"('HARD', 'SOFT', 'SOFT')","[26, 32]",96.18376
"('HARD', 'SOFT', 'SOFT')","[26, 33]",96.218765
"('HARD', 'SOFT', 'SOFT')","[26, 34]",96.25377
"('HARD', 'SOFT', 'SOFT')","[26, 35]",96.288765
"('HARD', 'SOFT', 'SOFT')","[26, 36]",96.32378
"('HARD', 'SOFT', 'SOFT')","[26, 37]",96.358765
"('HARD', 'SOFT', 'SOFT')","[26, 38]",96.39377
"('HARD', 'SOFT', 'SOFT')","[26, 39]",96.42877
"('HARD', 'SOFT', 'SOFT')","[26, 40]",96.463776
"('HARD', 'SOFT', 'SOFT')","[26, 41]",96.49877
"('HARD', 'SOFT', 'SOFT')","[26, 42]",96.53377
"('HARD', 'SOFT', 'SOFT')","[26, 43]",96.56877
"('HARD', 'SOFT', 'SOFT')","[26, 44]",96.603775
"('HARD', 'SOFT', 'SOFT')","[26, 45]",96.63877
"('HARD', 'SOFT', 'SOFT')","[26, 46]",96.673775
"('HARD', 'SOFT', 'SOFT')","[27, 28]",96.16333
"('HARD', 'SOFT', 'SOFT')","[27, 29]",96.19833
"('HARD', 'SOFT', 'SOFT')","[27, 30]",96.23333
"('HARD', 'SOFT', 'SOFT')","[27, 31]",96.268326
"('HARD', 'SOFT', 'SOFT')","[27, 32]",96.30333
"('HARD', 'SOFT', 'SOFT')","[27, 33]",96.33832
"('HARD', 'SOFT', 'SOFT')","[27, 34]",96.37332
"('HARD', 'SOFT', 'SOFT')","[27, 35]",96.408325
"('HARD', 'SOFT', 'SOFT')","[27, 36]",96.44333
"('HARD', 'SOFT', 'SOFT')","[27, 37]",96.47833
"('HARD', 'SOFT', 'SOFT')","[27, 38]",96.51333
"('HARD', 'SOFT', 'SOFT')","[27, 39]",96.548325
"('HARD', 'SOFT', 'SOFT')","[27, 40]",96.58333
"('HARD', 'SOFT', 'SOFT')","[27, 41]",96.61833
"('HARD', 'SOFT', 'SOFT')","[27, 42]",96.65333
"('HARD', 'SOFT', 'SOFT')","[27, 43]",96.688324
"('HARD', 'SOFT', 'SOFT')","[27, 44]",96.72333
"('HARD', 'SOFT', 'SOFT')","[27, 45]",96.75832
"('HARD', 'SOFT', 'SOFT')","[27, 46]",96.79333
"('HARD', 'SOFT', 'SOFT')","[28, 29]",96.31789
"('HARD', 'SOFT', 'SOFT')","[28, 30]",96.35288
"('HARD', 'SOFT', 'SOFT')","[28, 31]",96.38788
"('HARD', 'SOFT', 'SOFT')","[28, 32]",96.42288
"('HARD', 'SOFT', 'SOFT')","[28, 33]",96.457886
"('HARD', 'SOFT', 'SOFT')","[28, 34]",96.49288
"('HARD', 'SOFT', 'SOFT')","[28, 35]",96.527885
"('HARD', 'SOFT', 'SOFT')","[28, 36]",96.56288
"('HARD', 'SOFT', 'SOFT')","[28, 37]",96.597885
"('HARD', 'SOFT', 'SOFT')","[28, 38]",96.63288
"('HARD', 'SOFT', 'SOFT')","[28, 39]",96.66788
"('HARD', 'SOFT', 'SOFT')","[28, 40]",96.70288
"('HARD', 'SOFT', 'SOFT')","[28, 41]",96.737885
"('HARD', 'SOFT', 'SOFT')","[28, 42]",96.77289
"('HARD', 'SOFT', 'SOFT')","[28, 43]",96.80789
"('HARD', 'SOFT', 'SOFT')","[28, 44]",96.84288
"('HARD', 'SOFT', 'SOFT')","[28, 45]",96.877884
"('HARD', 'SOFT', 'SOFT')","[28, 46]",96.91288
"('HARD', 'SOFT', 'SOFT')","[29, 30]",96.472435
"('HARD', 'SOFT', 'SOFT')","[29, 31]",96.50743
"('HARD', 'SOFT', 'SOFT')","[29, 32]",96.542435
"('HARD', 'SOFT', 'SOFT')","[29, 33]",96.57744
"('HARD', 'SOFT', 'SOFT')","[29, 34]",96.612434
"('HARD', 'SOFT', 'SOFT')","[29, 35]",96.64744
"('HARD', 'SOFT', 'SOFT')","[29, 36]",96.682434
"('HARD', 'SOFT', 'SOFT')","[29, 37]",96.71744
"('HARD', 'SOFT', 'SOFT')","[29, 38]",96.75243
"('HARD', 'SOFT', 'SOFT')","[29, 39]",96.78743
"('HARD', 'SOFT', 'SOFT')","[29, 40]",96.82243
"('HARD', 'SOFT', 'SOFT')","[29, 41]",96.85744
"('HARD', 'SOFT', 'SOFT')","[29, 42]",96.89244
"('HARD', 'SOFT', 'SOFT')","[29, 43]",96.927444
"('HARD', 'SOFT', 'SOFT')","[29, 44]",96.96243
"('HARD', 'SOFT', 'SOFT')","[29, 45]",96.99744
"('HARD', 'SOFT', 'SOFT')","[29, 46]",97.03243
"('HARD', 'SOFT', 'SOFT')","[30, 31]",96.627
"('HARD', 'SOFT', 'SOFT')","[30, 32]",96.662
"('HARD', 'SOFT', 'SOFT')","[30, 33]",96.69699
"('HARD', 'SOFT', 'SOFT')","[30, 34]",96.731995
"('HARD', 'SOFT', 'SOFT')","[30, 35]",96.767
"('HARD', 'SOFT', 'SOFT')","[30, 36]",96.802
"('HARD', 'SOFT', 'SOFT')","[30, 37]",96.837006
"('HARD', 'SOFT', 'SOFT')","[30, 38]",96.872
"('HARD', 'SOFT', 'SOFT')","[30, 39]",96.907
"('HARD', 'SOFT', 'SOFT')","[30, 40]",96.942
"('HARD', 'SOFT', 'SOFT')","[30, 41]",96.977005
"('HARD', 'SOFT', 'SOFT')","[30, 42]",97.012
"('HARD', 'SOFT', 'SOFT')","[30, 43]",97.047
"('HARD', 'SOFT', 'SOFT')","[30, 44]",97.082
"('HARD', 'SOFT', 'SOFT')","[30, 45]",97.117
"('HARD', 'SOFT', 'SOFT')","[30, 46]",97.152
"('HARD', 'SOFT', 'SOFT')","[31, 32]",96.781555
"('HARD', 'SOFT', 'SOFT')","[31, 33]",96.81654
"('HARD', 'SOFT', 'SOFT')","[31, 34]",96.85155
"('HARD', 'SOFT', 'SOFT')","[31, 35]",96.88655
"('HARD', 'SOFT', 'SOFT')","[31, 36]",96.921555
"('HARD', 'SOFT', 'SOFT')","[31, 37]",96.95656
"('HARD', 'SOFT', 'SOFT')","[31, 38]",96.991554
"('HARD', 'SOFT', 'SOFT')","[31, 39]",97.02655
"('HARD', 'SOFT', 'SOFT')","[31, 40]",97.061554
"('HARD', 'SOFT', 'SOFT')","[31, 41]",97.09656
"('HARD', 'SOFT', 'SOFT')","[31, 42]",97.13155
"('HARD', 'SOFT', 'SOFT')","[31, 43]",97.16655
"('HARD', 'SOFT', 'SOFT')","[31, 44]",97.20155
"('HARD', 'SOFT', 'SOFT')","[31, 45]",97.23655
"('HARD', 'SOFT', 'SOFT')","[31, 46]",97.27155
"('HARD', 'SOFT', 'SOFT')","[32, 33]",96.93611
"('HARD', 'SOFT', 'SOFT')","[32, 34]",96.97111
"('HARD', 'SOFT', 'SOFT')","[32, 35]",97.00611
"('HARD', 'SOFT', 'SOFT')","[32, 36]",97.04111
"('HARD', 'SOFT', 'SOFT')","[32, 37]",97.07611
"('HARD', 'SOFT', 'SOFT')","[32, 38]",97.11111
"('HARD', 'SOFT', 'SOFT')","[32, 39]",97.1461
"('HARD', 'SOFT', 'SOFT')","[32, 40]",97.18111
"('HARD', 'SOFT', 'SOFT')","[32, 41]",97.21611
"('HARD', 'SOFT', 'SOFT')","[32, 42]",97.251114
"('HARD', 'SOFT', 'SOFT')","[32, 43]",97.28612
"('HARD', 'SOFT', 'SOFT')","[32, 44]",97.321106
"('HARD', 'SOFT', 'SOFT')","[32, 45]",97.35611
"('HARD', 'SOFT', 'SOFT')","[32, 46]",97.391106
"('HARD', 'SOFT', 'SOFT')","[33, 34]",97.09067
"('HARD', 'SOFT', 'SOFT')","[33, 35]",97.12566
"('HARD', 'SOFT', 'SOFT')","[33, 36]",97.160675
"('HARD', 'SOFT', 'SOFT')","[33, 37]",97.19566
"('HARD', 'SOFT', 'SOFT')","[33, 38]",97.23067
"('HARD', 'SOFT', 'SOFT')","[33, 39]",97.26567
"('HARD', 'SOFT', 'SOFT')","[33, 40]",97.300674
"('HARD', 'SOFT', 'SOFT')","[33, 41]",97.33567
"('HARD', 'SOFT', 'SOFT')","[33, 42]",97.37067
"('HARD', 'SOFT', 'SOFT')","[33, 43]",97.40567
"('HARD', 'SOFT', 'SOFT')","[33, 44]",97.440674
"('HARD', 'SOFT', 'SOFT')","[33, 45]",97.47567
"('HARD', 'SOFT', 'SOFT')","[33, 46]",97.51067
"('HARD', 'SOFT', 'SOFT')","[34, 35]",97.24522
"('HARD', 'SOFT', 'SOFT')","[34, 36]",97.28021
"('HARD', 'SOFT', 'SOFT')","[34, 37]",97.315216
"('HARD', 'SOFT', 'SOFT')","[34, 38]",97.35021
"('HARD', 'SOFT', 'SOFT')","[34, 39]",97.38522
"('HARD', 'SOFT', 'SOFT')","[34, 40]",97.42023
"('HARD', 'SOFT', 'SOFT')","[34, 41]",97.455215
"('HARD', 'SOFT', 'SOFT')","[34, 42]",97.49022
"('HARD', 'SOFT', 'SOFT')","[34, 43]",97.52522
"('HARD', 'SOFT', 'SOFT')","[34, 44]",97.56021
"('HARD', 'SOFT', 'SOFT')","[34, 45]",97.59522
"('HARD', 'SOFT', 'SOFT')","[34, 46]",97.63022
"('HARD', 'SOFT', 'SOFT')","[35, 36]",97.39978
"('HARD', 'SOFT', 'SOFT')","[35, 37]",97.434784
"('HARD', 'SOFT', 'SOFT')","[35, 38]",97.46978
"('HARD', 'SOFT', 'SOFT')","[35, 39]",97.504776
"('HARD', 'SOFT', 'SOFT')","[35, 40]",97.53978
"('HARD', 'SOFT', 'SOFT')","[35, 41]",97.57478
"('HARD', 'SOFT', 'SOFT')","[35, 42]",97.60978
"('HARD', 'SOFT', 'SOFT')","[35, 43]",97.644775
"('HARD', 'SOFT', 'SOFT')","[35, 44]",97.67978
"('HARD', 'SOFT', 'SOFT')","[35, 45]",97.714775
"('HARD', 'SOFT', 'SOFT')","[35, 46]",97.74978
"('HARD', 'SOFT', 'SOFT')","[36, 37]",97.55434
"('HARD', 'SOFT', 'SOFT')","[36, 38]",97.58933
"('HARD', 'SOFT', 'SOFT')","[36, 39]",97.62433
"('HARD', 'SOFT', 'SOFT')","[36, 40]",97.65933
"('HARD', 'SOFT', 'SOFT')","[36, 41]",97.694336
"('HARD', 'SOFT', 'SOFT')","[36, 42]",97.72934
"('HARD', 'SOFT', 'SOFT')","[36, 43]",97.76434
"('HARD', 'SOFT', 'SOFT')","[36, 44]",97.79933
"('HARD', 'SOFT', 'SOFT')","[36, 45]",97.834335
"('HARD', 'SOFT', 'SOFT')","[36, 46]",97.86933
"('HARD', 'SOFT', 'SOFT')","[37, 38]",97.708885
"('HARD', 'SOFT', 'SOFT')","[37, 39]",97.74388
"('HARD', 'SOFT', 'SOFT')","[37, 40]",97.778885
"('HARD', 'SOFT', 'SOFT')","[37, 41]",97.81389
"('HARD', 'SOFT', 'SOFT')","[37, 42]",97.84889
"('HARD', 'SOFT', 'SOFT')","[37, 43]",97.883896
"('HARD', 'SOFT', 'SOFT')","[37, 44]",97.918884
"('HARD', 'SOFT', 'SOFT')","[37, 45]",97.95389
"('HARD', 'SOFT', 'SOFT')","[37, 46]",97.988884
"('HARD', 'SOFT', 'SOFT')","[38, 39]",97.86345
"('HARD', 'SOFT', 'SOFT')","[38, 40]",97.89845
"('HARD', 'SOFT', 'SOFT')","[38, 41]",97.93346
"('HARD', 'SOFT', 'SOFT')","[38, 42]",97.96845
"('HARD', 'SOFT', 'SOFT')","[38, 43]",98.00345
"('HARD', 'SOFT', 'SOFT')","[38, 44]",98.03845
"('HARD', 'SOFT', 'SOFT')","[38, 45]",98.07345
"('HARD', 'SOFT', 'SOFT')","[38, 46]",98.10845
"('HARD', 'SOFT', 'SOFT')","[39, 40]",98.018005
"('HARD', 'SOFT', 'SOFT')","[39, 41]",98.05301
"('HARD', 'SOFT', 'SOFT')","[39, 42]",98.08801
"('HARD', 'SOFT', 'SOFT')","[39, 43]",98.12302
"('HARD', 'SOFT', 'SOFT')","[39, 44]",98.158005
"('HARD', 'SOFT', 'SOFT')","[39, 45]",98.19301
"('HARD', 'SOFT', 'SOFT')","[39, 46]",98.228004
"('HARD', 'SOFT', 'SOFT')","[40, 41]",98.17257
"('HARD', 'SOFT', 'SOFT')","[40, 42]",98.207565
"('HARD', 'SOFT', 'SOFT')","[40, 43]",98.24257
"('HARD', 'SOFT', 'SOFT')","[40, 44]",98.27757
"('HARD', 'SOFT', 'SOFT')","[40, 45]",98.31257
"('HARD', 'SOFT', 'SOFT')","[40, 46]",98.34757
"('HARD', 'SOFT', 'SOFT')","[41, 42]",98.32713
"('HARD', 'SOFT', 'SOFT')","[41, 43]",98.36214
"('HARD', 'SOFT', 'SOFT')","[41, 44]",98.397125
"('HARD', 'SOFT', 'SOFT')","[41, 45]",98.43214
"('HARD', 'SOFT', 'SOFT')","[41, 46]",98.46713
"('HARD', 'SOFT', 'SOFT')","[42, 43]",98.48169
"('HARD', 'SOFT', 'SOFT')","[42, 44]",98.51668
"('HARD', 'SOFT', 'SOFT')","[42, 45]",98.55169
"('HARD', 'SOFT', 'SOFT')","[42, 46]",98.586685
"('HARD', 'SOFT', 'SOFT')","[43, 44]",98.636246
"('HARD', 'SOFT', 'SOFT')","[43, 45]",98.67125
"('HARD', 'SOFT', 'SOFT')","[43, 46]",98.706245
"('HARD', 'SOFT', 'SOFT')","[44, 45]",98.79081
"('HARD', 'SOFT', 'SOFT')","[44, 46]",98.82581
"('HARD', 'SOFT', 'SOFT')","[45, 46]",98.945366
"('HARD', 'SOFT', 'MEDIUM')","[10, 11]",85.53326
"('HARD', 'SOFT', 'MEDIUM')","[10, 12]",85.74222
"('HARD', 'SOFT', 'MEDIUM')","[10, 13]",85.951195
"('HARD', 'SOFT', 'MEDIUM')","[10, 14]",86.16016
"('HARD', 'SOFT', 'MEDIUM')","[10, 15]",86.36913
"('HARD', 'SOFT', 'MEDIUM')","[10, 16]",86.578094
"('HARD', 'SOFT', 'MEDIUM')","[10, 17]",86.78707
"('HARD', 'SOFT', 'MEDIUM')","[10, 18]",86.99604
"('HARD', 'SOFT', 'MEDIUM')","[10, 19]",87.20502
"('HARD', 'SOFT', 'MEDIUM')","[10, 20]",87.41399
"('HARD', 'SOFT', 'MEDIUM')","[10, 21]",87.622955
"('HARD', 'SOFT', 'MEDIUM')","[10, 22]",87.831924
"('HARD', 'SOFT', 'MEDIUM')","[10, 23]",88.04089
"('HARD', 'SOFT', 'MEDIUM')","[10, 24]",88.24986
"('HARD', 'SOFT', 'MEDIUM')","[10, 25]",88.45883
"('HARD', 'SOFT', 'MEDIUM')","[10, 26]",88.6678
"('HARD', 'SOFT', 'MEDIUM')","[10, 27]",88.87677
"('HARD', 'SOFT', 'MEDIUM')","[10, 28]",89.08574
"('HARD', 'SOFT', 'MEDIUM')","[10, 29]",89.29471
"('HARD', 'SOFT', 'MEDIUM')","[10, 30]",89.50368
"('HARD', 'SOFT', 'MEDIUM')","[10, 31]",89.71265
"('HARD', 'SOFT', 'MEDIUM')","[10, 32]",89.921616
"('HARD', 'SOFT', 'MEDIUM')","[10, 33]",90.130585
"('HARD', 'SOFT', 'MEDIUM')","[10, 34]",90.339554
"('HARD', 'SOFT', 'MEDIUM')","[10, 35]",90.54852
"('HARD', 'SOFT', 'MEDIUM')","[10, 36]",90.75749
"('HARD', 'SOFT', 'MEDIUM')","[10, 37]",90.96647
"('HARD', 'SOFT', 'MEDIUM')","[10, 38]",91.175446
"('HARD', 'SOFT', 'MEDIUM')","[10, 39]",91.384415
"('HARD', 'SOFT', 'MEDIUM')","[10, 40]",91.59338
"('HARD', 'SOFT', 'MEDIUM')","[10, 41]",91.80235
"('HARD', 'SOFT', 'MEDIUM')","[10, 42]",92.01132
"('HARD', 'SOFT', 'MEDIUM')","[10, 43]",92.22029
"('HARD', 'SOFT', 'MEDIUM')","[10, 44]",92.42926
"('HARD', 'SOFT', 'MEDIUM')","[10, 45]",92.63823
"('HARD', 'SOFT', 'MEDIUM')","[10, 46]",92.8472
"('HARD', 'SOFT', 'MEDIUM')","[11, 12]",85.861786
"('HARD', 'SOFT', 'MEDIUM')","[11, 13]",86.070755
"('HARD', 'SOFT', 'MEDIUM')","[11, 14]",86.279724
"('HARD', 'SOFT', 'MEDIUM')","[11, 15]",86.48869
"('HARD', 'SOFT', 'MEDIUM')","[11, 16]",86.69766
"('HARD', 'SOFT', 'MEDIUM')","[11, 17]",86.90663
"('HARD', 'SOFT', 'MEDIUM')","[11, 18]",87.1156
"('HARD', 'SOFT', 'MEDIUM')","[11, 19]",87.32457
"('HARD', 'SOFT', 'MEDIUM')","[11, 20]",87.53354
"('HARD', 'SOFT', 'MEDIUM')","[11, 21]",87.74251
"('HARD', 'SOFT', 'MEDIUM')","[11, 22]",87.95148
"('HARD', 'SOFT', 'MEDIUM')","[11, 23]",88.160446
"('HARD', 'SOFT', 'MEDIUM')","[11, 24]",88.369415
"('HARD', 'SOFT', 'MEDIUM')","[11, 25]",88.57839
"('HARD', 'SOFT', 'MEDIUM')","[11, 26]",88.78736
"('HARD', 'SOFT', 'MEDIUM')","[11, 27]",88.99632
"('HARD', 'SOFT', 'MEDIUM')","[11, 28]",89.20529
"('HARD', 'SOFT', 'MEDIUM')","[11, 29]",89.41426
"('HARD', 'SOFT', 'MEDIUM')","[11, 30]",89.62323
"('HARD', 'SOFT', 'MEDIUM')","[11, 31]",89.8322
"('HARD', 'SOFT', 'MEDIUM')","[11, 32]",90.04117
"('HARD', 'SOFT', 'MEDIUM')","[11, 33]",90.250145
"('HARD', 'SOFT', 'MEDIUM')","[11, 34]",90.459114
"('HARD', 'SOFT', 'MEDIUM')","[11, 35]",90.668076
"('HARD', 'SOFT', 'MEDIUM')","[11, 36]",90.87705
"('HARD', 'SOFT', 'MEDIUM')","[11, 37]",91.08602
"('HARD', 'SOFT', 'MEDIUM')","[11, 38]",91.295
"('HARD', 'SOFT', 'MEDIUM')","[11, 39]",91.50397
"('HARD', 'SOFT', 'MEDIUM')","[11, 40]",91.712944
"('HARD', 'SOFT', 'MEDIUM')","[11, 41]",91.921906
"('HARD', 'SOFT', 'MEDIUM')","[11, 42]",92.130875
"('HARD', 'SOFT', 'MEDIUM')","[11, 43]",92.33984
"('HARD', 'SOFT', 'MEDIUM')","[11, 44]",92.54881
"('HARD', 'SOFT', 'MEDIUM')","[11, 45]",92.75779
"('HARD', 'SOFT', 'MEDIUM')","[11, 46]",92.96675
"('HARD', 'SOFT', 'MEDIUM')","[12, 13]",86.190315
"('HARD', 'SOFT', 'MEDIUM')","[12, 14]",86.39928
"('HARD', 'SOFT', 'MEDIUM')","[12, 15]",86.608246
"('HARD', 'SOFT', 'MEDIUM')","[12, 16]",86.817215
"('HARD', 'SOFT', 'MEDIUM')","[12, 17]",87.02619
"('HARD', 'SOFT', 'MEDIUM')","[12, 18]",87.23516
"('HARD', 'SOFT', 'MEDIUM')","[12, 19]",87.44412
"('HARD', 'SOFT', 'MEDIUM')","[12, 20]",87.65311
"('HARD', 'SOFT', 'MEDIUM')","[12, 21]",87.86207
"('HARD', 'SOFT', 'MEDIUM')","[12, 22]",88.07104
"('HARD', 'SOFT', 'MEDIUM')","[12, 23]",88.280014
"('HARD', 'SOFT', 'MEDIUM')","[12, 24]",88.48898
"('HARD', 'SOFT', 'MEDIUM')","[12, 25]",88.697945
"('HARD', 'SOFT', 'MEDIUM')","[12, 26]",88.90691
"('HARD', 'SOFT', 'MEDIUM')","[12, 27]",89.11589
"('HARD', 'SOFT', 'MEDIUM')","[12, 28]",89.32486
"('HARD', 'SOFT', 'MEDIUM')","[12, 29]",89.53382
"('HARD', 'SOFT', 'MEDIUM')","[12, 30]",89.74279
"('HARD', 'SOFT', 'MEDIUM')","[12, 31]",89.95177
"('HARD', 'SOFT', 'MEDIUM')","[12, 32]",90.160736
"('HARD', 'SOFT', 'MEDIUM')","[12, 33]",90.3697
"('HARD', 'SOFT', 'MEDIUM')","[12, 34]",90.57867
"('HARD', 'SOFT', 'MEDIUM')","[12, 35]",90.78764
"('HARD', 'SOFT', 'MEDIUM')","[12, 36]",90.99661
"('HARD', 'SOFT', 'MEDIUM')","[12, 37]",91.20558
"('HARD', 'SOFT', 'MEDIUM')","[12, 38]",91.41455
"('HARD', 'SOFT', 'MEDIUM')","[12, 39]",91.623535
"('HARD', 'SOFT', 'MEDIUM')","[12, 40]",91.8325
"('HARD', 'SOFT', 'MEDIUM')","[12, 41]",92.041466
"('HARD', 'SOFT', 'MEDIUM')","[12, 42]",92.25044
"('HARD', 'SOFT', 'MEDIUM')","[12, 43]",92.45941
"('HARD', 'SOFT', 'MEDIUM')","[12, 44]",92.66837
"('HARD', 'SOFT', 'MEDIUM')","[12, 45]",92.87734
"('HARD', 'SOFT', 'MEDIUM')","[12, 46]",93.08632
"('HARD', 'SOFT', 'MEDIUM')","[13, 14]",86.51883
"('HARD', 'SOFT', 'MEDIUM')","[13, 15]",86.727806
"('HARD', 'SOFT', 'MEDIUM')","[13, 16]",86.93677
"('HARD', 'SOFT', 'MEDIUM')","[13, 17]",87.145744
"('HARD', 'SOFT', 'MEDIUM')","[13, 18]",87.35471
"('HARD', 'SOFT', 'MEDIUM')","[13, 19]",87.56369
"('HARD', 'SOFT', 'MEDIUM')","[13, 20]",87.77266
"('HARD', 'SOFT', 'MEDIUM')","[13, 21]",87.98163
"('HARD', 'SOFT', 'MEDIUM')","[13, 22]",88.1906
"('HARD', 'SOFT', 'MEDIUM')","[13, 23]",88.39957
"('HARD', 'SOFT', 'MEDIUM')","[13, 24]",88.608536
"('HARD', 'SOFT', 'MEDIUM')","[13, 25]",88.817505
"('HARD', 'SOFT', 'MEDIUM')","[13, 26]",89.026474
"('HARD', 'SOFT', 'MEDIUM')","[13, 27]",89.23544
"('HARD', 'SOFT', 'MEDIUM')","[13, 28]",89.44441
"('HARD', 'SOFT', 'MEDIUM')","[13, 29]",89.65338
"('HARD', 'SOFT', 'MEDIUM')","[13, 30]",89.86235
"('HARD', 'SOFT', 'MEDIUM')","[13, 31]",90.07132
"('HARD', 'SOFT', 'MEDIUM')","[13, 32]",90.28029
"('HARD', 'SOFT', 'MEDIUM')","[13, 33]",90.48926
"('HARD', 'SOFT', 'MEDIUM')","[13, 34]",90.69823
"('HARD', 'SOFT', 'MEDIUM')","[13, 35]",90.907196
"('HARD', 'SOFT', 'MEDIUM')","[13, 36]",91.116165
"('HARD', 'SOFT', 'MEDIUM')","[13, 37]",91.32514
"('HARD', 'SOFT', 'MEDIUM')","[13, 38]",91.53412
"('HARD', 'SOFT', 'MEDIUM')","[13, 39]",91.74309
"('HARD', 'SOFT', 'MEDIUM')","[13, 40]",91.95206
"('HARD', 'SOFT', 'MEDIUM')","[13, 41]",92.161026
"('HARD', 'SOFT', 'MEDIUM')","[13, 42]",92.369995
"('HARD', 'SOFT', 'MEDIUM')","[13, 43]",92.578964
"('HARD', 'SOFT', 'MEDIUM')","[13, 44]",92.78793
"('HARD', 'SOFT', 'MEDIUM')","[13, 45]",92.9969
"('HARD', 'SOFT', 'MEDIUM')","[13, 46]",93.20587
"('HARD', 'SOFT', 'MEDIUM')","[14, 15]",86.84737
"('HARD', 'SOFT', 'MEDIUM')","[14, 16]",87.056335
"('HARD', 'SOFT', 'MEDIUM')","[14, 17]",87.265305
"('HARD', 'SOFT', 'MEDIUM')","[14, 18]",87.47427
"('HARD', 'SOFT', 'MEDIUM')","[14, 19]",87.68324
"('HARD', 'SOFT', 'MEDIUM')","[14, 20]",87.89221
"('HARD', 'SOFT', 'MEDIUM')","[14, 21]",88.10119
"('HARD', 'SOFT', 'MEDIUM')","[14, 22]",88.31016
"('HARD', 'SOFT', 'MEDIUM')","[14, 23]",88.51912
"('HARD', 'SOFT', 'MEDIUM')","[14, 24]",88.72809
"('HARD', 'SOFT', 'MEDIUM')","[14, 25]",88.937065
"('HARD', 'SOFT', 'MEDIUM')","[14, 26]",89.146034
"('HARD', 'SOFT', 'MEDIUM')","[14, 27]",89.354996
"('HARD', 'SOFT', 'MEDIUM')","[14, 28]",89.563965
"('HARD', 'SOFT', 'MEDIUM')","[14, 29]",89.77294
"('HARD', 'SOFT', 'MEDIUM')","[14, 30]",89.98191
"('HARD', 'SOFT', 'MEDIUM')","[14, 31]",90.19087
"('HARD', 'SOFT', 'MEDIUM')","[14, 32]",90.39984
"('HARD', 'SOFT', 'MEDIUM')","[14, 33]",90.60882
"('HARD', 'SOFT', 'MEDIUM')","[14, 34]",90.81779
"('HARD', 'SOFT', 'MEDIUM')","[14, 35]",91.02675
"('HARD', 'SOFT', 'MEDIUM')","[14, 36]",91.235725
"('HARD', 'SOFT', 'MEDIUM')","[14, 37]",91.4447
"('HARD', 'SOFT', 'MEDIUM')","[14, 38]",91.65367
"('HARD', 'SOFT', 'MEDIUM')","[14, 39]",91.86264
"('HARD', 'SOFT', 'MEDIUM')","[14, 40]",92.07162
"('HARD', 'SOFT', 'MEDIUM')","[14, 41]",92.28059
"('HARD', 'SOFT', 'MEDIUM')","[14, 42]",92.48955
"('HARD', 'SOFT', 'MEDIUM')","[14, 43]",92.69852
"('HARD', 'SOFT', 'MEDIUM')","[14, 44]",92.90749
"('HARD', 'SOFT', 'MEDIUM')","[14, 45]",93.11646
"('HARD', 'SOFT', 'MEDIUM')","[14, 46]",93.325424
"('HARD', 'SOFT', 'MEDIUM')","[15, 16]",87.17589
"('HARD', 'SOFT', 'MEDIUM')","[15, 17]",87.38486
"('HARD', 'SOFT', 'MEDIUM')","[15, 18]",87.593834
"('HARD', 'SOFT', 'MEDIUM')","[15, 19]",87.802795
"('HARD', 'SOFT', 'MEDIUM')","[15, 20]",88.01178
"('HARD', 'SOFT', 'MEDIUM')","[15, 21]",88.22074
"('HARD', 'SOFT', 'MEDIUM')","[15, 22]",88.42971
"('HARD', 'SOFT', 'MEDIUM')","[15, 23]",88.63869
"('HARD', 'SOFT', 'MEDIUM')","[15, 24]",88.84764
"('HARD', 'SOFT', 'MEDIUM')","[15, 25]",89.05662
"('HARD', 'SOFT', 'MEDIUM')","[15, 26]",89.26559
"('HARD', 'SOFT', 'MEDIUM')","[15, 27]",89.47455
"('HARD', 'SOFT', 'MEDIUM')","[15, 28]",89.68353
"('HARD', 'SOFT', 'MEDIUM')","[15, 29]",89.892494
"('HARD', 'SOFT', 'MEDIUM')","[15, 30]",90.10146
"('HARD', 'SOFT', 'MEDIUM')","[15, 31]",90.31044
"('HARD', 'SOFT', 'MEDIUM')","[15, 32]",90.519394
"('HARD', 'SOFT', 'MEDIUM')","[15, 33]",90.72837
"('HARD', 'SOFT', 'MEDIUM')","[15, 34]",90.93734
"('HARD', 'SOFT', 'MEDIUM')","[15, 35]",91.1463
"('HARD', 'SOFT', 'MEDIUM')","[15, 36]",91.355286
"('HARD', 'SOFT', 'MEDIUM')","[15, 37]",91.564255
"('HARD', 'SOFT', 'MEDIUM')","[15, 38]",91.773224
"('HARD', 'SOFT', 'MEDIUM')","[15, 39]",91.98221
"('HARD', 'SOFT', 'MEDIUM')","[15, 40]",92.19117
"('HARD', 'SOFT', 'MEDIUM')","[15, 41]",92.40014
"('HARD', 'SOFT', 'MEDIUM')","[15, 42]",92.6091
"('HARD', 'SOFT', 'MEDIUM')","[15, 43]",92.81807
"('HARD', 'SOFT', 'MEDIUM')","[15, 44]",93.02705
"('HARD', 'SOFT', 'MEDIUM')","[15, 45]",93.236015
"('HARD', 'SOFT', 'MEDIUM')","[15, 46]",93.44499
"('HARD', 'SOFT', 'MEDIUM')","[16, 17]",87.50442
"('HARD', 'SOFT', 'MEDIUM')","[16, 18]",87.71339
"('HARD', 'SOFT', 'MEDIUM')","[16, 19]",87.92236
"('HARD', 'SOFT', 'MEDIUM')","[16, 20]",88.13133
"('HARD', 'SOFT', 'MEDIUM')","[16, 21]",88.3403
"('HARD', 'SOFT', 'MEDIUM')","[16, 22]",88.54927
"('HARD', 'SOFT', 'MEDIUM')","[16, 23]",88.75824
"('HARD', 'SOFT', 'MEDIUM')","[16, 24]",88.96721
"('HARD', 'SOFT', 'MEDIUM')","[16, 25]",89.17618
"('HARD', 'SOFT', 'MEDIUM')","[16, 26]",89.38515
"('HARD', 'SOFT', 'MEDIUM')","[16, 27]",89.59412
"('HARD', 'SOFT', 'MEDIUM')","[16, 28]",89.803085
"('HARD', 'SOFT', 'MEDIUM')","[16, 29]",90.012054
"('HARD', 'SOFT', 'MEDIUM')","[16, 30]",90.22102
"('HARD', 'SOFT', 'MEDIUM')","[16, 31]",90.42999
"('HARD', 'SOFT', 'MEDIUM')","[16, 32]",90.63896
"('HARD', 'SOFT', 'MEDIUM')","[16, 33]",90.84793
"('HARD', 'SOFT', 'MEDIUM')","[16, 34]",91.0569
"('HARD', 'SOFT', 'MEDIUM')","[16, 35]",91.26587
"('HARD', 'SOFT', 'MEDIUM')","[16, 36]",91.47484
"('HARD', 'SOFT', 'MEDIUM')","[16, 37]",91.683815
"('HARD', 'SOFT', 'MEDIUM')","[16, 38]",91.89279
"('HARD', 'SOFT', 'MEDIUM')","[16, 39]",92.10176
"('HARD', 'SOFT', 'MEDIUM')","[16, 40]",92.31073
"('HARD', 'SOFT', 'MEDIUM')","[16, 41]",92.5197
"('HARD', 'SOFT', 'MEDIUM')","[16, 42]",92.72867
"('HARD', 'SOFT', 'MEDIUM')","[16, 43]",92.93764
"('HARD', 'SOFT', 'MEDIUM')","[16, 44]",93.14661
"('HARD', 'SOFT', 'MEDIUM')","[16, 45]",93.355576
"('HARD', 'SOFT', 'MEDIUM')","[16, 46]",93.564545
"('HARD', 'SOFT', 'MEDIUM')","[17, 18]",87.83294
"('HARD', 'SOFT', 'MEDIUM')","[17, 19]",88.041916
"('HARD', 'SOFT', 'MEDIUM')","[17, 20]",88.250885
"('HARD', 'SOFT', 'MEDIUM')","[17, 21]",88.459854
"('HARD', 'SOFT', 'MEDIUM')","[17, 22]",88.66882
"('HARD', 'SOFT', 'MEDIUM')","[17, 23]",88.87779
"('HARD', 'SOFT', 'MEDIUM')","[17, 24]",89.08676
"('HARD', 'SOFT', 'MEDIUM')","[17, 25]",89.29573
"('HARD', 'SOFT', 'MEDIUM')","[17, 26]",89.5047
"('HARD', 'SOFT', 'MEDIUM')","[17, 27]",89.71367
"('HARD', 'SOFT', 'MEDIUM')","[17, 28]",89.92264
"('HARD', 'SOFT', 'MEDIUM')","[17, 29]",90.13161
"('HARD', 'SOFT', 'MEDIUM')","[17, 30]",90.340576
"('HARD', 'SOFT', 'MEDIUM')","[17, 31]",90.549545
"('HARD', 'SOFT', 'MEDIUM')","[17, 32]",90.758514
"('HARD', 'SOFT', 'MEDIUM')","[17, 33]",90.96748
"('HARD', 'SOFT', 'MEDIUM')","[17, 34]",91.17645
"('HARD', 'SOFT', 'MEDIUM')","[17, 35]",91.38542
"('HARD', 'SOFT', 'MEDIUM')","[17, 36]",91.59439
"('HARD', 'SOFT', 'MEDIUM')","[17, 37]",91.80337
"('HARD', 'SOFT', 'MEDIUM')","[17, 38]",92.012344
"('HARD', 'SOFT', 'MEDIUM')","[17, 39]",92.22131
"('HARD', 'SOFT', 'MEDIUM')","[17, 40]",92.43028
"('HARD', 'SOFT', 'MEDIUM')","[17, 41]",92.63925
"('HARD', 'SOFT', 'MEDIUM')","[17, 42]",92.84822
"('HARD', 'SOFT', 'MEDIUM')","[17, 43]",93.05719
"('HARD', 'SOFT', 'MEDIUM')","[17, 44]",93.26616
"('HARD', 'SOFT', 'MEDIUM')","[17, 45]",93.47513
"('HARD', 'SOFT', 'MEDIUM')","[17, 46]",93.6841
"('HARD', 'SOFT', 'MEDIUM')","[18, 19]",88.16147
"('HARD', 'SOFT', 'MEDIUM')","[18, 20]",88.37044
"('HARD', 'SOFT', 'MEDIUM')","[18, 21]",88.579414
"('HARD', 'SOFT', 'MEDIUM')","[18, 22]",88.78838
"('HARD', 'SOFT', 'MEDIUM')","[18, 23]",88.997345
"('HARD', 'SOFT', 'MEDIUM')","[18, 24]",89.206314
"('HARD', 'SOFT', 'MEDIUM')","[18, 25]",89.41529
"('HARD', 'SOFT', 'MEDIUM')","[18, 26]",89.62426
"('HARD', 'SOFT', 'MEDIUM')","[18, 27]",89.83322
"('HARD', 'SOFT', 'MEDIUM')","[18, 28]",90.04219
"('HARD', 'SOFT', 'MEDIUM')","[18, 29]",90.25117
"('HARD', 'SOFT', 'MEDIUM')","[18, 30]",90.46014
"('HARD', 'SOFT', 'MEDIUM')","[18, 31]",90.6691
"('HARD', 'SOFT', 'MEDIUM')","[18, 32]",90.87807
"('HARD', 'SOFT', 'MEDIUM')","[18, 33]",91.08704
"('HARD', 'SOFT', 'MEDIUM')","[18, 34]",91.29601
"('HARD', 'SOFT', 'MEDIUM')","[18, 35]",91.504974
"('HARD', 'SOFT', 'MEDIUM')","[18, 36]",91.71395
"('HARD', 'SOFT', 'MEDIUM')","[18, 37]",91.92293
"('HARD', 'SOFT', 'MEDIUM')","[18, 38]",92.1319
"('HARD', 'SOFT', 'MEDIUM')","[18, 39]",92.340866
"('HARD', 'SOFT', 'MEDIUM')","[18, 40]",92.54984
"('HARD', 'SOFT', 'MEDIUM')","[18, 41]",92.75881
"('HARD', 'SOFT', 'MEDIUM')","[18, 42]",92.96777
"('HARD', 'SOFT', 'MEDIUM')","[18, 43]",93.17674
"('HARD', 'SOFT', 'MEDIUM')","[18, 44]",93.38572
"('HARD', 'SOFT', 'MEDIUM')","[18, 45]",93.59469
"('HARD', 'SOFT', 'MEDIUM')","[18, 46]",93.80365
"('HARD', 'SOFT', 'MEDIUM')","[19, 20]",88.490005
"('HARD', 'SOFT', 'MEDIUM')","[19, 21]",88.69897
"('HARD', 'SOFT', 'MEDIUM')","[19, 22]",88.907936
"('HARD', 'SOFT', 'MEDIUM')","[19, 23]",89.11691
"('HARD', 'SOFT', 'MEDIUM')","[19, 24]",89.32587
"('HARD', 'SOFT', 'MEDIUM')","[19, 25]",89.53484
"('HARD', 'SOFT', 'MEDIUM')","[19, 26]",89.74381
"('HARD', 'SOFT', 'MEDIUM')","[19, 27]",89.952774
"('HARD', 'SOFT', 'MEDIUM')","[19, 28]",90.16176
"('HARD', 'SOFT', 'MEDIUM')","[19, 29]",90.37072
"('HARD', 'SOFT', 'MEDIUM')","[19, 30]",90.57969
"('HARD', 'SOFT', 'MEDIUM')","[19, 31]",90.788666
"('HARD', 'SOFT', 'MEDIUM')","[19, 32]",90.99762
"('HARD', 'SOFT', 'MEDIUM')","[19, 33]",91.2066
"('HARD', 'SOFT', 'MEDIUM')","[19, 34]",91.415565
"('HARD', 'SOFT', 'MEDIUM')","[19, 35]",91.62453
"('HARD', 'SOFT', 'MEDIUM')","[19, 36]",91.83351
"('HARD', 'SOFT', 'MEDIUM')","[19, 37]",92.04248
"('HARD', 'SOFT', 'MEDIUM')","[19, 38]",92.25145
"('HARD', 'SOFT', 'MEDIUM')","[19, 39]",92.460434
"('HARD', 'SOFT', 'MEDIUM')","[19, 40]",92.669395
"('HARD', 'SOFT', 'MEDIUM')","[19, 41]",92.878365
"('HARD', 'SOFT', 'MEDIUM')","[19, 42]",93.087326
"('HARD', 'SOFT', 'MEDIUM')","[19, 43]",93.296295
"('HARD', 'SOFT', 'MEDIUM')","[19, 44]",93.50527
"('HARD', 'SOFT', 'MEDIUM')","[19, 45]",93.71424
"('HARD', 'SOFT', 'MEDIUM')","[19, 46]",93.92322
"('HARD', 'SOFT', 'MEDIUM')","[20, 21]",88.81853
"('HARD', 'SOFT', 'MEDIUM')","[20, 22]",89.0275
"('HARD', 'SOFT', 'MEDIUM')","[20, 23]",89.236465
"('HARD', 'SOFT', 'MEDIUM')","[20, 24]",89.445435
"('HARD', 'SOFT', 'MEDIUM')","[20, 25]",89.6544
"('HARD', 'SOFT', 'MEDIUM')","[20, 26]",89.86337
"('HARD', 'SOFT', 'MEDIUM')","[20, 27]",90.07234
"('HARD', 'SOFT', 'MEDIUM')","[20, 28]",90.28131
"('HARD', 'SOFT', 'MEDIUM')","[20, 29]",90.49028
"('HARD', 'SOFT', 'MEDIUM')","[20, 30]",90.69925
"('HARD', 'SOFT', 'MEDIUM')","[20, 31]",90.90822
"('HARD', 'SOFT', 'MEDIUM')","[20, 32]",91.11719
"('HARD', 'SOFT', 'MEDIUM')","[20, 33]",91.32616
"('HARD', 'SOFT', 'MEDIUM')","[20, 34]",91.535126
"('HARD', 'SOFT', 'MEDIUM')","[20, 35]",91.744095
"('HARD', 'SOFT', 'MEDIUM')","[20, 36]",91.953064
"('HARD', 'SOFT', 'MEDIUM')","[20, 37]",92.16204
"('HARD', 'SOFT', 'MEDIUM')","[20, 38]",92.37102
"('HARD', 'SOFT', 'MEDIUM')","[20, 39]",92.57999
"('HARD', 'SOFT', 'MEDIUM')","[20, 40]",92.788956
"('HARD', 'SOFT', 'MEDIUM')","[20, 41]",92.997925
"('HARD', 'SOFT', 'MEDIUM')","[20, 42]",93.206894
"('HARD', 'SOFT', 'MEDIUM')","[20, 43]",93.41586
"('HARD', 'SOFT', 'MEDIUM')","[20, 44]",93.62483
"('HARD', 'SOFT', 'MEDIUM')","[20, 45]",93.8338
"('HARD', 'SOFT', 'MEDIUM')","[20, 46]",94.04277
"('HARD', 'SOFT', 'MEDIUM')","[21, 22]",89.14705
"('HARD', 'SOFT', 'MEDIUM')","[21, 23]",89.35602
"('HARD', 'SOFT', 'MEDIUM')","[21, 24]",89.56499
"('HARD', 'SOFT', 'MEDIUM')","[21, 25]",89.773964
"('HARD', 'SOFT', 'MEDIUM')","[21, 26]",89.98293
"('HARD', 'SOFT', 'MEDIUM')","[21, 27]",90.191895
"('HARD', 'SOFT', 'MEDIUM')","[21, 28]",90.40086
"('HARD', 'SOFT', 'MEDIUM')","[21, 29]",90.60983
"('HARD', 'SOFT', 'MEDIUM')","[21, 30]",90.8188
"('HARD', 'SOFT', 'MEDIUM')","[21, 31]",91.02777
"('HARD', 'SOFT', 'MEDIUM')","[21, 32]",91.23674
"('HARD', 'SOFT', 'MEDIUM')","[21, 33]",91.44572
"('HARD', 'SOFT', 'MEDIUM')","[21, 34]",91.654686
"('HARD', 'SOFT', 'MEDIUM')","[21, 35]",91.86365
"('HARD', 'SOFT', 'MEDIUM')","[21, 36]",92.072624
"('HARD', 'SOFT', 'MEDIUM')","[21, 37]",92.28159
"('HARD', 'SOFT', 'MEDIUM')","[21, 38]",92.49057
"('HARD', 'SOFT', 'MEDIUM')","[21, 39]",92.69954
"('HARD', 'SOFT', 'MEDIUM')","[21, 40]",92.908516
"('HARD', 'SOFT', 'MEDIUM')","[21, 41]",93.11748
"('HARD', 'SOFT', 'MEDIUM')","[21, 42]",93.32645
"('HARD', 'SOFT', 'MEDIUM')","[21, 43]",93.535416
"('HARD', 'SOFT', 'MEDIUM')","[21, 44]",93.744385
"('HARD', 'SOFT', 'MEDIUM')","[21, 45]",93.95336
"('HARD', 'SOFT', 'MEDIUM')","[21, 46]",94.16232
"('HARD', 'SOFT', 'MEDIUM')","[22, 23]",89.475586
"('HARD', 'SOFT', 'MEDIUM')","[22, 24]",89.68454
"('HARD', 'SOFT', 'MEDIUM')","[22, 25]",89.89352
"('HARD', 'SOFT', 'MEDIUM')","[22, 26]",90.102486
"('HARD', 'SOFT', 'MEDIUM')","[22, 27]",90.31145
"('HARD', 'SOFT', 'MEDIUM')","[22, 28]",90.52043
"('HARD', 'SOFT', 'MEDIUM')","[22, 29]",90.72939
"('HARD', 'SOFT', 'MEDIUM')","[22, 30]",90.93836
"('HARD', 'SOFT', 'MEDIUM')","[22, 31]",91.14734
"('HARD', 'SOFT', 'MEDIUM')","[22, 32]",91.35629
"('HARD', 'SOFT', 'MEDIUM')","[22, 33]",91.56527
"('HARD', 'SOFT', 'MEDIUM')","[22, 34]",91.77424
"('HARD', 'SOFT', 'MEDIUM')","[22, 35]",91.9832
"('HARD', 'SOFT', 'MEDIUM')","[22, 36]",92.192184
"('HARD', 'SOFT', 'MEDIUM')","[22, 37]",92.40115
"('HARD', 'SOFT', 'MEDIUM')","[22, 38]",92.61012
"('HARD', 'SOFT', 'MEDIUM')","[22, 39]",92.81911
"('HARD', 'SOFT', 'MEDIUM')","[22, 40]",93.02807
"('HARD', 'SOFT', 'MEDIUM')","[22, 41]",93.23704
"('HARD', 'SOFT', 'MEDIUM')","[22, 42]",93.446
"('HARD', 'SOFT', 'MEDIUM')","[22, 43]",93.65497
"('HARD', 'SOFT', 'MEDIUM')","[22, 44]",93.863945
"('HARD', 'SOFT', 'MEDIUM')","[22, 45]",94.072914
"('HARD', 'SOFT', 'MEDIUM')","[22, 46]",94.28189
"('HARD', 'SOFT', 'MEDIUM')","[23, 24]",89.80411
"('HARD', 'SOFT', 'MEDIUM')","[23, 25]",90.01307
"('HARD', 'SOFT', 'MEDIUM')","[23, 26]",90.22204
"('HARD', 'SOFT', 'MEDIUM')","[23, 27]",90.431015
"('HARD', 'SOFT', 'MEDIUM')","[23, 28]",90.639984
"('HARD', 'SOFT', 'MEDIUM')","[23, 29]",90.84895
"('HARD', 'SOFT', 'MEDIUM')","[23, 30]",91.05792
"('HARD', 'SOFT', 'MEDIUM')","[23, 31]",91.26689
"('HARD', 'SOFT', 'MEDIUM')","[23, 32]",91.47586
"('HARD', 'SOFT', 'MEDIUM')","[23, 33]",91.68482
"('HARD', 'SOFT', 'MEDIUM')","[23, 34]",91.89379
"('HARD', 'SOFT', 'MEDIUM')","[23, 35]",92.10277
"('HARD', 'SOFT', 'MEDIUM')","[23, 36]",92.31174
"('HARD', 'SOFT', 'MEDIUM')","[23, 37]",92.52071
"('HARD', 'SOFT', 'MEDIUM')","[23, 38]",92.72969
"('HARD', 'SOFT', 'MEDIUM')","[23, 39]",92.93866
"('HARD', 'SOFT', 'MEDIUM')","[23, 40]",93.14762
"('HARD', 'SOFT', 'MEDIUM')","[23, 41]",93.3566
"('HARD', 'SOFT', 'MEDIUM')","[23, 42]",93.56557
"('HARD', 'SOFT', 'MEDIUM')","[23, 43]",93.774536
"('HARD', 'SOFT', 'MEDIUM')","[23, 44]",93.983505
"('HARD', 'SOFT', 'MEDIUM')","[23, 45]",94.19247
"('HARD', 'SOFT', 'MEDIUM')","[23, 46]",94.40144
"('HARD', 'SOFT', 'MEDIUM')","[24, 25]",90.13263
"('HARD', 'SOFT', 'MEDIUM')","[24, 26]",90.3416
"('HARD', 'SOFT', 'MEDIUM')","[24, 27]",90.55057
"('HARD', 'SOFT', 'MEDIUM')","[24, 28]",90.75954
"('HARD', 'SOFT', 'MEDIUM')","[24, 29]",90.968506
"('HARD', 'SOFT', 'MEDIUM')","[24, 30]",91.177475
"('HARD', 'SOFT', 'MEDIUM')","[24, 31]",91.386444
"('HARD', 'SOFT', 'MEDIUM')","[24, 32]",91.59541
"('HARD', 'SOFT', 'MEDIUM')","[24, 33]",91.80438
"('HARD', 'SOFT', 'MEDIUM')","[24, 34]",92.01335
"('HARD', 'SOFT', 'MEDIUM')","[24, 35]",92.22232
"('HARD', 'SOFT', 'MEDIUM')","[24, 36]",92.43129
"('HARD', 'SOFT', 'MEDIUM')","[24, 37]",92.64027
"('HARD', 'SOFT', 'MEDIUM')","[24, 38]",92.84924
"('HARD', 'SOFT', 'MEDIUM')","[24, 39]",93.05821
"('HARD', 'SOFT', 'MEDIUM')","[24, 40]",93.26718
"('HARD', 'SOFT', 'MEDIUM')","[24, 41]",93.47615
"('HARD', 'SOFT', 'MEDIUM')","[24, 42]",93.68512
"('HARD', 'SOFT', 'MEDIUM')","[24, 43]",93.89409
"('HARD', 'SOFT', 'MEDIUM')","[24, 44]",94.10306
"('HARD', 'SOFT', 'MEDIUM')","[24, 45]",94.31203
"('HARD', 'SOFT', 'MEDIUM')","[24, 46]",94.520996
"('HARD', 'SOFT', 'MEDIUM')","[25, 26]",90.46116
"('HARD', 'SOFT', 'MEDIUM')","[25, 27]",90.67012
"('HARD', 'SOFT', 'MEDIUM')","[25, 28]",90.87909
"('HARD', 'SOFT', 'MEDIUM')","[25, 29]",91.08806
"('HARD', 'SOFT', 'MEDIUM')","[25, 30]",91.29703
"('HARD', 'SOFT', 'MEDIUM')","[25, 31]",91.506
"('HARD', 'SOFT', 'MEDIUM')","[25, 32]",91.714966
"('HARD', 'SOFT', 'MEDIUM')","[25, 33]",91.92394
"('HARD', 'SOFT', 'MEDIUM')","[25, 34]",92.13291
"('HARD', 'SOFT', 'MEDIUM')","[25, 35]",92.34187
"('HARD', 'SOFT', 'MEDIUM')","[25, 36]",92.55085
"('HARD', 'SOFT', 'MEDIUM')","[25, 37]",92.75982
"('HARD', 'SOFT', 'MEDIUM')","[25, 38]",92.968796
"('HARD', 'SOFT', 'MEDIUM')","[25, 39]",93.177765
"('HARD', 'SOFT', 'MEDIUM')","[25, 40]",93.38674
"('HARD', 'SOFT', 'MEDIUM')","[25, 41]",93.5957
"('HARD', 'SOFT', 'MEDIUM')","[25, 42]",93.80467
"('HARD', 'SOFT', 'MEDIUM')","[25, 43]",94.01364
"('HARD', 'SOFT', 'MEDIUM')","[25, 44]",94.22261
"('HARD', 'SOFT', 'MEDIUM')","[25, 45]",94.43159
"('HARD', 'SOFT', 'MEDIUM')","[25, 46]",94.64055
"('HARD', 'SOFT', 'MEDIUM')","[26, 27]",90.78967
"('HARD', 'SOFT', 'MEDIUM')","[26, 28]",90.99866
"('HARD', 'SOFT', 'MEDIUM')","[26, 29]",91.20762
"('HARD', 'SOFT', 'MEDIUM')","[26, 30]",91.41659
"('HARD', 'SOFT', 'MEDIUM')","[26, 31]",91.625565
"('HARD', 'SOFT', 'MEDIUM')","[26, 32]",91.83452
"('HARD', 'SOFT', 'MEDIUM')","[26, 33]",92.043495
"('HARD', 'SOFT', 'MEDIUM')","[26, 34]",92.252464
"('HARD', 'SOFT', 'MEDIUM')","[26, 35]",92.461426
"('HARD', 'SOFT', 'MEDIUM')","[26, 36]",92.67041
"('HARD', 'SOFT', 'MEDIUM')","[26, 37]",92.87938
"('HARD', 'SOFT', 'MEDIUM')","[26, 38]",93.08835
"('HARD', 'SOFT', 'MEDIUM')","[26, 39]",93.29733
"('HARD', 'SOFT', 'MEDIUM')","[26, 40]",93.506294
"('HARD', 'SOFT', 'MEDIUM')","[26, 41]",93.71526
"('HARD', 'SOFT', 'MEDIUM')","[26, 42]",93.924225
"('HARD', 'SOFT', 'MEDIUM')","[26, 43]",94.133194
"('HARD', 'SOFT', 'MEDIUM')","[26, 44]",94.34217
"('HARD', 'SOFT', 'MEDIUM')","[26, 45]",94.55114
"('HARD', 'SOFT', 'MEDIUM')","[26, 46]",94.76012
"('HARD', 'SOFT', 'MEDIUM')","[27, 28]",91.11821
"('HARD', 'SOFT', 'MEDIUM')","[27, 29]",91.32718
"('HARD', 'SOFT', 'MEDIUM')","[27, 30]",91.53615
"('HARD', 'SOFT', 'MEDIUM')","[27, 31]",91.74512
"('HARD', 'SOFT', 'MEDIUM')","[27, 32]",91.95409
"('HARD', 'SOFT', 'MEDIUM')","[27, 33]",92.16305
"('HARD', 'SOFT', 'MEDIUM')","[27, 34]",92.37202
"('HARD', 'SOFT', 'MEDIUM')","[27, 35]",92.58099
"('HARD', 'SOFT', 'MEDIUM')","[27, 36]",92.78996
"('HARD', 'SOFT', 'MEDIUM')","[27, 37]",92.99894
"('HARD', 'SOFT', 'MEDIUM')","[27, 38]",93.20792
"('HARD', 'SOFT', 'MEDIUM')","[27, 39]",93.416885
"('HARD', 'SOFT', 'MEDIUM')","[27, 40]",93.62585
"('HARD', 'SOFT', 'MEDIUM')","[27, 41]",93.83482
"('HARD', 'SOFT', 'MEDIUM')","[27, 42]",94.04379
"('HARD', 'SOFT', 'MEDIUM')","[27, 43]",94.25276
"('HARD', 'SOFT', 'MEDIUM')","[27, 44]",94.46173
"('HARD', 'SOFT', 'MEDIUM')","[27, 45]",94.67069
"('HARD', 'SOFT', 'MEDIUM')","[27, 46]",94.87967
"('HARD', 'SOFT', 'MEDIUM')","[28, 29]",91.44673
"('HARD', 'SOFT', 'MEDIUM')","[28, 30]",91.6557
"('HARD', 'SOFT', 'MEDIUM')","[28, 31]",91.86467
"('HARD', 'SOFT', 'MEDIUM')","[28, 32]",92.07364
"('HARD', 'SOFT', 'MEDIUM')","[28, 33]",92.28261
"('HARD', 'SOFT', 'MEDIUM')","[28, 34]",92.49158
"('HARD', 'SOFT', 'MEDIUM')","[28, 35]",92.70055
"('HARD', 'SOFT', 'MEDIUM')","[28, 36]",92.909515
"('HARD', 'SOFT', 'MEDIUM')","[28, 37]",93.11849
"('HARD', 'SOFT', 'MEDIUM')","[28, 38]",93.32747
"('HARD', 'SOFT', 'MEDIUM')","[28, 39]",93.53644
"('HARD', 'SOFT', 'MEDIUM')","[28, 40]",93.74541
"('HARD', 'SOFT', 'MEDIUM')","[28, 41]",93.95438
"('HARD', 'SOFT', 'MEDIUM')","[28, 42]",94.163345
"('HARD', 'SOFT', 'MEDIUM')","[28, 43]",94.372314
"('HARD', 'SOFT', 'MEDIUM')","[28, 44]",94.58128
"('HARD', 'SOFT', 'MEDIUM')","[28, 45]",94.79025
"('HARD', 'SOFT', 'MEDIUM')","[28, 46]",94.99922
"('HARD', 'SOFT', 'MEDIUM')","[29, 30]",91.77525
"('HARD', 'SOFT', 'MEDIUM')","[29, 31]",91.98422
"('HARD', 'SOFT', 'MEDIUM')","[29, 32]",92.19319
"('HARD', 'SOFT', 'MEDIUM')","[29, 33]",92.40216
"('HARD', 'SOFT', 'MEDIUM')","[29, 34]",92.61113
"('HARD', 'SOFT', 'MEDIUM')","[29, 35]",92.8201
"('HARD', 'SOFT', 'MEDIUM')","[29, 36]",93.02907
"('HARD', 'SOFT', 'MEDIUM')","[29, 37]",93.238045
"('HARD', 'SOFT', 'MEDIUM')","[29, 38]",93.44702
"('HARD', 'SOFT', 'MEDIUM')","[29, 39]",93.65599
"('HARD', 'SOFT', 'MEDIUM')","[29, 40]",93.86496
"('HARD', 'SOFT', 'MEDIUM')","[29, 41]",94.07393
"('HARD', 'SOFT', 'MEDIUM')","[29, 42]",94.2829
"('HARD', 'SOFT', 'MEDIUM')","[29, 43]",94.49187
"('HARD', 'SOFT', 'MEDIUM')","[29, 44]",94.700836
"('HARD', 'SOFT', 'MEDIUM')","[29, 45]",94.909805
"('HARD', 'SOFT', 'MEDIUM')","[29, 46]",95.118774
"('HARD', 'SOFT', 'MEDIUM')","[30, 31]",92.10379
"('HARD', 'SOFT', 'MEDIUM')","[30, 32]",92.31276
"('HARD', 'SOFT', 'MEDIUM')","[30, 33]",92.52172
"('HARD', 'SOFT', 'MEDIUM')","[30, 34]",92.73069
"('HARD', 'SOFT', 'MEDIUM')","[30, 35]",92.93967
"('HARD', 'SOFT', 'MEDIUM')","[30, 36]",93.148636
"('HARD', 'SOFT', 'MEDIUM')","[30, 37]",93.35761
"('HARD', 'SOFT', 'MEDIUM')","[30, 38]",93.56659
"('HARD', 'SOFT', 'MEDIUM')","[30, 39]",93.77556
"('HARD', 'SOFT', 'MEDIUM')","[30, 40]",93.98452
"('HARD', 'SOFT', 'MEDIUM')","[30, 41]",94.1935
"('HARD', 'SOFT', 'MEDIUM')","[30, 42]",94.402466
"('HARD', 'SOFT', 'MEDIUM')","[30, 43]",94.611435
"('HARD', 'SOFT', 'MEDIUM')","[30, 44]",94.820404
"('HARD', 'SOFT', 'MEDIUM')","[30, 45]",95.029366
"('HARD', 'SOFT', 'MEDIUM')","[30, 46]",95.23834
"('HARD', 'SOFT', 'MEDIUM')","[31, 32]",92.43231
"('HARD', 'SOFT', 'MEDIUM')","[31, 33]",92.64127
"('HARD', 'SOFT', 'MEDIUM')","[31, 34]",92.85024
"('HARD', 'SOFT', 'MEDIUM')","[31, 35]",93.05922
"('HARD', 'SOFT', 'MEDIUM')","[31, 36]",93.26819
"('HARD', 'SOFT', 'MEDIUM')","[31, 37]",93.477165
"('HARD', 'SOFT', 'MEDIUM')","[31, 38]",93.68614
"('HARD', 'SOFT', 'MEDIUM')","[31, 39]",93.89511
"('HARD', 'SOFT', 'MEDIUM')","[31, 40]",94.10407
"('HARD', 'SOFT', 'MEDIUM')","[31, 41]",94.31305
"('HARD', 'SOFT', 'MEDIUM')","[31, 42]",94.52202
"('HARD', 'SOFT', 'MEDIUM')","[31, 43]",94.73099
"('HARD', 'SOFT', 'MEDIUM')","[31, 44]",94.93996
"('HARD', 'SOFT', 'MEDIUM')","[31, 45]",95.14892
"('HARD', 'SOFT', 'MEDIUM')","[31, 46]",95.357895
"('HARD', 'SOFT', 'MEDIUM')","[32, 33]",92.76083
"('HARD', 'SOFT', 'MEDIUM')","[32, 34]",92.9698
"('HARD', 'SOFT', 'MEDIUM')","[32, 35]",93.17877
"('HARD', 'SOFT', 'MEDIUM')","[32, 36]",93.38774
"('HARD', 'SOFT', 'MEDIUM')","[32, 37]",93.59672
"('HARD', 'SOFT', 'MEDIUM')","[32, 38]",93.805695
"('HARD', 'SOFT', 'MEDIUM')","[32, 39]",94.01466
"('HARD', 'SOFT', 'MEDIUM')","[32, 40]",94.22363
"('HARD', 'SOFT', 'MEDIUM')","[32, 41]",94.4326
"('HARD', 'SOFT', 'MEDIUM')","[32, 42]",94.64157
"('HARD', 'SOFT', 'MEDIUM')","[32, 43]",94.85054
"('HARD', 'SOFT', 'MEDIUM')","[32, 44]",95.05951
"('HARD', 'SOFT', 'MEDIUM')","[32, 45]",95.26848
"('HARD', 'SOFT', 'MEDIUM')","[32, 46]",95.47745
"('HARD', 'SOFT', 'MEDIUM')","[33, 34]",93.08936
"('HARD', 'SOFT', 'MEDIUM')","[33, 35]",93.298325
"('HARD', 'SOFT', 'MEDIUM')","[33, 36]",93.50731
"('HARD', 'SOFT', 'MEDIUM')","[33, 37]",93.71628
"('HARD', 'SOFT', 'MEDIUM')","[33, 38]",93.92525
"('HARD', 'SOFT', 'MEDIUM')","[33, 39]",94.13423
"('HARD', 'SOFT', 'MEDIUM')","[33, 40]",94.34319
"('HARD', 'SOFT', 'MEDIUM')","[33, 41]",94.55216
"('HARD', 'SOFT', 'MEDIUM')","[33, 42]",94.76112
"('HARD', 'SOFT', 'MEDIUM')","[33, 43]",94.97009
"('HARD', 'SOFT', 'MEDIUM')","[33, 44]",95.17907
"('HARD', 'SOFT', 'MEDIUM')","[33, 45]",95.38804
"('HARD', 'SOFT', 'MEDIUM')","[33, 46]",95.597015
"('HARD', 'SOFT', 'MEDIUM')","[34, 35]",93.41788
"('HARD', 'SOFT', 'MEDIUM')","[34, 36]",93.626854
"('HARD', 'SOFT', 'MEDIUM')","[34, 37]",93.83582
"('HARD', 'SOFT', 'MEDIUM')","[34, 38]",94.0448
"('HARD', 'SOFT', 'MEDIUM')","[34, 39]",94.25377
"('HARD', 'SOFT', 'MEDIUM')","[34, 40]",94.462746
"('HARD', 'SOFT', 'MEDIUM')","[34, 41]",94.67171
"('HARD', 'SOFT', 'MEDIUM')","[34, 42]",94.88068
"('HARD', 'SOFT', 'MEDIUM')","[34, 43]",95.089645
"('HARD', 'SOFT', 'MEDIUM')","[34, 44]",95.298615
"('HARD', 'SOFT', 'MEDIUM')","[34, 45]",95.50759
"('HARD', 'SOFT', 'MEDIUM')","[34, 46]",95.71655
"('HARD', 'SOFT', 'MEDIUM')","[35, 36]",93.746414
"('HARD', 'SOFT', 'MEDIUM')","[35, 37]",93.95539
"('HARD', 'SOFT', 'MEDIUM')","[35, 38]",94.16437
"('HARD', 'SOFT', 'MEDIUM')","[35, 39]",94.37334
"('HARD', 'SOFT', 'MEDIUM')","[35, 40]",94.5823
"('HARD', 'SOFT', 'MEDIUM')","[35, 41]",94.791275
"('HARD', 'SOFT', 'MEDIUM')","[35, 42]",95.000244
"('HARD', 'SOFT', 'MEDIUM')","[35, 43]",95.20921
"('HARD', 'SOFT', 'MEDIUM')","[35, 44]",95.41818
"('HARD', 'SOFT', 'MEDIUM')","[35, 45]",95.627144
"('HARD', 'SOFT', 'MEDIUM')","[35, 46]",95.83612
"('HARD', 'SOFT', 'MEDIUM')","[36, 37]",94.07494
"('HARD', 'SOFT', 'MEDIUM')","[36, 38]",94.28392
"('HARD', 'SOFT', 'MEDIUM')","[36, 39]",94.49289
"('HARD', 'SOFT', 'MEDIUM')","[36, 40]",94.70186
"('HARD', 'SOFT', 'MEDIUM')","[36, 41]",94.91083
"('HARD', 'SOFT', 'MEDIUM')","[36, 42]",95.1198
"('HARD', 'SOFT', 'MEDIUM')","[36, 43]",95.328766
"('HARD', 'SOFT', 'MEDIUM')","[36, 44]",95.537735
"('HARD', 'SOFT', 'MEDIUM')","[36, 45]",95.746704
"('HARD', 'SOFT', 'MEDIUM')","[36, 46]",95.95567
"('HARD', 'SOFT', 'MEDIUM')","[37, 38]",94.40347
"('HARD', 'SOFT', 'MEDIUM')","[37, 39]",94.61244
"('HARD', 'SOFT', 'MEDIUM')","[37, 40]",94.82141
"('HARD', 'SOFT', 'MEDIUM')","[37, 41]",95.03038
"('HARD', 'SOFT', 'MEDIUM')","[37, 42]",95.23935
"('HARD', 'SOFT', 'MEDIUM')","[37, 43]",95.44832
"('HARD', 'SOFT', 'MEDIUM')","[37, 44]",95.65729
"('HARD', 'SOFT', 'MEDIUM')","[37, 45]",95.86626
"('HARD', 'SOFT', 'MEDIUM')","[37, 46]",96.075226
"('HARD', 'SOFT', 'MEDIUM')","[38, 39]",94.73201
"('HARD', 'SOFT', 'MEDIUM')","[38, 40]",94.94097
"('HARD', 'SOFT', 'MEDIUM')","[38, 41]",95.14995
"('HARD', 'SOFT', 'MEDIUM')","[38, 42]",95.35892
"('HARD', 'SOFT', 'MEDIUM')","[38, 43]",95.56789
"('HARD', 'SOFT', 'MEDIUM')","[38, 44]",95.776855
"('HARD', 'SOFT', 'MEDIUM')","[38, 45]",95.98582
"('HARD', 'SOFT', 'MEDIUM')","[38, 46]",96.19479
"('HARD', 'SOFT', 'MEDIUM')","[39, 40]",95.06053
"('HARD', 'SOFT', 'MEDIUM')","[39, 41]",95.2695
"('HARD', 'SOFT', 'MEDIUM')","[39, 42]",95.47847
"('HARD', 'SOFT', 'MEDIUM')","[39, 43]",95.68744
"('HARD', 'SOFT', 'MEDIUM')","[39, 44]",95.89641
"('HARD', 'SOFT', 'MEDIUM')","[39, 45]",96.10538
"('HARD', 'SOFT', 'MEDIUM')","[39, 46]",96.31435
"('HARD', 'SOFT', 'MEDIUM')","[40, 41]",95.38906
"('HARD', 'SOFT', 'MEDIUM')","[40, 42]",95.59802
"('HARD', 'SOFT', 'MEDIUM')","[40, 43]",95.80699
"('HARD', 'SOFT', 'MEDIUM')","[40, 44]",96.01597
"('HARD', 'SOFT', 'MEDIUM')","[40, 45]",96.22494
"('HARD', 'SOFT', 'MEDIUM')","[40, 46]",96.433914
"('HARD', 'SOFT', 'MEDIUM')","[41, 42]",95.71759
"('HARD', 'SOFT', 'MEDIUM')","[41, 43]",95.92656
"('HARD', 'SOFT', 'MEDIUM')","[41, 44]",96.13553
"('HARD', 'SOFT', 'MEDIUM')","[41, 45]",96.344505
"('HARD', 'SOFT', 'MEDIUM')","[41, 46]",96.55347
"('HARD', 'SOFT', 'MEDIUM')","[42, 43]",96.04611
"('HARD', 'SOFT', 'MEDIUM')","[42, 44]",96.25508
"('HARD', 'SOFT', 'MEDIUM')","[42, 45]",96.46406
"('HARD', 'SOFT', 'MEDIUM')","[42, 46]",96.67302
"('HARD', 'SOFT', 'MEDIUM')","[43, 44]",96.37465
"('HARD', 'SOFT', 'MEDIUM')","[43, 45]",96.58362
"('HARD', 'SOFT', 'MEDIUM')","[43, 46]",96.79259
"('HARD', 'SOFT', 'MEDIUM')","[44, 45]",96.70318
"('HARD', 'SOFT', 'MEDIUM')","[44, 46]",96.912155
"('HARD', 'SOFT', 'MEDIUM')","[45, 46]",97.03171
"('HARD', 'SOFT', 'HARD')","[10, 11]",97.42548
"('HARD', 'SOFT', 'HARD')","[10, 12]",97.37592
"('HARD', 'SOFT', 'HARD')","[10, 13]",97.32637
"('HARD', 'SOFT', 'HARD')","[10, 14]",97.27681
"('HARD', 'SOFT', 'HARD')","[10, 15]",97.22726
"('HARD', 'SOFT', 'HARD')","[10, 16]",97.1777
"('HARD', 'SOFT', 'HARD')","[10, 17]",97.12814
"('HARD', 'SOFT', 'HARD')","[10, 18]",97.07858
"('HARD', 'SOFT', 'HARD')","[10, 19]",97.02903
"('HARD', 'SOFT', 'HARD')","[10, 20]",96.97947
"('HARD', 'SOFT', 'HARD')","[10, 21]",96.92992
"('HARD', 'SOFT', 'HARD')","[10, 22]",96.880356
"('HARD', 'SOFT', 'HARD')","[10, 23]",96.830795
"('HARD', 'SOFT', 'HARD')","[10, 24]",96.78124
"('HARD', 'SOFT', 'HARD')","[10, 25]",96.73169
"('HARD', 'SOFT', 'HARD')","[10, 26]",96.68213
"('HARD', 'SOFT', 'HARD')","[10, 27]",96.63257
"('HARD', 'SOFT', 'HARD')","[10, 28]",96.583015
"('HARD', 'SOFT', 'HARD')","[10, 29]",96.53346
"('HARD', 'SOFT', 'HARD')","[10, 30]",96.4839
"('HARD', 'SOFT', 'HARD')","[10, 31]",96.43434
"('HARD', 'SOFT', 'HARD')","[10, 32]",96.38479
"('HARD', 'SOFT', 'HARD')","[10, 33]",96.335236
"('HARD', 'SOFT', 'HARD')","[10, 34]",96.285675
"('HARD', 'SOFT', 'HARD')","[10, 35]",96.236115
"('HARD', 'SOFT', 'HARD')","[10, 36]",96.18656
"('HARD', 'SOFT', 'HARD')","[10, 37]",96.13701
"('HARD', 'SOFT', 'HARD')","[10, 38]",96.08745
"('HARD', 'SOFT', 'HARD')","[10, 39]",96.03789
"('HARD', 'SOFT', 'HARD')","[10, 40]",95.988335
"('HARD', 'SOFT', 'HARD')","[10, 41]",95.938774
"('HARD', 'SOFT', 'HARD')","[10, 42]",95.889206
"('HARD', 'SOFT', 'HARD')","[10, 43]",95.839645
"('HARD', 'SOFT', 'HARD')","[10, 44]",95.7901
"('HARD', 'SOFT', 'HARD')","[10, 45]",95.74054
"('HARD', 'SOFT', 'HARD')","[10, 46]",95.69098
"('HARD', 'SOFT', 'HARD')","[11, 12]",97.49548
"('HARD', 'SOFT', 'HARD')","[11, 13]",97.44593
"('HARD', 'SOFT', 'HARD')","[11, 14]",97.39637
"('HARD', 'SOFT', 'HARD')","[11, 15]",97.34682
"('HARD', 'SOFT', 'HARD')","[11, 16]",97.29726
"('HARD', 'SOFT', 'HARD')","[11, 17]",97.2477
"('HARD', 'SOFT', 'HARD')","[11, 18]",97.19814
"('HARD', 'SOFT', 'HARD')","[11, 19]",97.14859
"('HARD', 'SOFT', 'HARD')","[11, 20]",97.09903
"('HARD', 'SOFT', 'HARD')","[11, 21]",97.04947
"('HARD', 'SOFT', 'HARD')","[11, 22]",96.99991
"('HARD', 'SOFT', 'HARD')","[11, 23]",96.95036
"('HARD', 'SOFT', 'HARD')","[11, 24]",96.9008
"('HARD', 'SOFT', 'HARD')","[11, 25]",96.85125
"('HARD', 'SOFT', 'HARD')","[11, 26]",96.8017
"('HARD', 'SOFT', 'HARD')","[11, 27]",96.75214
"('HARD', 'SOFT', 'HARD')","[11, 28]",96.702576
"('HARD', 'SOFT', 'HARD')","[11, 29]",96.653015
"('HARD', 'SOFT', 'HARD')","[11, 30]",96.603455
"('HARD', 'SOFT', 'HARD')","[11, 31]",96.55391
"('HARD', 'SOFT', 'HARD')","[11, 32]",96.50435
"('HARD', 'SOFT', 'HARD')","[11, 33]",96.454796
"('HARD', 'SOFT', 'HARD')","[11, 34]",96.40524
"('HARD', 'SOFT', 'HARD')","[11, 35]",96.35568
"('HARD', 'SOFT', 'HARD')","[11, 36]",96.30612
"('HARD', 'SOFT', 'HARD')","[11, 37]",96.25656
"('HARD', 'SOFT', 'HARD')","[11, 38]",96.207
"('HARD', 'SOFT', 'HARD')","[11, 39]",96.157455
"('HARD', 'SOFT', 'HARD')","[11, 40]",96.107895
"('HARD', 'SOFT', 'HARD')","[11, 41]",96.05833
"('HARD', 'SOFT', 'HARD')","[11, 42]",96.00877
"('HARD', 'SOFT', 'HARD')","[11, 43]",95.95921
"('HARD', 'SOFT', 'HARD')","[11, 44]",95.90965
"('HARD', 'SOFT', 'HARD')","[11, 45]",95.8601
"('HARD', 'SOFT', 'HARD')","[11, 46]",95.81054
"('HARD', 'SOFT', 'HARD')","[12, 13]",97.56549
"('HARD', 'SOFT', 'HARD')","[12, 14]",97.51593
"('HARD', 'SOFT', 'HARD')","[12, 15]",97.46637
"('HARD', 'SOFT', 'HARD')","[12, 16]",97.41682
"('HARD', 'SOFT', 'HARD')","[12, 17]",97.36726
"('HARD', 'SOFT', 'HARD')","[12, 18]",97.3177
"('HARD', 'SOFT', 'HARD')","[12, 19]",97.26814
"('HARD', 'SOFT', 'HARD')","[12, 20]",97.21859
"('HARD', 'SOFT', 'HARD')","[12, 21]",97.16903
"('HARD', 'SOFT', 'HARD')","[12, 22]",97.11948
"('HARD', 'SOFT', 'HARD')","[12, 23]",97.069916
"('HARD', 'SOFT', 'HARD')","[12, 24]",97.02036
"('HARD', 'SOFT', 'HARD')","[12, 25]",96.9708
"('HARD', 'SOFT', 'HARD')","[12, 26]",96.92125
"('HARD', 'SOFT', 'HARD')","[12, 27]",96.87169
"('HARD', 'SOFT', 'HARD')","[12, 28]",96.822136
"('HARD', 'SOFT', 'HARD')","[12, 29]",96.772575
"('HARD', 'SOFT', 'HARD')","[12, 30]",96.72302
"('HARD', 'SOFT', 'HARD')","[12, 31]",96.67346
"('HARD', 'SOFT', 'HARD')","[12, 32]",96.62391
"('HARD', 'SOFT', 'HARD')","[12, 33]",96.57435
"('HARD', 'SOFT', 'HARD')","[12, 34]",96.524796
"('HARD', 'SOFT', 'HARD')","[12, 35]",96.475235
"('HARD', 'SOFT', 'HARD')","[12, 36]",96.42568
"('HARD', 'SOFT', 'HARD')","[12, 37]",96.37612
"('HARD', 'SOFT', 'HARD')","[12, 38]",96.32657
"('HARD', 'SOFT', 'HARD')","[12, 39]",96.27701
"('HARD', 'SOFT', 'HARD')","[12, 40]",96.22745
"('HARD', 'SOFT', 'HARD')","[12, 41]",96.17789
"('HARD', 'SOFT', 'HARD')","[12, 42]",96.12833
"('HARD', 'SOFT', 'HARD')","[12, 43]",96.078766
"('HARD', 'SOFT', 'HARD')","[12, 44]",96.029205
"('HARD', 'SOFT', 'HARD')","[12, 45]",95.97965
"('HARD', 'SOFT', 'HARD')","[12, 46]",95.9301
"('HARD', 'SOFT', 'HARD')","[13, 14]",97.63548
"('HARD', 'SOFT', 'HARD')","[13, 15]",97.58593
"('HARD', 'SOFT', 'HARD')","[13, 16]",97.53637
"('HARD', 'SOFT', 'HARD')","[13, 17]",97.48682
"('HARD', 'SOFT', 'HARD')","[13, 18]",97.437256
"('HARD', 'SOFT', 'HARD')","[13, 19]",97.3877
"('HARD', 'SOFT', 'HARD')","[13, 20]",97.33814
"('HARD', 'SOFT', 'HARD')","[13, 21]",97.28859
"('HARD', 'SOFT', 'HARD')","[13, 22]",97.23903
"('HARD', 'SOFT', 'HARD')","[13, 23]",97.18947
"('HARD', 'SOFT', 'HARD')","[13, 24]",97.13992
"('HARD', 'SOFT', 'HARD')","[13, 25]",97.09036
"('HARD', 'SOFT', 'HARD')","[13, 26]",97.0408
"('HARD', 'SOFT', 'HARD')","[13, 27]",96.99126
"('HARD', 'SOFT', 'HARD')","[13, 28]",96.94169
"('HARD', 'SOFT', 'HARD')","[13, 29]",96.892136
"('HARD', 'SOFT', 'HARD')","[13, 30]",96.842575
"('HARD', 'SOFT', 'HARD')","[13, 31]",96.793015
"('HARD', 'SOFT', 'HARD')","[13, 32]",96.74347
"('HARD', 'SOFT', 'HARD')","[13, 33]",96.69391
"('HARD', 'SOFT', 'HARD')","[13, 34]",96.64435
"('HARD', 'SOFT', 'HARD')","[13, 35]",96.5948
"('HARD', 'SOFT', 'HARD')","[13, 36]",96.545235
"('HARD', 'SOFT', 'HARD')","[13, 37]",96.49568
"('HARD', 'SOFT', 'HARD')","[13, 38]",96.44612
"('HARD', 'SOFT', 'HARD')","[13, 39]",96.39656
"('HARD', 'SOFT', 'HARD')","[13, 40]",96.34701
"('HARD', 'SOFT', 'HARD')","[13, 41]",96.29745
"('HARD', 'SOFT', 'HARD')","[13, 42]",96.247894
"('HARD', 'SOFT', 'HARD')","[13, 43]",96.19833
"('HARD', 'SOFT', 'HARD')","[13, 44]",96.14877
"('HARD', 'SOFT', 'HARD')","[13, 45]",96.09921
"('HARD', 'SOFT', 'HARD')","[13, 46]",96.04965
"('HARD', 'SOFT', 'HARD')","[14, 15]",97.70549
"('HARD', 'SOFT', 'HARD')","[14, 16]",97.65593
"('HARD', 'SOFT', 'HARD')","[14, 17]",97.60638
"('HARD', 'SOFT', 'HARD')","[14, 18]",97.556816
"('HARD', 'SOFT', 'HARD')","[14, 19]",97.50726
"('HARD', 'SOFT', 'HARD')","[14, 20]",97.4577
"('HARD', 'SOFT', 'HARD')","[14, 21]",97.40815
"('HARD', 'SOFT', 'HARD')","[14, 22]",97.3586
"('HARD', 'SOFT', 'HARD')","[14, 23]",97.30904
"('HARD', 'SOFT', 'HARD')","[14, 24]",97.259476
"('HARD', 'SOFT', 'HARD')","[14, 25]",97.20992
"('HARD', 'SOFT', 'HARD')","[14, 26]",97.16037
"('HARD', 'SOFT', 'HARD')","[14, 27]",97.11081
"('HARD', 'SOFT', 'HARD')","[14, 28]",97.06125
"('HARD', 'SOFT', 'HARD')","[14, 29]",97.011696
"('HARD', 'SOFT', 'HARD')","[14, 30]",96.96214
"('HARD', 'SOFT', 'HARD')","[14, 31]",96.91258
"('HARD', 'SOFT', 'HARD')","[14, 32]",96.86302
"('HARD', 'SOFT', 'HARD')","[14, 33]",96.81347
"('HARD', 'SOFT', 'HARD')","[14, 34]",96.763916
"('HARD', 'SOFT', 'HARD')","[14, 35]",96.714355
"('HARD', 'SOFT', 'HARD')","[14, 36]",96.664795
"('HARD', 'SOFT', 'HARD')","[14, 37]",96.61524
"('HARD', 'SOFT', 'HARD')","[14, 38]",96.56569
"('HARD', 'SOFT', 'HARD')","[14, 39]",96.51613
"('HARD', 'SOFT', 'HARD')","[14, 40]",96.46657
"('HARD', 'SOFT', 'HARD')","[14, 41]",96.41701
"('HARD', 'SOFT', 'HARD')","[14, 42]",96.36745
"('HARD', 'SOFT', 'HARD')","[14, 43]",96.31789
"('HARD', 'SOFT', 'HARD')","[14, 44]",96.268326
"('HARD', 'SOFT', 'HARD')","[14, 45]",96.21877
"('HARD', 'SOFT', 'HARD')","[14, 46]",96.16921
"('HARD', 'SOFT', 'HARD')","[15, 16]",97.77549
"('HARD', 'SOFT', 'HARD')","[15, 17]",97.72593
"('HARD', 'SOFT', 'HARD')","[15, 18]",97.67638
"('HARD', 'SOFT', 'HARD')","[15, 19]",97.626816
"('HARD', 'SOFT', 'HARD')","[15, 20]",97.57726
"('HARD', 'SOFT', 'HARD')","[15, 21]",97.5277
"('HARD', 'SOFT', 'HARD')","[15, 22]",97.47815
"('HARD', 'SOFT', 'HARD')","[15, 23]",97.42859
"('HARD', 'SOFT', 'HARD')","[15, 24]",97.37903
"('HARD', 'SOFT', 'HARD')","[15, 25]",97.329475
"('HARD', 'SOFT', 'HARD')","[15, 26]",97.27992
"('HARD', 'SOFT', 'HARD')","[15, 27]",97.23036
"('HARD', 'SOFT', 'HARD')","[15, 28]",97.18081
"('HARD', 'SOFT', 'HARD')","[15, 29]",97.13125
"('HARD', 'SOFT', 'HARD')","[15, 30]",97.081696
"('HARD', 'SOFT', 'HARD')","[15, 31]",97.032135
"('HARD', 'SOFT', 'HARD')","[15, 32]",96.982574
"('HARD', 'SOFT', 'HARD')","[15, 33]",96.93302
"('HARD', 'SOFT', 'HARD')","[15, 34]",96.88347
"('HARD', 'SOFT', 'HARD')","[15, 35]",96.83391
"('HARD', 'SOFT', 'HARD')","[15, 36]",96.784355
"('HARD', 'SOFT', 'HARD')","[15, 37]",96.734795
"('HARD', 'SOFT', 'HARD')","[15, 38]",96.68524
"('HARD', 'SOFT', 'HARD')","[15, 39]",96.63568
"('HARD', 'SOFT', 'HARD')","[15, 40]",96.58612
"('HARD', 'SOFT', 'HARD')","[15, 41]",96.53656
"('HARD', 'SOFT', 'HARD')","[15, 42]",96.487
"('HARD', 'SOFT', 'HARD')","[15, 43]",96.43744
"('HARD', 'SOFT', 'HARD')","[15, 44]",96.38788
"('HARD', 'SOFT', 'HARD')","[15, 45]",96.338326
"('HARD', 'SOFT', 'HARD')","[15, 46]",96.28877
"('HARD', 'SOFT', 'HARD')","[16, 17]",97.84549
"('HARD', 'SOFT', 'HARD')","[16, 18]",97.79593
"('HARD', 'SOFT', 'HARD')","[16, 19]",97.746376
"('HARD', 'SOFT', 'HARD')","[16, 20]",97.696815
"('HARD', 'SOFT', 'HARD')","[16, 21]",97.64726
"('HARD', 'SOFT', 'HARD')","[16, 22]",97.5977
"('HARD', 'SOFT', 'HARD')","[16, 23]",97.54814
"('HARD', 'SOFT', 'HARD')","[16, 24]",97.49859
"('HARD', 'SOFT', 'HARD')","[16, 25]",97.449036
"('HARD', 'SOFT', 'HARD')","[16, 26]",97.399475
"('HARD', 'SOFT', 'HARD')","[16, 27]",97.349915
"('HARD', 'SOFT', 'HARD')","[16, 28]",97.30036
"('HARD', 'SOFT', 'HARD')","[16, 29]",97.25081
"('HARD', 'SOFT', 'HARD')","[16, 30]",97.20125
"('HARD', 'SOFT', 'HARD')","[16, 31]",97.15169
"('HARD', 'SOFT', 'HARD')","[16, 32]",97.102135
"('HARD', 'SOFT', 'HARD')","[16, 33]",97.05258
"('HARD', 'SOFT', 'HARD')","[16, 34]",97.00302
"('HARD', 'SOFT', 'HARD')","[16, 35]",96.95346
"('HARD', 'SOFT', 'HARD')","[16, 36]",96.90391
"('HARD', 'SOFT', 'HARD')","[16, 37]",96.854355
"('HARD', 'SOFT', 'HARD')","[16, 38]",96.804794
"('HARD', 'SOFT', 'HARD')","[16, 39]",96.75523
"('HARD', 'SOFT', 'HARD')","[16, 40]",96.70568
"('HARD', 'SOFT', 'HARD')","[16, 41]",96.65612
"('HARD', 'SOFT', 'HARD')","[16, 42]",96.60655
"('HARD', 'SOFT', 'HARD')","[16, 43]",96.55699
"('HARD', 'SOFT', 'HARD')","[16, 44]",96.50745
"('HARD', 'SOFT', 'HARD')","[16, 45]",96.457886
"('HARD', 'SOFT', 'HARD')","[16, 46]",96.408325
"('HARD', 'SOFT', 'HARD')","[17, 18]",97.91548
"('HARD', 'SOFT', 'HARD')","[17, 19]",97.86593
"('HARD', 'SOFT', 'HARD')","[17, 20]",97.81637
"('HARD', 'SOFT', 'HARD')","[17, 21]",97.766815
"('HARD', 'SOFT', 'HARD')","[17, 22]",97.717255
"('HARD', 'SOFT', 'HARD')","[17, 23]",97.667694
"('HARD', 'SOFT', 'HARD')","[17, 24]",97.61815
"('HARD', 'SOFT', 'HARD')","[17, 25]",97.56859
"('HARD', 'SOFT', 'HARD')","[17, 26]",97.51903
"('HARD', 'SOFT', 'HARD')","[17, 27]",97.46948
"('HARD', 'SOFT', 'HARD')","[17, 28]",97.419914
"('HARD', 'SOFT', 'HARD')","[17, 29]",97.37036
"('HARD', 'SOFT', 'HARD')","[17, 30]",97.3208
"('HARD', 'SOFT', 'HARD')","[17, 31]",97.27124
"('HARD', 'SOFT', 'HARD')","[17, 32]",97.221695
"('HARD', 'SOFT', 'HARD')","[17, 33]",97.172134
"('HARD', 'SOFT', 'HARD')","[17, 34]",97.122574
"('HARD', 'SOFT', 'HARD')","[17, 35]",97.07303
"('HARD', 'SOFT', 'HARD')","[17, 36]",97.02346
"('HARD', 'SOFT', 'HARD')","[17, 37]",96.97391
"('HARD', 'SOFT', 'HARD')","[17, 38]",96.92435
"('HARD', 'SOFT', 'HARD')","[17, 39]",96.87479
"('HARD', 'SOFT', 'HARD')","[17, 40]",96.82523
"('HARD', 'SOFT', 'HARD')","[17, 41]",96.77567
"('HARD', 'SOFT', 'HARD')","[17, 42]",96.72612
"('HARD', 'SOFT', 'HARD')","[17, 43]",96.67656
"('HARD', 'SOFT', 'HARD')","[17, 44]",96.627
"('HARD', 'SOFT', 'HARD')","[17, 45]",96.57744
"('HARD', 'SOFT', 'HARD')","[17, 46]",96.52788
"('HARD', 'SOFT', 'HARD')","[18, 19]",97.98549
"('HARD', 'SOFT', 'HARD')","[18, 20]",97.93593
"('HARD', 'SOFT', 'HARD')","[18, 21]",97.886375
"('HARD', 'SOFT', 'HARD')","[18, 22]",97.83682
"('HARD', 'SOFT', 'HARD')","[18, 23]",97.78726
"('HARD', 'SOFT', 'HARD')","[18, 24]",97.7377
"('HARD', 'SOFT', 'HARD')","[18, 25]",97.68815
"('HARD', 'SOFT', 'HARD')","[18, 26]",97.638596
"('HARD', 'SOFT', 'HARD')","[18, 27]",97.589035
"('HARD', 'SOFT', 'HARD')","[18, 28]",97.539474
"('HARD', 'SOFT', 'HARD')","[18, 29]",97.48992
"('HARD', 'SOFT', 'HARD')","[18, 30]",97.44037
"('HARD', 'SOFT', 'HARD')","[18, 31]",97.39081
"('HARD', 'SOFT', 'HARD')","[18, 32]",97.34125
"('HARD', 'SOFT', 'HARD')","[18, 33]",97.291695
"('HARD', 'SOFT', 'HARD')","[18, 34]",97.24214
"('HARD', 'SOFT', 'HARD')","[18, 35]",97.19258
"('HARD', 'SOFT', 'HARD')","[18, 36]",97.14302
"('HARD', 'SOFT', 'HARD')","[18, 37]",97.09347
"('HARD', 'SOFT', 'HARD')","[18, 38]",97.043915
"('HARD', 'SOFT', 'HARD')","[18, 39]",96.994354
"('HARD', 'SOFT', 'HARD')","[18, 40]",96.94479
"('HARD', 'SOFT', 'HARD')","[18, 41]",96.89523
"('HARD', 'SOFT', 'HARD')","[18, 42]",96.84567
"('HARD', 'SOFT', 'HARD')","[18, 43]",96.79611
"('HARD', 'SOFT', 'HARD')","[18, 44]",96.74655
"('HARD', 'SOFT', 'HARD')","[18, 45]",96.697
"('HARD', 'SOFT', 'HARD')","[18, 46]",96.64744
"('HARD', 'SOFT', 'HARD')","[19, 20]",98.05549
"('HARD', 'SOFT', 'HARD')","[19, 21]",98.00593
"('HARD', 'SOFT', 'HARD')","[19, 22]",97.956375
"('HARD', 'SOFT', 'HARD')","[19, 23]",97.906815
"('HARD', 'SOFT', 'HARD')","[19, 24]",97.857254
"('HARD', 'SOFT', 'HARD')","[19, 25]",97.8077
"('HARD', 'SOFT', 'HARD')","[19, 26]",97.75815
"('HARD', 'SOFT', 'HARD')","[19, 27]",97.70859
"('HARD', 'SOFT', 'HARD')","[19, 28]",97.659035
"('HARD', 'SOFT', 'HARD')","[19, 29]",97.609474
"('HARD', 'SOFT', 'HARD')","[19, 30]",97.55992
"('HARD', 'SOFT', 'HARD')","[19, 31]",97.51036
"('HARD', 'SOFT', 'HARD')","[19, 32]",97.4608
"('HARD', 'SOFT', 'HARD')","[19, 33]",97.41125
"('HARD', 'SOFT', 'HARD')","[19, 34]",97.361694
"('HARD', 'SOFT', 'HARD')","[19, 35]",97.31213
"('HARD', 'SOFT', 'HARD')","[19, 36]",97.26258
"('HARD', 'SOFT', 'HARD')","[19, 37]",97.21302
"('HARD', 'SOFT', 'HARD')","[19, 38]",97.16347
"('HARD', 'SOFT', 'HARD')","[19, 39]",97.11391
"('HARD', 'SOFT', 'HARD')","[19, 40]",97.06435
"('HARD', 'SOFT', 'HARD')","[19, 41]",97.014786
"('HARD', 'SOFT', 'HARD')","[19, 42]",96.965225
"('HARD', 'SOFT', 'HARD')","[19, 43]",96.915665
"('HARD', 'SOFT', 'HARD')","[19, 44]",96.866104
"('HARD', 'SOFT', 'HARD')","[19, 45]",96.81655
"('HARD', 'SOFT', 'HARD')","[19, 46]",96.767
"('HARD', 'SOFT', 'HARD')","[20, 21]",98.12549
"('HARD', 'SOFT', 'HARD')","[20, 22]",98.07593
"('HARD', 'SOFT', 'HARD')","[20, 23]",98.02637
"('HARD', 'SOFT', 'HARD')","[20, 24]",97.97682
"('HARD', 'SOFT', 'HARD')","[20, 25]",97.92726
"('HARD', 'SOFT', 'HARD')","[20, 26]",97.8777
"('HARD', 'SOFT', 'HARD')","[20, 27]",97.828156
"('HARD', 'SOFT', 'HARD')","[20, 28]",97.77859
"('HARD', 'SOFT', 'HARD')","[20, 29]",97.729034
"('HARD', 'SOFT', 'HARD')","[20, 30]",97.679474
"('HARD', 'SOFT', 'HARD')","[20, 31]",97.62991
"('HARD', 'SOFT', 'HARD')","[20, 32]",97.58037
"('HARD', 'SOFT', 'HARD')","[20, 33]",97.53081
"('HARD', 'SOFT', 'HARD')","[20, 34]",97.48125
"('HARD', 'SOFT', 'HARD')","[20, 35]",97.4317
"('HARD', 'SOFT', 'HARD')","[20, 36]",97.38213
"('HARD', 'SOFT', 'HARD')","[20, 37]",97.33258
"('HARD', 'SOFT', 'HARD')","[20, 38]",97.28302
"('HARD', 'SOFT', 'HARD')","[20, 39]",97.23346
"('HARD', 'SOFT', 'HARD')","[20, 40]",97.18391
"('HARD', 'SOFT', 'HARD')","[20, 41]",97.134346
"('HARD', 'SOFT', 'HARD')","[20, 42]",97.08479
"('HARD', 'SOFT', 'HARD')","[20, 43]",97.03523
"('HARD', 'SOFT', 'HARD')","[20, 44]",96.98567
"('HARD', 'SOFT', 'HARD')","[20, 45]",96.93611
"('HARD', 'SOFT', 'HARD')","[20, 46]",96.88655
"('HARD', 'SOFT', 'HARD')","[21, 22]",98.19548
"('HARD', 'SOFT', 'HARD')","[21, 23]",98.145935
"('HARD', 'SOFT', 'HARD')","[21, 24]",98.096375
"('HARD', 'SOFT', 'HARD')","[21, 25]",98.04682
"('HARD', 'SOFT', 'HARD')","[21, 26]",97.99727
"('HARD', 'SOFT', 'HARD')","[21, 27]",97.94771
"('HARD', 'SOFT', 'HARD')","[21, 28]",97.89815
"('HARD', 'SOFT', 'HARD')","[21, 29]",97.84859
"('HARD', 'SOFT', 'HARD')","[21, 30]",97.79903
"('HARD', 'SOFT', 'HARD')","[21, 31]",97.74948
"('HARD', 'SOFT', 'HARD')","[21, 32]",97.69992
"('HARD', 'SOFT', 'HARD')","[21, 33]",97.65037
"('HARD', 'SOFT', 'HARD')","[21, 34]",97.600815
"('HARD', 'SOFT', 'HARD')","[21, 35]",97.551254
"('HARD', 'SOFT', 'HARD')","[21, 36]",97.50169
"('HARD', 'SOFT', 'HARD')","[21, 37]",97.45213
"('HARD', 'SOFT', 'HARD')","[21, 38]",97.40257
"('HARD', 'SOFT', 'HARD')","[21, 39]",97.35303
"('HARD', 'SOFT', 'HARD')","[21, 40]",97.30347
"('HARD', 'SOFT', 'HARD')","[21, 41]",97.2539
"('HARD', 'SOFT', 'HARD')","[21, 42]",97.204346
"('HARD', 'SOFT', 'HARD')","[21, 43]",97.154785
"('HARD', 'SOFT', 'HARD')","[21, 44]",97.105225
"('HARD', 'SOFT', 'HARD')","[21, 45]",97.05567
"('HARD', 'SOFT', 'HARD')","[21, 46]",97.00611
"('HARD', 'SOFT', 'HARD')","[22, 23]",98.26549
"('HARD', 'SOFT', 'HARD')","[22, 24]",98.21593
"('HARD', 'SOFT', 'HARD')","[22, 25]",98.166374
"('HARD', 'SOFT', 'HARD')","[22, 26]",98.11682
"('HARD', 'SOFT', 'HARD')","[22, 27]",98.06726
"('HARD', 'SOFT', 'HARD')","[22, 28]",98.01771
"('HARD', 'SOFT', 'HARD')","[22, 29]",97.96815
"('HARD', 'SOFT', 'HARD')","[22, 30]",97.918594
"('HARD', 'SOFT', 'HARD')","[22, 31]",97.86903
"('HARD', 'SOFT', 'HARD')","[22, 32]",97.81947
"('HARD', 'SOFT', 'HARD')","[22, 33]",97.76992
"('HARD', 'SOFT', 'HARD')","[22, 34]",97.72037
"('HARD', 'SOFT', 'HARD')","[22, 35]",97.67081
"('HARD', 'SOFT', 'HARD')","[22, 36]",97.621254
"('HARD', 'SOFT', 'HARD')","[22, 37]",97.57169
"('HARD', 'SOFT', 'HARD')","[22, 38]",97.52214
"('HARD', 'SOFT', 'HARD')","[22, 39]",97.47258
"('HARD', 'SOFT', 'HARD')","[22, 40]",97.42302
"('HARD', 'SOFT', 'HARD')","[22, 41]",97.37346
"('HARD', 'SOFT', 'HARD')","[22, 42]",97.3239
"('HARD', 'SOFT', 'HARD')","[22, 43]",97.27434
"('HARD', 'SOFT', 'HARD')","[22, 44]",97.22478
"('HARD', 'SOFT', 'HARD')","[22, 45]",97.175224
"('HARD', 'SOFT', 'HARD')","[22, 46]",97.12567
"('HARD', 'SOFT', 'HARD')","[23, 24]",98.33549
"('HARD', 'SOFT', 'HARD')","[23, 25]",98.28593
"('HARD', 'SOFT', 'HARD')","[23, 26]",98.236374
"('HARD', 'SOFT', 'HARD')","[23, 27]",98.18681
"('HARD', 'SOFT', 'HARD')","[23, 28]",98.13726
"('HARD', 'SOFT', 'HARD')","[23, 29]",98.08771
"('HARD', 'SOFT', 'HARD')","[23, 30]",98.03815
"('HARD', 'SOFT', 'HARD')","[23, 31]",97.98859
"('HARD', 'SOFT', 'HARD')","[23, 32]",97.93903
"('HARD', 'SOFT', 'HARD')","[23, 33]",97.88947
"('HARD', 'SOFT', 'HARD')","[23, 34]",97.83992
"('HARD', 'SOFT', 'HARD')","[23, 35]",97.79036
"('HARD', 'SOFT', 'HARD')","[23, 36]",97.74081
"('HARD', 'SOFT', 'HARD')","[23, 37]",97.69125
"('HARD', 'SOFT', 'HARD')","[23, 38]",97.64169
"('HARD', 'SOFT', 'HARD')","[23, 39]",97.59213
"('HARD', 'SOFT', 'HARD')","[23, 40]",97.54257
"('HARD', 'SOFT', 'HARD')","[23, 41]",97.49302
"('HARD', 'SOFT', 'HARD')","[23, 42]",97.44345
"('HARD', 'SOFT', 'HARD')","[23, 43]",97.39389
"('HARD', 'SOFT', 'HARD')","[23, 44]",97.344345
"('HARD', 'SOFT', 'HARD')","[23, 45]",97.29478
"('HARD', 'SOFT', 'HARD')","[23, 46]",97.245224
"('HARD', 'SOFT', 'HARD')","[24, 25]",98.40549
"('HARD', 'SOFT', 'HARD')","[24, 26]",98.35593
"('HARD', 'SOFT', 'HARD')","[24, 27]",98.30638
"('HARD', 'SOFT', 'HARD')","[24, 28]",98.25681
"('HARD', 'SOFT', 'HARD')","[24, 29]",98.20726
"('HARD', 'SOFT', 'HARD')","[24, 30]",98.1577
"('HARD', 'SOFT', 'HARD')","[24, 31]",98.10814
"('HARD', 'SOFT', 'HARD')","[24, 32]",98.05859
"('HARD', 'SOFT', 'HARD')","[24, 33]",98.00903
"('HARD', 'SOFT', 'HARD')","[24, 34]",97.95947
"('HARD', 'SOFT', 'HARD')","[24, 35]",97.90993
"('HARD', 'SOFT', 'HARD')","[24, 36]",97.86036
"('HARD', 'SOFT', 'HARD')","[24, 37]",97.81081
"('HARD', 'SOFT', 'HARD')","[24, 38]",97.761246
"('HARD', 'SOFT', 'HARD')","[24, 39]",97.711685
"('HARD', 'SOFT', 'HARD')","[24, 40]",97.66213
"('HARD', 'SOFT', 'HARD')","[24, 41]",97.61257
"('HARD', 'SOFT', 'HARD')","[24, 42]",97.56302
"('HARD', 'SOFT', 'HARD')","[24, 43]",97.51346
"('HARD', 'SOFT', 'HARD')","[24, 44]",97.4639
"('HARD', 'SOFT', 'HARD')","[24, 45]",97.41434
"('HARD', 'SOFT', 'HARD')","[24, 46]",97.36478
"('HARD', 'SOFT', 'HARD')","[25, 26]",98.475494
"('HARD', 'SOFT', 'HARD')","[25, 27]",98.425934
"('HARD', 'SOFT', 'HARD')","[25, 28]",98.37637
"('HARD', 'SOFT', 'HARD')","[25, 29]",98.32681
"('HARD', 'SOFT', 'HARD')","[25, 30]",98.27725
"('HARD', 'SOFT', 'HARD')","[25, 31]",98.22771
"('HARD', 'SOFT', 'HARD')","[25, 32]",98.17815
"('HARD', 'SOFT', 'HARD')","[25, 33]",98.12859
"('HARD', 'SOFT', 'HARD')","[25, 34]",98.07904
"('HARD', 'SOFT', 'HARD')","[25, 35]",98.02948
"('HARD', 'SOFT', 'HARD')","[25, 36]",97.97992
"('HARD', 'SOFT', 'HARD')","[25, 37]",97.93036
"('HARD', 'SOFT', 'HARD')","[25, 38]",97.8808
"('HARD', 'SOFT', 'HARD')","[25, 39]",97.83125
"('HARD', 'SOFT', 'HARD')","[25, 40]",97.78169
"('HARD', 'SOFT', 'HARD')","[25, 41]",97.732124
"('HARD', 'SOFT', 'HARD')","[25, 42]",97.68257
"('HARD', 'SOFT', 'HARD')","[25, 43]",97.63301
"('HARD', 'SOFT', 'HARD')","[25, 44]",97.58345
"('HARD', 'SOFT', 'HARD')","[25, 45]",97.5339
"('HARD', 'SOFT', 'HARD')","[25, 46]",97.48434
"('HARD', 'SOFT', 'HARD')","[26, 27]",98.54549
"('HARD', 'SOFT', 'HARD')","[26, 28]",98.49593
"('HARD', 'SOFT', 'HARD')","[26, 29]",98.44637
"('HARD', 'SOFT', 'HARD')","[26, 30]",98.39682
"('HARD', 'SOFT', 'HARD')","[26, 31]",98.34726
"('HARD', 'SOFT', 'HARD')","[26, 32]",98.2977
"('HARD', 'SOFT', 'HARD')","[26, 33]",98.248146
"('HARD', 'SOFT', 'HARD')","[26, 34]",98.19859
"('HARD', 'SOFT', 'HARD')","[26, 35]",98.14903
"('HARD', 'SOFT', 'HARD')","[26, 36]",98.09948
"('HARD', 'SOFT', 'HARD')","[26, 37]",98.04992
"('HARD', 'SOFT', 'HARD')","[26, 38]",98.00037
"('HARD', 'SOFT', 'HARD')","[26, 39]",97.950806
"('HARD', 'SOFT', 'HARD')","[26, 40]",97.901245
"('HARD', 'SOFT', 'HARD')","[26, 41]",97.851685
"('HARD', 'SOFT', 'HARD')","[26, 42]",97.802124
"('HARD', 'SOFT', 'HARD')","[26, 43]",97.75256
"('HARD', 'SOFT', 'HARD')","[26, 44]",97.703
"('HARD', 'SOFT', 'HARD')","[26, 45]",97.65345
"('HARD', 'SOFT', 'HARD')","[26, 46]",97.6039
"('HARD', 'SOFT', 'HARD')","[27, 28]",98.615486
"('HARD', 'SOFT', 'HARD')","[27, 29]",98.56593
"('HARD', 'SOFT', 'HARD')","[27, 30]",98.51637
"('HARD', 'SOFT', 'HARD')","[27, 31]",98.46681
"('HARD', 'SOFT', 'HARD')","[27, 32]",98.41726
"('HARD', 'SOFT', 'HARD')","[27, 33]",98.3677
"('HARD', 'SOFT', 'HARD')","[27, 34]",98.318146
"('HARD', 'SOFT', 'HARD')","[27, 35]",98.268585
"('HARD', 'SOFT', 'HARD')","[27, 36]",98.21903
"('HARD', 'SOFT', 'HARD')","[27, 37]",98.16948
"('HARD', 'SOFT', 'HARD')","[27, 38]",98.11992
"('HARD', 'SOFT', 'HARD')","[27, 39]",98.07036
"('HARD', 'SOFT', 'HARD')","[27, 40]",98.0208
"('HARD', 'SOFT', 'HARD')","[27, 41]",97.971245
"('HARD', 'SOFT', 'HARD')","[27, 42]",97.92168
"('HARD', 'SOFT', 'HARD')","[27, 43]",97.872116
"('HARD', 'SOFT', 'HARD')","[27, 44]",97.82257
"('HARD', 'SOFT', 'HARD')","[27, 45]",97.773
"('HARD', 'SOFT', 'HARD')","[27, 46]",97.72345
"('HARD', 'SOFT', 'HARD')","[28, 29]",98.685486
"('HARD', 'SOFT', 'HARD')","[28, 30]",98.635925
"('HARD', 'SOFT', 'HARD')","[28, 31]",98.586365
"('HARD', 'SOFT', 'HARD')","[28, 32]",98.53682
"('HARD', 'SOFT', 'HARD')","[28, 33]",98.48726
"('HARD', 'SOFT', 'HARD')","[28, 34]",98.4377
"('HARD', 'SOFT', 'HARD')","[28, 35]",98.38815
"('HARD', 'SOFT', 'HARD')","[28, 36]",98.338585
"('HARD', 'SOFT', 'HARD')","[28, 37]",98.28903
"('HARD', 'SOFT', 'HARD')","[28, 38]",98.23947
"('HARD', 'SOFT', 'HARD')","[28, 39]",98.18991
"('HARD', 'SOFT', 'HARD')","[28, 40]",98.14036
"('HARD', 'SOFT', 'HARD')","[28, 41]",98.0908
"('HARD', 'SOFT', 'HARD')","[28, 42]",98.041245
"('HARD', 'SOFT', 'HARD')","[28, 43]",97.991684
"('HARD', 'SOFT', 'HARD')","[28, 44]",97.94212
"('HARD', 'SOFT', 'HARD')","[28, 45]",97.89256
"('HARD', 'SOFT', 'HARD')","[28, 46]",97.843
"('HARD', 'SOFT', 'HARD')","[29, 30]",98.75548
"('HARD', 'SOFT', 'HARD')","[29, 31]",98.70592
"('HARD', 'SOFT', 'HARD')","[29, 32]",98.65637
"('HARD', 'SOFT', 'HARD')","[29, 33]",98.60681
"('HARD', 'SOFT', 'HARD')","[29, 34]",98.55725
"('HARD', 'SOFT', 'HARD')","[29, 35]",98.507706
"('HARD', 'SOFT', 'HARD')","[29, 36]",98.45814
"('HARD', 'SOFT', 'HARD')","[29, 37]",98.408585
"('HARD', 'SOFT', 'HARD')","[29, 38]",98.359024
"('HARD', 'SOFT', 'HARD')","[29, 39]",98.30946
"('HARD', 'SOFT', 'HARD')","[29, 40]",98.25991
"('HARD', 'SOFT', 'HARD')","[29, 41]",98.21035
"('HARD', 'SOFT', 'HARD')","[29, 42]",98.1608
"('HARD', 'SOFT', 'HARD')","[29, 43]",98.11124
"('HARD', 'SOFT', 'HARD')","[29, 44]",98.061676
"('HARD', 'SOFT', 'HARD')","[29, 45]",98.012115
"('HARD', 'SOFT', 'HARD')","[29, 46]",97.962555
"('HARD', 'SOFT', 'HARD')","[30, 31]",98.825485
"('HARD', 'SOFT', 'HARD')","[30, 32]",98.77593
"('HARD', 'SOFT', 'HARD')","[30, 33]",98.72637
"('HARD', 'SOFT', 'HARD')","[30, 34]",98.67682
"('HARD', 'SOFT', 'HARD')","[30, 35]",98.62726
"('HARD', 'SOFT', 'HARD')","[30, 36]",98.577705
"('HARD', 'SOFT', 'HARD')","[30, 37]",98.52815
"('HARD', 'SOFT', 'HARD')","[30, 38]",98.47859
"('HARD', 'SOFT', 'HARD')","[30, 39]",98.42903
"('HARD', 'SOFT', 'HARD')","[30, 40]",98.37947
"('HARD', 'SOFT', 'HARD')","[30, 41]",98.32992
"('HARD', 'SOFT', 'HARD')","[30, 42]",98.28035
"('HARD', 'SOFT', 'HARD')","[30, 43]",98.23079
"('HARD', 'SOFT', 'HARD')","[30, 44]",98.181244
"('HARD', 'SOFT', 'HARD')","[30, 45]",98.131676
"('HARD', 'SOFT', 'HARD')","[30, 46]",98.08212
"('HARD', 'SOFT', 'HARD')","[31, 32]",98.895485
"('HARD', 'SOFT', 'HARD')","[31, 33]",98.845924
"('HARD', 'SOFT', 'HARD')","[31, 34]",98.79637
"('HARD', 'SOFT', 'HARD')","[31, 35]",98.74681
"('HARD', 'SOFT', 'HARD')","[31, 36]",98.69726
"('HARD', 'SOFT', 'HARD')","[31, 37]",98.647705
"('HARD', 'SOFT', 'HARD')","[31, 38]",98.598145
"('HARD', 'SOFT', 'HARD')","[31, 39]",98.548584
"('HARD', 'SOFT', 'HARD')","[31, 40]",98.49902
"('HARD', 'SOFT', 'HARD')","[31, 41]",98.44947
"('HARD', 'SOFT', 'HARD')","[31, 42]",98.3999
"('HARD', 'SOFT', 'HARD')","[31, 43]",98.35034
"('HARD', 'SOFT', 'HARD')","[31, 44]",98.3008
"('HARD', 'SOFT', 'HARD')","[31, 45]",98.25123
"('HARD', 'SOFT', 'HARD')","[31, 46]",98.201675
"('HARD', 'SOFT', 'HARD')","[32, 33]",98.965485
"('HARD', 'SOFT', 'HARD')","[32, 34]",98.915924
"('HARD', 'SOFT', 'HARD')","[32, 35]",98.86638
"('HARD', 'SOFT', 'HARD')","[32, 36]",98.81681
"('HARD', 'SOFT', 'HARD')","[32, 37]",98.76726
"('HARD', 'SOFT', 'HARD')","[32, 38]",98.7177
"('HARD', 'SOFT', 'HARD')","[32, 39]",98.66814
"('HARD', 'SOFT', 'HARD')","[32, 40]",98.61858
"('HARD', 'SOFT', 'HARD')","[32, 41]",98.56902
"('HARD', 'SOFT', 'HARD')","[32, 42]",98.51947
"('HARD', 'SOFT', 'HARD')","[32, 43]",98.46991
"('HARD', 'SOFT', 'HARD')","[32, 44]",98.42035
"('HARD', 'SOFT', 'HARD')","[32, 45]",98.37079
"('HARD', 'SOFT', 'HARD')","[32, 46]",98.32123
"('HARD', 'SOFT', 'HARD')","[33, 34]",99.03549
"('HARD', 'SOFT', 'HARD')","[33, 35]",98.98593
"('HARD', 'SOFT', 'HARD')","[33, 36]",98.93638
"('HARD', 'SOFT', 'HARD')","[33, 37]",98.88682
"('HARD', 'SOFT', 'HARD')","[33, 38]",98.837265
"('HARD', 'SOFT', 'HARD')","[33, 39]",98.787704
"('HARD', 'SOFT', 'HARD')","[33, 40]",98.738144
"('HARD', 'SOFT', 'HARD')","[33, 41]",98.68858
"('HARD', 'SOFT', 'HARD')","[33, 42]",98.63902
"('HARD', 'SOFT', 'HARD')","[33, 43]",98.58946
"('HARD', 'SOFT', 'HARD')","[33, 44]",98.5399
"('HARD', 'SOFT', 'HARD')","[33, 45]",98.49035
"('HARD', 'SOFT', 'HARD')","[33, 46]",98.440796
"('HARD', 'SOFT', 'HARD')","[34, 35]",99.105484
"('HARD', 'SOFT', 'HARD')","[34, 36]",99.05592
"('HARD', 'SOFT', 'HARD')","[34, 37]",99.00636
"('HARD', 'SOFT', 'HARD')","[34, 38]",98.9568
"('HARD', 'SOFT', 'HARD')","[34, 39]",98.90726
"('HARD', 'SOFT', 'HARD')","[34, 40]",98.8577
"('HARD', 'SOFT', 'HARD')","[34, 41]",98.80813
"('HARD', 'SOFT', 'HARD')","[34, 42]",98.758575
"('HARD', 'SOFT', 'HARD')","[34, 43]",98.709015
"('HARD', 'SOFT', 'HARD')","[34, 44]",98.659454
"('HARD', 'SOFT', 'HARD')","[34, 45]",98.6099
"('HARD', 'SOFT', 'HARD')","[34, 46]",98.56034
"('HARD', 'SOFT', 'HARD')","[35, 36]",99.17548
"('HARD', 'SOFT', 'HARD')","[35, 37]",99.12593
"('HARD', 'SOFT', 'HARD')","[35, 38]",99.07637
"('HARD', 'SOFT', 'HARD')","[35, 39]",99.02681
"('HARD', 'SOFT', 'HARD')","[35, 40]",98.97725
"('HARD', 'SOFT', 'HARD')","[35, 41]",98.9277
"('HARD', 'SOFT', 'HARD')","[35, 42]",98.87813
"('HARD', 'SOFT', 'HARD')","[35, 43]",98.82857
"('HARD', 'SOFT', 'HARD')","[35, 44]",98.77902
"('HARD', 'SOFT', 'HARD')","[35, 45]",98.729454
"('HARD', 'SOFT', 'HARD')","[35, 46]",98.6799
"('HARD', 'SOFT', 'HARD')","[36, 37]",99.24548
"('HARD', 'SOFT', 'HARD')","[36, 38]",99.19592
"('HARD', 'SOFT', 'HARD')","[36, 39]",99.14636
"('HARD', 'SOFT', 'HARD')","[36, 40]",99.09681
"('HARD', 'SOFT', 'HARD')","[36, 41]",99.04725
"('HARD', 'SOFT', 'HARD')","[36, 42]",98.997696
"('HARD', 'SOFT', 'HARD')","[36, 43]",98.948135
"('HARD', 'SOFT', 'HARD')","[36, 44]",98.898575
"('HARD', 'SOFT', 'HARD')","[36, 45]",98.849014
"('HARD', 'SOFT', 'HARD')","[36, 46]",98.79945
"('HARD', 'SOFT', 'HARD')","[37, 38]",99.315475
"('HARD', 'SOFT', 'HARD')","[37, 39]",99.265915
"('HARD', 'SOFT', 'HARD')","[37, 40]",99.21636
"('HARD', 'SOFT', 'HARD')","[37, 41]",99.1668
"('HARD', 'SOFT', 'HARD')","[37, 42]",99.11725
"('HARD', 'SOFT', 'HARD')","[37, 43]",99.06769
"('HARD', 'SOFT', 'HARD')","[37, 44]",99.01813
"('HARD', 'SOFT', 'HARD')","[37, 45]",98.96857
"('HARD', 'SOFT', 'HARD')","[37, 46]",98.91901
"('HARD', 'SOFT', 'HARD')","[38, 39]",99.38548
"('HARD', 'SOFT', 'HARD')","[38, 40]",99.33592
"('HARD', 'SOFT', 'HARD')","[38, 41]",99.28637
"('HARD', 'SOFT', 'HARD')","[38, 42]",99.2368
"('HARD', 'SOFT', 'HARD')","[38, 43]",99.18724
"('HARD', 'SOFT', 'HARD')","[38, 44]",99.137695
"('HARD', 'SOFT', 'HARD')","[38, 45]",99.08813
"('HARD', 'SOFT', 'HARD')","[38, 46]",99.038574
"('HARD', 'SOFT', 'HARD')","[39, 40]",99.45548
"('HARD', 'SOFT', 'HARD')","[39, 41]",99.40592
"('HARD', 'SOFT', 'HARD')","[39, 42]",99.35637
"('HARD', 'SOFT', 'HARD')","[39, 43]",99.30681
"('HARD', 'SOFT', 'HARD')","[39, 44]",99.25725
"('HARD', 'SOFT', 'HARD')","[39, 45]",99.20769
"('HARD', 'SOFT', 'HARD')","[39, 46]",99.15813
"('HARD', 'SOFT', 'HARD')","[40, 41]",99.52548
"('HARD', 'SOFT', 'HARD')","[40, 42]",99.47592
"('HARD', 'SOFT', 'HARD')","[40, 43]",99.42636
"('HARD', 'SOFT', 'HARD')","[40, 44]",99.3768
"('HARD', 'SOFT', 'HARD')","[40, 45]",99.32725
"('HARD', 'SOFT', 'HARD')","[40, 46]",99.277695
"('HARD', 'SOFT', 'HARD')","[41, 42]",99.59549
"('HARD', 'SOFT', 'HARD')","[41, 43]",99.54593
"('HARD', 'SOFT', 'HARD')","[41, 44]",99.49637
"('HARD', 'SOFT', 'HARD')","[41, 45]",99.446815
"('HARD', 'SOFT', 'HARD')","[41, 46]",99.397255
"('HARD', 'SOFT', 'HARD')","[42, 43]",99.66548
"('HARD', 'SOFT', 'HARD')","[42, 44]",99.61592
"('HARD', 'SOFT', 'HARD')","[42, 45]",99.56637
"('HARD', 'SOFT', 'HARD')","[42, 46]",99.51681
"('HARD', 'SOFT', 'HARD')","[43, 44]",99.73549
"('HARD', 'SOFT', 'HARD')","[43, 45]",99.68593
"('HARD', 'SOFT', 'HARD')","[43, 46]",99.63637
"('HARD', 'SOFT', 'HARD')","[44, 45]",99.80549
"('HARD', 'SOFT', 'HARD')","[44, 46]",99.755936
"('HARD', 'SOFT', 'HARD')","[45, 46]",99.87549
"('HARD', 'MEDIUM', 'SOFT')","[10, 11]",93.53586
"('HARD', 'MEDIUM', 'SOFT')","[10, 12]",93.39689
"('HARD', 'MEDIUM', 'SOFT')","[10, 13]",93.25792
"('HARD', 'MEDIUM', 'SOFT')","[10, 14]",93.11895
"('HARD', 'MEDIUM', 'SOFT')","[10, 15]",92.97998
"('HARD', 'MEDIUM', 'SOFT')","[10, 16]",92.84101
"('HARD', 'MEDIUM', 'SOFT')","[10, 17]",92.70204
"('HARD', 'MEDIUM', 'SOFT')","[10, 18]",92.563065
"('HARD', 'MEDIUM', 'SOFT')","[10, 19]",92.424095
"('HARD', 'MEDIUM', 'SOFT')","[10, 20]",92.285126
"('HARD', 'MEDIUM', 'SOFT')","[10, 21]",92.146164
"('HARD', 'MEDIUM', 'SOFT')","[10, 22]",92.007195
"('HARD', 'MEDIUM', 'SOFT')","[10, 23]",91.868225
"('HARD', 'MEDIUM', 'SOFT')","[10, 24]",91.72925
"('HARD', 'MEDIUM', 'SOFT')","[10, 25]",91.59029
"('HARD', 'MEDIUM', 'SOFT')","[10, 26]",91.45131
"('HARD', 'MEDIUM', 'SOFT')","[10, 27]",91.31234
"('HARD', 'MEDIUM', 'SOFT')","[10, 28]",91.17337
"('HARD', 'MEDIUM', 'SOFT')","[10, 29]",91.03441
"('HARD', 'MEDIUM', 'SOFT')","[10, 30]",90.89544
"('HARD', 'MEDIUM', 'SOFT')","[10, 31]",90.75647
"('HARD', 'MEDIUM', 'SOFT')","[10, 32]",90.61749
"('HARD', 'MEDIUM', 'SOFT')","[10, 33]",90.47853
"('HARD', 'MEDIUM', 'SOFT')","[10, 34]",90.339554
"('HARD', 'MEDIUM', 'SOFT')","[10, 35]",90.200584
"('HARD', 'MEDIUM', 'SOFT')","[10, 36]",90.061615
"('HARD', 'MEDIUM', 'SOFT')","[10, 37]",89.92265
"('HARD', 'MEDIUM', 'SOFT')","[10, 38]",89.78367
"('HARD', 'MEDIUM', 'SOFT')","[10, 39]",89.6447
"('HARD', 'MEDIUM', 'SOFT')","[10, 40]",89.50574
"('HARD', 'MEDIUM', 'SOFT')","[10, 41]",89.36676
"('HARD', 'MEDIUM', 'SOFT')","[10, 42]",89.2278
"('HARD', 'MEDIUM', 'SOFT')","[10, 43]",89.08882
"('HARD', 'MEDIUM', 'SOFT')","[10, 44]",88.94986
"('HARD', 'MEDIUM', 'SOFT')","[10, 45]",88.81089
"('HARD', 'MEDIUM', 'SOFT')","[10, 46]",88.67191
"('HARD', 'MEDIUM', 'SOFT')","[11, 12]",93.690414
"('HARD', 'MEDIUM', 'SOFT')","[11, 13]",93.551445
"('HARD', 'MEDIUM', 'SOFT')","[11, 14]",93.412476
"('HARD', 'MEDIUM', 'SOFT')","[11, 15]",93.273506
"('HARD', 'MEDIUM', 'SOFT')","[11, 16]",93.13454
"('HARD', 'MEDIUM', 'SOFT')","[11, 17]",92.99557
"('HARD', 'MEDIUM', 'SOFT')","[11, 18]",92.8566
"('HARD', 'MEDIUM', 'SOFT')","[11, 19]",92.71763
"('HARD', 'MEDIUM', 'SOFT')","[11, 20]",92.57866
"('HARD', 'MEDIUM', 'SOFT')","[11, 21]",92.43968
"('HARD', 'MEDIUM', 'SOFT')","[11, 22]",92.30072
"('HARD', 'MEDIUM', 'SOFT')","[11, 23]",92.16175
"('HARD', 'MEDIUM', 'SOFT')","[11, 24]",92.02278
"('HARD', 'MEDIUM', 'SOFT')","[11, 25]",91.883804
"('HARD', 'MEDIUM', 'SOFT')","[11, 26]",91.74484
"('HARD', 'MEDIUM', 'SOFT')","[11, 27]",91.60587
"('HARD', 'MEDIUM', 'SOFT')","[11, 28]",91.4669
"('HARD', 'MEDIUM', 'SOFT')","[11, 29]",91.32793
"('HARD', 'MEDIUM', 'SOFT')","[11, 30]",91.188965
"('HARD', 'MEDIUM', 'SOFT')","[11, 31]",91.049995
"('HARD', 'MEDIUM', 'SOFT')","[11, 32]",90.911026
"('HARD', 'MEDIUM', 'SOFT')","[11, 33]",90.77205
"('HARD', 'MEDIUM', 'SOFT')","[11, 34]",90.63309
"('HARD', 'MEDIUM', 'SOFT')","[11, 35]",90.49412
"('HARD', 'MEDIUM', 'SOFT')","[11, 36]",90.35515
"('HARD', 'MEDIUM', 'SOFT')","[11, 37]",90.21617
"('HARD', 'MEDIUM', 'SOFT')","[11, 38]",90.0772
"('HARD', 'MEDIUM', 'SOFT')","[11, 39]",89.93823
"('HARD', 'MEDIUM', 'SOFT')","[11, 40]",89.799255
"('HARD', 'MEDIUM', 'SOFT')","[11, 41]",89.66029
"('HARD', 'MEDIUM', 'SOFT')","[11, 42]",89.521324
"('HARD', 'MEDIUM', 'SOFT')","[11, 43]",89.382355
"('HARD', 'MEDIUM', 'SOFT')","[11, 44]",89.24338
"('HARD', 'MEDIUM', 'SOFT')","[11, 45]",89.104416
"('HARD', 'MEDIUM', 'SOFT')","[11, 46]",88.96545
"('HARD', 'MEDIUM', 'SOFT')","[12, 13]",93.84498
"('HARD', 'MEDIUM', 'SOFT')","[12, 14]",93.706
"('HARD', 'MEDIUM', 'SOFT')","[12, 15]",93.56704
"('HARD', 'MEDIUM', 'SOFT')","[12, 16]",93.42806
"('HARD', 'MEDIUM', 'SOFT')","[12, 17]",93.2891
"('HARD', 'MEDIUM', 'SOFT')","[12, 18]",93.15012
"('HARD', 'MEDIUM', 'SOFT')","[12, 19]",93.011154
"('HARD', 'MEDIUM', 'SOFT')","[12, 20]",92.87219
"('HARD', 'MEDIUM', 'SOFT')","[12, 21]",92.733215
"('HARD', 'MEDIUM', 'SOFT')","[12, 22]",92.594246
"('HARD', 'MEDIUM', 'SOFT')","[12, 23]",92.45528
"('HARD', 'MEDIUM', 'SOFT')","[12, 24]",92.3163
"('HARD', 'MEDIUM', 'SOFT')","[12, 25]",92.17734
"('HARD', 'MEDIUM', 'SOFT')","[12, 26]",92.03837
"('HARD', 'MEDIUM', 'SOFT')","[12, 27]",91.8994
"('HARD', 'MEDIUM', 'SOFT')","[12, 28]",91.76044
"('HARD', 'MEDIUM', 'SOFT')","[12, 29]",91.62146
"('HARD', 'MEDIUM', 'SOFT')","[12, 30]",91.48249
"('HARD', 'MEDIUM', 'SOFT')","[12, 31]",91.34352
"('HARD', 'MEDIUM', 'SOFT')","[12, 32]",91.204544
"('HARD', 'MEDIUM', 'SOFT')","[12, 33]",91.06558
"('HARD', 'MEDIUM', 'SOFT')","[12, 34]",90.92661
"('HARD', 'MEDIUM', 'SOFT')","[12, 35]",90.78764
"('HARD', 'MEDIUM', 'SOFT')","[12, 36]",90.64868
"('HARD', 'MEDIUM', 'SOFT')","[12, 37]",90.509705
"('HARD', 'MEDIUM', 'SOFT')","[12, 38]",90.37073
"('HARD', 'MEDIUM', 'SOFT')","[12, 39]",90.23175
"('HARD', 'MEDIUM', 'SOFT')","[12, 40]",90.09279
"('HARD', 'MEDIUM', 'SOFT')","[12, 41]",89.95382
"('HARD', 'MEDIUM', 'SOFT')","[12, 42]",89.81485
"('HARD', 'MEDIUM', 'SOFT')","[12, 43]",89.67589
"('HARD', 'MEDIUM', 'SOFT')","[12, 44]",89.53691
"('HARD', 'MEDIUM', 'SOFT')","[12, 45]",89.39794
"('HARD', 'MEDIUM', 'SOFT')","[12, 46]",89.25897
"('HARD', 'MEDIUM', 'SOFT')","[13, 14]",93.99953
"('HARD', 'MEDIUM', 'SOFT')","[13, 15]",93.860565
"('HARD', 'MEDIUM', 'SOFT')","[13, 16]",93.721596
"('HARD', 'MEDIUM', 'SOFT')","[13, 17]",93.58263
"('HARD', 'MEDIUM', 'SOFT')","[13, 18]",93.44365
"('HARD', 'MEDIUM', 'SOFT')","[13, 19]",93.30468
"('HARD', 'MEDIUM', 'SOFT')","[13, 20]",93.16571
"('HARD', 'MEDIUM', 'SOFT')","[13, 21]",93.02675
"('HARD', 'MEDIUM', 'SOFT')","[13, 22]",92.88777
"('HARD', 'MEDIUM', 'SOFT')","[13, 23]",92.7488
"('HARD', 'MEDIUM', 'SOFT')","[13, 24]",92.60983
"('HARD', 'MEDIUM', 'SOFT')","[13, 25]",92.47087
"('HARD', 'MEDIUM', 'SOFT')","[13, 26]",92.331894
"('HARD', 'MEDIUM', 'SOFT')","[13, 27]",92.192924
"('HARD', 'MEDIUM', 'SOFT')","[13, 28]",92.053955
"('HARD', 'MEDIUM', 'SOFT')","[13, 29]",91.91499
"('HARD', 'MEDIUM', 'SOFT')","[13, 30]",91.77602
"('HARD', 'MEDIUM', 'SOFT')","[13, 31]",91.63705
"('HARD', 'MEDIUM', 'SOFT')","[13, 32]",91.49808
"('HARD', 'MEDIUM', 'SOFT')","[13, 33]",91.359116
"('HARD', 'MEDIUM', 'SOFT')","[13, 34]",91.22014
"('HARD', 'MEDIUM', 'SOFT')","[13, 35]",91.08117
"('HARD', 'MEDIUM', 'SOFT')","[13, 36]",90.9422
"('HARD', 'MEDIUM', 'SOFT')","[13, 37]",90.80322
"('HARD', 'MEDIUM', 'SOFT')","[13, 38]",90.66425
"('HARD', 'MEDIUM', 'SOFT')","[13, 39]",90.52528
"('HARD', 'MEDIUM', 'SOFT')","[13, 40]",90.38632
"('HARD', 'MEDIUM', 'SOFT')","[13, 41]",90.247345
"('HARD', 'MEDIUM', 'SOFT')","[13, 42]",90.108376
"('HARD', 'MEDIUM', 'SOFT')","[13, 43]",89.969406
"('HARD', 'MEDIUM', 'SOFT')","[13, 44]",89.830444
"('HARD', 'MEDIUM', 'SOFT')","[13, 45]",89.69147
"('HARD', 'MEDIUM', 'SOFT')","[13, 46]",89.5525
"('HARD', 'MEDIUM', 'SOFT')","[14, 15]",94.15409
"('HARD', 'MEDIUM', 'SOFT')","[14, 16]",94.01512
"('HARD', 'MEDIUM', 'SOFT')","[14, 17]",93.87615
"('HARD', 'MEDIUM', 'SOFT')","[14, 18]",93.73718
"('HARD', 'MEDIUM', 'SOFT')","[14, 19]",93.59821
"('HARD', 'MEDIUM', 'SOFT')","[14, 20]",93.45924
"('HARD', 'MEDIUM', 'SOFT')","[14, 21]",93.32027
"('HARD', 'MEDIUM', 'SOFT')","[14, 22]",93.1813
"('HARD', 'MEDIUM', 'SOFT')","[14, 23]",93.04233
"('HARD', 'MEDIUM', 'SOFT')","[14, 24]",92.903366
"('HARD', 'MEDIUM', 'SOFT')","[14, 25]",92.76439
"('HARD', 'MEDIUM', 'SOFT')","[14, 26]",92.62543
"('HARD', 'MEDIUM', 'SOFT')","[14, 27]",92.48646
"('HARD', 'MEDIUM', 'SOFT')","[14, 28]",92.34749
"('HARD', 'MEDIUM', 'SOFT')","[14, 29]",92.20851
"('HARD', 'MEDIUM', 'SOFT')","[14, 30]",92.06954
"('HARD', 'MEDIUM', 'SOFT')","[14, 31]",91.93057
"('HARD', 'MEDIUM', 'SOFT')","[14, 32]",91.79161
"('HARD', 'MEDIUM', 'SOFT')","[14, 33]",91.65263
"('HARD', 'MEDIUM', 'SOFT')","[14, 34]",91.51367
"('HARD', 'MEDIUM', 'SOFT')","[14, 35]",91.3747
"('HARD', 'MEDIUM', 'SOFT')","[14, 36]",91.23573
"('HARD', 'MEDIUM', 'SOFT')","[14, 37]",91.096756
"('HARD', 'MEDIUM', 'SOFT')","[14, 38]",90.95779
"('HARD', 'MEDIUM', 'SOFT')","[14, 39]",90.81882
"('HARD', 'MEDIUM', 'SOFT')","[14, 40]",90.67984
"('HARD', 'MEDIUM', 'SOFT')","[14, 41]",90.54088
"('HARD', 'MEDIUM', 'SOFT')","[14, 42]",90.4019
"('HARD', 'MEDIUM', 'SOFT')","[14, 43]",90.26294
"('HARD', 'MEDIUM', 'SOFT')","[14, 44]",90.12396
"('HARD', 'MEDIUM', 'SOFT')","[14, 45]",89.98499
"('HARD', 'MEDIUM', 'SOFT')","[14, 46]",89.84603
"('HARD', 'MEDIUM', 'SOFT')","[15, 16]",94.30865
"('HARD', 'MEDIUM', 'SOFT')","[15, 17]",94.16968
"('HARD', 'MEDIUM', 'SOFT')","[15, 18]",94.0307
"('HARD', 'MEDIUM', 'SOFT')","[15, 19]",93.89173
"('HARD', 'MEDIUM', 'SOFT')","[15, 20]",93.75276
"('HARD', 'MEDIUM', 'SOFT')","[15, 21]",93.6138
"('HARD', 'MEDIUM', 'SOFT')","[15, 22]",93.47482
"('HARD', 'MEDIUM', 'SOFT')","[15, 23]",93.33585
"('HARD', 'MEDIUM', 'SOFT')","[15, 24]",93.196884
"('HARD', 'MEDIUM', 'SOFT')","[15, 25]",93.05792
"('HARD', 'MEDIUM', 'SOFT')","[15, 26]",92.918945
"('HARD', 'MEDIUM', 'SOFT')","[15, 27]",92.779976
"('HARD', 'MEDIUM', 'SOFT')","[15, 28]",92.64101
"('HARD', 'MEDIUM', 'SOFT')","[15, 29]",92.502045
"('HARD', 'MEDIUM', 'SOFT')","[15, 30]",92.36307
"('HARD', 'MEDIUM', 'SOFT')","[15, 31]",92.2241
"('HARD', 'MEDIUM', 'SOFT')","[15, 32]",92.08513
"('HARD', 'MEDIUM', 'SOFT')","[15, 33]",91.94617
"('HARD', 'MEDIUM', 'SOFT')","[15, 34]",91.80719
"('HARD', 'MEDIUM', 'SOFT')","[15, 35]",91.66822
"('HARD', 'MEDIUM', 'SOFT')","[15, 36]",91.52925
"('HARD', 'MEDIUM', 'SOFT')","[15, 37]",91.390274
"('HARD', 'MEDIUM', 'SOFT')","[15, 38]",91.251305
"('HARD', 'MEDIUM', 'SOFT')","[15, 39]",91.112335
"('HARD', 'MEDIUM', 'SOFT')","[15, 40]",90.97337
"('HARD', 'MEDIUM', 'SOFT')","[15, 41]",90.8344
"('HARD', 'MEDIUM', 'SOFT')","[15, 42]",90.69543
"('HARD', 'MEDIUM', 'SOFT')","[15, 43]",90.55646
"('HARD', 'MEDIUM', 'SOFT')","[15, 44]",90.417496
"('HARD', 'MEDIUM', 'SOFT')","[15, 45]",90.27852
"('HARD', 'MEDIUM', 'SOFT')","[15, 46]",90.13955
"('HARD', 'MEDIUM', 'SOFT')","[16, 17]",94.4632
"('HARD', 'MEDIUM', 'SOFT')","[16, 18]",94.324234
"('HARD', 'MEDIUM', 'SOFT')","[16, 19]",94.185265
"('HARD', 'MEDIUM', 'SOFT')","[16, 20]",94.046295
"('HARD', 'MEDIUM', 'SOFT')","[16, 21]",93.90732
"('HARD', 'MEDIUM', 'SOFT')","[16, 22]",93.76835
"('HARD', 'MEDIUM', 'SOFT')","[16, 23]",93.62938
"('HARD', 'MEDIUM', 'SOFT')","[16, 24]",93.49042
"('HARD', 'MEDIUM', 'SOFT')","[16, 25]",93.35144
"('HARD', 'MEDIUM', 'SOFT')","[16, 26]",93.21248
"('HARD', 'MEDIUM', 'SOFT')","[16, 27]",93.07351
"('HARD', 'MEDIUM', 'SOFT')","[16, 28]",92.93454
"('HARD', 'MEDIUM', 'SOFT')","[16, 29]",92.79556
"('HARD', 'MEDIUM', 'SOFT')","[16, 30]",92.65659
"('HARD', 'MEDIUM', 'SOFT')","[16, 31]",92.517624
"('HARD', 'MEDIUM', 'SOFT')","[16, 32]",92.37866
"('HARD', 'MEDIUM', 'SOFT')","[16, 33]",92.239685
"('HARD', 'MEDIUM', 'SOFT')","[16, 34]",92.10072
"('HARD', 'MEDIUM', 'SOFT')","[16, 35]",91.961754
"('HARD', 'MEDIUM', 'SOFT')","[16, 36]",91.822784
"('HARD', 'MEDIUM', 'SOFT')","[16, 37]",91.68381
"('HARD', 'MEDIUM', 'SOFT')","[16, 38]",91.54484
"('HARD', 'MEDIUM', 'SOFT')","[16, 39]",91.40587
"('HARD', 'MEDIUM', 'SOFT')","[16, 40]",91.26689
"('HARD', 'MEDIUM', 'SOFT')","[16, 41]",91.12793
"('HARD', 'MEDIUM', 'SOFT')","[16, 42]",90.98895
"('HARD', 'MEDIUM', 'SOFT')","[16, 43]",90.84999
"('HARD', 'MEDIUM', 'SOFT')","[16, 44]",90.71101
"('HARD', 'MEDIUM', 'SOFT')","[16, 45]",90.572044
"('HARD', 'MEDIUM', 'SOFT')","[16, 46]",90.43308
"('HARD', 'MEDIUM', 'SOFT')","[17, 18]",94.61775
"('HARD', 'MEDIUM', 'SOFT')","[17, 19]",94.47878
"('HARD', 'MEDIUM', 'SOFT')","[17, 20]",94.33981
"('HARD', 'MEDIUM', 'SOFT')","[17, 21]",94.20085
"('HARD', 'MEDIUM', 'SOFT')","[17, 22]",94.06188
"('HARD', 'MEDIUM', 'SOFT')","[17, 23]",93.92291
"('HARD', 'MEDIUM', 'SOFT')","[17, 24]",93.783936
"('HARD', 'MEDIUM', 'SOFT')","[17, 25]",93.64497
"('HARD', 'MEDIUM', 'SOFT')","[17, 26]",93.506
"('HARD', 'MEDIUM', 'SOFT')","[17, 27]",93.36703
"('HARD', 'MEDIUM', 'SOFT')","[17, 28]",93.22806
"('HARD', 'MEDIUM', 'SOFT')","[17, 29]",93.089096
"('HARD', 'MEDIUM', 'SOFT')","[17, 30]",92.95013
"('HARD', 'MEDIUM', 'SOFT')","[17, 31]",92.81116
"('HARD', 'MEDIUM', 'SOFT')","[17, 32]",92.67218
"('HARD', 'MEDIUM', 'SOFT')","[17, 33]",92.53322
"('HARD', 'MEDIUM', 'SOFT')","[17, 34]",92.39424
"('HARD', 'MEDIUM', 'SOFT')","[17, 35]",92.25527
"('HARD', 'MEDIUM', 'SOFT')","[17, 36]",92.1163
"('HARD', 'MEDIUM', 'SOFT')","[17, 37]",91.97734
"('HARD', 'MEDIUM', 'SOFT')","[17, 38]",91.838356
"('HARD', 'MEDIUM', 'SOFT')","[17, 39]",91.69939
"('HARD', 'MEDIUM', 'SOFT')","[17, 40]",91.560425
"('HARD', 'MEDIUM', 'SOFT')","[17, 41]",91.42145
"('HARD', 'MEDIUM', 'SOFT')","[17, 42]",91.282486
"('HARD', 'MEDIUM', 'SOFT')","[17, 43]",91.14351
"('HARD', 'MEDIUM', 'SOFT')","[17, 44]",91.00455
"('HARD', 'MEDIUM', 'SOFT')","[17, 45]",90.86558
"('HARD', 'MEDIUM', 'SOFT')","[17, 46]",90.7266
"('HARD', 'MEDIUM', 'SOFT')","[18, 19]",94.772316
"('HARD', 'MEDIUM', 'SOFT')","[18, 20]",94.63335
"('HARD', 'MEDIUM', 'SOFT')","[18, 21]",94.494385
"('HARD', 'MEDIUM', 'SOFT')","[18, 22]",94.35541
"('HARD', 'MEDIUM', 'SOFT')","[18, 23]",94.21644
"('HARD', 'MEDIUM', 'SOFT')","[18, 24]",94.07747
"('HARD', 'MEDIUM', 'SOFT')","[18, 25]",93.93849
"('HARD', 'MEDIUM', 'SOFT')","[18, 26]",93.79953
"('HARD', 'MEDIUM', 'SOFT')","[18, 27]",93.66056
"('HARD', 'MEDIUM', 'SOFT')","[18, 28]",93.52159
"('HARD', 'MEDIUM', 'SOFT')","[18, 29]",93.38263
"('HARD', 'MEDIUM', 'SOFT')","[18, 30]",93.24365
"('HARD', 'MEDIUM', 'SOFT')","[18, 31]",93.10468
"('HARD', 'MEDIUM', 'SOFT')","[18, 32]",92.96571
"('HARD', 'MEDIUM', 'SOFT')","[18, 33]",92.82674
"('HARD', 'MEDIUM', 'SOFT')","[18, 34]",92.687775
"('HARD', 'MEDIUM', 'SOFT')","[18, 35]",92.548805
"('HARD', 'MEDIUM', 'SOFT')","[18, 36]",92.409836
"('HARD', 'MEDIUM', 'SOFT')","[18, 37]",92.27086
"('HARD', 'MEDIUM', 'SOFT')","[18, 38]",92.13189
"('HARD', 'MEDIUM', 'SOFT')","[18, 39]",91.99292
"('HARD', 'MEDIUM', 'SOFT')","[18, 40]",91.85396
"('HARD', 'MEDIUM', 'SOFT')","[18, 41]",91.71498
"('HARD', 'MEDIUM', 'SOFT')","[18, 42]",91.57601
"('HARD', 'MEDIUM', 'SOFT')","[18, 43]",91.43704
"('HARD', 'MEDIUM', 'SOFT')","[18, 44]",91.298065
"('HARD', 'MEDIUM', 'SOFT')","[18, 45]",91.1591
"('HARD', 'MEDIUM', 'SOFT')","[18, 46]",91.020134
"('HARD', 'MEDIUM', 'SOFT')","[19, 20]",94.92688
"('HARD', 'MEDIUM', 'SOFT')","[19, 21]",94.7879
"('HARD', 'MEDIUM', 'SOFT')","[19, 22]",94.64893
"('HARD', 'MEDIUM', 'SOFT')","[19, 23]",94.509964
"('HARD', 'MEDIUM', 'SOFT')","[19, 24]",94.37099
"('HARD', 'MEDIUM', 'SOFT')","[19, 25]",94.232025
"('HARD', 'MEDIUM', 'SOFT')","[19, 26]",94.093056
"('HARD', 'MEDIUM', 'SOFT')","[19, 27]",93.95409
"('HARD', 'MEDIUM', 'SOFT')","[19, 28]",93.815125
"('HARD', 'MEDIUM', 'SOFT')","[19, 29]",93.67615
"('HARD', 'MEDIUM', 'SOFT')","[19, 30]",93.53718
"('HARD', 'MEDIUM', 'SOFT')","[19, 31]",93.39821
"('HARD', 'MEDIUM', 'SOFT')","[19, 32]",93.25923
"('HARD', 'MEDIUM', 'SOFT')","[19, 33]",93.12027
"('HARD', 'MEDIUM', 'SOFT')","[19, 34]",92.9813
"('HARD', 'MEDIUM', 'SOFT')","[19, 35]",92.84233
"('HARD', 'MEDIUM', 'SOFT')","[19, 36]",92.70337
"('HARD', 'MEDIUM', 'SOFT')","[19, 37]",92.56439
"('HARD', 'MEDIUM', 'SOFT')","[19, 38]",92.425415
"('HARD', 'MEDIUM', 'SOFT')","[19, 39]",92.28644
"('HARD', 'MEDIUM', 'SOFT')","[19, 40]",92.14748
"('HARD', 'MEDIUM', 'SOFT')","[19, 41]",92.00851
"('HARD', 'MEDIUM', 'SOFT')","[19, 42]",91.86954
"('HARD', 'MEDIUM', 'SOFT')","[19, 43]",91.730576
"('HARD', 'MEDIUM', 'SOFT')","[19, 44]",91.5916
"('HARD', 'MEDIUM', 'SOFT')","[19, 45]",91.45263
"('HARD', 'MEDIUM', 'SOFT')","[19, 46]",91.31366
"('HARD', 'MEDIUM', 'SOFT')","[20, 21]",95.081436
"('HARD', 'MEDIUM', 'SOFT')","[20, 22]",94.94247
"('HARD', 'MEDIUM', 'SOFT')","[20, 23]",94.8035
"('HARD', 'MEDIUM', 'SOFT')","[20, 24]",94.66452
"('HARD', 'MEDIUM', 'SOFT')","[20, 25]",94.52556
"('HARD', 'MEDIUM', 'SOFT')","[20, 26]",94.38658
"('HARD', 'MEDIUM', 'SOFT')","[20, 27]",94.24761
"('HARD', 'MEDIUM', 'SOFT')","[20, 28]",94.10864
"('HARD', 'MEDIUM', 'SOFT')","[20, 29]",93.96968
"('HARD', 'MEDIUM', 'SOFT')","[20, 30]",93.83071
"('HARD', 'MEDIUM', 'SOFT')","[20, 31]",93.69174
"('HARD', 'MEDIUM', 'SOFT')","[20, 32]",93.552765
"('HARD', 'MEDIUM', 'SOFT')","[20, 33]",93.4138
"('HARD', 'MEDIUM', 'SOFT')","[20, 34]",93.274826
"('HARD', 'MEDIUM', 'SOFT')","[20, 35]",93.13586
"('HARD', 'MEDIUM', 'SOFT')","[20, 36]",92.99689
"('HARD', 'MEDIUM', 'SOFT')","[20, 37]",92.857925
"('HARD', 'MEDIUM', 'SOFT')","[20, 38]",92.71894
"('HARD', 'MEDIUM', 'SOFT')","[20, 39]",92.57997
"('HARD', 'MEDIUM', 'SOFT')","[20, 40]",92.44101
"('HARD', 'MEDIUM', 'SOFT')","[20, 41]",92.30203
"('HARD', 'MEDIUM', 'SOFT')","[20, 42]",92.16307
"('HARD', 'MEDIUM', 'SOFT')","[20, 43]",92.02409
"('HARD', 'MEDIUM', 'SOFT')","[20, 44]",91.88513
"('HARD', 'MEDIUM', 'SOFT')","[20, 45]",91.74616
"('HARD', 'MEDIUM', 'SOFT')","[20, 46]",91.607185
"('HARD', 'MEDIUM', 'SOFT')","[21, 22]",95.235985
"('HARD', 'MEDIUM', 'SOFT')","[21, 23]",95.097015
"('HARD', 'MEDIUM', 'SOFT')","[21, 24]",94.95805
"('HARD', 'MEDIUM', 'SOFT')","[21, 25]",94.81908
"('HARD', 'MEDIUM', 'SOFT')","[21, 26]",94.680115
"('HARD', 'MEDIUM', 'SOFT')","[21, 27]",94.541145
"('HARD', 'MEDIUM', 'SOFT')","[21, 28]",94.402176
"('HARD', 'MEDIUM', 'SOFT')","[21, 29]",94.2632
"('HARD', 'MEDIUM', 'SOFT')","[21, 30]",94.12423
"('HARD', 'MEDIUM', 'SOFT')","[21, 31]",93.98526
"('HARD', 'MEDIUM', 'SOFT')","[21, 32]",93.8463
"('HARD', 'MEDIUM', 'SOFT')","[21, 33]",93.70732
"('HARD', 'MEDIUM', 'SOFT')","[21, 34]",93.56836
"('HARD', 'MEDIUM', 'SOFT')","[21, 35]",93.42939
"('HARD', 'MEDIUM', 'SOFT')","[21, 36]",93.29042
"('HARD', 'MEDIUM', 'SOFT')","[21, 37]",93.15144
"('HARD', 'MEDIUM', 'SOFT')","[21, 38]",93.012474
"('HARD', 'MEDIUM', 'SOFT')","[21, 39]",92.873505
"('HARD', 'MEDIUM', 'SOFT')","[21, 40]",92.73453
"('HARD', 'MEDIUM', 'SOFT')","[21, 41]",92.595566
"('HARD', 'MEDIUM', 'SOFT')","[21, 42]",92.45659
"('HARD', 'MEDIUM', 'SOFT')","[21, 43]",92.31763
"('HARD', 'MEDIUM', 'SOFT')","[21, 44]",92.17865
"('HARD', 'MEDIUM', 'SOFT')","[21, 45]",92.03968
"('HARD', 'MEDIUM', 'SOFT')","[21, 46]",91.90072
"('HARD', 'MEDIUM', 'SOFT')","[22, 23]",95.39055
"('HARD', 'MEDIUM', 'SOFT')","[22, 24]",95.25157
"('HARD', 'MEDIUM', 'SOFT')","[22, 25]",95.11261
"('HARD', 'MEDIUM', 'SOFT')","[22, 26]",94.97363
"('HARD', 'MEDIUM', 'SOFT')","[22, 27]",94.83466
"('HARD', 'MEDIUM', 'SOFT')","[22, 28]",94.695694
"('HARD', 'MEDIUM', 'SOFT')","[22, 29]",94.55673
"('HARD', 'MEDIUM', 'SOFT')","[22, 30]",94.41776
"('HARD', 'MEDIUM', 'SOFT')","[22, 31]",94.27879
"('HARD', 'MEDIUM', 'SOFT')","[22, 32]",94.13982
"('HARD', 'MEDIUM', 'SOFT')","[22, 33]",94.000854
"('HARD', 'MEDIUM', 'SOFT')","[22, 34]",93.86188
"('HARD', 'MEDIUM', 'SOFT')","[22, 35]",93.72291
"('HARD', 'MEDIUM', 'SOFT')","[22, 36]",93.58394
"('HARD', 'MEDIUM', 'SOFT')","[22, 37]",93.44498
"('HARD', 'MEDIUM', 'SOFT')","[22, 38]",93.30599
"('HARD', 'MEDIUM', 'SOFT')","[22, 39]",93.16702
"('HARD', 'MEDIUM', 'SOFT')","[22, 40]",93.02806
"('HARD', 'MEDIUM', 'SOFT')","[22, 41]",92.889084
"('HARD', 'MEDIUM', 'SOFT')","[22, 42]",92.75012
"('HARD', 'MEDIUM', 'SOFT')","[22, 43]",92.611145
"('HARD', 'MEDIUM', 'SOFT')","[22, 44]",92.47218
"('HARD', 'MEDIUM', 'SOFT')","[22, 45]",92.33321
"('HARD', 'MEDIUM', 'SOFT')","[22, 46]",92.19424
"('HARD', 'MEDIUM', 'SOFT')","[23, 24]",95.545105
"('HARD', 'MEDIUM', 'SOFT')","[23, 25]",95.40613
"('HARD', 'MEDIUM', 'SOFT')","[23, 26]",95.267166
"('HARD', 'MEDIUM', 'SOFT')","[23, 27]",95.1282
"('HARD', 'MEDIUM', 'SOFT')","[23, 28]",94.98923
"('HARD', 'MEDIUM', 'SOFT')","[23, 29]",94.85025
"('HARD', 'MEDIUM', 'SOFT')","[23, 30]",94.71128
"('HARD', 'MEDIUM', 'SOFT')","[23, 31]",94.57231
"('HARD', 'MEDIUM', 'SOFT')","[23, 32]",94.43335
"('HARD', 'MEDIUM', 'SOFT')","[23, 33]",94.29437
"('HARD', 'MEDIUM', 'SOFT')","[23, 34]",94.15541
"('HARD', 'MEDIUM', 'SOFT')","[23, 35]",94.01644
"('HARD', 'MEDIUM', 'SOFT')","[23, 36]",93.87747
"('HARD', 'MEDIUM', 'SOFT')","[23, 37]",93.738495
"('HARD', 'MEDIUM', 'SOFT')","[23, 38]",93.599525
"('HARD', 'MEDIUM', 'SOFT')","[23, 39]",93.460556
"('HARD', 'MEDIUM', 'SOFT')","[23, 40]",93.32158
"('HARD', 'MEDIUM', 'SOFT')","[23, 41]",93.18262
"('HARD', 'MEDIUM', 'SOFT')","[23, 42]",93.04364
"('HARD', 'MEDIUM', 'SOFT')","[23, 43]",92.90468
"('HARD', 'MEDIUM', 'SOFT')","[23, 44]",92.7657
"('HARD', 'MEDIUM', 'SOFT')","[23, 45]",92.62673
"('HARD', 'MEDIUM', 'SOFT')","[23, 46]",92.48777
"('HARD', 'MEDIUM', 'SOFT')","[24, 25]",95.69966
"('HARD', 'MEDIUM', 'SOFT')","[24, 26]",95.560684
"('HARD', 'MEDIUM', 'SOFT')","[24, 27]",95.421715
"('HARD', 'MEDIUM', 'SOFT')","[24, 28]",95.282745
"('HARD', 'MEDIUM', 'SOFT')","[24, 29]",95.14378
"('HARD', 'MEDIUM', 'SOFT')","[24, 30]",95.004814
"('HARD', 'MEDIUM', 'SOFT')","[24, 31]",94.865845
"('HARD', 'MEDIUM', 'SOFT')","[24, 32]",94.72687
"('HARD', 'MEDIUM', 'SOFT')","[24, 33]",94.587906
"('HARD', 'MEDIUM', 'SOFT')","[24, 34]",94.44893
"('HARD', 'MEDIUM', 'SOFT')","[24, 35]",94.30996
"('HARD', 'MEDIUM', 'SOFT')","[24, 36]",94.17099
"('HARD', 'MEDIUM', 'SOFT')","[24, 37]",94.03203
"('HARD', 'MEDIUM', 'SOFT')","[24, 38]",93.89304
"('HARD', 'MEDIUM', 'SOFT')","[24, 39]",93.754074
"('HARD', 'MEDIUM', 'SOFT')","[24, 40]",93.61511
"('HARD', 'MEDIUM', 'SOFT')","[24, 41]",93.476135
"('HARD', 'MEDIUM', 'SOFT')","[24, 42]",93.33717
"('HARD', 'MEDIUM', 'SOFT')","[24, 43]",93.1982
"('HARD', 'MEDIUM', 'SOFT')","[24, 44]",93.059235
"('HARD', 'MEDIUM', 'SOFT')","[24, 45]",92.920265
"('HARD', 'MEDIUM', 'SOFT')","[24, 46]",92.78129
"('HARD', 'MEDIUM', 'SOFT')","[25, 26]",95.85422
"('HARD', 'MEDIUM', 'SOFT')","[25, 27]",95.71525
"('HARD', 'MEDIUM', 'SOFT')","[25, 28]",95.57628
"('HARD', 'MEDIUM', 'SOFT')","[25, 29]",95.4373
"('HARD', 'MEDIUM', 'SOFT')","[25, 30]",95.29833
"('HARD', 'MEDIUM', 'SOFT')","[25, 31]",95.15936
"('HARD', 'MEDIUM', 'SOFT')","[25, 32]",95.0204
"('HARD', 'MEDIUM', 'SOFT')","[25, 33]",94.881424
"('HARD', 'MEDIUM', 'SOFT')","[25, 34]",94.74246
"('HARD', 'MEDIUM', 'SOFT')","[25, 35]",94.60349
"('HARD', 'MEDIUM', 'SOFT')","[25, 36]",94.46452
"('HARD', 'MEDIUM', 'SOFT')","[25, 37]",94.32555
"('HARD', 'MEDIUM', 'SOFT')","[25, 38]",94.18658
"('HARD', 'MEDIUM', 'SOFT')","[25, 39]",94.04761
"('HARD', 'MEDIUM', 'SOFT')","[25, 40]",93.90863
"('HARD', 'MEDIUM', 'SOFT')","[25, 41]",93.76967
"('HARD', 'MEDIUM', 'SOFT')","[25, 42]",93.63069
"('HARD', 'MEDIUM', 'SOFT')","[25, 43]",93.49173
"('HARD', 'MEDIUM', 'SOFT')","[25, 44]",93.35275
"('HARD', 'MEDIUM', 'SOFT')","[25, 45]",93.21378
"('HARD', 'MEDIUM', 'SOFT')","[25, 46]",93.07482
"('HARD', 'MEDIUM', 'SOFT')","[26, 27]",96.008766
"('HARD', 'MEDIUM', 'SOFT')","[26, 28]",95.8698
"('HARD', 'MEDIUM', 'SOFT')","[26, 29]",95.730835
"('HARD', 'MEDIUM', 'SOFT')","[26, 30]",95.591866
"('HARD', 'MEDIUM', 'SOFT')","[26, 31]",95.452896
"('HARD', 'MEDIUM', 'SOFT')","[26, 32]",95.31392
"('HARD', 'MEDIUM', 'SOFT')","[26, 33]",95.17496
"('HARD', 'MEDIUM', 'SOFT')","[26, 34]",95.03598
"('HARD', 'MEDIUM', 'SOFT')","[26, 35]",94.89701
"('HARD', 'MEDIUM', 'SOFT')","[26, 36]",94.75804
"('HARD', 'MEDIUM', 'SOFT')","[26, 37]",94.61908
"('HARD', 'MEDIUM', 'SOFT')","[26, 38]",94.480095
"('HARD', 'MEDIUM', 'SOFT')","[26, 39]",94.341125
"('HARD', 'MEDIUM', 'SOFT')","[26, 40]",94.20216
"('HARD', 'MEDIUM', 'SOFT')","[26, 41]",94.06319
"('HARD', 'MEDIUM', 'SOFT')","[26, 42]",93.924225
"('HARD', 'MEDIUM', 'SOFT')","[26, 43]",93.78525
"('HARD', 'MEDIUM', 'SOFT')","[26, 44]",93.646286
"('HARD', 'MEDIUM', 'SOFT')","[26, 45]",93.50732
"('HARD', 'MEDIUM', 'SOFT')","[26, 46]",93.36834
"('HARD', 'MEDIUM', 'SOFT')","[27, 28]",96.16333
"('HARD', 'MEDIUM', 'SOFT')","[27, 29]",96.02435
"('HARD', 'MEDIUM', 'SOFT')","[27, 30]",95.88538
"('HARD', 'MEDIUM', 'SOFT')","[27, 31]",95.746414
"('HARD', 'MEDIUM', 'SOFT')","[27, 32]",95.60745
"('HARD', 'MEDIUM', 'SOFT')","[27, 33]",95.468475
"('HARD', 'MEDIUM', 'SOFT')","[27, 34]",95.32951
"('HARD', 'MEDIUM', 'SOFT')","[27, 35]",95.190544
"('HARD', 'MEDIUM', 'SOFT')","[27, 36]",95.051575
"('HARD', 'MEDIUM', 'SOFT')","[27, 37]",94.9126
"('HARD', 'MEDIUM', 'SOFT')","[27, 38]",94.77363
"('HARD', 'MEDIUM', 'SOFT')","[27, 39]",94.63466
"('HARD', 'MEDIUM', 'SOFT')","[27, 40]",94.49568
"('HARD', 'MEDIUM', 'SOFT')","[27, 41]",94.35672
"('HARD', 'MEDIUM', 'SOFT')","[27, 42]",94.21774
"('HARD', 'MEDIUM', 'SOFT')","[27, 43]",94.07878
"('HARD', 'MEDIUM', 'SOFT')","[27, 44]",93.939804
"('HARD', 'MEDIUM', 'SOFT')","[27, 45]",93.800835
"('HARD', 'MEDIUM', 'SOFT')","[27, 46]",93.66187
"('HARD', 'MEDIUM', 'SOFT')","[28, 29]",96.31789
"('HARD', 'MEDIUM', 'SOFT')","[28, 30]",96.17892
"('HARD', 'MEDIUM', 'SOFT')","[28, 31]",96.03995
"('HARD', 'MEDIUM', 'SOFT')","[28, 32]",95.90097
"('HARD', 'MEDIUM', 'SOFT')","[28, 33]",95.76201
"('HARD', 'MEDIUM', 'SOFT')","[28, 34]",95.62303
"('HARD', 'MEDIUM', 'SOFT')","[28, 35]",95.48406
"('HARD', 'MEDIUM', 'SOFT')","[28, 36]",95.34509
"('HARD', 'MEDIUM', 'SOFT')","[28, 37]",95.20613
"('HARD', 'MEDIUM', 'SOFT')","[28, 38]",95.06715
"('HARD', 'MEDIUM', 'SOFT')","[28, 39]",94.92818
"('HARD', 'MEDIUM', 'SOFT')","[28, 40]",94.789215
"('HARD', 'MEDIUM', 'SOFT')","[28, 41]",94.65024
"('HARD', 'MEDIUM', 'SOFT')","[28, 42]",94.51128
"('HARD', 'MEDIUM', 'SOFT')","[28, 43]",94.3723
"('HARD', 'MEDIUM', 'SOFT')","[28, 44]",94.23334
"('HARD', 'MEDIUM', 'SOFT')","[28, 45]",94.09437
"('HARD', 'MEDIUM', 'SOFT')","[28, 46]",93.95539
"('HARD', 'MEDIUM', 'SOFT')","[29, 30]",96.472435
"('HARD', 'MEDIUM', 'SOFT')","[29, 31]",96.333466
"('HARD', 'MEDIUM', 'SOFT')","[29, 32]",96.19449
"('HARD', 'MEDIUM', 'SOFT')","[29, 33]",96.05553
"('HARD', 'MEDIUM', 'SOFT')","[29, 34]",95.91656
"('HARD', 'MEDIUM', 'SOFT')","[29, 35]",95.77759
"('HARD', 'MEDIUM', 'SOFT')","[29, 36]",95.638626
"('HARD', 'MEDIUM', 'SOFT')","[29, 37]",95.49965
"('HARD', 'MEDIUM', 'SOFT')","[29, 38]",95.36067
"('HARD', 'MEDIUM', 'SOFT')","[29, 39]",95.221695
"('HARD', 'MEDIUM', 'SOFT')","[29, 40]",95.08273
"('HARD', 'MEDIUM', 'SOFT')","[29, 41]",94.94376
"('HARD', 'MEDIUM', 'SOFT')","[29, 42]",94.804794
"('HARD', 'MEDIUM', 'SOFT')","[29, 43]",94.66583
"('HARD', 'MEDIUM', 'SOFT')","[29, 44]",94.526855
"('HARD', 'MEDIUM', 'SOFT')","[29, 45]",94.387886
"('HARD', 'MEDIUM', 'SOFT')","[29, 46]",94.24892
"('HARD', 'MEDIUM', 'SOFT')","[30, 31]",96.627
"('HARD', 'MEDIUM', 'SOFT')","[30, 32]",96.48802
"('HARD', 'MEDIUM', 'SOFT')","[30, 33]",96.34906
"('HARD', 'MEDIUM', 'SOFT')","[30, 34]",96.21009
"('HARD', 'MEDIUM', 'SOFT')","[30, 35]",96.07112
"('HARD', 'MEDIUM', 'SOFT')","[30, 36]",95.93216
"('HARD', 'MEDIUM', 'SOFT')","[30, 37]",95.79318
"('HARD', 'MEDIUM', 'SOFT')","[30, 38]",95.654205
"('HARD', 'MEDIUM', 'SOFT')","[30, 39]",95.51523
"('HARD', 'MEDIUM', 'SOFT')","[30, 40]",95.37627
"('HARD', 'MEDIUM', 'SOFT')","[30, 41]",95.2373
"('HARD', 'MEDIUM', 'SOFT')","[30, 42]",95.09833
"('HARD', 'MEDIUM', 'SOFT')","[30, 43]",94.959366
"('HARD', 'MEDIUM', 'SOFT')","[30, 44]",94.82039
"('HARD', 'MEDIUM', 'SOFT')","[30, 45]",94.68142
"('HARD', 'MEDIUM', 'SOFT')","[30, 46]",94.54245
"('HARD', 'MEDIUM', 'SOFT')","[31, 32]",96.781555
"('HARD', 'MEDIUM', 'SOFT')","[31, 33]",96.64258
"('HARD', 'MEDIUM', 'SOFT')","[31, 34]",96.50362
"('HARD', 'MEDIUM', 'SOFT')","[31, 35]",96.36465
"('HARD', 'MEDIUM', 'SOFT')","[31, 36]",96.22568
"('HARD', 'MEDIUM', 'SOFT')","[31, 37]",96.0867
"('HARD', 'MEDIUM', 'SOFT')","[31, 38]",95.94773
"('HARD', 'MEDIUM', 'SOFT')","[31, 39]",95.80876
"('HARD', 'MEDIUM', 'SOFT')","[31, 40]",95.669785
"('HARD', 'MEDIUM', 'SOFT')","[31, 41]",95.53082
"('HARD', 'MEDIUM', 'SOFT')","[31, 42]",95.391846
"('HARD', 'MEDIUM', 'SOFT')","[31, 43]",95.252884
"('HARD', 'MEDIUM', 'SOFT')","[31, 44]",95.11391
"('HARD', 'MEDIUM', 'SOFT')","[31, 45]",94.97494
"('HARD', 'MEDIUM', 'SOFT')","[31, 46]",94.835976
"('HARD', 'MEDIUM', 'SOFT')","[32, 33]",96.93611
"('HARD', 'MEDIUM', 'SOFT')","[32, 34]",96.797134
"('HARD', 'MEDIUM', 'SOFT')","[32, 35]",96.658165
"('HARD', 'MEDIUM', 'SOFT')","[32, 36]",96.519196
"('HARD', 'MEDIUM', 'SOFT')","[32, 37]",96.38023
"('HARD', 'MEDIUM', 'SOFT')","[32, 38]",96.24125
"('HARD', 'MEDIUM', 'SOFT')","[32, 39]",96.10228
"('HARD', 'MEDIUM', 'SOFT')","[32, 40]",95.96332
"('HARD', 'MEDIUM', 'SOFT')","[32, 41]",95.82434
"('HARD', 'MEDIUM', 'SOFT')","[32, 42]",95.68538
"('HARD', 'MEDIUM', 'SOFT')","[32, 43]",95.5464
"('HARD', 'MEDIUM', 'SOFT')","[32, 44]",95.40744
"('HARD', 'MEDIUM', 'SOFT')","[32, 45]",95.26847
"('HARD', 'MEDIUM', 'SOFT')","[32, 46]",95.12949
"('HARD', 'MEDIUM', 'SOFT')","[33, 34]",97.09067
"('HARD', 'MEDIUM', 'SOFT')","[33, 35]",96.9517
"('HARD', 'MEDIUM', 'SOFT')","[33, 36]",96.81273
"('HARD', 'MEDIUM', 'SOFT')","[33, 37]",96.67375
"('HARD', 'MEDIUM', 'SOFT')","[33, 38]",96.53478
"('HARD', 'MEDIUM', 'SOFT')","[33, 39]",96.39581
"('HARD', 'MEDIUM', 'SOFT')","[33, 40]",96.25685
"('HARD', 'MEDIUM', 'SOFT')","[33, 41]",96.117874
"('HARD', 'MEDIUM', 'SOFT')","[33, 42]",95.978905
"('HARD', 'MEDIUM', 'SOFT')","[33, 43]",95.839935
"('HARD', 'MEDIUM', 'SOFT')","[33, 44]",95.70096
"('HARD', 'MEDIUM', 'SOFT')","[33, 45]",95.562
"('HARD', 'MEDIUM', 'SOFT')","[33, 46]",95.42303
"('HARD', 'MEDIUM', 'SOFT')","[34, 35]",97.24522
"('HARD', 'MEDIUM', 'SOFT')","[34, 36]",97.10625
"('HARD', 'MEDIUM', 'SOFT')","[34, 37]",96.96727
"('HARD', 'MEDIUM', 'SOFT')","[34, 38]",96.8283
"('HARD', 'MEDIUM', 'SOFT')","[34, 39]",96.68933
"('HARD', 'MEDIUM', 'SOFT')","[34, 40]",96.55037
"('HARD', 'MEDIUM', 'SOFT')","[34, 41]",96.41139
"('HARD', 'MEDIUM', 'SOFT')","[34, 42]",96.27242
"('HARD', 'MEDIUM', 'SOFT')","[34, 43]",96.13345
"('HARD', 'MEDIUM', 'SOFT')","[34, 44]",95.99448
"('HARD', 'MEDIUM', 'SOFT')","[34, 45]",95.855515
"('HARD', 'MEDIUM', 'SOFT')","[34, 46]",95.716545
"('HARD', 'MEDIUM', 'SOFT')","[35, 36]",97.39978
"('HARD', 'MEDIUM', 'SOFT')","[35, 37]",97.2608
"('HARD', 'MEDIUM', 'SOFT')","[35, 38]",97.12183
"('HARD', 'MEDIUM', 'SOFT')","[35, 39]",96.982864
"('HARD', 'MEDIUM', 'SOFT')","[35, 40]",96.84389
"('HARD', 'MEDIUM', 'SOFT')","[35, 41]",96.704926
"('HARD', 'MEDIUM', 'SOFT')","[35, 42]",96.56595
"('HARD', 'MEDIUM', 'SOFT')","[35, 43]",96.42699
"('HARD', 'MEDIUM', 'SOFT')","[35, 44]",96.28801
"('HARD', 'MEDIUM', 'SOFT')","[35, 45]",96.14904
"('HARD', 'MEDIUM', 'SOFT')","[35, 46]",96.01008
"('HARD', 'MEDIUM', 'SOFT')","[36, 37]",97.55434
"('HARD', 'MEDIUM', 'SOFT')","[36, 38]",97.41536
"('HARD', 'MEDIUM', 'SOFT')","[36, 39]",97.27638
"('HARD', 'MEDIUM', 'SOFT')","[36, 40]",97.13742
"('HARD', 'MEDIUM', 'SOFT')","[36, 41]",96.99845
"('HARD', 'MEDIUM', 'SOFT')","[36, 42]",96.85948
"('HARD', 'MEDIUM', 'SOFT')","[36, 43]",96.72052
"('HARD', 'MEDIUM', 'SOFT')","[36, 44]",96.58154
"('HARD', 'MEDIUM', 'SOFT')","[36, 45]",96.44257
"('HARD', 'MEDIUM', 'SOFT')","[36, 46]",96.303604
"('HARD', 'MEDIUM', 'SOFT')","[37, 38]",97.708885
"('HARD', 'MEDIUM', 'SOFT')","[37, 39]",97.569916
"('HARD', 'MEDIUM', 'SOFT')","[37, 40]",97.430954
"('HARD', 'MEDIUM', 'SOFT')","[37, 41]",97.29198
"('HARD', 'MEDIUM', 'SOFT')","[37, 42]",97.15301
"('HARD', 'MEDIUM', 'SOFT')","[37, 43]",97.01404
"('HARD', 'MEDIUM', 'SOFT')","[37, 44]",96.87506
"('HARD', 'MEDIUM', 'SOFT')","[37, 45]",96.7361
"('HARD', 'MEDIUM', 'SOFT')","[37, 46]",96.59713
"('HARD', 'MEDIUM', 'SOFT')","[38, 39]",97.86345
"('HARD', 'MEDIUM', 'SOFT')","[38, 40]",97.72449
"('HARD', 'MEDIUM', 'SOFT')","[38, 41]",97.58551
"('HARD', 'MEDIUM', 'SOFT')","[38, 42]",97.44655
"('HARD', 'MEDIUM', 'SOFT')","[38, 43]",97.30757
"('HARD', 'MEDIUM', 'SOFT')","[38, 44]",97.16861
"('HARD', 'MEDIUM', 'SOFT')","[38, 45]",97.02964
"('HARD', 'MEDIUM', 'SOFT')","[38, 46]",96.89066
"('HARD', 'MEDIUM', 'SOFT')","[39, 40]",98.018005
"('HARD', 'MEDIUM', 'SOFT')","[39, 41]",97.87904
"('HARD', 'MEDIUM', 'SOFT')","[39, 42]",97.74007
"('HARD', 'MEDIUM', 'SOFT')","[39, 43]",97.601105
"('HARD', 'MEDIUM', 'SOFT')","[39, 44]",97.46213
"('HARD', 'MEDIUM', 'SOFT')","[39, 45]",97.32316
"('HARD', 'MEDIUM', 'SOFT')","[39, 46]",97.1842
"('HARD', 'MEDIUM', 'SOFT')","[40, 41]",98.17257
"('HARD', 'MEDIUM', 'SOFT')","[40, 42]",98.0336
"('HARD', 'MEDIUM', 'SOFT')","[40, 43]",97.89464
"('HARD', 'MEDIUM', 'SOFT')","[40, 44]",97.75566
"('HARD', 'MEDIUM', 'SOFT')","[40, 45]",97.61669
"('HARD', 'MEDIUM', 'SOFT')","[40, 46]",97.47772
"('HARD', 'MEDIUM', 'SOFT')","[41, 42]",98.32713
"('HARD', 'MEDIUM', 'SOFT')","[41, 43]",98.18817
"('HARD', 'MEDIUM', 'SOFT')","[41, 44]",98.049194
"('HARD', 'MEDIUM', 'SOFT')","[41, 45]",97.910225
"('HARD', 'MEDIUM', 'SOFT')","[41, 46]",97.771255
"('HARD', 'MEDIUM', 'SOFT')","[42, 43]",98.48169
"('HARD', 'MEDIUM', 'SOFT')","[42, 44]",98.34271
"('HARD', 'MEDIUM', 'SOFT')","[42, 45]",98.20374
"('HARD', 'MEDIUM', 'SOFT')","[42, 46]",98.06478
"('HARD', 'MEDIUM', 'SOFT')","[43, 44]",98.636246
"('HARD', 'MEDIUM', 'SOFT')","[43, 45]",98.49728
"('HARD', 'MEDIUM', 'SOFT')","[43, 46]",98.358315
"('HARD', 'MEDIUM', 'SOFT')","[44, 45]",98.79081
"('HARD', 'MEDIUM', 'SOFT')","[44, 46]",98.65184
"('HARD', 'MEDIUM', 'SOFT')","[45, 46]",98.945366
"('HARD', 'MEDIUM', 'MEDIUM')","[10, 11]",85.53326
"('HARD', 'MEDIUM', 'MEDIUM')","[10, 12]",85.56825
"('HARD', 'MEDIUM', 'MEDIUM')","[10, 13]",85.60326
"('HARD', 'MEDIUM', 'MEDIUM')","[10, 14]",85.63826
"('HARD', 'MEDIUM', 'MEDIUM')","[10, 15]",85.673256
"('HARD', 'MEDIUM', 'MEDIUM')","[10, 16]",85.70825
"('HARD', 'MEDIUM', 'MEDIUM')","[10, 17]",85.743256
"('HARD', 'MEDIUM', 'MEDIUM')","[10, 18]",85.77825
"('HARD', 'MEDIUM', 'MEDIUM')","[10, 19]",85.81325
"('HARD', 'MEDIUM', 'MEDIUM')","[10, 20]",85.84825
"('HARD', 'MEDIUM', 'MEDIUM')","[10, 21]",85.883255
"('HARD', 'MEDIUM', 'MEDIUM')","[10, 22]",85.91826
"('HARD', 'MEDIUM', 'MEDIUM')","[10, 23]",85.95326
"('HARD', 'MEDIUM', 'MEDIUM')","[10, 24]",85.98825
"('HARD', 'MEDIUM', 'MEDIUM')","[10, 25]",86.023254
"('HARD', 'MEDIUM', 'MEDIUM')","[10, 26]",86.05825
"('HARD', 'MEDIUM', 'MEDIUM')","[10, 27]",86.09325
"('HARD', 'MEDIUM', 'MEDIUM')","[10, 28]",86.12825
"('HARD', 'MEDIUM', 'MEDIUM')","[10, 29]",86.16325
"('HARD', 'MEDIUM', 'MEDIUM')","[10, 30]",86.19826
"('HARD', 'MEDIUM', 'MEDIUM')","[10, 31]",86.23326
"('HARD', 'MEDIUM', 'MEDIUM')","[10, 32]",86.26825
"('HARD', 'MEDIUM', 'MEDIUM')","[10, 33]",86.30325
"('HARD', 'MEDIUM', 'MEDIUM')","[10, 34]",86.33825
"('HARD', 'MEDIUM', 'MEDIUM')","[10, 35]",86.373245
"('HARD', 'MEDIUM', 'MEDIUM')","[10, 36]",86.40826
"('HARD', 'MEDIUM', 'MEDIUM')","[10, 37]",86.44326
"('HARD', 'MEDIUM', 'MEDIUM')","[10, 38]",86.47826
"('HARD', 'MEDIUM', 'MEDIUM')","[10, 39]",86.51326
"('HARD', 'MEDIUM', 'MEDIUM')","[10, 40]",86.548256
"('HARD', 'MEDIUM', 'MEDIUM')","[10, 41]",86.58325
"('HARD', 'MEDIUM', 'MEDIUM')","[10, 42]",86.618256
"('HARD', 'MEDIUM', 'MEDIUM')","[10, 43]",86.65326
"('HARD', 'MEDIUM', 'MEDIUM')","[10, 44]",86.688255
"('HARD', 'MEDIUM', 'MEDIUM')","[10, 45]",86.72326
"('HARD', 'MEDIUM', 'MEDIUM')","[10, 46]",86.758255
"('HARD', 'MEDIUM', 'MEDIUM')","[11, 12]",85.861786
"('HARD', 'MEDIUM', 'MEDIUM')","[11, 13]",85.89678
"('HARD', 'MEDIUM', 'MEDIUM')","[11, 14]",85.93178
"('HARD', 'MEDIUM', 'MEDIUM')","[11, 15]",85.96678
"('HARD', 'MEDIUM', 'MEDIUM')","[11, 16]",86.001785
"('HARD', 'MEDIUM', 'MEDIUM')","[11, 17]",86.03678
"('HARD', 'MEDIUM', 'MEDIUM')","[11, 18]",86.071785
"('HARD', 'MEDIUM', 'MEDIUM')","[11, 19]",86.10678
"('HARD', 'MEDIUM', 'MEDIUM')","[11, 20]",86.141785
"('HARD', 'MEDIUM', 'MEDIUM')","[11, 21]",86.17678
"('HARD', 'MEDIUM', 'MEDIUM')","[11, 22]",86.211784
"('HARD', 'MEDIUM', 'MEDIUM')","[11, 23]",86.24678
"('HARD', 'MEDIUM', 'MEDIUM')","[11, 24]",86.281784
"('HARD', 'MEDIUM', 'MEDIUM')","[11, 25]",86.31678
"('HARD', 'MEDIUM', 'MEDIUM')","[11, 26]",86.35178
"('HARD', 'MEDIUM', 'MEDIUM')","[11, 27]",86.38678
"('HARD', 'MEDIUM', 'MEDIUM')","[11, 28]",86.42178
"('HARD', 'MEDIUM', 'MEDIUM')","[11, 29]",86.45678
"('HARD', 'MEDIUM', 'MEDIUM')","[11, 30]",86.49178
"('HARD', 'MEDIUM', 'MEDIUM')","[11, 31]",86.52678
"('HARD', 'MEDIUM', 'MEDIUM')","[11, 32]",86.56178
"('HARD', 'MEDIUM', 'MEDIUM')","[11, 33]",86.59678
"('HARD', 'MEDIUM', 'MEDIUM')","[11, 34]",86.63178
"('HARD', 'MEDIUM', 'MEDIUM')","[11, 35]",86.66678
"('HARD', 'MEDIUM', 'MEDIUM')","[11, 36]",86.70178
"('HARD', 'MEDIUM', 'MEDIUM')","[11, 37]",86.736786
"('HARD', 'MEDIUM', 'MEDIUM')","[11, 38]",86.77179
"('HARD', 'MEDIUM', 'MEDIUM')","[11, 39]",86.80678
"('HARD', 'MEDIUM', 'MEDIUM')","[11, 40]",86.84178
"('HARD', 'MEDIUM', 'MEDIUM')","[11, 41]",86.876785
"('HARD', 'MEDIUM', 'MEDIUM')","[11, 42]",86.91179
"('HARD', 'MEDIUM', 'MEDIUM')","[11, 43]",86.94678
"('HARD', 'MEDIUM', 'MEDIUM')","[11, 44]",86.98178
"('HARD', 'MEDIUM', 'MEDIUM')","[11, 45]",87.016785
"('HARD', 'MEDIUM', 'MEDIUM')","[11, 46]",87.05179
"('HARD', 'MEDIUM', 'MEDIUM')","[12, 13]",86.190315
"('HARD', 'MEDIUM', 'MEDIUM')","[12, 14]",86.22531
"('HARD', 'MEDIUM', 'MEDIUM')","[12, 15]",86.260315
"('HARD', 'MEDIUM', 'MEDIUM')","[12, 16]",86.2953
"('HARD', 'MEDIUM', 'MEDIUM')","[12, 17]",86.330315
"('HARD', 'MEDIUM', 'MEDIUM')","[12, 18]",86.36531
"('HARD', 'MEDIUM', 'MEDIUM')","[12, 19]",86.400314
"('HARD', 'MEDIUM', 'MEDIUM')","[12, 20]",86.43532
"('HARD', 'MEDIUM', 'MEDIUM')","[12, 21]",86.47031
"('HARD', 'MEDIUM', 'MEDIUM')","[12, 22]",86.50531
"('HARD', 'MEDIUM', 'MEDIUM')","[12, 23]",86.54031
"('HARD', 'MEDIUM', 'MEDIUM')","[12, 24]",86.5753
"('HARD', 'MEDIUM', 'MEDIUM')","[12, 25]",86.61031
"('HARD', 'MEDIUM', 'MEDIUM')","[12, 26]",86.64531
"('HARD', 'MEDIUM', 'MEDIUM')","[12, 27]",86.68031
"('HARD', 'MEDIUM', 'MEDIUM')","[12, 28]",86.71532
"('HARD', 'MEDIUM', 'MEDIUM')","[12, 29]",86.750305
"('HARD', 'MEDIUM', 'MEDIUM')","[12, 30]",86.78531
"('HARD', 'MEDIUM', 'MEDIUM')","[12, 31]",86.82031
"('HARD', 'MEDIUM', 'MEDIUM')","[12, 32]",86.8553
"('HARD', 'MEDIUM', 'MEDIUM')","[12, 33]",86.89031
"('HARD', 'MEDIUM', 'MEDIUM')","[12, 34]",86.92531
"('HARD', 'MEDIUM', 'MEDIUM')","[12, 35]",86.96031
"('HARD', 'MEDIUM', 'MEDIUM')","[12, 36]",86.995316
"('HARD', 'MEDIUM', 'MEDIUM')","[12, 37]",87.03031
"('HARD', 'MEDIUM', 'MEDIUM')","[12, 38]",87.06531
"('HARD', 'MEDIUM', 'MEDIUM')","[12, 39]",87.10031
"('HARD', 'MEDIUM', 'MEDIUM')","[12, 40]",87.13531
"('HARD', 'MEDIUM', 'MEDIUM')","[12, 41]",87.17031
"('HARD', 'MEDIUM', 'MEDIUM')","[12, 42]",87.20531
"('HARD', 'MEDIUM', 'MEDIUM')","[12, 43]",87.24031
"('HARD', 'MEDIUM', 'MEDIUM')","[12, 44]",87.275314
"('HARD', 'MEDIUM', 'MEDIUM')","[12, 45]",87.31031
"('HARD', 'MEDIUM', 'MEDIUM')","[12, 46]",87.34531
"('HARD', 'MEDIUM', 'MEDIUM')","[13, 14]",86.51883
"('HARD', 'MEDIUM', 'MEDIUM')","[13, 15]",86.55384
"('HARD', 'MEDIUM', 'MEDIUM')","[13, 16]",86.58884
"('HARD', 'MEDIUM', 'MEDIUM')","[13, 17]",86.62384
"('HARD', 'MEDIUM', 'MEDIUM')","[13, 18]",86.65884
"('HARD', 'MEDIUM', 'MEDIUM')","[13, 19]",86.69383
"('HARD', 'MEDIUM', 'MEDIUM')","[13, 20]",86.728836
"('HARD', 'MEDIUM', 'MEDIUM')","[13, 21]",86.76384
"('HARD', 'MEDIUM', 'MEDIUM')","[13, 22]",86.798836
"('HARD', 'MEDIUM', 'MEDIUM')","[13, 23]",86.83383
"('HARD', 'MEDIUM', 'MEDIUM')","[13, 24]",86.868835
"('HARD', 'MEDIUM', 'MEDIUM')","[13, 25]",86.90384
"('HARD', 'MEDIUM', 'MEDIUM')","[13, 26]",86.938835
"('HARD', 'MEDIUM', 'MEDIUM')","[13, 27]",86.97383
"('HARD', 'MEDIUM', 'MEDIUM')","[13, 28]",87.008835
"('HARD', 'MEDIUM', 'MEDIUM')","[13, 29]",87.04384
"('HARD', 'MEDIUM', 'MEDIUM')","[13, 30]",87.078835
"('HARD', 'MEDIUM', 'MEDIUM')","[13, 31]",87.11383
"('HARD', 'MEDIUM', 'MEDIUM')","[13, 32]",87.148834
"('HARD', 'MEDIUM', 'MEDIUM')","[13, 33]",87.18384
"('HARD', 'MEDIUM', 'MEDIUM')","[13, 34]",87.218834
"('HARD', 'MEDIUM', 'MEDIUM')","[13, 35]",87.25383
"('HARD', 'MEDIUM', 'MEDIUM')","[13, 36]",87.28884
"('HARD', 'MEDIUM', 'MEDIUM')","[13, 37]",87.32384
"('HARD', 'MEDIUM', 'MEDIUM')","[13, 38]",87.35884
"('HARD', 'MEDIUM', 'MEDIUM')","[13, 39]",87.393845
"('HARD', 'MEDIUM', 'MEDIUM')","[13, 40]",87.42884
"('HARD', 'MEDIUM', 'MEDIUM')","[13, 41]",87.46384
"('HARD', 'MEDIUM', 'MEDIUM')","[13, 42]",87.49884
"('HARD', 'MEDIUM', 'MEDIUM')","[13, 43]",87.533844
"('HARD', 'MEDIUM', 'MEDIUM')","[13, 44]",87.56884
"('HARD', 'MEDIUM', 'MEDIUM')","[13, 45]",87.603836
"('HARD', 'MEDIUM', 'MEDIUM')","[13, 46]",87.63884
"('HARD', 'MEDIUM', 'MEDIUM')","[14, 15]",86.84737
"('HARD', 'MEDIUM', 'MEDIUM')","[14, 16]",86.88237
"('HARD', 'MEDIUM', 'MEDIUM')","[14, 17]",86.917366
"('HARD', 'MEDIUM', 'MEDIUM')","[14, 18]",86.95237
"('HARD', 'MEDIUM', 'MEDIUM')","[14, 19]",86.987366
"('HARD', 'MEDIUM', 'MEDIUM')","[14, 20]",87.02237
"('HARD', 'MEDIUM', 'MEDIUM')","[14, 21]",87.057365
"('HARD', 'MEDIUM', 'MEDIUM')","[14, 22]",87.09236
"('HARD', 'MEDIUM', 'MEDIUM')","[14, 23]",87.127365
"('HARD', 'MEDIUM', 'MEDIUM')","[14, 24]",87.16237
"('HARD', 'MEDIUM', 'MEDIUM')","[14, 25]",87.197365
"('HARD', 'MEDIUM', 'MEDIUM')","[14, 26]",87.23237
"('HARD', 'MEDIUM', 'MEDIUM')","[14, 27]",87.267365
"('HARD', 'MEDIUM', 'MEDIUM')","[14, 28]",87.30237
"('HARD', 'MEDIUM', 'MEDIUM')","[14, 29]",87.337364
"('HARD', 'MEDIUM', 'MEDIUM')","[14, 30]",87.37236
"('HARD', 'MEDIUM', 'MEDIUM')","[14, 31]",87.407364
"('HARD', 'MEDIUM', 'MEDIUM')","[14, 32]",87.44237
"('HARD', 'MEDIUM', 'MEDIUM')","[14, 33]",87.47736
"('HARD', 'MEDIUM', 'MEDIUM')","[14, 34]",87.51237
"('HARD', 'MEDIUM', 'MEDIUM')","[14, 35]",87.54736
"('HARD', 'MEDIUM', 'MEDIUM')","[14, 36]",87.58237
"('HARD', 'MEDIUM', 'MEDIUM')","[14, 37]",87.61736
"('HARD', 'MEDIUM', 'MEDIUM')","[14, 38]",87.652374
"('HARD', 'MEDIUM', 'MEDIUM')","[14, 39]",87.68736
"('HARD', 'MEDIUM', 'MEDIUM')","[14, 40]",87.72237
"('HARD', 'MEDIUM', 'MEDIUM')","[14, 41]",87.75737
"('HARD', 'MEDIUM', 'MEDIUM')","[14, 42]",87.79236
"('HARD', 'MEDIUM', 'MEDIUM')","[14, 43]",87.82736
"('HARD', 'MEDIUM', 'MEDIUM')","[14, 44]",87.862366
"('HARD', 'MEDIUM', 'MEDIUM')","[14, 45]",87.89736
"('HARD', 'MEDIUM', 'MEDIUM')","[14, 46]",87.93237
"('HARD', 'MEDIUM', 'MEDIUM')","[15, 16]",87.17589
"('HARD', 'MEDIUM', 'MEDIUM')","[15, 17]",87.21089
"('HARD', 'MEDIUM', 'MEDIUM')","[15, 18]",87.24589
"('HARD', 'MEDIUM', 'MEDIUM')","[15, 19]",87.28088
"('HARD', 'MEDIUM', 'MEDIUM')","[15, 20]",87.31589
"('HARD', 'MEDIUM', 'MEDIUM')","[15, 21]",87.35089
"('HARD', 'MEDIUM', 'MEDIUM')","[15, 22]",87.38589
"('HARD', 'MEDIUM', 'MEDIUM')","[15, 23]",87.42088
"('HARD', 'MEDIUM', 'MEDIUM')","[15, 24]",87.45589
"('HARD', 'MEDIUM', 'MEDIUM')","[15, 25]",87.49089
"('HARD', 'MEDIUM', 'MEDIUM')","[15, 26]",87.52589
"('HARD', 'MEDIUM', 'MEDIUM')","[15, 27]",87.56088
"('HARD', 'MEDIUM', 'MEDIUM')","[15, 28]",87.59589
"('HARD', 'MEDIUM', 'MEDIUM')","[15, 29]",87.63089
"('HARD', 'MEDIUM', 'MEDIUM')","[15, 30]",87.665886
"('HARD', 'MEDIUM', 'MEDIUM')","[15, 31]",87.70088
"('HARD', 'MEDIUM', 'MEDIUM')","[15, 32]",87.735886
"('HARD', 'MEDIUM', 'MEDIUM')","[15, 33]",87.77089
"('HARD', 'MEDIUM', 'MEDIUM')","[15, 34]",87.805885
"('HARD', 'MEDIUM', 'MEDIUM')","[15, 35]",87.84088
"('HARD', 'MEDIUM', 'MEDIUM')","[15, 36]",87.87589
"('HARD', 'MEDIUM', 'MEDIUM')","[15, 37]",87.91089
"('HARD', 'MEDIUM', 'MEDIUM')","[15, 38]",87.94589
"('HARD', 'MEDIUM', 'MEDIUM')","[15, 39]",87.980896
"('HARD', 'MEDIUM', 'MEDIUM')","[15, 40]",88.01589
"('HARD', 'MEDIUM', 'MEDIUM')","[15, 41]",88.05089
"('HARD', 'MEDIUM', 'MEDIUM')","[15, 42]",88.08589
"('HARD', 'MEDIUM', 'MEDIUM')","[15, 43]",88.120895
"('HARD', 'MEDIUM', 'MEDIUM')","[15, 44]",88.15589
"('HARD', 'MEDIUM', 'MEDIUM')","[15, 45]",88.19089
"('HARD', 'MEDIUM', 'MEDIUM')","[15, 46]",88.22589
"('HARD', 'MEDIUM', 'MEDIUM')","[16, 17]",87.50442
"('HARD', 'MEDIUM', 'MEDIUM')","[16, 18]",87.53942
"('HARD', 'MEDIUM', 'MEDIUM')","[16, 19]",87.57442
"('HARD', 'MEDIUM', 'MEDIUM')","[16, 20]",87.60942
"('HARD', 'MEDIUM', 'MEDIUM')","[16, 21]",87.64442
"('HARD', 'MEDIUM', 'MEDIUM')","[16, 22]",87.67941
"('HARD', 'MEDIUM', 'MEDIUM')","[16, 23]",87.71442
"('HARD', 'MEDIUM', 'MEDIUM')","[16, 24]",87.74942
"('HARD', 'MEDIUM', 'MEDIUM')","[16, 25]",87.78442
"('HARD', 'MEDIUM', 'MEDIUM')","[16, 26]",87.81942
"('HARD', 'MEDIUM', 'MEDIUM')","[16, 27]",87.854416
"('HARD', 'MEDIUM', 'MEDIUM')","[16, 28]",87.88942
"('HARD', 'MEDIUM', 'MEDIUM')","[16, 29]",87.924416
"('HARD', 'MEDIUM', 'MEDIUM')","[16, 30]",87.95941
"('HARD', 'MEDIUM', 'MEDIUM')","[16, 31]",87.994415
"('HARD', 'MEDIUM', 'MEDIUM')","[16, 32]",88.02942
"('HARD', 'MEDIUM', 'MEDIUM')","[16, 33]",88.064415
"('HARD', 'MEDIUM', 'MEDIUM')","[16, 34]",88.09942
"('HARD', 'MEDIUM', 'MEDIUM')","[16, 35]",88.134415
"('HARD', 'MEDIUM', 'MEDIUM')","[16, 36]",88.16942
"('HARD', 'MEDIUM', 'MEDIUM')","[16, 37]",88.204414
"('HARD', 'MEDIUM', 'MEDIUM')","[16, 38]",88.239426
"('HARD', 'MEDIUM', 'MEDIUM')","[16, 39]",88.274414
"('HARD', 'MEDIUM', 'MEDIUM')","[16, 40]",88.30942
"('HARD', 'MEDIUM', 'MEDIUM')","[16, 41]",88.34442
"('HARD', 'MEDIUM', 'MEDIUM')","[16, 42]",88.37941
"('HARD', 'MEDIUM', 'MEDIUM')","[16, 43]",88.41441
"('HARD', 'MEDIUM', 'MEDIUM')","[16, 44]",88.44942
"('HARD', 'MEDIUM', 'MEDIUM')","[16, 45]",88.48441
"('HARD', 'MEDIUM', 'MEDIUM')","[16, 46]",88.519424
"('HARD', 'MEDIUM', 'MEDIUM')","[17, 18]",87.83294
"('HARD', 'MEDIUM', 'MEDIUM')","[17, 19]",87.867935
"('HARD', 'MEDIUM', 'MEDIUM')","[17, 20]",87.90294
"('HARD', 'MEDIUM', 'MEDIUM')","[17, 21]",87.93794
"('HARD', 'MEDIUM', 'MEDIUM')","[17, 22]",87.972946
"('HARD', 'MEDIUM', 'MEDIUM')","[17, 23]",88.00795
"('HARD', 'MEDIUM', 'MEDIUM')","[17, 24]",88.04294
"('HARD', 'MEDIUM', 'MEDIUM')","[17, 25]",88.07794
"('HARD', 'MEDIUM', 'MEDIUM')","[17, 26]",88.11294
"('HARD', 'MEDIUM', 'MEDIUM')","[17, 27]",88.147934
"('HARD', 'MEDIUM', 'MEDIUM')","[17, 28]",88.18294
"('HARD', 'MEDIUM', 'MEDIUM')","[17, 29]",88.21794
"('HARD', 'MEDIUM', 'MEDIUM')","[17, 30]",88.252945
"('HARD', 'MEDIUM', 'MEDIUM')","[17, 31]",88.28795
"('HARD', 'MEDIUM', 'MEDIUM')","[17, 32]",88.32294
"('HARD', 'MEDIUM', 'MEDIUM')","[17, 33]",88.35794
"('HARD', 'MEDIUM', 'MEDIUM')","[17, 34]",88.39294
"('HARD', 'MEDIUM', 'MEDIUM')","[17, 35]",88.42793
"('HARD', 'MEDIUM', 'MEDIUM')","[17, 36]",88.462944
"('HARD', 'MEDIUM', 'MEDIUM')","[17, 37]",88.49795
"('HARD', 'MEDIUM', 'MEDIUM')","[17, 38]",88.53294
"('HARD', 'MEDIUM', 'MEDIUM')","[17, 39]",88.56795
"('HARD', 'MEDIUM', 'MEDIUM')","[17, 40]",88.60294
"('HARD', 'MEDIUM', 'MEDIUM')","[17, 41]",88.63794
"('HARD', 'MEDIUM', 'MEDIUM')","[17, 42]",88.67294
"('HARD', 'MEDIUM', 'MEDIUM')","[17, 43]",88.70795
"('HARD', 'MEDIUM', 'MEDIUM')","[17, 44]",88.74294
"('HARD', 'MEDIUM', 'MEDIUM')","[17, 45]",88.77795
"('HARD', 'MEDIUM', 'MEDIUM')","[17, 46]",88.81294
"('HARD', 'MEDIUM', 'MEDIUM')","[18, 19]",88.16147
"('HARD', 'MEDIUM', 'MEDIUM')","[18, 20]",88.19647
"('HARD', 'MEDIUM', 'MEDIUM')","[18, 21]",88.231476
"('HARD', 'MEDIUM', 'MEDIUM')","[18, 22]",88.26647
"('HARD', 'MEDIUM', 'MEDIUM')","[18, 23]",88.30147
"('HARD', 'MEDIUM', 'MEDIUM')","[18, 24]",88.33647
"('HARD', 'MEDIUM', 'MEDIUM')","[18, 25]",88.37147
"('HARD', 'MEDIUM', 'MEDIUM')","[18, 26]",88.40647
"('HARD', 'MEDIUM', 'MEDIUM')","[18, 27]",88.44147
"('HARD', 'MEDIUM', 'MEDIUM')","[18, 28]",88.47647
"('HARD', 'MEDIUM', 'MEDIUM')","[18, 29]",88.511475
"('HARD', 'MEDIUM', 'MEDIUM')","[18, 30]",88.54647
"('HARD', 'MEDIUM', 'MEDIUM')","[18, 31]",88.58147
"('HARD', 'MEDIUM', 'MEDIUM')","[18, 32]",88.61647
"('HARD', 'MEDIUM', 'MEDIUM')","[18, 33]",88.65147
"('HARD', 'MEDIUM', 'MEDIUM')","[18, 34]",88.68647
"('HARD', 'MEDIUM', 'MEDIUM')","[18, 35]",88.721466
"('HARD', 'MEDIUM', 'MEDIUM')","[18, 36]",88.75647
"('HARD', 'MEDIUM', 'MEDIUM')","[18, 37]",88.79147
"('HARD', 'MEDIUM', 'MEDIUM')","[18, 38]",88.82648
"('HARD', 'MEDIUM', 'MEDIUM')","[18, 39]",88.86148
"('HARD', 'MEDIUM', 'MEDIUM')","[18, 40]",88.89648
"('HARD', 'MEDIUM', 'MEDIUM')","[18, 41]",88.93147
"('HARD', 'MEDIUM', 'MEDIUM')","[18, 42]",88.96648
"('HARD', 'MEDIUM', 'MEDIUM')","[18, 43]",89.001465
"('HARD', 'MEDIUM', 'MEDIUM')","[18, 44]",89.03647
"('HARD', 'MEDIUM', 'MEDIUM')","[18, 45]",89.07147
"('HARD', 'MEDIUM', 'MEDIUM')","[18, 46]",89.106476
"('HARD', 'MEDIUM', 'MEDIUM')","[19, 20]",88.490005
"('HARD', 'MEDIUM', 'MEDIUM')","[19, 21]",88.524994
"('HARD', 'MEDIUM', 'MEDIUM')","[19, 22]",88.56
"('HARD', 'MEDIUM', 'MEDIUM')","[19, 23]",88.595
"('HARD', 'MEDIUM', 'MEDIUM')","[19, 24]",88.62999
"('HARD', 'MEDIUM', 'MEDIUM')","[19, 25]",88.665
"('HARD', 'MEDIUM', 'MEDIUM')","[19, 26]",88.7
"('HARD', 'MEDIUM', 'MEDIUM')","[19, 27]",88.735
"('HARD', 'MEDIUM', 'MEDIUM')","[19, 28]",88.770004
"('HARD', 'MEDIUM', 'MEDIUM')","[19, 29]",88.80499
"('HARD', 'MEDIUM', 'MEDIUM')","[19, 30]",88.84
"('HARD', 'MEDIUM', 'MEDIUM')","[19, 31]",88.875
"('HARD', 'MEDIUM', 'MEDIUM')","[19, 32]",88.90999
"('HARD', 'MEDIUM', 'MEDIUM')","[19, 33]",88.945
"('HARD', 'MEDIUM', 'MEDIUM')","[19, 34]",88.979996
"('HARD', 'MEDIUM', 'MEDIUM')","[19, 35]",89.015
"('HARD', 'MEDIUM', 'MEDIUM')","[19, 36]",89.05
"('HARD', 'MEDIUM', 'MEDIUM')","[19, 37]",89.085
"('HARD', 'MEDIUM', 'MEDIUM')","[19, 38]",89.119995
"('HARD', 'MEDIUM', 'MEDIUM')","[19, 39]",89.155
"('HARD', 'MEDIUM', 'MEDIUM')","[19, 40]",89.189995
"('HARD', 'MEDIUM', 'MEDIUM')","[19, 41]",89.225
"('HARD', 'MEDIUM', 'MEDIUM')","[19, 42]",89.259995
"('HARD', 'MEDIUM', 'MEDIUM')","[19, 43]",89.295
"('HARD', 'MEDIUM', 'MEDIUM')","[19, 44]",89.33
"('HARD', 'MEDIUM', 'MEDIUM')","[19, 45]",89.365
"('HARD', 'MEDIUM', 'MEDIUM')","[19, 46]",89.399994
"('HARD', 'MEDIUM', 'MEDIUM')","[20, 21]",88.81853
"('HARD', 'MEDIUM', 'MEDIUM')","[20, 22]",88.85353
"('HARD', 'MEDIUM', 'MEDIUM')","[20, 23]",88.888535
"('HARD', 'MEDIUM', 'MEDIUM')","[20, 24]",88.92352
"('HARD', 'MEDIUM', 'MEDIUM')","[20, 25]",88.95853
"('HARD', 'MEDIUM', 'MEDIUM')","[20, 26]",88.99352
"('HARD', 'MEDIUM', 'MEDIUM')","[20, 27]",89.02852
"('HARD', 'MEDIUM', 'MEDIUM')","[20, 28]",89.06352
"('HARD', 'MEDIUM', 'MEDIUM')","[20, 29]",89.098526
"('HARD', 'MEDIUM', 'MEDIUM')","[20, 30]",89.13353
"('HARD', 'MEDIUM', 'MEDIUM')","[20, 31]",89.16853
"('HARD', 'MEDIUM', 'MEDIUM')","[20, 32]",89.20352
"('HARD', 'MEDIUM', 'MEDIUM')","[20, 33]",89.238525
"('HARD', 'MEDIUM', 'MEDIUM')","[20, 34]",89.27352
"('HARD', 'MEDIUM', 'MEDIUM')","[20, 35]",89.30852
"('HARD', 'MEDIUM', 'MEDIUM')","[20, 36]",89.34353
"('HARD', 'MEDIUM', 'MEDIUM')","[20, 37]",89.37853
"('HARD', 'MEDIUM', 'MEDIUM')","[20, 38]",89.41353
"('HARD', 'MEDIUM', 'MEDIUM')","[20, 39]",89.44853
"('HARD', 'MEDIUM', 'MEDIUM')","[20, 40]",89.48353
"('HARD', 'MEDIUM', 'MEDIUM')","[20, 41]",89.518524
"('HARD', 'MEDIUM', 'MEDIUM')","[20, 42]",89.55353
"('HARD', 'MEDIUM', 'MEDIUM')","[20, 43]",89.58853
"('HARD', 'MEDIUM', 'MEDIUM')","[20, 44]",89.62353
"('HARD', 'MEDIUM', 'MEDIUM')","[20, 45]",89.65853
"('HARD', 'MEDIUM', 'MEDIUM')","[20, 46]",89.69353
"('HARD', 'MEDIUM', 'MEDIUM')","[21, 22]",89.14705
"('HARD', 'MEDIUM', 'MEDIUM')","[21, 23]",89.18205
"('HARD', 'MEDIUM', 'MEDIUM')","[21, 24]",89.21706
"('HARD', 'MEDIUM', 'MEDIUM')","[21, 25]",89.25205
"('HARD', 'MEDIUM', 'MEDIUM')","[21, 26]",89.287056
"('HARD', 'MEDIUM', 'MEDIUM')","[21, 27]",89.32205
"('HARD', 'MEDIUM', 'MEDIUM')","[21, 28]",89.357056
"('HARD', 'MEDIUM', 'MEDIUM')","[21, 29]",89.39205
"('HARD', 'MEDIUM', 'MEDIUM')","[21, 30]",89.42705
"('HARD', 'MEDIUM', 'MEDIUM')","[21, 31]",89.46205
"('HARD', 'MEDIUM', 'MEDIUM')","[21, 32]",89.497055
"('HARD', 'MEDIUM', 'MEDIUM')","[21, 33]",89.53205
"('HARD', 'MEDIUM', 'MEDIUM')","[21, 34]",89.567055
"('HARD', 'MEDIUM', 'MEDIUM')","[21, 35]",89.60205
"('HARD', 'MEDIUM', 'MEDIUM')","[21, 36]",89.637054
"('HARD', 'MEDIUM', 'MEDIUM')","[21, 37]",89.67205
"('HARD', 'MEDIUM', 'MEDIUM')","[21, 38]",89.70706
"('HARD', 'MEDIUM', 'MEDIUM')","[21, 39]",89.74205
"('HARD', 'MEDIUM', 'MEDIUM')","[21, 40]",89.777054
"('HARD', 'MEDIUM', 'MEDIUM')","[21, 41]",89.81206
"('HARD', 'MEDIUM', 'MEDIUM')","[21, 42]",89.847046
"('HARD', 'MEDIUM', 'MEDIUM')","[21, 43]",89.88205
"('HARD', 'MEDIUM', 'MEDIUM')","[21, 44]",89.91705
"('HARD', 'MEDIUM', 'MEDIUM')","[21, 45]",89.95205
"('HARD', 'MEDIUM', 'MEDIUM')","[21, 46]",89.98706
"('HARD', 'MEDIUM', 'MEDIUM')","[22, 23]",89.475586
"('HARD', 'MEDIUM', 'MEDIUM')","[22, 24]",89.510574
"('HARD', 'MEDIUM', 'MEDIUM')","[22, 25]",89.54558
"('HARD', 'MEDIUM', 'MEDIUM')","[22, 26]",89.580574
"('HARD', 'MEDIUM', 'MEDIUM')","[22, 27]",89.61557
"('HARD', 'MEDIUM', 'MEDIUM')","[22, 28]",89.65057
"('HARD', 'MEDIUM', 'MEDIUM')","[22, 29]",89.68558
"('HARD', 'MEDIUM', 'MEDIUM')","[22, 30]",89.72058
"('HARD', 'MEDIUM', 'MEDIUM')","[22, 31]",89.755585
"('HARD', 'MEDIUM', 'MEDIUM')","[22, 32]",89.79057
"('HARD', 'MEDIUM', 'MEDIUM')","[22, 33]",89.82558
"('HARD', 'MEDIUM', 'MEDIUM')","[22, 34]",89.86057
"('HARD', 'MEDIUM', 'MEDIUM')","[22, 35]",89.89557
"('HARD', 'MEDIUM', 'MEDIUM')","[22, 36]",89.93058
"('HARD', 'MEDIUM', 'MEDIUM')","[22, 37]",89.96558
"('HARD', 'MEDIUM', 'MEDIUM')","[22, 38]",90.00058
"('HARD', 'MEDIUM', 'MEDIUM')","[22, 39]",90.03558
"('HARD', 'MEDIUM', 'MEDIUM')","[22, 40]",90.07058
"('HARD', 'MEDIUM', 'MEDIUM')","[22, 41]",90.105576
"('HARD', 'MEDIUM', 'MEDIUM')","[22, 42]",90.14058
"('HARD', 'MEDIUM', 'MEDIUM')","[22, 43]",90.17558
"('HARD', 'MEDIUM', 'MEDIUM')","[22, 44]",90.21058
"('HARD', 'MEDIUM', 'MEDIUM')","[22, 45]",90.24558
"('HARD', 'MEDIUM', 'MEDIUM')","[22, 46]",90.28058
"('HARD', 'MEDIUM', 'MEDIUM')","[23, 24]",89.80411
"('HARD', 'MEDIUM', 'MEDIUM')","[23, 25]",89.8391
"('HARD', 'MEDIUM', 'MEDIUM')","[23, 26]",89.87411
"('HARD', 'MEDIUM', 'MEDIUM')","[23, 27]",89.9091
"('HARD', 'MEDIUM', 'MEDIUM')","[23, 28]",89.94411
"('HARD', 'MEDIUM', 'MEDIUM')","[23, 29]",89.9791
"('HARD', 'MEDIUM', 'MEDIUM')","[23, 30]",90.0141
"('HARD', 'MEDIUM', 'MEDIUM')","[23, 31]",90.0491
"('HARD', 'MEDIUM', 'MEDIUM')","[23, 32]",90.08411
"('HARD', 'MEDIUM', 'MEDIUM')","[23, 33]",90.1191
"('HARD', 'MEDIUM', 'MEDIUM')","[23, 34]",90.154106
"('HARD', 'MEDIUM', 'MEDIUM')","[23, 35]",90.1891
"('HARD', 'MEDIUM', 'MEDIUM')","[23, 36]",90.224106
"('HARD', 'MEDIUM', 'MEDIUM')","[23, 37]",90.2591
"('HARD', 'MEDIUM', 'MEDIUM')","[23, 38]",90.29411
"('HARD', 'MEDIUM', 'MEDIUM')","[23, 39]",90.3291
"('HARD', 'MEDIUM', 'MEDIUM')","[23, 40]",90.364105
"('HARD', 'MEDIUM', 'MEDIUM')","[23, 41]",90.39911
"('HARD', 'MEDIUM', 'MEDIUM')","[23, 42]",90.4341
"('HARD', 'MEDIUM', 'MEDIUM')","[23, 43]",90.4691
"('HARD', 'MEDIUM', 'MEDIUM')","[23, 44]",90.504105
"('HARD', 'MEDIUM', 'MEDIUM')","[23, 45]",90.5391
"('HARD', 'MEDIUM', 'MEDIUM')","[23, 46]",90.57411
"('HARD', 'MEDIUM', 'MEDIUM')","[24, 25]",90.13263
"('HARD', 'MEDIUM', 'MEDIUM')","[24, 26]",90.167625
"('HARD', 'MEDIUM', 'MEDIUM')","[24, 27]",90.20262
"('HARD', 'MEDIUM', 'MEDIUM')","[24, 28]",90.237625
"('HARD', 'MEDIUM', 'MEDIUM')","[24, 29]",90.27263
"('HARD', 'MEDIUM', 'MEDIUM')","[24, 30]",90.30763
"('HARD', 'MEDIUM', 'MEDIUM')","[24, 31]",90.342636
"('HARD', 'MEDIUM', 'MEDIUM')","[24, 32]",90.377625
"('HARD', 'MEDIUM', 'MEDIUM')","[24, 33]",90.41263
"('HARD', 'MEDIUM', 'MEDIUM')","[24, 34]",90.447624
"('HARD', 'MEDIUM', 'MEDIUM')","[24, 35]",90.48262
"('HARD', 'MEDIUM', 'MEDIUM')","[24, 36]",90.51763
"('HARD', 'MEDIUM', 'MEDIUM')","[24, 37]",90.552635
"('HARD', 'MEDIUM', 'MEDIUM')","[24, 38]",90.58763
"('HARD', 'MEDIUM', 'MEDIUM')","[24, 39]",90.622635
"('HARD', 'MEDIUM', 'MEDIUM')","[24, 40]",90.65763
"('HARD', 'MEDIUM', 'MEDIUM')","[24, 41]",90.69263
"('HARD', 'MEDIUM', 'MEDIUM')","[24, 42]",90.72763
"('HARD', 'MEDIUM', 'MEDIUM')","[24, 43]",90.762634
"('HARD', 'MEDIUM', 'MEDIUM')","[24, 44]",90.79763
"('HARD', 'MEDIUM', 'MEDIUM')","[24, 45]",90.832634
"('HARD', 'MEDIUM', 'MEDIUM')","[24, 46]",90.86763
"('HARD', 'MEDIUM', 'MEDIUM')","[25, 26]",90.46116
"('HARD', 'MEDIUM', 'MEDIUM')","[25, 27]",90.496155
"('HARD', 'MEDIUM', 'MEDIUM')","[25, 28]",90.53116
"('HARD', 'MEDIUM', 'MEDIUM')","[25, 29]",90.566154
"('HARD', 'MEDIUM', 'MEDIUM')","[25, 30]",90.60115
"('HARD', 'MEDIUM', 'MEDIUM')","[25, 31]",90.636154
"('HARD', 'MEDIUM', 'MEDIUM')","[25, 32]",90.67116
"('HARD', 'MEDIUM', 'MEDIUM')","[25, 33]",90.706154
"('HARD', 'MEDIUM', 'MEDIUM')","[25, 34]",90.74116
"('HARD', 'MEDIUM', 'MEDIUM')","[25, 35]",90.77615
"('HARD', 'MEDIUM', 'MEDIUM')","[25, 36]",90.81116
"('HARD', 'MEDIUM', 'MEDIUM')","[25, 37]",90.84615
"('HARD', 'MEDIUM', 'MEDIUM')","[25, 38]",90.881165
"('HARD', 'MEDIUM', 'MEDIUM')","[25, 39]",90.91615
"('HARD', 'MEDIUM', 'MEDIUM')","[25, 40]",90.95116
"('HARD', 'MEDIUM', 'MEDIUM')","[25, 41]",90.98616
"('HARD', 'MEDIUM', 'MEDIUM')","[25, 42]",91.02115
"('HARD', 'MEDIUM', 'MEDIUM')","[25, 43]",91.05615
"('HARD', 'MEDIUM', 'MEDIUM')","[25, 44]",91.091156
"('HARD', 'MEDIUM', 'MEDIUM')","[25, 45]",91.12615
"('HARD', 'MEDIUM', 'MEDIUM')","[25, 46]",91.16116
"('HARD', 'MEDIUM', 'MEDIUM')","[26, 27]",90.78967
"('HARD', 'MEDIUM', 'MEDIUM')","[26, 28]",90.82468
"('HARD', 'MEDIUM', 'MEDIUM')","[26, 29]",90.85968
"('HARD', 'MEDIUM', 'MEDIUM')","[26, 30]",90.894684
"('HARD', 'MEDIUM', 'MEDIUM')","[26, 31]",90.92969
"('HARD', 'MEDIUM', 'MEDIUM')","[26, 32]",90.964676
"('HARD', 'MEDIUM', 'MEDIUM')","[26, 33]",90.99968
"('HARD', 'MEDIUM', 'MEDIUM')","[26, 34]",91.034676
"('HARD', 'MEDIUM', 'MEDIUM')","[26, 35]",91.06967
"('HARD', 'MEDIUM', 'MEDIUM')","[26, 36]",91.10468
"('HARD', 'MEDIUM', 'MEDIUM')","[26, 37]",91.13969
"('HARD', 'MEDIUM', 'MEDIUM')","[26, 38]",91.17468
"('HARD', 'MEDIUM', 'MEDIUM')","[26, 39]",91.20969
"('HARD', 'MEDIUM', 'MEDIUM')","[26, 40]",91.24468
"('HARD', 'MEDIUM', 'MEDIUM')","[26, 41]",91.27968
"('HARD', 'MEDIUM', 'MEDIUM')","[26, 42]",91.31468
"('HARD', 'MEDIUM', 'MEDIUM')","[26, 43]",91.349686
"('HARD', 'MEDIUM', 'MEDIUM')","[26, 44]",91.38468
"('HARD', 'MEDIUM', 'MEDIUM')","[26, 45]",91.419685
"('HARD', 'MEDIUM', 'MEDIUM')","[26, 46]",91.45468
"('HARD', 'MEDIUM', 'MEDIUM')","[27, 28]",91.11821
"('HARD', 'MEDIUM', 'MEDIUM')","[27, 29]",91.153206
"('HARD', 'MEDIUM', 'MEDIUM')","[27, 30]",91.1882
"('HARD', 'MEDIUM', 'MEDIUM')","[27, 31]",91.223206
"('HARD', 'MEDIUM', 'MEDIUM')","[27, 32]",91.25821
"('HARD', 'MEDIUM', 'MEDIUM')","[27, 33]",91.293205
"('HARD', 'MEDIUM', 'MEDIUM')","[27, 34]",91.32821
"('HARD', 'MEDIUM', 'MEDIUM')","[27, 35]",91.363205
"('HARD', 'MEDIUM', 'MEDIUM')","[27, 36]",91.39821
"('HARD', 'MEDIUM', 'MEDIUM')","[27, 37]",91.433205
"('HARD', 'MEDIUM', 'MEDIUM')","[27, 38]",91.468216
"('HARD', 'MEDIUM', 'MEDIUM')","[27, 39]",91.503204
"('HARD', 'MEDIUM', 'MEDIUM')","[27, 40]",91.53821
"('HARD', 'MEDIUM', 'MEDIUM')","[27, 41]",91.57321
"('HARD', 'MEDIUM', 'MEDIUM')","[27, 42]",91.6082
"('HARD', 'MEDIUM', 'MEDIUM')","[27, 43]",91.6432
"('HARD', 'MEDIUM', 'MEDIUM')","[27, 44]",91.67821
"('HARD', 'MEDIUM', 'MEDIUM')","[27, 45]",91.7132
"('HARD', 'MEDIUM', 'MEDIUM')","[27, 46]",91.748215
"('HARD', 'MEDIUM', 'MEDIUM')","[28, 29]",91.44673
"('HARD', 'MEDIUM', 'MEDIUM')","[28, 30]",91.481735
"('HARD', 'MEDIUM', 'MEDIUM')","[28, 31]",91.51674
"('HARD', 'MEDIUM', 'MEDIUM')","[28, 32]",91.55173
"('HARD', 'MEDIUM', 'MEDIUM')","[28, 33]",91.58673
"('HARD', 'MEDIUM', 'MEDIUM')","[28, 34]",91.62173
"('HARD', 'MEDIUM', 'MEDIUM')","[28, 35]",91.65672
"('HARD', 'MEDIUM', 'MEDIUM')","[28, 36]",91.691734
"('HARD', 'MEDIUM', 'MEDIUM')","[28, 37]",91.72674
"('HARD', 'MEDIUM', 'MEDIUM')","[28, 38]",91.761734
"('HARD', 'MEDIUM', 'MEDIUM')","[28, 39]",91.79674
"('HARD', 'MEDIUM', 'MEDIUM')","[28, 40]",91.83173
"('HARD', 'MEDIUM', 'MEDIUM')","[28, 41]",91.86673
"('HARD', 'MEDIUM', 'MEDIUM')","[28, 42]",91.90173
"('HARD', 'MEDIUM', 'MEDIUM')","[28, 43]",91.93674
"('HARD', 'MEDIUM', 'MEDIUM')","[28, 44]",91.97173
"('HARD', 'MEDIUM', 'MEDIUM')","[28, 45]",92.00674
"('HARD', 'MEDIUM', 'MEDIUM')","[28, 46]",92.04173
"('HARD', 'MEDIUM', 'MEDIUM')","[29, 30]",91.77525
"('HARD', 'MEDIUM', 'MEDIUM')","[29, 31]",91.81026
"('HARD', 'MEDIUM', 'MEDIUM')","[29, 32]",91.845245
"('HARD', 'MEDIUM', 'MEDIUM')","[29, 33]",91.88026
"('HARD', 'MEDIUM', 'MEDIUM')","[29, 34]",91.91525
"('HARD', 'MEDIUM', 'MEDIUM')","[29, 35]",91.95026
"('HARD', 'MEDIUM', 'MEDIUM')","[29, 36]",91.98526
"('HARD', 'MEDIUM', 'MEDIUM')","[29, 37]",92.020256
"('HARD', 'MEDIUM', 'MEDIUM')","[29, 38]",92.05525
"('HARD', 'MEDIUM', 'MEDIUM')","[29, 39]",92.090256
"('HARD', 'MEDIUM', 'MEDIUM')","[29, 40]",92.12525
"('HARD', 'MEDIUM', 'MEDIUM')","[29, 41]",92.160255
"('HARD', 'MEDIUM', 'MEDIUM')","[29, 42]",92.19525
"('HARD', 'MEDIUM', 'MEDIUM')","[29, 43]",92.230255
"('HARD', 'MEDIUM', 'MEDIUM')","[29, 44]",92.26526
"('HARD', 'MEDIUM', 'MEDIUM')","[29, 45]",92.300255
"('HARD', 'MEDIUM', 'MEDIUM')","[29, 46]",92.33525
"('HARD', 'MEDIUM', 'MEDIUM')","[30, 31]",92.10379
"('HARD', 'MEDIUM', 'MEDIUM')","[30, 32]",92.13878
"('HARD', 'MEDIUM', 'MEDIUM')","[30, 33]",92.17379
"('HARD', 'MEDIUM', 'MEDIUM')","[30, 34]",92.208786
"('HARD', 'MEDIUM', 'MEDIUM')","[30, 35]",92.24379
"('HARD', 'MEDIUM', 'MEDIUM')","[30, 36]",92.27879
"('HARD', 'MEDIUM', 'MEDIUM')","[30, 37]",92.31379
"('HARD', 'MEDIUM', 'MEDIUM')","[30, 38]",92.348785
"('HARD', 'MEDIUM', 'MEDIUM')","[30, 39]",92.38379
"('HARD', 'MEDIUM', 'MEDIUM')","[30, 40]",92.418785
"('HARD', 'MEDIUM', 'MEDIUM')","[30, 41]",92.45379
"('HARD', 'MEDIUM', 'MEDIUM')","[30, 42]",92.488785
"('HARD', 'MEDIUM', 'MEDIUM')","[30, 43]",92.52379
"('HARD', 'MEDIUM', 'MEDIUM')","[30, 44]",92.55879
"('HARD', 'MEDIUM', 'MEDIUM')","[30, 45]",92.59379
"('HARD', 'MEDIUM', 'MEDIUM')","[30, 46]",92.628784
"('HARD', 'MEDIUM', 'MEDIUM')","[31, 32]",92.43231
"('HARD', 'MEDIUM', 'MEDIUM')","[31, 33]",92.46731
"('HARD', 'MEDIUM', 'MEDIUM')","[31, 34]",92.50231
"('HARD', 'MEDIUM', 'MEDIUM')","[31, 35]",92.53731
"('HARD', 'MEDIUM', 'MEDIUM')","[31, 36]",92.57231
"('HARD', 'MEDIUM', 'MEDIUM')","[31, 37]",92.60731
"('HARD', 'MEDIUM', 'MEDIUM')","[31, 38]",92.64232
"('HARD', 'MEDIUM', 'MEDIUM')","[31, 39]",92.67731
"('HARD', 'MEDIUM', 'MEDIUM')","[31, 40]",92.71231
"('HARD', 'MEDIUM', 'MEDIUM')","[31, 41]",92.747314
"('HARD', 'MEDIUM', 'MEDIUM')","[31, 42]",92.7823
"('HARD', 'MEDIUM', 'MEDIUM')","[31, 43]",92.81731
"('HARD', 'MEDIUM', 'MEDIUM')","[31, 44]",92.85231
"('HARD', 'MEDIUM', 'MEDIUM')","[31, 45]",92.88731
"('HARD', 'MEDIUM', 'MEDIUM')","[31, 46]",92.92232
"('HARD', 'MEDIUM', 'MEDIUM')","[32, 33]",92.76083
"('HARD', 'MEDIUM', 'MEDIUM')","[32, 34]",92.79583
"('HARD', 'MEDIUM', 'MEDIUM')","[32, 35]",92.830826
"('HARD', 'MEDIUM', 'MEDIUM')","[32, 36]",92.86584
"('HARD', 'MEDIUM', 'MEDIUM')","[32, 37]",92.90084
"('HARD', 'MEDIUM', 'MEDIUM')","[32, 38]",92.93584
"('HARD', 'MEDIUM', 'MEDIUM')","[32, 39]",92.97084
"('HARD', 'MEDIUM', 'MEDIUM')","[32, 40]",93.00584
"('HARD', 'MEDIUM', 'MEDIUM')","[32, 41]",93.04083
"('HARD', 'MEDIUM', 'MEDIUM')","[32, 42]",93.075836
"('HARD', 'MEDIUM', 'MEDIUM')","[32, 43]",93.11084
"('HARD', 'MEDIUM', 'MEDIUM')","[32, 44]",93.145836
"('HARD', 'MEDIUM', 'MEDIUM')","[32, 45]",93.18084
"('HARD', 'MEDIUM', 'MEDIUM')","[32, 46]",93.215836
"('HARD', 'MEDIUM', 'MEDIUM')","[33, 34]",93.08936
"('HARD', 'MEDIUM', 'MEDIUM')","[33, 35]",93.12436
"('HARD', 'MEDIUM', 'MEDIUM')","[33, 36]",93.15936
"('HARD', 'MEDIUM', 'MEDIUM')","[33, 37]",93.19437
"('HARD', 'MEDIUM', 'MEDIUM')","[33, 38]",93.22937
"('HARD', 'MEDIUM', 'MEDIUM')","[33, 39]",93.26437
"('HARD', 'MEDIUM', 'MEDIUM')","[33, 40]",93.29937
"('HARD', 'MEDIUM', 'MEDIUM')","[33, 41]",93.334366
"('HARD', 'MEDIUM', 'MEDIUM')","[33, 42]",93.36937
"('HARD', 'MEDIUM', 'MEDIUM')","[33, 43]",93.40436
"('HARD', 'MEDIUM', 'MEDIUM')","[33, 44]",93.43936
"('HARD', 'MEDIUM', 'MEDIUM')","[33, 45]",93.474365
"('HARD', 'MEDIUM', 'MEDIUM')","[33, 46]",93.50937
"('HARD', 'MEDIUM', 'MEDIUM')","[34, 35]",93.41788
"('HARD', 'MEDIUM', 'MEDIUM')","[34, 36]",93.45288
"('HARD', 'MEDIUM', 'MEDIUM')","[34, 37]",93.487885
"('HARD', 'MEDIUM', 'MEDIUM')","[34, 38]",93.52289
"('HARD', 'MEDIUM', 'MEDIUM')","[34, 39]",93.55789
"('HARD', 'MEDIUM', 'MEDIUM')","[34, 40]",93.59289
"('HARD', 'MEDIUM', 'MEDIUM')","[34, 41]",93.627884
"('HARD', 'MEDIUM', 'MEDIUM')","[34, 42]",93.66289
"('HARD', 'MEDIUM', 'MEDIUM')","[34, 43]",93.697876
"('HARD', 'MEDIUM', 'MEDIUM')","[34, 44]",93.73288
"('HARD', 'MEDIUM', 'MEDIUM')","[34, 45]",93.76788
"('HARD', 'MEDIUM', 'MEDIUM')","[34, 46]",93.80289
"('HARD', 'MEDIUM', 'MEDIUM')","[35, 36]",93.746414
"('HARD', 'MEDIUM', 'MEDIUM')","[35, 37]",93.78141
"('HARD', 'MEDIUM', 'MEDIUM')","[35, 38]",93.81642
"('HARD', 'MEDIUM', 'MEDIUM')","[35, 39]",93.85141
"('HARD', 'MEDIUM', 'MEDIUM')","[35, 40]",93.88641
"('HARD', 'MEDIUM', 'MEDIUM')","[35, 41]",93.92142
"('HARD', 'MEDIUM', 'MEDIUM')","[35, 42]",93.956406
"('HARD', 'MEDIUM', 'MEDIUM')","[35, 43]",93.99141
"('HARD', 'MEDIUM', 'MEDIUM')","[35, 44]",94.02641
"('HARD', 'MEDIUM', 'MEDIUM')","[35, 45]",94.06141
"('HARD', 'MEDIUM', 'MEDIUM')","[35, 46]",94.09642
"('HARD', 'MEDIUM', 'MEDIUM')","[36, 37]",94.07494
"('HARD', 'MEDIUM', 'MEDIUM')","[36, 38]",94.10994
"('HARD', 'MEDIUM', 'MEDIUM')","[36, 39]",94.14494
"('HARD', 'MEDIUM', 'MEDIUM')","[36, 40]",94.17994
"('HARD', 'MEDIUM', 'MEDIUM')","[36, 41]",94.21494
"('HARD', 'MEDIUM', 'MEDIUM')","[36, 42]",94.24994
"('HARD', 'MEDIUM', 'MEDIUM')","[36, 43]",94.28494
"('HARD', 'MEDIUM', 'MEDIUM')","[36, 44]",94.31995
"('HARD', 'MEDIUM', 'MEDIUM')","[36, 45]",94.35494
"('HARD', 'MEDIUM', 'MEDIUM')","[36, 46]",94.38994
"('HARD', 'MEDIUM', 'MEDIUM')","[37, 38]",94.40347
"('HARD', 'MEDIUM', 'MEDIUM')","[37, 39]",94.43848
"('HARD', 'MEDIUM', 'MEDIUM')","[37, 40]",94.47347
"('HARD', 'MEDIUM', 'MEDIUM')","[37, 41]",94.50847
"('HARD', 'MEDIUM', 'MEDIUM')","[37, 42]",94.54347
"('HARD', 'MEDIUM', 'MEDIUM')","[37, 43]",94.57846
"('HARD', 'MEDIUM', 'MEDIUM')","[37, 44]",94.613464
"('HARD', 'MEDIUM', 'MEDIUM')","[37, 45]",94.64847
"('HARD', 'MEDIUM', 'MEDIUM')","[37, 46]",94.68347
"('HARD', 'MEDIUM', 'MEDIUM')","[38, 39]",94.73201
"('HARD', 'MEDIUM', 'MEDIUM')","[38, 40]",94.767006
"('HARD', 'MEDIUM', 'MEDIUM')","[38, 41]",94.802
"('HARD', 'MEDIUM', 'MEDIUM')","[38, 42]",94.837006
"('HARD', 'MEDIUM', 'MEDIUM')","[38, 43]",94.87201
"('HARD', 'MEDIUM', 'MEDIUM')","[38, 44]",94.907005
"('HARD', 'MEDIUM', 'MEDIUM')","[38, 45]",94.94201
"('HARD', 'MEDIUM', 'MEDIUM')","[38, 46]",94.977005
"('HARD', 'MEDIUM', 'MEDIUM')","[39, 40]",95.06053
"('HARD', 'MEDIUM', 'MEDIUM')","[39, 41]",95.095535
"('HARD', 'MEDIUM', 'MEDIUM')","[39, 42]",95.13052
"('HARD', 'MEDIUM', 'MEDIUM')","[39, 43]",95.16553
"('HARD', 'MEDIUM', 'MEDIUM')","[39, 44]",95.20053
"('HARD', 'MEDIUM', 'MEDIUM')","[39, 45]",95.23553
"('HARD', 'MEDIUM', 'MEDIUM')","[39, 46]",95.27054
"('HARD', 'MEDIUM', 'MEDIUM')","[40, 41]",95.38906
"('HARD', 'MEDIUM', 'MEDIUM')","[40, 42]",95.42406
"('HARD', 'MEDIUM', 'MEDIUM')","[40, 43]",95.45906
"('HARD', 'MEDIUM', 'MEDIUM')","[40, 44]",95.494064
"('HARD', 'MEDIUM', 'MEDIUM')","[40, 45]",95.52906
"('HARD', 'MEDIUM', 'MEDIUM')","[40, 46]",95.56406
"('HARD', 'MEDIUM', 'MEDIUM')","[41, 42]",95.71759
"('HARD', 'MEDIUM', 'MEDIUM')","[41, 43]",95.752594
"('HARD', 'MEDIUM', 'MEDIUM')","[41, 44]",95.7876
"('HARD', 'MEDIUM', 'MEDIUM')","[41, 45]",95.82259
"('HARD', 'MEDIUM', 'MEDIUM')","[41, 46]",95.85759
"('HARD', 'MEDIUM', 'MEDIUM')","[42, 43]",96.04611
"('HARD', 'MEDIUM', 'MEDIUM')","[42, 44]",96.081116
"('HARD', 'MEDIUM', 'MEDIUM')","[42, 45]",96.11611
"('HARD', 'MEDIUM', 'MEDIUM')","[42, 46]",96.15112
"('HARD', 'MEDIUM', 'MEDIUM')","[43, 44]",96.37465
"('HARD', 'MEDIUM', 'MEDIUM')","[43, 45]",96.409645
"('HARD', 'MEDIUM', 'MEDIUM')","[43, 46]",96.44466
"('HARD', 'MEDIUM', 'MEDIUM')","[44, 45]",96.70318
"('HARD', 'MEDIUM', 'MEDIUM')","[44, 46]",96.738174
"('HARD', 'MEDIUM', 'MEDIUM')","[45, 46]",97.03171
"('HARD', 'MEDIUM', 'HARD')","[10, 11]",97.42548
"('HARD', 'MEDIUM', 'HARD')","[10, 12]",97.20196
"('HARD', 'MEDIUM', 'HARD')","[10, 13]",96.97843
"('HARD', 'MEDIUM', 'HARD')","[10, 14]",96.754906
"('HARD', 'MEDIUM', 'HARD')","[10, 15]",96.53138
"('HARD', 'MEDIUM', 'HARD')","[10, 16]",96.30785
"('HARD', 'MEDIUM', 'HARD')","[10, 17]",96.08433
"('HARD', 'MEDIUM', 'HARD')","[10, 18]",95.860794
"('HARD', 'MEDIUM', 'HARD')","[10, 19]",95.63727
"('HARD', 'MEDIUM', 'HARD')","[10, 20]",95.41374
"('HARD', 'MEDIUM', 'HARD')","[10, 21]",95.190216
"('HARD', 'MEDIUM', 'HARD')","[10, 22]",94.96669
"('HARD', 'MEDIUM', 'HARD')","[10, 23]",94.743164
"('HARD', 'MEDIUM', 'HARD')","[10, 24]",94.51964
"('HARD', 'MEDIUM', 'HARD')","[10, 25]",94.29611
"('HARD', 'MEDIUM', 'HARD')","[10, 26]",94.072586
"('HARD', 'MEDIUM', 'HARD')","[10, 27]",93.84906
"('HARD', 'MEDIUM', 'HARD')","[10, 28]",93.625534
"('HARD', 'MEDIUM', 'HARD')","[10, 29]",93.40201
"('HARD', 'MEDIUM', 'HARD')","[10, 30]",93.17848
"('HARD', 'MEDIUM', 'HARD')","[10, 31]",92.954956
"('HARD', 'MEDIUM', 'HARD')","[10, 32]",92.73143
"('HARD', 'MEDIUM', 'HARD')","[10, 33]",92.507904
"('HARD', 'MEDIUM', 'HARD')","[10, 34]",92.28438
"('HARD', 'MEDIUM', 'HARD')","[10, 35]",92.06085
"('HARD', 'MEDIUM', 'HARD')","[10, 36]",91.837326
"('HARD', 'MEDIUM', 'HARD')","[10, 37]",91.6138
"('HARD', 'MEDIUM', 'HARD')","[10, 38]",91.39026
"('HARD', 'MEDIUM', 'HARD')","[10, 39]",91.16673
"('HARD', 'MEDIUM', 'HARD')","[10, 40]",90.94321
"('HARD', 'MEDIUM', 'HARD')","[10, 41]",90.71967
"('HARD', 'MEDIUM', 'HARD')","[10, 42]",90.496155
"('HARD', 'MEDIUM', 'HARD')","[10, 43]",90.27261
"('HARD', 'MEDIUM', 'HARD')","[10, 44]",90.04909
"('HARD', 'MEDIUM', 'HARD')","[10, 45]",89.82557
"('HARD', 'MEDIUM', 'HARD')","[10, 46]",89.602036
"('HARD', 'MEDIUM', 'HARD')","[11, 12]",97.49548
"('HARD', 'MEDIUM', 'HARD')","[11, 13]",97.27196
"('HARD', 'MEDIUM', 'HARD')","[11, 14]",97.04843
"('HARD', 'MEDIUM', 'HARD')","[11, 15]",96.824905
"('HARD', 'MEDIUM', 'HARD')","[11, 16]",96.60138
"('HARD', 'MEDIUM', 'HARD')","[11, 17]",96.37785
"('HARD', 'MEDIUM', 'HARD')","[11, 18]",96.15433
"('HARD', 'MEDIUM', 'HARD')","[11, 19]",95.9308
"('HARD', 'MEDIUM', 'HARD')","[11, 20]",95.70727
"('HARD', 'MEDIUM', 'HARD')","[11, 21]",95.48374
"('HARD', 'MEDIUM', 'HARD')","[11, 22]",95.26022
"('HARD', 'MEDIUM', 'HARD')","[11, 23]",95.0367
"('HARD', 'MEDIUM', 'HARD')","[11, 24]",94.81316
"('HARD', 'MEDIUM', 'HARD')","[11, 25]",94.58964
"('HARD', 'MEDIUM', 'HARD')","[11, 26]",94.36612
"('HARD', 'MEDIUM', 'HARD')","[11, 27]",94.14259
"('HARD', 'MEDIUM', 'HARD')","[11, 28]",93.91906
"('HARD', 'MEDIUM', 'HARD')","[11, 29]",93.69553
"('HARD', 'MEDIUM', 'HARD')","[11, 30]",93.472015
"('HARD', 'MEDIUM', 'HARD')","[11, 31]",93.24849
"('HARD', 'MEDIUM', 'HARD')","[11, 32]",93.024956
"('HARD', 'MEDIUM', 'HARD')","[11, 33]",92.80143
"('HARD', 'MEDIUM', 'HARD')","[11, 34]",92.57791
"('HARD', 'MEDIUM', 'HARD')","[11, 35]",92.354385
"('HARD', 'MEDIUM', 'HARD')","[11, 36]",92.13085
"('HARD', 'MEDIUM', 'HARD')","[11, 37]",91.907326
"('HARD', 'MEDIUM', 'HARD')","[11, 38]",91.68379
"('HARD', 'MEDIUM', 'HARD')","[11, 39]",91.460266
"('HARD', 'MEDIUM', 'HARD')","[11, 40]",91.23673
"('HARD', 'MEDIUM', 'HARD')","[11, 41]",91.01321
"('HARD', 'MEDIUM', 'HARD')","[11, 42]",90.78967
"('HARD', 'MEDIUM', 'HARD')","[11, 43]",90.56615
"('HARD', 'MEDIUM', 'HARD')","[11, 44]",90.34262
"('HARD', 'MEDIUM', 'HARD')","[11, 45]",90.119095
"('HARD', 'MEDIUM', 'HARD')","[11, 46]",89.89557
"('HARD', 'MEDIUM', 'HARD')","[12, 13]",97.56549
"('HARD', 'MEDIUM', 'HARD')","[12, 14]",97.34196
"('HARD', 'MEDIUM', 'HARD')","[12, 15]",97.11844
"('HARD', 'MEDIUM', 'HARD')","[12, 16]",96.894905
"('HARD', 'MEDIUM', 'HARD')","[12, 17]",96.67139
"('HARD', 'MEDIUM', 'HARD')","[12, 18]",96.44785
"('HARD', 'MEDIUM', 'HARD')","[12, 19]",96.22433
"('HARD', 'MEDIUM', 'HARD')","[12, 20]",96.0008
"('HARD', 'MEDIUM', 'HARD')","[12, 21]",95.77727
"('HARD', 'MEDIUM', 'HARD')","[12, 22]",95.55374
"('HARD', 'MEDIUM', 'HARD')","[12, 23]",95.330215
"('HARD', 'MEDIUM', 'HARD')","[12, 24]",95.10669
"('HARD', 'MEDIUM', 'HARD')","[12, 25]",94.88317
"('HARD', 'MEDIUM', 'HARD')","[12, 26]",94.65964
"('HARD', 'MEDIUM', 'HARD')","[12, 27]",94.43611
"('HARD', 'MEDIUM', 'HARD')","[12, 28]",94.21259
"('HARD', 'MEDIUM', 'HARD')","[12, 29]",93.98906
"('HARD', 'MEDIUM', 'HARD')","[12, 30]",93.76553
"('HARD', 'MEDIUM', 'HARD')","[12, 31]",93.54201
"('HARD', 'MEDIUM', 'HARD')","[12, 32]",93.31848
"('HARD', 'MEDIUM', 'HARD')","[12, 33]",93.09496
"('HARD', 'MEDIUM', 'HARD')","[12, 34]",92.87143
"('HARD', 'MEDIUM', 'HARD')","[12, 35]",92.6479
"('HARD', 'MEDIUM', 'HARD')","[12, 36]",92.424385
"('HARD', 'MEDIUM', 'HARD')","[12, 37]",92.20085
"('HARD', 'MEDIUM', 'HARD')","[12, 38]",91.977325
"('HARD', 'MEDIUM', 'HARD')","[12, 39]",91.753784
"('HARD', 'MEDIUM', 'HARD')","[12, 40]",91.53026
"('HARD', 'MEDIUM', 'HARD')","[12, 41]",91.30673
"('HARD', 'MEDIUM', 'HARD')","[12, 42]",91.083206
"('HARD', 'MEDIUM', 'HARD')","[12, 43]",90.85968
"('HARD', 'MEDIUM', 'HARD')","[12, 44]",90.636154
"('HARD', 'MEDIUM', 'HARD')","[12, 45]",90.41262
"('HARD', 'MEDIUM', 'HARD')","[12, 46]",90.189095
"('HARD', 'MEDIUM', 'HARD')","[13, 14]",97.63548
"('HARD', 'MEDIUM', 'HARD')","[13, 15]",97.411964
"('HARD', 'MEDIUM', 'HARD')","[13, 16]",97.18844
"('HARD', 'MEDIUM', 'HARD')","[13, 17]",96.96491
"('HARD', 'MEDIUM', 'HARD')","[13, 18]",96.74138
"('HARD', 'MEDIUM', 'HARD')","[13, 19]",96.51785
"('HARD', 'MEDIUM', 'HARD')","[13, 20]",96.29433
"('HARD', 'MEDIUM', 'HARD')","[13, 21]",96.0708
"('HARD', 'MEDIUM', 'HARD')","[13, 22]",95.847275
"('HARD', 'MEDIUM', 'HARD')","[13, 23]",95.62375
"('HARD', 'MEDIUM', 'HARD')","[13, 24]",95.40022
"('HARD', 'MEDIUM', 'HARD')","[13, 25]",95.1767
"('HARD', 'MEDIUM', 'HARD')","[13, 26]",94.95317
"('HARD', 'MEDIUM', 'HARD')","[13, 27]",94.729645
"('HARD', 'MEDIUM', 'HARD')","[13, 28]",94.50612
"('HARD', 'MEDIUM', 'HARD')","[13, 29]",94.28259
"('HARD', 'MEDIUM', 'HARD')","[13, 30]",94.05907
"('HARD', 'MEDIUM', 'HARD')","[13, 31]",93.83554
"('HARD', 'MEDIUM', 'HARD')","[13, 32]",93.612015
"('HARD', 'MEDIUM', 'HARD')","[13, 33]",93.38849
"('HARD', 'MEDIUM', 'HARD')","[13, 34]",93.16496
"('HARD', 'MEDIUM', 'HARD')","[13, 35]",92.94144
"('HARD', 'MEDIUM', 'HARD')","[13, 36]",92.71791
"('HARD', 'MEDIUM', 'HARD')","[13, 37]",92.49438
"('HARD', 'MEDIUM', 'HARD')","[13, 38]",92.27084
"('HARD', 'MEDIUM', 'HARD')","[13, 39]",92.04732
"('HARD', 'MEDIUM', 'HARD')","[13, 40]",91.82379
"('HARD', 'MEDIUM', 'HARD')","[13, 41]",91.60026
"('HARD', 'MEDIUM', 'HARD')","[13, 42]",91.376724
"('HARD', 'MEDIUM', 'HARD')","[13, 43]",91.1532
"('HARD', 'MEDIUM', 'HARD')","[13, 44]",90.92967
"('HARD', 'MEDIUM', 'HARD')","[13, 45]",90.70615
"('HARD', 'MEDIUM', 'HARD')","[13, 46]",90.48262
"('HARD', 'MEDIUM', 'HARD')","[14, 15]",97.70549
"('HARD', 'MEDIUM', 'HARD')","[14, 16]",97.481964
"('HARD', 'MEDIUM', 'HARD')","[14, 17]",97.25844
"('HARD', 'MEDIUM', 'HARD')","[14, 18]",97.03491
"('HARD', 'MEDIUM', 'HARD')","[14, 19]",96.811386
"('HARD', 'MEDIUM', 'HARD')","[14, 20]",96.58785
"('HARD', 'MEDIUM', 'HARD')","[14, 21]",96.36433
"('HARD', 'MEDIUM', 'HARD')","[14, 22]",96.14079
"('HARD', 'MEDIUM', 'HARD')","[14, 23]",95.91727
"('HARD', 'MEDIUM', 'HARD')","[14, 24]",95.69375
"('HARD', 'MEDIUM', 'HARD')","[14, 25]",95.47022
"('HARD', 'MEDIUM', 'HARD')","[14, 26]",95.246704
"('HARD', 'MEDIUM', 'HARD')","[14, 27]",95.02318
"('HARD', 'MEDIUM', 'HARD')","[14, 28]",94.799644
"('HARD', 'MEDIUM', 'HARD')","[14, 29]",94.57612
"('HARD', 'MEDIUM', 'HARD')","[14, 30]",94.352585
"('HARD', 'MEDIUM', 'HARD')","[14, 31]",94.12906
"('HARD', 'MEDIUM', 'HARD')","[14, 32]",93.90554
"('HARD', 'MEDIUM', 'HARD')","[14, 33]",93.682014
"('HARD', 'MEDIUM', 'HARD')","[14, 34]",93.458496
"('HARD', 'MEDIUM', 'HARD')","[14, 35]",93.23497
"('HARD', 'MEDIUM', 'HARD')","[14, 36]",93.01144
"('HARD', 'MEDIUM', 'HARD')","[14, 37]",92.7879
"('HARD', 'MEDIUM', 'HARD')","[14, 38]",92.56438
"('HARD', 'MEDIUM', 'HARD')","[14, 39]",92.34085
"('HARD', 'MEDIUM', 'HARD')","[14, 40]",92.11732
"('HARD', 'MEDIUM', 'HARD')","[14, 41]",91.89379
"('HARD', 'MEDIUM', 'HARD')","[14, 42]",91.67026
"('HARD', 'MEDIUM', 'HARD')","[14, 43]",91.44673
"('HARD', 'MEDIUM', 'HARD')","[14, 44]",91.223206
"('HARD', 'MEDIUM', 'HARD')","[14, 45]",90.99967
"('HARD', 'MEDIUM', 'HARD')","[14, 46]",90.77615
"('HARD', 'MEDIUM', 'HARD')","[15, 16]",97.77549
"('HARD', 'MEDIUM', 'HARD')","[15, 17]",97.55196
"('HARD', 'MEDIUM', 'HARD')","[15, 18]",97.32843
"('HARD', 'MEDIUM', 'HARD')","[15, 19]",97.104904
"('HARD', 'MEDIUM', 'HARD')","[15, 20]",96.88138
"('HARD', 'MEDIUM', 'HARD')","[15, 21]",96.65785
"('HARD', 'MEDIUM', 'HARD')","[15, 22]",96.434326
"('HARD', 'MEDIUM', 'HARD')","[15, 23]",96.2108
"('HARD', 'MEDIUM', 'HARD')","[15, 24]",95.987274
"('HARD', 'MEDIUM', 'HARD')","[15, 25]",95.76375
"('HARD', 'MEDIUM', 'HARD')","[15, 26]",95.54022
"('HARD', 'MEDIUM', 'HARD')","[15, 27]",95.316696
"('HARD', 'MEDIUM', 'HARD')","[15, 28]",95.09317
"('HARD', 'MEDIUM', 'HARD')","[15, 29]",94.869644
"('HARD', 'MEDIUM', 'HARD')","[15, 30]",94.64612
"('HARD', 'MEDIUM', 'HARD')","[15, 31]",94.42259
"('HARD', 'MEDIUM', 'HARD')","[15, 32]",94.199066
"('HARD', 'MEDIUM', 'HARD')","[15, 33]",93.97554
"('HARD', 'MEDIUM', 'HARD')","[15, 34]",93.752014
"('HARD', 'MEDIUM', 'HARD')","[15, 35]",93.52849
"('HARD', 'MEDIUM', 'HARD')","[15, 36]",93.30496
"('HARD', 'MEDIUM', 'HARD')","[15, 37]",93.08143
"('HARD', 'MEDIUM', 'HARD')","[15, 38]",92.857895
"('HARD', 'MEDIUM', 'HARD')","[15, 39]",92.63437
"('HARD', 'MEDIUM', 'HARD')","[15, 40]",92.41084
"('HARD', 'MEDIUM', 'HARD')","[15, 41]",92.18731
"('HARD', 'MEDIUM', 'HARD')","[15, 42]",91.963776
"('HARD', 'MEDIUM', 'HARD')","[15, 43]",91.74025
"('HARD', 'MEDIUM', 'HARD')","[15, 44]",91.51672
"('HARD', 'MEDIUM', 'HARD')","[15, 45]",91.2932
"('HARD', 'MEDIUM', 'HARD')","[15, 46]",91.06967
"('HARD', 'MEDIUM', 'HARD')","[16, 17]",97.84549
"('HARD', 'MEDIUM', 'HARD')","[16, 18]",97.62196
"('HARD', 'MEDIUM', 'HARD')","[16, 19]",97.39844
"('HARD', 'MEDIUM', 'HARD')","[16, 20]",97.174904
"('HARD', 'MEDIUM', 'HARD')","[16, 21]",96.95138
"('HARD', 'MEDIUM', 'HARD')","[16, 22]",96.727844
"('HARD', 'MEDIUM', 'HARD')","[16, 23]",96.50432
"('HARD', 'MEDIUM', 'HARD')","[16, 24]",96.2808
"('HARD', 'MEDIUM', 'HARD')","[16, 25]",96.057274
"('HARD', 'MEDIUM', 'HARD')","[16, 26]",95.833755
"('HARD', 'MEDIUM', 'HARD')","[16, 27]",95.61023
"('HARD', 'MEDIUM', 'HARD')","[16, 28]",95.386696
"('HARD', 'MEDIUM', 'HARD')","[16, 29]",95.16317
"('HARD', 'MEDIUM', 'HARD')","[16, 30]",94.93964
"('HARD', 'MEDIUM', 'HARD')","[16, 31]",94.71611
"('HARD', 'MEDIUM', 'HARD')","[16, 32]",94.49259
"('HARD', 'MEDIUM', 'HARD')","[16, 33]",94.269066
"('HARD', 'MEDIUM', 'HARD')","[16, 34]",94.04555
"('HARD', 'MEDIUM', 'HARD')","[16, 35]",93.82202
"('HARD', 'MEDIUM', 'HARD')","[16, 36]",93.59849
"('HARD', 'MEDIUM', 'HARD')","[16, 37]",93.374954
"('HARD', 'MEDIUM', 'HARD')","[16, 38]",93.15143
"('HARD', 'MEDIUM', 'HARD')","[16, 39]",92.9279
"('HARD', 'MEDIUM', 'HARD')","[16, 40]",92.70437
"('HARD', 'MEDIUM', 'HARD')","[16, 41]",92.48084
"('HARD', 'MEDIUM', 'HARD')","[16, 42]",92.25731
"('HARD', 'MEDIUM', 'HARD')","[16, 43]",92.03378
"('HARD', 'MEDIUM', 'HARD')","[16, 44]",91.81026
"('HARD', 'MEDIUM', 'HARD')","[16, 45]",91.58672
"('HARD', 'MEDIUM', 'HARD')","[16, 46]",91.363205
"('HARD', 'MEDIUM', 'HARD')","[17, 18]",97.91548
"('HARD', 'MEDIUM', 'HARD')","[17, 19]",97.691956
"('HARD', 'MEDIUM', 'HARD')","[17, 20]",97.46843
"('HARD', 'MEDIUM', 'HARD')","[17, 21]",97.2449
"('HARD', 'MEDIUM', 'HARD')","[17, 22]",97.02138
"('HARD', 'MEDIUM', 'HARD')","[17, 23]",96.79785
"('HARD', 'MEDIUM', 'HARD')","[17, 24]",96.574326
"('HARD', 'MEDIUM', 'HARD')","[17, 25]",96.3508
"('HARD', 'MEDIUM', 'HARD')","[17, 26]",96.12727
"('HARD', 'MEDIUM', 'HARD')","[17, 27]",95.90375
"('HARD', 'MEDIUM', 'HARD')","[17, 28]",95.68022
"('HARD', 'MEDIUM', 'HARD')","[17, 29]",95.456696
"('HARD', 'MEDIUM', 'HARD')","[17, 30]",95.23317
"('HARD', 'MEDIUM', 'HARD')","[17, 31]",95.00964
"('HARD', 'MEDIUM', 'HARD')","[17, 32]",94.78612
"('HARD', 'MEDIUM', 'HARD')","[17, 33]",94.56259
"('HARD', 'MEDIUM', 'HARD')","[17, 34]",94.339066
"('HARD', 'MEDIUM', 'HARD')","[17, 35]",94.11554
"('HARD', 'MEDIUM', 'HARD')","[17, 36]",93.89201
"('HARD', 'MEDIUM', 'HARD')","[17, 37]",93.66849
"('HARD', 'MEDIUM', 'HARD')","[17, 38]",93.44495
"('HARD', 'MEDIUM', 'HARD')","[17, 39]",93.22142
"('HARD', 'MEDIUM', 'HARD')","[17, 40]",92.997894
"('HARD', 'MEDIUM', 'HARD')","[17, 41]",92.77436
"('HARD', 'MEDIUM', 'HARD')","[17, 42]",92.55084
"('HARD', 'MEDIUM', 'HARD')","[17, 43]",92.3273
"('HARD', 'MEDIUM', 'HARD')","[17, 44]",92.103775
"('HARD', 'MEDIUM', 'HARD')","[17, 45]",91.88026
"('HARD', 'MEDIUM', 'HARD')","[17, 46]",91.65672
"('HARD', 'MEDIUM', 'HARD')","[18, 19]",97.98549
"('HARD', 'MEDIUM', 'HARD')","[18, 20]",97.761955
"('HARD', 'MEDIUM', 'HARD')","[18, 21]",97.53844
"('HARD', 'MEDIUM', 'HARD')","[18, 22]",97.31491
"('HARD', 'MEDIUM', 'HARD')","[18, 23]",97.091385
"('HARD', 'MEDIUM', 'HARD')","[18, 24]",96.86786
"('HARD', 'MEDIUM', 'HARD')","[18, 25]",96.644325
"('HARD', 'MEDIUM', 'HARD')","[18, 26]",96.42081
"('HARD', 'MEDIUM', 'HARD')","[18, 27]",96.19728
"('HARD', 'MEDIUM', 'HARD')","[18, 28]",95.97375
"('HARD', 'MEDIUM', 'HARD')","[18, 29]",95.75023
"('HARD', 'MEDIUM', 'HARD')","[18, 30]",95.5267
"('HARD', 'MEDIUM', 'HARD')","[18, 31]",95.30318
"('HARD', 'MEDIUM', 'HARD')","[18, 32]",95.07965
"('HARD', 'MEDIUM', 'HARD')","[18, 33]",94.85612
"('HARD', 'MEDIUM', 'HARD')","[18, 34]",94.6326
"('HARD', 'MEDIUM', 'HARD')","[18, 35]",94.40907
"('HARD', 'MEDIUM', 'HARD')","[18, 36]",94.18554
"('HARD', 'MEDIUM', 'HARD')","[18, 37]",93.96201
"('HARD', 'MEDIUM', 'HARD')","[18, 38]",93.73848
"('HARD', 'MEDIUM', 'HARD')","[18, 39]",93.51495
"('HARD', 'MEDIUM', 'HARD')","[18, 40]",93.29143
"('HARD', 'MEDIUM', 'HARD')","[18, 41]",93.067894
"('HARD', 'MEDIUM', 'HARD')","[18, 42]",92.84436
"('HARD', 'MEDIUM', 'HARD')","[18, 43]",92.620834
"('HARD', 'MEDIUM', 'HARD')","[18, 44]",92.39731
"('HARD', 'MEDIUM', 'HARD')","[18, 45]",92.17378
"('HARD', 'MEDIUM', 'HARD')","[18, 46]",91.95026
"('HARD', 'MEDIUM', 'HARD')","[19, 20]",98.05549
"('HARD', 'MEDIUM', 'HARD')","[19, 21]",97.831955
"('HARD', 'MEDIUM', 'HARD')","[19, 22]",97.60843
"('HARD', 'MEDIUM', 'HARD')","[19, 23]",97.3849
"('HARD', 'MEDIUM', 'HARD')","[19, 24]",97.16138
"('HARD', 'MEDIUM', 'HARD')","[19, 25]",96.93786
"('HARD', 'MEDIUM', 'HARD')","[19, 26]",96.714325
"('HARD', 'MEDIUM', 'HARD')","[19, 27]",96.4908
"('HARD', 'MEDIUM', 'HARD')","[19, 28]",96.26728
"('HARD', 'MEDIUM', 'HARD')","[19, 29]",96.04375
"('HARD', 'MEDIUM', 'HARD')","[19, 30]",95.82022
"('HARD', 'MEDIUM', 'HARD')","[19, 31]",95.596695
"('HARD', 'MEDIUM', 'HARD')","[19, 32]",95.37317
"('HARD', 'MEDIUM', 'HARD')","[19, 33]",95.14965
"('HARD', 'MEDIUM', 'HARD')","[19, 34]",94.92612
"('HARD', 'MEDIUM', 'HARD')","[19, 35]",94.70259
"('HARD', 'MEDIUM', 'HARD')","[19, 36]",94.47907
"('HARD', 'MEDIUM', 'HARD')","[19, 37]",94.25554
"('HARD', 'MEDIUM', 'HARD')","[19, 38]",94.03201
"('HARD', 'MEDIUM', 'HARD')","[19, 39]",93.80847
"('HARD', 'MEDIUM', 'HARD')","[19, 40]",93.584946
"('HARD', 'MEDIUM', 'HARD')","[19, 41]",93.36142
"('HARD', 'MEDIUM', 'HARD')","[19, 42]",93.13789
"('HARD', 'MEDIUM', 'HARD')","[19, 43]",92.91437
"('HARD', 'MEDIUM', 'HARD')","[19, 44]",92.69084
"('HARD', 'MEDIUM', 'HARD')","[19, 45]",92.46731
"('HARD', 'MEDIUM', 'HARD')","[19, 46]",92.24378
"('HARD', 'MEDIUM', 'HARD')","[20, 21]",98.12549
"('HARD', 'MEDIUM', 'HARD')","[20, 22]",97.90196
"('HARD', 'MEDIUM', 'HARD')","[20, 23]",97.67844
"('HARD', 'MEDIUM', 'HARD')","[20, 24]",97.45491
"('HARD', 'MEDIUM', 'HARD')","[20, 25]",97.231384
"('HARD', 'MEDIUM', 'HARD')","[20, 26]",97.00786
"('HARD', 'MEDIUM', 'HARD')","[20, 27]",96.78433
"('HARD', 'MEDIUM', 'HARD')","[20, 28]",96.56081
"('HARD', 'MEDIUM', 'HARD')","[20, 29]",96.33728
"('HARD', 'MEDIUM', 'HARD')","[20, 30]",96.113754
"('HARD', 'MEDIUM', 'HARD')","[20, 31]",95.89023
"('HARD', 'MEDIUM', 'HARD')","[20, 32]",95.6667
"('HARD', 'MEDIUM', 'HARD')","[20, 33]",95.44318
"('HARD', 'MEDIUM', 'HARD')","[20, 34]",95.21965
"('HARD', 'MEDIUM', 'HARD')","[20, 35]",94.996124
"('HARD', 'MEDIUM', 'HARD')","[20, 36]",94.7726
"('HARD', 'MEDIUM', 'HARD')","[20, 37]",94.54907
"('HARD', 'MEDIUM', 'HARD')","[20, 38]",94.32553
"('HARD', 'MEDIUM', 'HARD')","[20, 39]",94.102005
"('HARD', 'MEDIUM', 'HARD')","[20, 40]",93.87848
"('HARD', 'MEDIUM', 'HARD')","[20, 41]",93.654945
"('HARD', 'MEDIUM', 'HARD')","[20, 42]",93.43143
"('HARD', 'MEDIUM', 'HARD')","[20, 43]",93.207886
"('HARD', 'MEDIUM', 'HARD')","[20, 44]",92.98436
"('HARD', 'MEDIUM', 'HARD')","[20, 45]",92.76084
"('HARD', 'MEDIUM', 'HARD')","[20, 46]",92.53731
"('HARD', 'MEDIUM', 'HARD')","[21, 22]",98.19548
"('HARD', 'MEDIUM', 'HARD')","[21, 23]",97.971954
"('HARD', 'MEDIUM', 'HARD')","[21, 24]",97.748436
"('HARD', 'MEDIUM', 'HARD')","[21, 25]",97.52491
"('HARD', 'MEDIUM', 'HARD')","[21, 26]",97.30139
"('HARD', 'MEDIUM', 'HARD')","[21, 27]",97.077866
"('HARD', 'MEDIUM', 'HARD')","[21, 28]",96.85433
"('HARD', 'MEDIUM', 'HARD')","[21, 29]",96.630806
"('HARD', 'MEDIUM', 'HARD')","[21, 30]",96.40727
"('HARD', 'MEDIUM', 'HARD')","[21, 31]",96.18375
"('HARD', 'MEDIUM', 'HARD')","[21, 32]",95.96023
"('HARD', 'MEDIUM', 'HARD')","[21, 33]",95.7367
"('HARD', 'MEDIUM', 'HARD')","[21, 34]",95.51318
"('HARD', 'MEDIUM', 'HARD')","[21, 35]",95.28966
"('HARD', 'MEDIUM', 'HARD')","[21, 36]",95.066124
"('HARD', 'MEDIUM', 'HARD')","[21, 37]",94.84259
"('HARD', 'MEDIUM', 'HARD')","[21, 38]",94.619064
"('HARD', 'MEDIUM', 'HARD')","[21, 39]",94.39554
"('HARD', 'MEDIUM', 'HARD')","[21, 40]",94.172005
"('HARD', 'MEDIUM', 'HARD')","[21, 41]",93.94848
"('HARD', 'MEDIUM', 'HARD')","[21, 42]",93.724945
"('HARD', 'MEDIUM', 'HARD')","[21, 43]",93.50142
"('HARD', 'MEDIUM', 'HARD')","[21, 44]",93.27789
"('HARD', 'MEDIUM', 'HARD')","[21, 45]",93.05436
"('HARD', 'MEDIUM', 'HARD')","[21, 46]",92.83084
"('HARD', 'MEDIUM', 'HARD')","[22, 23]",98.26549
"('HARD', 'MEDIUM', 'HARD')","[22, 24]",98.04196
"('HARD', 'MEDIUM', 'HARD')","[22, 25]",97.818436
"('HARD', 'MEDIUM', 'HARD')","[22, 26]",97.59491
"('HARD', 'MEDIUM', 'HARD')","[22, 27]",97.37138
"('HARD', 'MEDIUM', 'HARD')","[22, 28]",97.14786
"('HARD', 'MEDIUM', 'HARD')","[22, 29]",96.92433
"('HARD', 'MEDIUM', 'HARD')","[22, 30]",96.700806
"('HARD', 'MEDIUM', 'HARD')","[22, 31]",96.47728
"('HARD', 'MEDIUM', 'HARD')","[22, 32]",96.25375
"('HARD', 'MEDIUM', 'HARD')","[22, 33]",96.03023
"('HARD', 'MEDIUM', 'HARD')","[22, 34]",95.8067
"('HARD', 'MEDIUM', 'HARD')","[22, 35]",95.583176
"('HARD', 'MEDIUM', 'HARD')","[22, 36]",95.35965
"('HARD', 'MEDIUM', 'HARD')","[22, 37]",95.13612
"('HARD', 'MEDIUM', 'HARD')","[22, 38]",94.91258
"('HARD', 'MEDIUM', 'HARD')","[22, 39]",94.68906
"('HARD', 'MEDIUM', 'HARD')","[22, 40]",94.46553
"('HARD', 'MEDIUM', 'HARD')","[22, 41]",94.242
"('HARD', 'MEDIUM', 'HARD')","[22, 42]",94.01848
"('HARD', 'MEDIUM', 'HARD')","[22, 43]",93.79494
"('HARD', 'MEDIUM', 'HARD')","[22, 44]",93.57141
"('HARD', 'MEDIUM', 'HARD')","[22, 45]",93.34789
"('HARD', 'MEDIUM', 'HARD')","[22, 46]",93.12436
"('HARD', 'MEDIUM', 'HARD')","[23, 24]",98.33549
"('HARD', 'MEDIUM', 'HARD')","[23, 25]",98.11196
"('HARD', 'MEDIUM', 'HARD')","[23, 26]",97.88844
"('HARD', 'MEDIUM', 'HARD')","[23, 27]",97.66492
"('HARD', 'MEDIUM', 'HARD')","[23, 28]",97.44138
"('HARD', 'MEDIUM', 'HARD')","[23, 29]",97.21786
"('HARD', 'MEDIUM', 'HARD')","[23, 30]",96.99432
"('HARD', 'MEDIUM', 'HARD')","[23, 31]",96.7708
"('HARD', 'MEDIUM', 'HARD')","[23, 32]",96.54728
"('HARD', 'MEDIUM', 'HARD')","[23, 33]",96.32375
"('HARD', 'MEDIUM', 'HARD')","[23, 34]",96.100235
"('HARD', 'MEDIUM', 'HARD')","[23, 35]",95.87671
"('HARD', 'MEDIUM', 'HARD')","[23, 36]",95.653175
"('HARD', 'MEDIUM', 'HARD')","[23, 37]",95.42964
"('HARD', 'MEDIUM', 'HARD')","[23, 38]",95.206116
"('HARD', 'MEDIUM', 'HARD')","[23, 39]",94.98259
"('HARD', 'MEDIUM', 'HARD')","[23, 40]",94.759056
"('HARD', 'MEDIUM', 'HARD')","[23, 41]",94.53553
"('HARD', 'MEDIUM', 'HARD')","[23, 42]",94.312
"('HARD', 'MEDIUM', 'HARD')","[23, 43]",94.08847
"('HARD', 'MEDIUM', 'HARD')","[23, 44]",93.864944
"('HARD', 'MEDIUM', 'HARD')","[23, 45]",93.64141
"('HARD', 'MEDIUM', 'HARD')","[23, 46]",93.41789
"('HARD', 'MEDIUM', 'HARD')","[24, 25]",98.40549
"('HARD', 'MEDIUM', 'HARD')","[24, 26]",98.18196
"('HARD', 'MEDIUM', 'HARD')","[24, 27]",97.958435
"('HARD', 'MEDIUM', 'HARD')","[24, 28]",97.73491
"('HARD', 'MEDIUM', 'HARD')","[24, 29]",97.51138
"('HARD', 'MEDIUM', 'HARD')","[24, 30]",97.28786
"('HARD', 'MEDIUM', 'HARD')","[24, 31]",97.06433
"('HARD', 'MEDIUM', 'HARD')","[24, 32]",96.840805
"('HARD', 'MEDIUM', 'HARD')","[24, 33]",96.61728
"('HARD', 'MEDIUM', 'HARD')","[24, 34]",96.39375
"('HARD', 'MEDIUM', 'HARD')","[24, 35]",96.17023
"('HARD', 'MEDIUM', 'HARD')","[24, 36]",95.9467
"('HARD', 'MEDIUM', 'HARD')","[24, 37]",95.723175
"('HARD', 'MEDIUM', 'HARD')","[24, 38]",95.49963
"('HARD', 'MEDIUM', 'HARD')","[24, 39]",95.27611
"('HARD', 'MEDIUM', 'HARD')","[24, 40]",95.05258
"('HARD', 'MEDIUM', 'HARD')","[24, 41]",94.82905
"('HARD', 'MEDIUM', 'HARD')","[24, 42]",94.60553
"('HARD', 'MEDIUM', 'HARD')","[24, 43]",94.38199
"('HARD', 'MEDIUM', 'HARD')","[24, 44]",94.15846
"('HARD', 'MEDIUM', 'HARD')","[24, 45]",93.934944
"('HARD', 'MEDIUM', 'HARD')","[24, 46]",93.71141
"('HARD', 'MEDIUM', 'HARD')","[25, 26]",98.475494
"('HARD', 'MEDIUM', 'HARD')","[25, 27]",98.25197
"('HARD', 'MEDIUM', 'HARD')","[25, 28]",98.028435
"('HARD', 'MEDIUM', 'HARD')","[25, 29]",97.80491
"('HARD', 'MEDIUM', 'HARD')","[25, 30]",97.581375
"('HARD', 'MEDIUM', 'HARD')","[25, 31]",97.35785
"('HARD', 'MEDIUM', 'HARD')","[25, 32]",97.13433
"('HARD', 'MEDIUM', 'HARD')","[25, 33]",96.910805
"('HARD', 'MEDIUM', 'HARD')","[25, 34]",96.68729
"('HARD', 'MEDIUM', 'HARD')","[25, 35]",96.46376
"('HARD', 'MEDIUM', 'HARD')","[25, 36]",96.24023
"('HARD', 'MEDIUM', 'HARD')","[25, 37]",96.01669
"('HARD', 'MEDIUM', 'HARD')","[25, 38]",95.79317
"('HARD', 'MEDIUM', 'HARD')","[25, 39]",95.56964
"('HARD', 'MEDIUM', 'HARD')","[25, 40]",95.34611
"('HARD', 'MEDIUM', 'HARD')","[25, 41]",95.12258
"('HARD', 'MEDIUM', 'HARD')","[25, 42]",94.89905
"('HARD', 'MEDIUM', 'HARD')","[25, 43]",94.67552
"('HARD', 'MEDIUM', 'HARD')","[25, 44]",94.451996
"('HARD', 'MEDIUM', 'HARD')","[25, 45]",94.22846
"('HARD', 'MEDIUM', 'HARD')","[25, 46]",94.004944
"('HARD', 'MEDIUM', 'HARD')","[26, 27]",98.54549
"('HARD', 'MEDIUM', 'HARD')","[26, 28]",98.32196
"('HARD', 'MEDIUM', 'HARD')","[26, 29]",98.098434
"('HARD', 'MEDIUM', 'HARD')","[26, 30]",97.87491
"('HARD', 'MEDIUM', 'HARD')","[26, 31]",97.65138
"('HARD', 'MEDIUM', 'HARD')","[26, 32]",97.42786
"('HARD', 'MEDIUM', 'HARD')","[26, 33]",97.20433
"('HARD', 'MEDIUM', 'HARD')","[26, 34]",96.980804
"('HARD', 'MEDIUM', 'HARD')","[26, 35]",96.75728
"('HARD', 'MEDIUM', 'HARD')","[26, 36]",96.53375
"('HARD', 'MEDIUM', 'HARD')","[26, 37]",96.31023
"('HARD', 'MEDIUM', 'HARD')","[26, 38]",96.086685
"('HARD', 'MEDIUM', 'HARD')","[26, 39]",95.86316
"('HARD', 'MEDIUM', 'HARD')","[26, 40]",95.63963
"('HARD', 'MEDIUM', 'HARD')","[26, 41]",95.4161
"('HARD', 'MEDIUM', 'HARD')","[26, 42]",95.19258
"('HARD', 'MEDIUM', 'HARD')","[26, 43]",94.96904
"('HARD', 'MEDIUM', 'HARD')","[26, 44]",94.745514
"('HARD', 'MEDIUM', 'HARD')","[26, 45]",94.521996
"('HARD', 'MEDIUM', 'HARD')","[26, 46]",94.29846
"('HARD', 'MEDIUM', 'HARD')","[27, 28]",98.615486
"('HARD', 'MEDIUM', 'HARD')","[27, 29]",98.39196
"('HARD', 'MEDIUM', 'HARD')","[27, 30]",98.16843
"('HARD', 'MEDIUM', 'HARD')","[27, 31]",97.9449
"('HARD', 'MEDIUM', 'HARD')","[27, 32]",97.72138
"('HARD', 'MEDIUM', 'HARD')","[27, 33]",97.497856
"('HARD', 'MEDIUM', 'HARD')","[27, 34]",97.27434
"('HARD', 'MEDIUM', 'HARD')","[27, 35]",97.05081
"('HARD', 'MEDIUM', 'HARD')","[27, 36]",96.82728
"('HARD', 'MEDIUM', 'HARD')","[27, 37]",96.603745
"('HARD', 'MEDIUM', 'HARD')","[27, 38]",96.38022
"('HARD', 'MEDIUM', 'HARD')","[27, 39]",96.15669
"('HARD', 'MEDIUM', 'HARD')","[27, 40]",95.93316
"('HARD', 'MEDIUM', 'HARD')","[27, 41]",95.70963
"('HARD', 'MEDIUM', 'HARD')","[27, 42]",95.4861
"('HARD', 'MEDIUM', 'HARD')","[27, 43]",95.26257
"('HARD', 'MEDIUM', 'HARD')","[27, 44]",95.03905
"('HARD', 'MEDIUM', 'HARD')","[27, 45]",94.81551
"('HARD', 'MEDIUM', 'HARD')","[27, 46]",94.591995
"('HARD', 'MEDIUM', 'HARD')","[28, 29]",98.685486
"('HARD', 'MEDIUM', 'HARD')","[28, 30]",98.46196
"('HARD', 'MEDIUM', 'HARD')","[28, 31]",98.238434
"('HARD', 'MEDIUM', 'HARD')","[28, 32]",98.01491
"('HARD', 'MEDIUM', 'HARD')","[28, 33]",97.79138
"('HARD', 'MEDIUM', 'HARD')","[28, 34]",97.567856
"('HARD', 'MEDIUM', 'HARD')","[28, 35]",97.34433
"('HARD', 'MEDIUM', 'HARD')","[28, 36]",97.120804
"('HARD', 'MEDIUM', 'HARD')","[28, 37]",96.89728
"('HARD', 'MEDIUM', 'HARD')","[28, 38]",96.67374
"('HARD', 'MEDIUM', 'HARD')","[28, 39]",96.45021
"('HARD', 'MEDIUM', 'HARD')","[28, 40]",96.226685
"('HARD', 'MEDIUM', 'HARD')","[28, 41]",96.00315
"('HARD', 'MEDIUM', 'HARD')","[28, 42]",95.77963
"('HARD', 'MEDIUM', 'HARD')","[28, 43]",95.55609
"('HARD', 'MEDIUM', 'HARD')","[28, 44]",95.332565
"('HARD', 'MEDIUM', 'HARD')","[28, 45]",95.10905
"('HARD', 'MEDIUM', 'HARD')","[28, 46]",94.88551
"('HARD', 'MEDIUM', 'HARD')","[29, 30]",98.75548
"('HARD', 'MEDIUM', 'HARD')","[29, 31]",98.53195
"('HARD', 'MEDIUM', 'HARD')","[29, 32]",98.308426
"('HARD', 'MEDIUM', 'HARD')","[29, 33]",98.08491
"('HARD', 'MEDIUM', 'HARD')","[29, 34]",97.861374
"('HARD', 'MEDIUM', 'HARD')","[29, 35]",97.63785
"('HARD', 'MEDIUM', 'HARD')","[29, 36]",97.41433
"('HARD', 'MEDIUM', 'HARD')","[29, 37]",97.190796
"('HARD', 'MEDIUM', 'HARD')","[29, 38]",96.96727
"('HARD', 'MEDIUM', 'HARD')","[29, 39]",96.74373
"('HARD', 'MEDIUM', 'HARD')","[29, 40]",96.5202
"('HARD', 'MEDIUM', 'HARD')","[29, 41]",96.29668
"('HARD', 'MEDIUM', 'HARD')","[29, 42]",96.07315
"('HARD', 'MEDIUM', 'HARD')","[29, 43]",95.849625
"('HARD', 'MEDIUM', 'HARD')","[29, 44]",95.6261
"('HARD', 'MEDIUM', 'HARD')","[29, 45]",95.402565
"('HARD', 'MEDIUM', 'HARD')","[29, 46]",95.17904
"('HARD', 'MEDIUM', 'HARD')","[30, 31]",98.825485
"('HARD', 'MEDIUM', 'HARD')","[30, 32]",98.60196
"('HARD', 'MEDIUM', 'HARD')","[30, 33]",98.37844
"('HARD', 'MEDIUM', 'HARD')","[30, 34]",98.15491
"('HARD', 'MEDIUM', 'HARD')","[30, 35]",97.93138
"('HARD', 'MEDIUM', 'HARD')","[30, 36]",97.70786
"('HARD', 'MEDIUM', 'HARD')","[30, 37]",97.48433
"('HARD', 'MEDIUM', 'HARD')","[30, 38]",97.2608
"('HARD', 'MEDIUM', 'HARD')","[30, 39]",97.03726
"('HARD', 'MEDIUM', 'HARD')","[30, 40]",96.813736
"('HARD', 'MEDIUM', 'HARD')","[30, 41]",96.59021
"('HARD', 'MEDIUM', 'HARD')","[30, 42]",96.366684
"('HARD', 'MEDIUM', 'HARD')","[30, 43]",96.14316
"('HARD', 'MEDIUM', 'HARD')","[30, 44]",95.91963
"('HARD', 'MEDIUM', 'HARD')","[30, 45]",95.6961
"('HARD', 'MEDIUM', 'HARD')","[30, 46]",95.47257
"('HARD', 'MEDIUM', 'HARD')","[31, 32]",98.895485
"('HARD', 'MEDIUM', 'HARD')","[31, 33]",98.67196
"('HARD', 'MEDIUM', 'HARD')","[31, 34]",98.44844
"('HARD', 'MEDIUM', 'HARD')","[31, 35]",98.224915
"('HARD', 'MEDIUM', 'HARD')","[31, 36]",98.00138
"('HARD', 'MEDIUM', 'HARD')","[31, 37]",97.77785
"('HARD', 'MEDIUM', 'HARD')","[31, 38]",97.55432
"('HARD', 'MEDIUM', 'HARD')","[31, 39]",97.330795
"('HARD', 'MEDIUM', 'HARD')","[31, 40]",97.10726
"('HARD', 'MEDIUM', 'HARD')","[31, 41]",96.883736
"('HARD', 'MEDIUM', 'HARD')","[31, 42]",96.6602
"('HARD', 'MEDIUM', 'HARD')","[31, 43]",96.436676
"('HARD', 'MEDIUM', 'HARD')","[31, 44]",96.21315
"('HARD', 'MEDIUM', 'HARD')","[31, 45]",95.98962
"('HARD', 'MEDIUM', 'HARD')","[31, 46]",95.7661
"('HARD', 'MEDIUM', 'HARD')","[32, 33]",98.965485
"('HARD', 'MEDIUM', 'HARD')","[32, 34]",98.74196
"('HARD', 'MEDIUM', 'HARD')","[32, 35]",98.51843
"('HARD', 'MEDIUM', 'HARD')","[32, 36]",98.29491
"('HARD', 'MEDIUM', 'HARD')","[32, 37]",98.07138
"('HARD', 'MEDIUM', 'HARD')","[32, 38]",97.84784
"('HARD', 'MEDIUM', 'HARD')","[32, 39]",97.62431
"('HARD', 'MEDIUM', 'HARD')","[32, 40]",97.40079
"('HARD', 'MEDIUM', 'HARD')","[32, 41]",97.17725
"('HARD', 'MEDIUM', 'HARD')","[32, 42]",96.953735
"('HARD', 'MEDIUM', 'HARD')","[32, 43]",96.730194
"('HARD', 'MEDIUM', 'HARD')","[32, 44]",96.50667
"('HARD', 'MEDIUM', 'HARD')","[32, 45]",96.28315
"('HARD', 'MEDIUM', 'HARD')","[32, 46]",96.059616
"('HARD', 'MEDIUM', 'HARD')","[33, 34]",99.03549
"('HARD', 'MEDIUM', 'HARD')","[33, 35]",98.811966
"('HARD', 'MEDIUM', 'HARD')","[33, 36]",98.58843
"('HARD', 'MEDIUM', 'HARD')","[33, 37]",98.36491
"('HARD', 'MEDIUM', 'HARD')","[33, 38]",98.14137
"('HARD', 'MEDIUM', 'HARD')","[33, 39]",97.91785
"('HARD', 'MEDIUM', 'HARD')","[33, 40]",97.69432
"('HARD', 'MEDIUM', 'HARD')","[33, 41]",97.47079
"('HARD', 'MEDIUM', 'HARD')","[33, 42]",97.24725
"('HARD', 'MEDIUM', 'HARD')","[33, 43]",97.02373
"('HARD', 'MEDIUM', 'HARD')","[33, 44]",96.8002
"('HARD', 'MEDIUM', 'HARD')","[33, 45]",96.576675
"('HARD', 'MEDIUM', 'HARD')","[33, 46]",96.35315
"('HARD', 'MEDIUM', 'HARD')","[34, 35]",99.105484
"('HARD', 'MEDIUM', 'HARD')","[34, 36]",98.88195
"('HARD', 'MEDIUM', 'HARD')","[34, 37]",98.658424
"('HARD', 'MEDIUM', 'HARD')","[34, 38]",98.43489
"('HARD', 'MEDIUM', 'HARD')","[34, 39]",98.211365
"('HARD', 'MEDIUM', 'HARD')","[34, 40]",97.98784
"('HARD', 'MEDIUM', 'HARD')","[34, 41]",97.764305
"('HARD', 'MEDIUM', 'HARD')","[34, 42]",97.54077
"('HARD', 'MEDIUM', 'HARD')","[34, 43]",97.317245
"('HARD', 'MEDIUM', 'HARD')","[34, 44]",97.09372
"('HARD', 'MEDIUM', 'HARD')","[34, 45]",96.87019
"('HARD', 'MEDIUM', 'HARD')","[34, 46]",96.64667
"('HARD', 'MEDIUM', 'HARD')","[35, 36]",99.17548
"('HARD', 'MEDIUM', 'HARD')","[35, 37]",98.95195
"('HARD', 'MEDIUM', 'HARD')","[35, 38]",98.728424
"('HARD', 'MEDIUM', 'HARD')","[35, 39]",98.5049
"('HARD', 'MEDIUM', 'HARD')","[35, 40]",98.281364
"('HARD', 'MEDIUM', 'HARD')","[35, 41]",98.05784
"('HARD', 'MEDIUM', 'HARD')","[35, 42]",97.834305
"('HARD', 'MEDIUM', 'HARD')","[35, 43]",97.61078
"('HARD', 'MEDIUM', 'HARD')","[35, 44]",97.38725
"('HARD', 'MEDIUM', 'HARD')","[35, 45]",97.16372
"('HARD', 'MEDIUM', 'HARD')","[35, 46]",96.9402
"('HARD', 'MEDIUM', 'HARD')","[36, 37]",99.24548
"('HARD', 'MEDIUM', 'HARD')","[36, 38]",99.02196
"('HARD', 'MEDIUM', 'HARD')","[36, 39]",98.798416
"('HARD', 'MEDIUM', 'HARD')","[36, 40]",98.57489
"('HARD', 'MEDIUM', 'HARD')","[36, 41]",98.351364
"('HARD', 'MEDIUM', 'HARD')","[36, 42]",98.12784
"('HARD', 'MEDIUM', 'HARD')","[36, 43]",97.90431
"('HARD', 'MEDIUM', 'HARD')","[36, 44]",97.680786
"('HARD', 'MEDIUM', 'HARD')","[36, 45]",97.45725
"('HARD', 'MEDIUM', 'HARD')","[36, 46]",97.23373
"('HARD', 'MEDIUM', 'HARD')","[37, 38]",99.315475
"('HARD', 'MEDIUM', 'HARD')","[37, 39]",99.09195
"('HARD', 'MEDIUM', 'HARD')","[37, 40]",98.86842
"('HARD', 'MEDIUM', 'HARD')","[37, 41]",98.64489
"('HARD', 'MEDIUM', 'HARD')","[37, 42]",98.42136
"('HARD', 'MEDIUM', 'HARD')","[37, 43]",98.19783
"('HARD', 'MEDIUM', 'HARD')","[37, 44]",97.974304
"('HARD', 'MEDIUM', 'HARD')","[37, 45]",97.75078
"('HARD', 'MEDIUM', 'HARD')","[37, 46]",97.52725
"('HARD', 'MEDIUM', 'HARD')","[38, 39]",99.38548
"('HARD', 'MEDIUM', 'HARD')","[38, 40]",99.16196
"('HARD', 'MEDIUM', 'HARD')","[38, 41]",98.93842
"('HARD', 'MEDIUM', 'HARD')","[38, 42]",98.714905
"('HARD', 'MEDIUM', 'HARD')","[38, 43]",98.49136
"('HARD', 'MEDIUM', 'HARD')","[38, 44]",98.26784
"('HARD', 'MEDIUM', 'HARD')","[38, 45]",98.04432
"('HARD', 'MEDIUM', 'HARD')","[38, 46]",97.820786
"('HARD', 'MEDIUM', 'HARD')","[39, 40]",99.45548
"('HARD', 'MEDIUM', 'HARD')","[39, 41]",99.23196
"('HARD', 'MEDIUM', 'HARD')","[39, 42]",99.00842
"('HARD', 'MEDIUM', 'HARD')","[39, 43]",98.7849
"('HARD', 'MEDIUM', 'HARD')","[39, 44]",98.56137
"('HARD', 'MEDIUM', 'HARD')","[39, 45]",98.33784
"('HARD', 'MEDIUM', 'HARD')","[39, 46]",98.11432
"('HARD', 'MEDIUM', 'HARD')","[40, 41]",99.52548
"('HARD', 'MEDIUM', 'HARD')","[40, 42]",99.301956
"('HARD', 'MEDIUM', 'HARD')","[40, 43]",99.07843
"('HARD', 'MEDIUM', 'HARD')","[40, 44]",98.854904
"('HARD', 'MEDIUM', 'HARD')","[40, 45]",98.63137
"('HARD', 'MEDIUM', 'HARD')","[40, 46]",98.407845
"('HARD', 'MEDIUM', 'HARD')","[41, 42]",99.59549
"('HARD', 'MEDIUM', 'HARD')","[41, 43]",99.37196
"('HARD', 'MEDIUM', 'HARD')","[41, 44]",99.14844
"('HARD', 'MEDIUM', 'HARD')","[41, 45]",98.924904
"('HARD', 'MEDIUM', 'HARD')","[41, 46]",98.70138
"('HARD', 'MEDIUM', 'HARD')","[42, 43]",99.66548
"('HARD', 'MEDIUM', 'HARD')","[42, 44]",99.441956
"('HARD', 'MEDIUM', 'HARD')","[42, 45]",99.21842
"('HARD', 'MEDIUM', 'HARD')","[42, 46]",98.9949
"('HARD', 'MEDIUM', 'HARD')","[43, 44]",99.73549
"('HARD', 'MEDIUM', 'HARD')","[43, 45]",99.511955
"('HARD', 'MEDIUM', 'HARD')","[43, 46]",99.28844
"('HARD', 'MEDIUM', 'HARD')","[44, 45]",99.80549
"('HARD', 'MEDIUM', 'HARD')","[44, 46]",99.58196
"('HARD', 'MEDIUM', 'HARD')","[45, 46]",99.87549
"('HARD', 'HARD', 'SOFT')","[10, 11]",93.53586
"('HARD', 'HARD', 'SOFT')","[10, 12]",93.65542
"('HARD', 'HARD', 'SOFT')","[10, 13]",93.77498
"('HARD', 'HARD', 'SOFT')","[10, 14]",93.89453
"('HARD', 'HARD', 'SOFT')","[10, 15]",94.01409
"('HARD', 'HARD', 'SOFT')","[10, 16]",94.133644
"('HARD', 'HARD', 'SOFT')","[10, 17]",94.2532
"('HARD', 'HARD', 'SOFT')","[10, 18]",94.37276
"('HARD', 'HARD', 'SOFT')","[10, 19]",94.49232
"('HARD', 'HARD', 'SOFT')","[10, 20]",94.61188
"('HARD', 'HARD', 'SOFT')","[10, 21]",94.73143
"('HARD', 'HARD', 'SOFT')","[10, 22]",94.85099
"('HARD', 'HARD', 'SOFT')","[10, 23]",94.97054
"('HARD', 'HARD', 'SOFT')","[10, 24]",95.0901
"('HARD', 'HARD', 'SOFT')","[10, 25]",95.209656
"('HARD', 'HARD', 'SOFT')","[10, 26]",95.32921
"('HARD', 'HARD', 'SOFT')","[10, 27]",95.44877
"('HARD', 'HARD', 'SOFT')","[10, 28]",95.56833
"('HARD', 'HARD', 'SOFT')","[10, 29]",95.68788
"('HARD', 'HARD', 'SOFT')","[10, 30]",95.80744
"('HARD', 'HARD', 'SOFT')","[10, 31]",95.926994
"('HARD', 'HARD', 'SOFT')","[10, 32]",96.046555
"('HARD', 'HARD', 'SOFT')","[10, 33]",96.16611
"('HARD', 'HARD', 'SOFT')","[10, 34]",96.28566
"('HARD', 'HARD', 'SOFT')","[10, 35]",96.40522
"('HARD', 'HARD', 'SOFT')","[10, 36]",96.52478
"('HARD', 'HARD', 'SOFT')","[10, 37]",96.64433
"('HARD', 'HARD', 'SOFT')","[10, 38]",96.76389
"('HARD', 'HARD', 'SOFT')","[10, 39]",96.88345
"('HARD', 'HARD', 'SOFT')","[10, 40]",97.003006
"('HARD', 'HARD', 'SOFT')","[10, 41]",97.122574
"('HARD', 'HARD', 'SOFT')","[10, 42]",97.24213
"('HARD', 'HARD', 'SOFT')","[10, 43]",97.361694
"('HARD', 'HARD', 'SOFT')","[10, 44]",97.48125
"('HARD', 'HARD', 'SOFT')","[10, 45]",97.60081
"('HARD', 'HARD', 'SOFT')","[10, 46]",97.72036
"('HARD', 'HARD', 'SOFT')","[11, 12]",93.690414
"('HARD', 'HARD', 'SOFT')","[11, 13]",93.809975
"('HARD', 'HARD', 'SOFT')","[11, 14]",93.92953
"('HARD', 'HARD', 'SOFT')","[11, 15]",94.04909
"('HARD', 'HARD', 'SOFT')","[11, 16]",94.16864
"('HARD', 'HARD', 'SOFT')","[11, 17]",94.2882
"('HARD', 'HARD', 'SOFT')","[11, 18]",94.40775
"('HARD', 'HARD', 'SOFT')","[11, 19]",94.52731
"('HARD', 'HARD', 'SOFT')","[11, 20]",94.646866
"('HARD', 'HARD', 'SOFT')","[11, 21]",94.76643
"('HARD', 'HARD', 'SOFT')","[11, 22]",94.88599
"('HARD', 'HARD', 'SOFT')","[11, 23]",95.00554
"('HARD', 'HARD', 'SOFT')","[11, 24]",95.12509
"('HARD', 'HARD', 'SOFT')","[11, 25]",95.24466
"('HARD', 'HARD', 'SOFT')","[11, 26]",95.36421
"('HARD', 'HARD', 'SOFT')","[11, 27]",95.48377
"('HARD', 'HARD', 'SOFT')","[11, 28]",95.60333
"('HARD', 'HARD', 'SOFT')","[11, 29]",95.722885
"('HARD', 'HARD', 'SOFT')","[11, 30]",95.84244
"('HARD', 'HARD', 'SOFT')","[11, 31]",95.96199
"('HARD', 'HARD', 'SOFT')","[11, 32]",96.08154
"('HARD', 'HARD', 'SOFT')","[11, 33]",96.20111
"('HARD', 'HARD', 'SOFT')","[11, 34]",96.32066
"('HARD', 'HARD', 'SOFT')","[11, 35]",96.44022
"('HARD', 'HARD', 'SOFT')","[11, 36]",96.559784
"('HARD', 'HARD', 'SOFT')","[11, 37]",96.67934
"('HARD', 'HARD', 'SOFT')","[11, 38]",96.79889
"('HARD', 'HARD', 'SOFT')","[11, 39]",96.91844
"('HARD', 'HARD', 'SOFT')","[11, 40]",97.03801
"('HARD', 'HARD', 'SOFT')","[11, 41]",97.15757
"('HARD', 'HARD', 'SOFT')","[11, 42]",97.27713
"('HARD', 'HARD', 'SOFT')","[11, 43]",97.3967
"('HARD', 'HARD', 'SOFT')","[11, 44]",97.51625
"('HARD', 'HARD', 'SOFT')","[11, 45]",97.63581
"('HARD', 'HARD', 'SOFT')","[11, 46]",97.75536
"('HARD', 'HARD', 'SOFT')","[12, 13]",93.84498
"('HARD', 'HARD', 'SOFT')","[12, 14]",93.96453
"('HARD', 'HARD', 'SOFT')","[12, 15]",94.08408
"('HARD', 'HARD', 'SOFT')","[12, 16]",94.20364
"('HARD', 'HARD', 'SOFT')","[12, 17]",94.323204
"('HARD', 'HARD', 'SOFT')","[12, 18]",94.44276
"('HARD', 'HARD', 'SOFT')","[12, 19]",94.56231
"('HARD', 'HARD', 'SOFT')","[12, 20]",94.68187
"('HARD', 'HARD', 'SOFT')","[12, 21]",94.80144
"('HARD', 'HARD', 'SOFT')","[12, 22]",94.92098
"('HARD', 'HARD', 'SOFT')","[12, 23]",95.04054
"('HARD', 'HARD', 'SOFT')","[12, 24]",95.160095
"('HARD', 'HARD', 'SOFT')","[12, 25]",95.27965
"('HARD', 'HARD', 'SOFT')","[12, 26]",95.399216
"('HARD', 'HARD', 'SOFT')","[12, 27]",95.51877
"('HARD', 'HARD', 'SOFT')","[12, 28]",95.63832
"('HARD', 'HARD', 'SOFT')","[12, 29]",95.75789
"('HARD', 'HARD', 'SOFT')","[12, 30]",95.87743
"('HARD', 'HARD', 'SOFT')","[12, 31]",95.996994
"('HARD', 'HARD', 'SOFT')","[12, 32]",96.11655
"('HARD', 'HARD', 'SOFT')","[12, 33]",96.2361
"('HARD', 'HARD', 'SOFT')","[12, 34]",96.35567
"('HARD', 'HARD', 'SOFT')","[12, 35]",96.47522
"('HARD', 'HARD', 'SOFT')","[12, 36]",96.59477
"('HARD', 'HARD', 'SOFT')","[12, 37]",96.71434
"('HARD', 'HARD', 'SOFT')","[12, 38]",96.833885
"('HARD', 'HARD', 'SOFT')","[12, 39]",96.953445
"('HARD', 'HARD', 'SOFT')","[12, 40]",97.07301
"('HARD', 'HARD', 'SOFT')","[12, 41]",97.192566
"('HARD', 'HARD', 'SOFT')","[12, 42]",97.31213
"('HARD', 'HARD', 'SOFT')","[12, 43]",97.43169
"('HARD', 'HARD', 'SOFT')","[12, 44]",97.551254
"('HARD', 'HARD', 'SOFT')","[12, 45]",97.67081
"('HARD', 'HARD', 'SOFT')","[12, 46]",97.79037
"('HARD', 'HARD', 'SOFT')","[13, 14]",93.99953
"('HARD', 'HARD', 'SOFT')","[13, 15]",94.11909
"('HARD', 'HARD', 'SOFT')","[13, 16]",94.23864
"('HARD', 'HARD', 'SOFT')","[13, 17]",94.3582
"('HARD', 'HARD', 'SOFT')","[13, 18]",94.47775
"('HARD', 'HARD', 'SOFT')","[13, 19]",94.59731
"('HARD', 'HARD', 'SOFT')","[13, 20]",94.71687
"('HARD', 'HARD', 'SOFT')","[13, 21]",94.836426
"('HARD', 'HARD', 'SOFT')","[13, 22]",94.955986
"('HARD', 'HARD', 'SOFT')","[13, 23]",95.07555
"('HARD', 'HARD', 'SOFT')","[13, 24]",95.1951
"('HARD', 'HARD', 'SOFT')","[13, 25]",95.31465
"('HARD', 'HARD', 'SOFT')","[13, 26]",95.43421
"('HARD', 'HARD', 'SOFT')","[13, 27]",95.55377
"('HARD', 'HARD', 'SOFT')","[13, 28]",95.673325
"('HARD', 'HARD', 'SOFT')","[13, 29]",95.79288
"('HARD', 'HARD', 'SOFT')","[13, 30]",95.91244
"('HARD', 'HARD', 'SOFT')","[13, 31]",96.032
"('HARD', 'HARD', 'SOFT')","[13, 32]",96.15155
"('HARD', 'HARD', 'SOFT')","[13, 33]",96.2711
"('HARD', 'HARD', 'SOFT')","[13, 34]",96.39066
"('HARD', 'HARD', 'SOFT')","[13, 35]",96.51022
"('HARD', 'HARD', 'SOFT')","[13, 36]",96.629776
"('HARD', 'HARD', 'SOFT')","[13, 37]",96.74933
"('HARD', 'HARD', 'SOFT')","[13, 38]",96.86889
"('HARD', 'HARD', 'SOFT')","[13, 39]",96.98845
"('HARD', 'HARD', 'SOFT')","[13, 40]",97.10802
"('HARD', 'HARD', 'SOFT')","[13, 41]",97.22757
"('HARD', 'HARD', 'SOFT')","[13, 42]",97.34713
"('HARD', 'HARD', 'SOFT')","[13, 43]",97.46669
"('HARD', 'HARD', 'SOFT')","[13, 44]",97.58626
"('HARD', 'HARD', 'SOFT')","[13, 45]",97.70581
"('HARD', 'HARD', 'SOFT')","[13, 46]",97.82536
"('HARD', 'HARD', 'SOFT')","[14, 15]",94.15409
"('HARD', 'HARD', 'SOFT')","[14, 16]",94.27364
"('HARD', 'HARD', 'SOFT')","[14, 17]",94.3932
"('HARD', 'HARD', 'SOFT')","[14, 18]",94.51276
"('HARD', 'HARD', 'SOFT')","[14, 19]",94.63232
"('HARD', 'HARD', 'SOFT')","[14, 20]",94.75188
"('HARD', 'HARD', 'SOFT')","[14, 21]",94.87143
"('HARD', 'HARD', 'SOFT')","[14, 22]",94.99099
"('HARD', 'HARD', 'SOFT')","[14, 23]",95.11055
"('HARD', 'HARD', 'SOFT')","[14, 24]",95.2301
"('HARD', 'HARD', 'SOFT')","[14, 25]",95.349655
"('HARD', 'HARD', 'SOFT')","[14, 26]",95.469215
"('HARD', 'HARD', 'SOFT')","[14, 27]",95.58877
"('HARD', 'HARD', 'SOFT')","[14, 28]",95.70833
"('HARD', 'HARD', 'SOFT')","[14, 29]",95.82788
"('HARD', 'HARD', 'SOFT')","[14, 30]",95.94744
"('HARD', 'HARD', 'SOFT')","[14, 31]",96.067
"('HARD', 'HARD', 'SOFT')","[14, 32]",96.186554
"('HARD', 'HARD', 'SOFT')","[14, 33]",96.30611
"('HARD', 'HARD', 'SOFT')","[14, 34]",96.42567
"('HARD', 'HARD', 'SOFT')","[14, 35]",96.54522
"('HARD', 'HARD', 'SOFT')","[14, 36]",96.66478
"('HARD', 'HARD', 'SOFT')","[14, 37]",96.78433
"('HARD', 'HARD', 'SOFT')","[14, 38]",96.90389
"('HARD', 'HARD', 'SOFT')","[14, 39]",97.02345
"('HARD', 'HARD', 'SOFT')","[14, 40]",97.14302
"('HARD', 'HARD', 'SOFT')","[14, 41]",97.26257
"('HARD', 'HARD', 'SOFT')","[14, 42]",97.38213
"('HARD', 'HARD', 'SOFT')","[14, 43]",97.50169
"('HARD', 'HARD', 'SOFT')","[14, 44]",97.62125
"('HARD', 'HARD', 'SOFT')","[14, 45]",97.74081
"('HARD', 'HARD', 'SOFT')","[14, 46]",97.86037
"('HARD', 'HARD', 'SOFT')","[15, 16]",94.30865
"('HARD', 'HARD', 'SOFT')","[15, 17]",94.4282
"('HARD', 'HARD', 'SOFT')","[15, 18]",94.54776
"('HARD', 'HARD', 'SOFT')","[15, 19]",94.66731
"('HARD', 'HARD', 'SOFT')","[15, 20]",94.78688
"('HARD', 'HARD', 'SOFT')","[15, 21]",94.90643
"('HARD', 'HARD', 'SOFT')","[15, 22]",95.025986
"('HARD', 'HARD', 'SOFT')","[15, 23]",95.145546
"('HARD', 'HARD', 'SOFT')","[15, 24]",95.26511
"('HARD', 'HARD', 'SOFT')","[15, 25]",95.38466
"('HARD', 'HARD', 'SOFT')","[15, 26]",95.50421
"('HARD', 'HARD', 'SOFT')","[15, 27]",95.62377
"('HARD', 'HARD', 'SOFT')","[15, 28]",95.74333
"('HARD', 'HARD', 'SOFT')","[15, 29]",95.862885
"('HARD', 'HARD', 'SOFT')","[15, 30]",95.98244
"('HARD', 'HARD', 'SOFT')","[15, 31]",96.102
"('HARD', 'HARD', 'SOFT')","[15, 32]",96.22156
"('HARD', 'HARD', 'SOFT')","[15, 33]",96.34111
"('HARD', 'HARD', 'SOFT')","[15, 34]",96.46066
"('HARD', 'HARD', 'SOFT')","[15, 35]",96.58022
"('HARD', 'HARD', 'SOFT')","[15, 36]",96.69978
"('HARD', 'HARD', 'SOFT')","[15, 37]",96.819336
"('HARD', 'HARD', 'SOFT')","[15, 38]",96.93889
"('HARD', 'HARD', 'SOFT')","[15, 39]",97.05846
"('HARD', 'HARD', 'SOFT')","[15, 40]",97.17801
"('HARD', 'HARD', 'SOFT')","[15, 41]",97.29757
"('HARD', 'HARD', 'SOFT')","[15, 42]",97.41713
"('HARD', 'HARD', 'SOFT')","[15, 43]",97.5367
"('HARD', 'HARD', 'SOFT')","[15, 44]",97.65625
"('HARD', 'HARD', 'SOFT')","[15, 45]",97.77581
"('HARD', 'HARD', 'SOFT')","[15, 46]",97.89536
"('HARD', 'HARD', 'SOFT')","[16, 17]",94.4632
"('HARD', 'HARD', 'SOFT')","[16, 18]",94.582756
"('HARD', 'HARD', 'SOFT')","[16, 19]",94.70232
"('HARD', 'HARD', 'SOFT')","[16, 20]",94.82187
"('HARD', 'HARD', 'SOFT')","[16, 21]",94.94144
"('HARD', 'HARD', 'SOFT')","[16, 22]",95.06099
"('HARD', 'HARD', 'SOFT')","[16, 23]",95.18054
"('HARD', 'HARD', 'SOFT')","[16, 24]",95.300095
"('HARD', 'HARD', 'SOFT')","[16, 25]",95.41966
"('HARD', 'HARD', 'SOFT')","[16, 26]",95.539215
"('HARD', 'HARD', 'SOFT')","[16, 27]",95.658775
"('HARD', 'HARD', 'SOFT')","[16, 28]",95.778336
"('HARD', 'HARD', 'SOFT')","[16, 29]",95.89789
"('HARD', 'HARD', 'SOFT')","[16, 30]",96.01744
"('HARD', 'HARD', 'SOFT')","[16, 31]",96.13699
"('HARD', 'HARD', 'SOFT')","[16, 32]",96.256546
"('HARD', 'HARD', 'SOFT')","[16, 33]",96.376114
"('HARD', 'HARD', 'SOFT')","[16, 34]",96.49567
"('HARD', 'HARD', 'SOFT')","[16, 35]",96.61523
"('HARD', 'HARD', 'SOFT')","[16, 36]",96.73479
"('HARD', 'HARD', 'SOFT')","[16, 37]",96.85434
"('HARD', 'HARD', 'SOFT')","[16, 38]",96.97389
"('HARD', 'HARD', 'SOFT')","[16, 39]",97.093445
"('HARD', 'HARD', 'SOFT')","[16, 40]",97.21301
"('HARD', 'HARD', 'SOFT')","[16, 41]",97.33257
"('HARD', 'HARD', 'SOFT')","[16, 42]",97.45213
"('HARD', 'HARD', 'SOFT')","[16, 43]",97.5717
"('HARD', 'HARD', 'SOFT')","[16, 44]",97.69125
"('HARD', 'HARD', 'SOFT')","[16, 45]",97.810814
"('HARD', 'HARD', 'SOFT')","[16, 46]",97.93037
"('HARD', 'HARD', 'SOFT')","[17, 18]",94.61775
"('HARD', 'HARD', 'SOFT')","[17, 19]",94.73731
"('HARD', 'HARD', 'SOFT')","[17, 20]",94.85687
"('HARD', 'HARD', 'SOFT')","[17, 21]",94.976425
"('HARD', 'HARD', 'SOFT')","[17, 22]",95.095985
"('HARD', 'HARD', 'SOFT')","[17, 23]",95.215546
"('HARD', 'HARD', 'SOFT')","[17, 24]",95.3351
"('HARD', 'HARD', 'SOFT')","[17, 25]",95.45465
"('HARD', 'HARD', 'SOFT')","[17, 26]",95.57421
"('HARD', 'HARD', 'SOFT')","[17, 27]",95.69377
"('HARD', 'HARD', 'SOFT')","[17, 28]",95.813324
"('HARD', 'HARD', 'SOFT')","[17, 29]",95.93288
"('HARD', 'HARD', 'SOFT')","[17, 30]",96.05244
"('HARD', 'HARD', 'SOFT')","[17, 31]",96.172
"('HARD', 'HARD', 'SOFT')","[17, 32]",96.29155
"('HARD', 'HARD', 'SOFT')","[17, 33]",96.4111
"('HARD', 'HARD', 'SOFT')","[17, 34]",96.53066
"('HARD', 'HARD', 'SOFT')","[17, 35]",96.65022
"('HARD', 'HARD', 'SOFT')","[17, 36]",96.769775
"('HARD', 'HARD', 'SOFT')","[17, 37]",96.88933
"('HARD', 'HARD', 'SOFT')","[17, 38]",97.00889
"('HARD', 'HARD', 'SOFT')","[17, 39]",97.12845
"('HARD', 'HARD', 'SOFT')","[17, 40]",97.24802
"('HARD', 'HARD', 'SOFT')","[17, 41]",97.36757
"('HARD', 'HARD', 'SOFT')","[17, 42]",97.48713
"('HARD', 'HARD', 'SOFT')","[17, 43]",97.60669
"('HARD', 'HARD', 'SOFT')","[17, 44]",97.72626
"('HARD', 'HARD', 'SOFT')","[17, 45]",97.84581
"('HARD', 'HARD', 'SOFT')","[17, 46]",97.96536
"('HARD', 'HARD', 'SOFT')","[18, 19]",94.772316
"('HARD', 'HARD', 'SOFT')","[18, 20]",94.89188
"('HARD', 'HARD', 'SOFT')","[18, 21]",95.01143
"('HARD', 'HARD', 'SOFT')","[18, 22]",95.13099
"('HARD', 'HARD', 'SOFT')","[18, 23]",95.25055
"('HARD', 'HARD', 'SOFT')","[18, 24]",95.3701
"('HARD', 'HARD', 'SOFT')","[18, 25]",95.489655
"('HARD', 'HARD', 'SOFT')","[18, 26]",95.609215
"('HARD', 'HARD', 'SOFT')","[18, 27]",95.72877
"('HARD', 'HARD', 'SOFT')","[18, 28]",95.84833
"('HARD', 'HARD', 'SOFT')","[18, 29]",95.96788
"('HARD', 'HARD', 'SOFT')","[18, 30]",96.08744
"('HARD', 'HARD', 'SOFT')","[18, 31]",96.207
"('HARD', 'HARD', 'SOFT')","[18, 32]",96.32655
"('HARD', 'HARD', 'SOFT')","[18, 33]",96.446106
"('HARD', 'HARD', 'SOFT')","[18, 34]",96.56567
"('HARD', 'HARD', 'SOFT')","[18, 35]",96.68522
"('HARD', 'HARD', 'SOFT')","[18, 36]",96.80478
"('HARD', 'HARD', 'SOFT')","[18, 37]",96.92433
"('HARD', 'HARD', 'SOFT')","[18, 38]",97.04389
"('HARD', 'HARD', 'SOFT')","[18, 39]",97.16345
"('HARD', 'HARD', 'SOFT')","[18, 40]",97.28302
"('HARD', 'HARD', 'SOFT')","[18, 41]",97.40257
"('HARD', 'HARD', 'SOFT')","[18, 42]",97.52213
"('HARD', 'HARD', 'SOFT')","[18, 43]",97.64169
"('HARD', 'HARD', 'SOFT')","[18, 44]",97.761246
"('HARD', 'HARD', 'SOFT')","[18, 45]",97.880806
"('HARD', 'HARD', 'SOFT')","[18, 46]",98.00037
"('HARD', 'HARD', 'SOFT')","[19, 20]",94.92688
"('HARD', 'HARD', 'SOFT')","[19, 21]",95.04643
"('HARD', 'HARD', 'SOFT')","[19, 22]",95.165985
"('HARD', 'HARD', 'SOFT')","[19, 23]",95.285545
"('HARD', 'HARD', 'SOFT')","[19, 24]",95.405106
"('HARD', 'HARD', 'SOFT')","[19, 25]",95.52466
"('HARD', 'HARD', 'SOFT')","[19, 26]",95.64421
"('HARD', 'HARD', 'SOFT')","[19, 27]",95.76377
"('HARD', 'HARD', 'SOFT')","[19, 28]",95.88333
"('HARD', 'HARD', 'SOFT')","[19, 29]",96.002884
"('HARD', 'HARD', 'SOFT')","[19, 30]",96.12244
"('HARD', 'HARD', 'SOFT')","[19, 31]",96.242
"('HARD', 'HARD', 'SOFT')","[19, 32]",96.36156
"('HARD', 'HARD', 'SOFT')","[19, 33]",96.48111
"('HARD', 'HARD', 'SOFT')","[19, 34]",96.60066
"('HARD', 'HARD', 'SOFT')","[19, 35]",96.72022
"('HARD', 'HARD', 'SOFT')","[19, 36]",96.83978
"('HARD', 'HARD', 'SOFT')","[19, 37]",96.959335
"('HARD', 'HARD', 'SOFT')","[19, 38]",97.07889
"('HARD', 'HARD', 'SOFT')","[19, 39]",97.198456
"('HARD', 'HARD', 'SOFT')","[19, 40]",97.31801
"('HARD', 'HARD', 'SOFT')","[19, 41]",97.43757
"('HARD', 'HARD', 'SOFT')","[19, 42]",97.55713
"('HARD', 'HARD', 'SOFT')","[19, 43]",97.6767
"('HARD', 'HARD', 'SOFT')","[19, 44]",97.79625
"('HARD', 'HARD', 'SOFT')","[19, 45]",97.91581
"('HARD', 'HARD', 'SOFT')","[19, 46]",98.03536
"('HARD', 'HARD', 'SOFT')","[20, 21]",95.081436
"('HARD', 'HARD', 'SOFT')","[20, 22]",95.20099
"('HARD', 'HARD', 'SOFT')","[20, 23]",95.32054
"('HARD', 'HARD', 'SOFT')","[20, 24]",95.440094
"('HARD', 'HARD', 'SOFT')","[20, 25]",95.55966
"('HARD', 'HARD', 'SOFT')","[20, 26]",95.679214
"('HARD', 'HARD', 'SOFT')","[20, 27]",95.798775
"('HARD', 'HARD', 'SOFT')","[20, 28]",95.918335
"('HARD', 'HARD', 'SOFT')","[20, 29]",96.03789
"('HARD', 'HARD', 'SOFT')","[20, 30]",96.15744
"('HARD', 'HARD', 'SOFT')","[20, 31]",96.27699
"('HARD', 'HARD', 'SOFT')","[20, 32]",96.396545
"('HARD', 'HARD', 'SOFT')","[20, 33]",96.51611
"('HARD', 'HARD', 'SOFT')","[20, 34]",96.635666
"('HARD', 'HARD', 'SOFT')","[20, 35]",96.755226
"('HARD', 'HARD', 'SOFT')","[20, 36]",96.87479
"('HARD', 'HARD', 'SOFT')","[20, 37]",96.99434
"('HARD', 'HARD', 'SOFT')","[20, 38]",97.11389
"('HARD', 'HARD', 'SOFT')","[20, 39]",97.233444
"('HARD', 'HARD', 'SOFT')","[20, 40]",97.35301
"('HARD', 'HARD', 'SOFT')","[20, 41]",97.47257
"('HARD', 'HARD', 'SOFT')","[20, 42]",97.59213
"('HARD', 'HARD', 'SOFT')","[20, 43]",97.7117
"('HARD', 'HARD', 'SOFT')","[20, 44]",97.83125
"('HARD', 'HARD', 'SOFT')","[20, 45]",97.95081
"('HARD', 'HARD', 'SOFT')","[20, 46]",98.070366
"('HARD', 'HARD', 'SOFT')","[21, 22]",95.235985
"('HARD', 'HARD', 'SOFT')","[21, 23]",95.355545
"('HARD', 'HARD', 'SOFT')","[21, 24]",95.4751
"('HARD', 'HARD', 'SOFT')","[21, 25]",95.59465
"('HARD', 'HARD', 'SOFT')","[21, 26]",95.71422
"('HARD', 'HARD', 'SOFT')","[21, 27]",95.83377
"('HARD', 'HARD', 'SOFT')","[21, 28]",95.95332
"('HARD', 'HARD', 'SOFT')","[21, 29]",96.07289
"('HARD', 'HARD', 'SOFT')","[21, 30]",96.19244
"('HARD', 'HARD', 'SOFT')","[21, 31]",96.312
"('HARD', 'HARD', 'SOFT')","[21, 32]",96.43155
"('HARD', 'HARD', 'SOFT')","[21, 33]",96.5511
"('HARD', 'HARD', 'SOFT')","[21, 34]",96.67067
"('HARD', 'HARD', 'SOFT')","[21, 35]",96.79022
"('HARD', 'HARD', 'SOFT')","[21, 36]",96.909775
"('HARD', 'HARD', 'SOFT')","[21, 37]",97.02934
"('HARD', 'HARD', 'SOFT')","[21, 38]",97.14889
"('HARD', 'HARD', 'SOFT')","[21, 39]",97.26845
"('HARD', 'HARD', 'SOFT')","[21, 40]",97.388016
"('HARD', 'HARD', 'SOFT')","[21, 41]",97.50757
"('HARD', 'HARD', 'SOFT')","[21, 42]",97.62714
"('HARD', 'HARD', 'SOFT')","[21, 43]",97.74669
"('HARD', 'HARD', 'SOFT')","[21, 44]",97.86626
"('HARD', 'HARD', 'SOFT')","[21, 45]",97.98581
"('HARD', 'HARD', 'SOFT')","[21, 46]",98.10537
"('HARD', 'HARD', 'SOFT')","[22, 23]",95.39055
"('HARD', 'HARD', 'SOFT')","[22, 24]",95.5101
"('HARD', 'HARD', 'SOFT')","[22, 25]",95.629654
"('HARD', 'HARD', 'SOFT')","[22, 26]",95.749214
"('HARD', 'HARD', 'SOFT')","[22, 27]",95.86877
"('HARD', 'HARD', 'SOFT')","[22, 28]",95.98833
"('HARD', 'HARD', 'SOFT')","[22, 29]",96.10788
"('HARD', 'HARD', 'SOFT')","[22, 30]",96.22744
"('HARD', 'HARD', 'SOFT')","[22, 31]",96.347
"('HARD', 'HARD', 'SOFT')","[22, 32]",96.46655
"('HARD', 'HARD', 'SOFT')","[22, 33]",96.586105
"('HARD', 'HARD', 'SOFT')","[22, 34]",96.705666
"('HARD', 'HARD', 'SOFT')","[22, 35]",96.82522
"('HARD', 'HARD', 'SOFT')","[22, 36]",96.94478
"('HARD', 'HARD', 'SOFT')","[22, 37]",97.06433
"('HARD', 'HARD', 'SOFT')","[22, 38]",97.18389
"('HARD', 'HARD', 'SOFT')","[22, 39]",97.30345
"('HARD', 'HARD', 'SOFT')","[22, 40]",97.42302
"('HARD', 'HARD', 'SOFT')","[22, 41]",97.54257
"('HARD', 'HARD', 'SOFT')","[22, 42]",97.66213
"('HARD', 'HARD', 'SOFT')","[22, 43]",97.78169
"('HARD', 'HARD', 'SOFT')","[22, 44]",97.901245
"('HARD', 'HARD', 'SOFT')","[22, 45]",98.020805
"('HARD', 'HARD', 'SOFT')","[22, 46]",98.140366
"('HARD', 'HARD', 'SOFT')","[23, 24]",95.545105
"('HARD', 'HARD', 'SOFT')","[23, 25]",95.66466
"('HARD', 'HARD', 'SOFT')","[23, 26]",95.78421
"('HARD', 'HARD', 'SOFT')","[23, 27]",95.90377
"('HARD', 'HARD', 'SOFT')","[23, 28]",96.02333
"('HARD', 'HARD', 'SOFT')","[23, 29]",96.14288
"('HARD', 'HARD', 'SOFT')","[23, 30]",96.26244
"('HARD', 'HARD', 'SOFT')","[23, 31]",96.381996
"('HARD', 'HARD', 'SOFT')","[23, 32]",96.50156
"('HARD', 'HARD', 'SOFT')","[23, 33]",96.62111
"('HARD', 'HARD', 'SOFT')","[23, 34]",96.74066
"('HARD', 'HARD', 'SOFT')","[23, 35]",96.86022
"('HARD', 'HARD', 'SOFT')","[23, 36]",96.97978
"('HARD', 'HARD', 'SOFT')","[23, 37]",97.099335
"('HARD', 'HARD', 'SOFT')","[23, 38]",97.218895
"('HARD', 'HARD', 'SOFT')","[23, 39]",97.338455
"('HARD', 'HARD', 'SOFT')","[23, 40]",97.45801
"('HARD', 'HARD', 'SOFT')","[23, 41]",97.577576
"('HARD', 'HARD', 'SOFT')","[23, 42]",97.69713
"('HARD', 'HARD', 'SOFT')","[23, 43]",97.816696
"('HARD', 'HARD', 'SOFT')","[23, 44]",97.93625
"('HARD', 'HARD', 'SOFT')","[23, 45]",98.05581
"('HARD', 'HARD', 'SOFT')","[23, 46]",98.17536
"('HARD', 'HARD', 'SOFT')","[24, 25]",95.69966
"('HARD', 'HARD', 'SOFT')","[24, 26]",95.819214
"('HARD', 'HARD', 'SOFT')","[24, 27]",95.938774
"('HARD', 'HARD', 'SOFT')","[24, 28]",96.058334
"('HARD', 'HARD', 'SOFT')","[24, 29]",96.17789
"('HARD', 'HARD', 'SOFT')","[24, 30]",96.29744
"('HARD', 'HARD', 'SOFT')","[24, 31]",96.41699
"('HARD', 'HARD', 'SOFT')","[24, 32]",96.536545
"('HARD', 'HARD', 'SOFT')","[24, 33]",96.65611
"('HARD', 'HARD', 'SOFT')","[24, 34]",96.775665
"('HARD', 'HARD', 'SOFT')","[24, 35]",96.895226
"('HARD', 'HARD', 'SOFT')","[24, 36]",97.014786
"('HARD', 'HARD', 'SOFT')","[24, 37]",97.13434
"('HARD', 'HARD', 'SOFT')","[24, 38]",97.25389
"('HARD', 'HARD', 'SOFT')","[24, 39]",97.37344
"('HARD', 'HARD', 'SOFT')","[24, 40]",97.49301
"('HARD', 'HARD', 'SOFT')","[24, 41]",97.61257
"('HARD', 'HARD', 'SOFT')","[24, 42]",97.73213
"('HARD', 'HARD', 'SOFT')","[24, 43]",97.8517
"('HARD', 'HARD', 'SOFT')","[24, 44]",97.97125
"('HARD', 'HARD', 'SOFT')","[24, 45]",98.09081
"('HARD', 'HARD', 'SOFT')","[24, 46]",98.210365
"('HARD', 'HARD', 'SOFT')","[25, 26]",95.85422
"('HARD', 'HARD', 'SOFT')","[25, 27]",95.97377
"('HARD', 'HARD', 'SOFT')","[25, 28]",96.09332
"('HARD', 'HARD', 'SOFT')","[25, 29]",96.21289
"('HARD', 'HARD', 'SOFT')","[25, 30]",96.332436
"('HARD', 'HARD', 'SOFT')","[25, 31]",96.451996
"('HARD', 'HARD', 'SOFT')","[25, 32]",96.57155
"('HARD', 'HARD', 'SOFT')","[25, 33]",96.6911
"('HARD', 'HARD', 'SOFT')","[25, 34]",96.81067
"('HARD', 'HARD', 'SOFT')","[25, 35]",96.93022
"('HARD', 'HARD', 'SOFT')","[25, 36]",97.049774
"('HARD', 'HARD', 'SOFT')","[25, 37]",97.16934
"('HARD', 'HARD', 'SOFT')","[25, 38]",97.28889
"('HARD', 'HARD', 'SOFT')","[25, 39]",97.40845
"('HARD', 'HARD', 'SOFT')","[25, 40]",97.528015
"('HARD', 'HARD', 'SOFT')","[25, 41]",97.64757
"('HARD', 'HARD', 'SOFT')","[25, 42]",97.767136
"('HARD', 'HARD', 'SOFT')","[25, 43]",97.88669
"('HARD', 'HARD', 'SOFT')","[25, 44]",98.006256
"('HARD', 'HARD', 'SOFT')","[25, 45]",98.12581
"('HARD', 'HARD', 'SOFT')","[25, 46]",98.24537
"('HARD', 'HARD', 'SOFT')","[26, 27]",96.008766
"('HARD', 'HARD', 'SOFT')","[26, 28]",96.12833
"('HARD', 'HARD', 'SOFT')","[26, 29]",96.24788
"('HARD', 'HARD', 'SOFT')","[26, 30]",96.36744
"('HARD', 'HARD', 'SOFT')","[26, 31]",96.487
"('HARD', 'HARD', 'SOFT')","[26, 32]",96.60655
"('HARD', 'HARD', 'SOFT')","[26, 33]",96.726105
"('HARD', 'HARD', 'SOFT')","[26, 34]",96.845665
"('HARD', 'HARD', 'SOFT')","[26, 35]",96.96522
"('HARD', 'HARD', 'SOFT')","[26, 36]",97.08478
"('HARD', 'HARD', 'SOFT')","[26, 37]",97.20433
"('HARD', 'HARD', 'SOFT')","[26, 38]",97.32389
"('HARD', 'HARD', 'SOFT')","[26, 39]",97.44345
"('HARD', 'HARD', 'SOFT')","[26, 40]",97.56302
"('HARD', 'HARD', 'SOFT')","[26, 41]",97.68257
"('HARD', 'HARD', 'SOFT')","[26, 42]",97.80213
"('HARD', 'HARD', 'SOFT')","[26, 43]",97.92169
"('HARD', 'HARD', 'SOFT')","[26, 44]",98.041245
"('HARD', 'HARD', 'SOFT')","[26, 45]",98.160805
"('HARD', 'HARD', 'SOFT')","[26, 46]",98.280365
"('HARD', 'HARD', 'SOFT')","[27, 28]",96.16333
"('HARD', 'HARD', 'SOFT')","[27, 29]",96.28288
"('HARD', 'HARD', 'SOFT')","[27, 30]",96.40244
"('HARD', 'HARD', 'SOFT')","[27, 31]",96.521996
"('HARD', 'HARD', 'SOFT')","[27, 32]",96.641556
"('HARD', 'HARD', 'SOFT')","[27, 33]",96.76111
"('HARD', 'HARD', 'SOFT')","[27, 34]",96.88066
"('HARD', 'HARD', 'SOFT')","[27, 35]",97.00022
"('HARD', 'HARD', 'SOFT')","[27, 36]",97.11978
"('HARD', 'HARD', 'SOFT')","[27, 37]",97.239334
"('HARD', 'HARD', 'SOFT')","[27, 38]",97.358894
"('HARD', 'HARD', 'SOFT')","[27, 39]",97.478455
"('HARD', 'HARD', 'SOFT')","[27, 40]",97.59801
"('HARD', 'HARD', 'SOFT')","[27, 41]",97.717575
"('HARD', 'HARD', 'SOFT')","[27, 42]",97.83713
"('HARD', 'HARD', 'SOFT')","[27, 43]",97.956696
"('HARD', 'HARD', 'SOFT')","[27, 44]",98.07625
"('HARD', 'HARD', 'SOFT')","[27, 45]",98.19581
"('HARD', 'HARD', 'SOFT')","[27, 46]",98.31536
"('HARD', 'HARD', 'SOFT')","[28, 29]",96.31789
"('HARD', 'HARD', 'SOFT')","[28, 30]",96.43744
"('HARD', 'HARD', 'SOFT')","[28, 31]",96.55699
"('HARD', 'HARD', 'SOFT')","[28, 32]",96.676544
"('HARD', 'HARD', 'SOFT')","[28, 33]",96.79611
"('HARD', 'HARD', 'SOFT')","[28, 34]",96.915665
"('HARD', 'HARD', 'SOFT')","[28, 35]",97.035225
"('HARD', 'HARD', 'SOFT')","[28, 36]",97.154785
"('HARD', 'HARD', 'SOFT')","[28, 37]",97.27434
"('HARD', 'HARD', 'SOFT')","[28, 38]",97.39389
"('HARD', 'HARD', 'SOFT')","[28, 39]",97.51344
"('HARD', 'HARD', 'SOFT')","[28, 40]",97.63301
"('HARD', 'HARD', 'SOFT')","[28, 41]",97.75257
"('HARD', 'HARD', 'SOFT')","[28, 42]",97.87213
"('HARD', 'HARD', 'SOFT')","[28, 43]",97.9917
"('HARD', 'HARD', 'SOFT')","[28, 44]",98.11125
"('HARD', 'HARD', 'SOFT')","[28, 45]",98.23081
"('HARD', 'HARD', 'SOFT')","[28, 46]",98.350365
"('HARD', 'HARD', 'SOFT')","[29, 30]",96.472435
"('HARD', 'HARD', 'SOFT')","[29, 31]",96.591995
"('HARD', 'HARD', 'SOFT')","[29, 32]",96.71155
"('HARD', 'HARD', 'SOFT')","[29, 33]",96.8311
"('HARD', 'HARD', 'SOFT')","[29, 34]",96.95066
"('HARD', 'HARD', 'SOFT')","[29, 35]",97.07021
"('HARD', 'HARD', 'SOFT')","[29, 36]",97.18977
"('HARD', 'HARD', 'SOFT')","[29, 37]",97.309326
"('HARD', 'HARD', 'SOFT')","[29, 38]",97.42889
"('HARD', 'HARD', 'SOFT')","[29, 39]",97.54845
"('HARD', 'HARD', 'SOFT')","[29, 40]",97.668015
"('HARD', 'HARD', 'SOFT')","[29, 41]",97.78757
"('HARD', 'HARD', 'SOFT')","[29, 42]",97.90713
"('HARD', 'HARD', 'SOFT')","[29, 43]",98.02669
"('HARD', 'HARD', 'SOFT')","[29, 44]",98.14624
"('HARD', 'HARD', 'SOFT')","[29, 45]",98.2658
"('HARD', 'HARD', 'SOFT')","[29, 46]",98.38536
"('HARD', 'HARD', 'SOFT')","[30, 31]",96.627
"('HARD', 'HARD', 'SOFT')","[30, 32]",96.74655
"('HARD', 'HARD', 'SOFT')","[30, 33]",96.866104
"('HARD', 'HARD', 'SOFT')","[30, 34]",96.98567
"('HARD', 'HARD', 'SOFT')","[30, 35]",97.105225
"('HARD', 'HARD', 'SOFT')","[30, 36]",97.22478
"('HARD', 'HARD', 'SOFT')","[30, 37]",97.344345
"('HARD', 'HARD', 'SOFT')","[30, 38]",97.46389
"('HARD', 'HARD', 'SOFT')","[30, 39]",97.58345
"('HARD', 'HARD', 'SOFT')","[30, 40]",97.70302
"('HARD', 'HARD', 'SOFT')","[30, 41]",97.82257
"('HARD', 'HARD', 'SOFT')","[30, 42]",97.94214
"('HARD', 'HARD', 'SOFT')","[30, 43]",98.06169
"('HARD', 'HARD', 'SOFT')","[30, 44]",98.18126
"('HARD', 'HARD', 'SOFT')","[30, 45]",98.30081
"('HARD', 'HARD', 'SOFT')","[30, 46]",98.42037
"('HARD', 'HARD', 'SOFT')","[31, 32]",96.781555
"('HARD', 'HARD', 'SOFT')","[31, 33]",96.90111
"('HARD', 'HARD', 'SOFT')","[31, 34]",97.02066
"('HARD', 'HARD', 'SOFT')","[31, 35]",97.14022
"('HARD', 'HARD', 'SOFT')","[31, 36]",97.25978
"('HARD', 'HARD', 'SOFT')","[31, 37]",97.37933
"('HARD', 'HARD', 'SOFT')","[31, 38]",97.49889
"('HARD', 'HARD', 'SOFT')","[31, 39]",97.618454
"('HARD', 'HARD', 'SOFT')","[31, 40]",97.73801
"('HARD', 'HARD', 'SOFT')","[31, 41]",97.857574
"('HARD', 'HARD', 'SOFT')","[31, 42]",97.97713
"('HARD', 'HARD', 'SOFT')","[31, 43]",98.096695
"('HARD', 'HARD', 'SOFT')","[31, 44]",98.21625
"('HARD', 'HARD', 'SOFT')","[31, 45]",98.33581
"('HARD', 'HARD', 'SOFT')","[31, 46]",98.45536
"('HARD', 'HARD', 'SOFT')","[32, 33]",96.93611
"('HARD', 'HARD', 'SOFT')","[32, 34]",97.055664
"('HARD', 'HARD', 'SOFT')","[32, 35]",97.175224
"('HARD', 'HARD', 'SOFT')","[32, 36]",97.294785
"('HARD', 'HARD', 'SOFT')","[32, 37]",97.41434
"('HARD', 'HARD', 'SOFT')","[32, 38]",97.53389
"('HARD', 'HARD', 'SOFT')","[32, 39]",97.65344
"('HARD', 'HARD', 'SOFT')","[32, 40]",97.77301
"('HARD', 'HARD', 'SOFT')","[32, 41]",97.89257
"('HARD', 'HARD', 'SOFT')","[32, 42]",98.01213
"('HARD', 'HARD', 'SOFT')","[32, 43]",98.1317
"('HARD', 'HARD', 'SOFT')","[32, 44]",98.25125
"('HARD', 'HARD', 'SOFT')","[32, 45]",98.37081
"('HARD', 'HARD', 'SOFT')","[32, 46]",98.490364
"('HARD', 'HARD', 'SOFT')","[33, 34]",97.09067
"('HARD', 'HARD', 'SOFT')","[33, 35]",97.21023
"('HARD', 'HARD', 'SOFT')","[33, 36]",97.32979
"('HARD', 'HARD', 'SOFT')","[33, 37]",97.44934
"('HARD', 'HARD', 'SOFT')","[33, 38]",97.56889
"('HARD', 'HARD', 'SOFT')","[33, 39]",97.688446
"('HARD', 'HARD', 'SOFT')","[33, 40]",97.808014
"('HARD', 'HARD', 'SOFT')","[33, 41]",97.927574
"('HARD', 'HARD', 'SOFT')","[33, 42]",98.047134
"('HARD', 'HARD', 'SOFT')","[33, 43]",98.1667
"('HARD', 'HARD', 'SOFT')","[33, 44]",98.286255
"('HARD', 'HARD', 'SOFT')","[33, 45]",98.405815
"('HARD', 'HARD', 'SOFT')","[33, 46]",98.52537
"('HARD', 'HARD', 'SOFT')","[34, 35]",97.24522
"('HARD', 'HARD', 'SOFT')","[34, 36]",97.36478
"('HARD', 'HARD', 'SOFT')","[34, 37]",97.48433
"('HARD', 'HARD', 'SOFT')","[34, 38]",97.60389
"('HARD', 'HARD', 'SOFT')","[34, 39]",97.72345
"('HARD', 'HARD', 'SOFT')","[34, 40]",97.843
"('HARD', 'HARD', 'SOFT')","[34, 41]",97.96257
"('HARD', 'HARD', 'SOFT')","[34, 42]",98.08212
"('HARD', 'HARD', 'SOFT')","[34, 43]",98.20169
"('HARD', 'HARD', 'SOFT')","[34, 44]",98.32124
"('HARD', 'HARD', 'SOFT')","[34, 45]",98.4408
"('HARD', 'HARD', 'SOFT')","[34, 46]",98.560356
"('HARD', 'HARD', 'SOFT')","[35, 36]",97.39978
"('HARD', 'HARD', 'SOFT')","[35, 37]",97.51933
"('HARD', 'HARD', 'SOFT')","[35, 38]",97.63889
"('HARD', 'HARD', 'SOFT')","[35, 39]",97.75845
"('HARD', 'HARD', 'SOFT')","[35, 40]",97.878006
"('HARD', 'HARD', 'SOFT')","[35, 41]",97.997574
"('HARD', 'HARD', 'SOFT')","[35, 42]",98.11713
"('HARD', 'HARD', 'SOFT')","[35, 43]",98.236694
"('HARD', 'HARD', 'SOFT')","[35, 44]",98.35625
"('HARD', 'HARD', 'SOFT')","[35, 45]",98.47581
"('HARD', 'HARD', 'SOFT')","[35, 46]",98.59536
"('HARD', 'HARD', 'SOFT')","[36, 37]",97.55434
"('HARD', 'HARD', 'SOFT')","[36, 38]",97.67389
"('HARD', 'HARD', 'SOFT')","[36, 39]",97.79344
"('HARD', 'HARD', 'SOFT')","[36, 40]",97.91301
"('HARD', 'HARD', 'SOFT')","[36, 41]",98.03257
"('HARD', 'HARD', 'SOFT')","[36, 42]",98.15213
"('HARD', 'HARD', 'SOFT')","[36, 43]",98.2717
"('HARD', 'HARD', 'SOFT')","[36, 44]",98.39125
"('HARD', 'HARD', 'SOFT')","[36, 45]",98.51081
"('HARD', 'HARD', 'SOFT')","[36, 46]",98.63036
"('HARD', 'HARD', 'SOFT')","[37, 38]",97.708885
"('HARD', 'HARD', 'SOFT')","[37, 39]",97.828445
"('HARD', 'HARD', 'SOFT')","[37, 40]",97.94801
"('HARD', 'HARD', 'SOFT')","[37, 41]",98.067566
"('HARD', 'HARD', 'SOFT')","[37, 42]",98.187126
"('HARD', 'HARD', 'SOFT')","[37, 43]",98.30669
"('HARD', 'HARD', 'SOFT')","[37, 44]",98.42624
"('HARD', 'HARD', 'SOFT')","[37, 45]",98.5458
"('HARD', 'HARD', 'SOFT')","[37, 46]",98.66536
"('HARD', 'HARD', 'SOFT')","[38, 39]",97.86345
"('HARD', 'HARD', 'SOFT')","[38, 40]",97.98302
"('HARD', 'HARD', 'SOFT')","[38, 41]",98.10257
"('HARD', 'HARD', 'SOFT')","[38, 42]",98.22214
"('HARD', 'HARD', 'SOFT')","[38, 43]",98.34169
"('HARD', 'HARD', 'SOFT')","[38, 44]",98.46126
"('HARD', 'HARD', 'SOFT')","[38, 45]",98.58081
"('HARD', 'HARD', 'SOFT')","[38, 46]",98.70037
"('HARD', 'HARD', 'SOFT')","[39, 40]",98.018005
"('HARD', 'HARD', 'SOFT')","[39, 41]",98.13757
"('HARD', 'HARD', 'SOFT')","[39, 42]",98.257126
"('HARD', 'HARD', 'SOFT')","[39, 43]",98.37669
"('HARD', 'HARD', 'SOFT')","[39, 44]",98.49625
"('HARD', 'HARD', 'SOFT')","[39, 45]",98.61581
"('HARD', 'HARD', 'SOFT')","[39, 46]",98.73536
"('HARD', 'HARD', 'SOFT')","[40, 41]",98.17257
"('HARD', 'HARD', 'SOFT')","[40, 42]",98.29213
"('HARD', 'HARD', 'SOFT')","[40, 43]",98.4117
"('HARD', 'HARD', 'SOFT')","[40, 44]",98.53125
"('HARD', 'HARD', 'SOFT')","[40, 45]",98.65081
"('HARD', 'HARD', 'SOFT')","[40, 46]",98.77036
"('HARD', 'HARD', 'SOFT')","[41, 42]",98.32713
"('HARD', 'HARD', 'SOFT')","[41, 43]",98.4467
"('HARD', 'HARD', 'SOFT')","[41, 44]",98.56625
"('HARD', 'HARD', 'SOFT')","[41, 45]",98.685814
"('HARD', 'HARD', 'SOFT')","[41, 46]",98.80537
"('HARD', 'HARD', 'SOFT')","[42, 43]",98.48169
"('HARD', 'HARD', 'SOFT')","[42, 44]",98.60124
"('HARD', 'HARD', 'SOFT')","[42, 45]",98.7208
"('HARD', 'HARD', 'SOFT')","[42, 46]",98.840355
"('HARD', 'HARD', 'SOFT')","[43, 44]",98.636246
"('HARD', 'HARD', 'SOFT')","[43, 45]",98.755806
"('HARD', 'HARD', 'SOFT')","[43, 46]",98.87536
"('HARD', 'HARD', 'SOFT')","[44, 45]",98.79081
"('HARD', 'HARD', 'SOFT')","[44, 46]",98.91036
"('HARD', 'HARD', 'SOFT')","[45, 46]",98.945366
"('HARD', 'HARD', 'MEDIUM')","[10, 11]",85.53326
"('HARD', 'HARD', 'MEDIUM')","[10, 12]",85.82678
"('HARD', 'HARD', 'MEDIUM')","[10, 13]",86.12031
"('HARD', 'HARD', 'MEDIUM')","[10, 14]",86.41383
"('HARD', 'HARD', 'MEDIUM')","[10, 15]",86.70737
"('HARD', 'HARD', 'MEDIUM')","[10, 16]",87.000885
"('HARD', 'HARD', 'MEDIUM')","[10, 17]",87.29441
"('HARD', 'HARD', 'MEDIUM')","[10, 18]",87.587944
"('HARD', 'HARD', 'MEDIUM')","[10, 19]",87.88147
"('HARD', 'HARD', 'MEDIUM')","[10, 20]",88.175
"('HARD', 'HARD', 'MEDIUM')","[10, 21]",88.46852
"('HARD', 'HARD', 'MEDIUM')","[10, 22]",88.762054
"('HARD', 'HARD', 'MEDIUM')","[10, 23]",89.05557
"('HARD', 'HARD', 'MEDIUM')","[10, 24]",89.349106
"('HARD', 'HARD', 'MEDIUM')","[10, 25]",89.64263
"('HARD', 'HARD', 'MEDIUM')","[10, 26]",89.93615
"('HARD', 'HARD', 'MEDIUM')","[10, 27]",90.229675
"('HARD', 'HARD', 'MEDIUM')","[10, 28]",90.52321
"('HARD', 'HARD', 'MEDIUM')","[10, 29]",90.81673
"('HARD', 'HARD', 'MEDIUM')","[10, 30]",91.11026
"('HARD', 'HARD', 'MEDIUM')","[10, 31]",91.40378
"('HARD', 'HARD', 'MEDIUM')","[10, 32]",91.69731
"('HARD', 'HARD', 'MEDIUM')","[10, 33]",91.99084
"('HARD', 'HARD', 'MEDIUM')","[10, 34]",92.284355
"('HARD', 'HARD', 'MEDIUM')","[10, 35]",92.57788
"('HARD', 'HARD', 'MEDIUM')","[10, 36]",92.871414
"('HARD', 'HARD', 'MEDIUM')","[10, 37]",93.16494
"('HARD', 'HARD', 'MEDIUM')","[10, 38]",93.45848
"('HARD', 'HARD', 'MEDIUM')","[10, 39]",93.752
"('HARD', 'HARD', 'MEDIUM')","[10, 40]",94.04553
"('HARD', 'HARD', 'MEDIUM')","[10, 41]",94.339066
"('HARD', 'HARD', 'MEDIUM')","[10, 42]",94.63258
"('HARD', 'HARD', 'MEDIUM')","[10, 43]",94.92612
"('HARD', 'HARD', 'MEDIUM')","[10, 44]",95.21965
"('HARD', 'HARD', 'MEDIUM')","[10, 45]",95.513176
"('HARD', 'HARD', 'MEDIUM')","[10, 46]",95.8067
"('HARD', 'HARD', 'MEDIUM')","[11, 12]",85.861786
"('HARD', 'HARD', 'MEDIUM')","[11, 13]",86.15531
"('HARD', 'HARD', 'MEDIUM')","[11, 14]",86.44884
"('HARD', 'HARD', 'MEDIUM')","[11, 15]",86.74236
"('HARD', 'HARD', 'MEDIUM')","[11, 16]",87.03589
"('HARD', 'HARD', 'MEDIUM')","[11, 17]",87.329414
"('HARD', 'HARD', 'MEDIUM')","[11, 18]",87.62294
"('HARD', 'HARD', 'MEDIUM')","[11, 19]",87.91647
"('HARD', 'HARD', 'MEDIUM')","[11, 20]",88.20999
"('HARD', 'HARD', 'MEDIUM')","[11, 21]",88.503525
"('HARD', 'HARD', 'MEDIUM')","[11, 22]",88.79705
"('HARD', 'HARD', 'MEDIUM')","[11, 23]",89.090576
"('HARD', 'HARD', 'MEDIUM')","[11, 24]",89.384094
"('HARD', 'HARD', 'MEDIUM')","[11, 25]",89.67763
"('HARD', 'HARD', 'MEDIUM')","[11, 26]",89.97115
"('HARD', 'HARD', 'MEDIUM')","[11, 27]",90.26468
"('HARD', 'HARD', 'MEDIUM')","[11, 28]",90.55821
"('HARD', 'HARD', 'MEDIUM')","[11, 29]",90.85173
"('HARD', 'HARD', 'MEDIUM')","[11, 30]",91.145256
"('HARD', 'HARD', 'MEDIUM')","[11, 31]",91.43878
"('HARD', 'HARD', 'MEDIUM')","[11, 32]",91.7323
"('HARD', 'HARD', 'MEDIUM')","[11, 33]",92.02583
"('HARD', 'HARD', 'MEDIUM')","[11, 34]",92.31936
"('HARD', 'HARD', 'MEDIUM')","[11, 35]",92.612885
"('HARD', 'HARD', 'MEDIUM')","[11, 36]",92.90642
"('HARD', 'HARD', 'MEDIUM')","[11, 37]",93.19994
"('HARD', 'HARD', 'MEDIUM')","[11, 38]",93.49347
"('HARD', 'HARD', 'MEDIUM')","[11, 39]",93.787
"('HARD', 'HARD', 'MEDIUM')","[11, 40]",94.08053
"('HARD', 'HARD', 'MEDIUM')","[11, 41]",94.37406
"('HARD', 'HARD', 'MEDIUM')","[11, 42]",94.66759
"('HARD', 'HARD', 'MEDIUM')","[11, 43]",94.96112
"('HARD', 'HARD', 'MEDIUM')","[11, 44]",95.254654
"('HARD', 'HARD', 'MEDIUM')","[11, 45]",95.54818
"('HARD', 'HARD', 'MEDIUM')","[11, 46]",95.841705
"('HARD', 'HARD', 'MEDIUM')","[12, 13]",86.190315
"('HARD', 'HARD', 'MEDIUM')","[12, 14]",86.48384
"('HARD', 'HARD', 'MEDIUM')","[12, 15]",86.77736
"('HARD', 'HARD', 'MEDIUM')","[12, 16]",87.07089
"('HARD', 'HARD', 'MEDIUM')","[12, 17]",87.36442
"('HARD', 'HARD', 'MEDIUM')","[12, 18]",87.65794
"('HARD', 'HARD', 'MEDIUM')","[12, 19]",87.95146
"('HARD', 'HARD', 'MEDIUM')","[12, 20]",88.244995
"('HARD', 'HARD', 'MEDIUM')","[12, 21]",88.53853
"('HARD', 'HARD', 'MEDIUM')","[12, 22]",88.83205
"('HARD', 'HARD', 'MEDIUM')","[12, 23]",89.12558
"('HARD', 'HARD', 'MEDIUM')","[12, 24]",89.4191
"('HARD', 'HARD', 'MEDIUM')","[12, 25]",89.71262
"('HARD', 'HARD', 'MEDIUM')","[12, 26]",90.00616
"('HARD', 'HARD', 'MEDIUM')","[12, 27]",90.29968
"('HARD', 'HARD', 'MEDIUM')","[12, 28]",90.5932
"('HARD', 'HARD', 'MEDIUM')","[12, 29]",90.886734
"('HARD', 'HARD', 'MEDIUM')","[12, 30]",91.18025
"('HARD', 'HARD', 'MEDIUM')","[12, 31]",91.473785
"('HARD', 'HARD', 'MEDIUM')","[12, 32]",91.7673
"('HARD', 'HARD', 'MEDIUM')","[12, 33]",92.06083
"('HARD', 'HARD', 'MEDIUM')","[12, 34]",92.35436
"('HARD', 'HARD', 'MEDIUM')","[12, 35]",92.64789
"('HARD', 'HARD', 'MEDIUM')","[12, 36]",92.941414
"('HARD', 'HARD', 'MEDIUM')","[12, 37]",93.23495
"('HARD', 'HARD', 'MEDIUM')","[12, 38]",93.52847
"('HARD', 'HARD', 'MEDIUM')","[12, 39]",93.82201
"('HARD', 'HARD', 'MEDIUM')","[12, 40]",94.11553
"('HARD', 'HARD', 'MEDIUM')","[12, 41]",94.40906
"('HARD', 'HARD', 'MEDIUM')","[12, 42]",94.70259
"('HARD', 'HARD', 'MEDIUM')","[12, 43]",94.996124
"('HARD', 'HARD', 'MEDIUM')","[12, 44]",95.28965
"('HARD', 'HARD', 'MEDIUM')","[12, 45]",95.583176
"('HARD', 'HARD', 'MEDIUM')","[12, 46]",95.87671
"('HARD', 'HARD', 'MEDIUM')","[13, 14]",86.51883
"('HARD', 'HARD', 'MEDIUM')","[13, 15]",86.81236
"('HARD', 'HARD', 'MEDIUM')","[13, 16]",87.10588
"('HARD', 'HARD', 'MEDIUM')","[13, 17]",87.399414
"('HARD', 'HARD', 'MEDIUM')","[13, 18]",87.69294
"('HARD', 'HARD', 'MEDIUM')","[13, 19]",87.986465
"('HARD', 'HARD', 'MEDIUM')","[13, 20]",88.28
"('HARD', 'HARD', 'MEDIUM')","[13, 21]",88.573524
"('HARD', 'HARD', 'MEDIUM')","[13, 22]",88.86705
"('HARD', 'HARD', 'MEDIUM')","[13, 23]",89.16058
"('HARD', 'HARD', 'MEDIUM')","[13, 24]",89.4541
"('HARD', 'HARD', 'MEDIUM')","[13, 25]",89.74763
"('HARD', 'HARD', 'MEDIUM')","[13, 26]",90.04115
"('HARD', 'HARD', 'MEDIUM')","[13, 27]",90.33469
"('HARD', 'HARD', 'MEDIUM')","[13, 28]",90.628204
"('HARD', 'HARD', 'MEDIUM')","[13, 29]",90.92173
"('HARD', 'HARD', 'MEDIUM')","[13, 30]",91.215256
"('HARD', 'HARD', 'MEDIUM')","[13, 31]",91.50879
"('HARD', 'HARD', 'MEDIUM')","[13, 32]",91.80231
"('HARD', 'HARD', 'MEDIUM')","[13, 33]",92.09583
"('HARD', 'HARD', 'MEDIUM')","[13, 34]",92.38936
"('HARD', 'HARD', 'MEDIUM')","[13, 35]",92.68289
"('HARD', 'HARD', 'MEDIUM')","[13, 36]",92.97642
"('HARD', 'HARD', 'MEDIUM')","[13, 37]",93.26994
"('HARD', 'HARD', 'MEDIUM')","[13, 38]",93.56348
"('HARD', 'HARD', 'MEDIUM')","[13, 39]",93.85701
"('HARD', 'HARD', 'MEDIUM')","[13, 40]",94.150536
"('HARD', 'HARD', 'MEDIUM')","[13, 41]",94.44406
"('HARD', 'HARD', 'MEDIUM')","[13, 42]",94.737595
"('HARD', 'HARD', 'MEDIUM')","[13, 43]",95.03113
"('HARD', 'HARD', 'MEDIUM')","[13, 44]",95.32465
"('HARD', 'HARD', 'MEDIUM')","[13, 45]",95.61818
"('HARD', 'HARD', 'MEDIUM')","[13, 46]",95.9117
"('HARD', 'HARD', 'MEDIUM')","[14, 15]",86.84737
"('HARD', 'HARD', 'MEDIUM')","[14, 16]",87.140884
"('HARD', 'HARD', 'MEDIUM')","[14, 17]",87.43442
"('HARD', 'HARD', 'MEDIUM')","[14, 18]",87.72794
"('HARD', 'HARD', 'MEDIUM')","[14, 19]",88.02147
"('HARD', 'HARD', 'MEDIUM')","[14, 20]",88.315
"('HARD', 'HARD', 'MEDIUM')","[14, 21]",88.60853
"('HARD', 'HARD', 'MEDIUM')","[14, 22]",88.902054
"('HARD', 'HARD', 'MEDIUM')","[14, 23]",89.19559
"('HARD', 'HARD', 'MEDIUM')","[14, 24]",89.489105
"('HARD', 'HARD', 'MEDIUM')","[14, 25]",89.78263
"('HARD', 'HARD', 'MEDIUM')","[14, 26]",90.07616
"('HARD', 'HARD', 'MEDIUM')","[14, 27]",90.369675
"('HARD', 'HARD', 'MEDIUM')","[14, 28]",90.66321
"('HARD', 'HARD', 'MEDIUM')","[14, 29]",90.95673
"('HARD', 'HARD', 'MEDIUM')","[14, 30]",91.25026
"('HARD', 'HARD', 'MEDIUM')","[14, 31]",91.54379
"('HARD', 'HARD', 'MEDIUM')","[14, 32]",91.83731
"('HARD', 'HARD', 'MEDIUM')","[14, 33]",92.13084
"('HARD', 'HARD', 'MEDIUM')","[14, 34]",92.42436
"('HARD', 'HARD', 'MEDIUM')","[14, 35]",92.71788
"('HARD', 'HARD', 'MEDIUM')","[14, 36]",93.01141
"('HARD', 'HARD', 'MEDIUM')","[14, 37]",93.30495
"('HARD', 'HARD', 'MEDIUM')","[14, 38]",93.59848
"('HARD', 'HARD', 'MEDIUM')","[14, 39]",93.89201
"('HARD', 'HARD', 'MEDIUM')","[14, 40]",94.18554
"('HARD', 'HARD', 'MEDIUM')","[14, 41]",94.479065
"('HARD', 'HARD', 'MEDIUM')","[14, 42]",94.7726
"('HARD', 'HARD', 'MEDIUM')","[14, 43]",95.06612
"('HARD', 'HARD', 'MEDIUM')","[14, 44]",95.35965
"('HARD', 'HARD', 'MEDIUM')","[14, 45]",95.653175
"('HARD', 'HARD', 'MEDIUM')","[14, 46]",95.9467
"('HARD', 'HARD', 'MEDIUM')","[15, 16]",87.17589
"('HARD', 'HARD', 'MEDIUM')","[15, 17]",87.46941
"('HARD', 'HARD', 'MEDIUM')","[15, 18]",87.76295
"('HARD', 'HARD', 'MEDIUM')","[15, 19]",88.05647
"('HARD', 'HARD', 'MEDIUM')","[15, 20]",88.350006
"('HARD', 'HARD', 'MEDIUM')","[15, 21]",88.643524
"('HARD', 'HARD', 'MEDIUM')","[15, 22]",88.93705
"('HARD', 'HARD', 'MEDIUM')","[15, 23]",89.230576
"('HARD', 'HARD', 'MEDIUM')","[15, 24]",89.52411
"('HARD', 'HARD', 'MEDIUM')","[15, 25]",89.81763
"('HARD', 'HARD', 'MEDIUM')","[15, 26]",90.11115
"('HARD', 'HARD', 'MEDIUM')","[15, 27]",90.40468
"('HARD', 'HARD', 'MEDIUM')","[15, 28]",90.69821
"('HARD', 'HARD', 'MEDIUM')","[15, 29]",90.99173
"('HARD', 'HARD', 'MEDIUM')","[15, 30]",91.285255
"('HARD', 'HARD', 'MEDIUM')","[15, 31]",91.57878
"('HARD', 'HARD', 'MEDIUM')","[15, 32]",91.872314
"('HARD', 'HARD', 'MEDIUM')","[15, 33]",92.16583
"('HARD', 'HARD', 'MEDIUM')","[15, 34]",92.45936
"('HARD', 'HARD', 'MEDIUM')","[15, 35]",92.752884
"('HARD', 'HARD', 'MEDIUM')","[15, 36]",93.04642
"('HARD', 'HARD', 'MEDIUM')","[15, 37]",93.33994
"('HARD', 'HARD', 'MEDIUM')","[15, 38]",93.63347
"('HARD', 'HARD', 'MEDIUM')","[15, 39]",93.927
"('HARD', 'HARD', 'MEDIUM')","[15, 40]",94.220535
"('HARD', 'HARD', 'MEDIUM')","[15, 41]",94.51406
"('HARD', 'HARD', 'MEDIUM')","[15, 42]",94.80759
"('HARD', 'HARD', 'MEDIUM')","[15, 43]",95.10112
"('HARD', 'HARD', 'MEDIUM')","[15, 44]",95.39465
"('HARD', 'HARD', 'MEDIUM')","[15, 45]",95.68818
"('HARD', 'HARD', 'MEDIUM')","[15, 46]",95.981705
"('HARD', 'HARD', 'MEDIUM')","[16, 17]",87.50442
"('HARD', 'HARD', 'MEDIUM')","[16, 18]",87.79794
"('HARD', 'HARD', 'MEDIUM')","[16, 19]",88.09148
"('HARD', 'HARD', 'MEDIUM')","[16, 20]",88.384995
"('HARD', 'HARD', 'MEDIUM')","[16, 21]",88.67853
"('HARD', 'HARD', 'MEDIUM')","[16, 22]",88.97205
"('HARD', 'HARD', 'MEDIUM')","[16, 23]",89.26558
"('HARD', 'HARD', 'MEDIUM')","[16, 24]",89.5591
"('HARD', 'HARD', 'MEDIUM')","[16, 25]",89.85263
"('HARD', 'HARD', 'MEDIUM')","[16, 26]",90.14616
"('HARD', 'HARD', 'MEDIUM')","[16, 27]",90.43968
"('HARD', 'HARD', 'MEDIUM')","[16, 28]",90.733215
"('HARD', 'HARD', 'MEDIUM')","[16, 29]",91.02673
"('HARD', 'HARD', 'MEDIUM')","[16, 30]",91.32026
"('HARD', 'HARD', 'MEDIUM')","[16, 31]",91.613785
"('HARD', 'HARD', 'MEDIUM')","[16, 32]",91.9073
"('HARD', 'HARD', 'MEDIUM')","[16, 33]",92.200836
"('HARD', 'HARD', 'MEDIUM')","[16, 34]",92.49436
"('HARD', 'HARD', 'MEDIUM')","[16, 35]",92.78789
"('HARD', 'HARD', 'MEDIUM')","[16, 36]",93.08142
"('HARD', 'HARD', 'MEDIUM')","[16, 37]",93.37495
"('HARD', 'HARD', 'MEDIUM')","[16, 38]",93.66847
"('HARD', 'HARD', 'MEDIUM')","[16, 39]",93.962006
"('HARD', 'HARD', 'MEDIUM')","[16, 40]",94.25553
"('HARD', 'HARD', 'MEDIUM')","[16, 41]",94.549065
"('HARD', 'HARD', 'MEDIUM')","[16, 42]",94.84259
"('HARD', 'HARD', 'MEDIUM')","[16, 43]",95.13612
"('HARD', 'HARD', 'MEDIUM')","[16, 44]",95.42966
"('HARD', 'HARD', 'MEDIUM')","[16, 45]",95.72318
"('HARD', 'HARD', 'MEDIUM')","[16, 46]",96.01671
"('HARD', 'HARD', 'MEDIUM')","[17, 18]",87.83294
"('HARD', 'HARD', 'MEDIUM')","[17, 19]",88.126465
"('HARD', 'HARD', 'MEDIUM')","[17, 20]",88.42
"('HARD', 'HARD', 'MEDIUM')","[17, 21]",88.713524
"('HARD', 'HARD', 'MEDIUM')","[17, 22]",89.00705
"('HARD', 'HARD', 'MEDIUM')","[17, 23]",89.30058
"('HARD', 'HARD', 'MEDIUM')","[17, 24]",89.5941
"('HARD', 'HARD', 'MEDIUM')","[17, 25]",89.88763
"('HARD', 'HARD', 'MEDIUM')","[17, 26]",90.18115
"('HARD', 'HARD', 'MEDIUM')","[17, 27]",90.474686
"('HARD', 'HARD', 'MEDIUM')","[17, 28]",90.7682
"('HARD', 'HARD', 'MEDIUM')","[17, 29]",91.06173
"('HARD', 'HARD', 'MEDIUM')","[17, 30]",91.355255
"('HARD', 'HARD', 'MEDIUM')","[17, 31]",91.64879
"('HARD', 'HARD', 'MEDIUM')","[17, 32]",91.94231
"('HARD', 'HARD', 'MEDIUM')","[17, 33]",92.23583
"('HARD', 'HARD', 'MEDIUM')","[17, 34]",92.52936
"('HARD', 'HARD', 'MEDIUM')","[17, 35]",92.82289
"('HARD', 'HARD', 'MEDIUM')","[17, 36]",93.11642
"('HARD', 'HARD', 'MEDIUM')","[17, 37]",93.40994
"('HARD', 'HARD', 'MEDIUM')","[17, 38]",93.703476
"('HARD', 'HARD', 'MEDIUM')","[17, 39]",93.99701
"('HARD', 'HARD', 'MEDIUM')","[17, 40]",94.290535
"('HARD', 'HARD', 'MEDIUM')","[17, 41]",94.58406
"('HARD', 'HARD', 'MEDIUM')","[17, 42]",94.877594
"('HARD', 'HARD', 'MEDIUM')","[17, 43]",95.17113
"('HARD', 'HARD', 'MEDIUM')","[17, 44]",95.46465
"('HARD', 'HARD', 'MEDIUM')","[17, 45]",95.75818
"('HARD', 'HARD', 'MEDIUM')","[17, 46]",96.0517
"('HARD', 'HARD', 'MEDIUM')","[18, 19]",88.16147
"('HARD', 'HARD', 'MEDIUM')","[18, 20]",88.455
"('HARD', 'HARD', 'MEDIUM')","[18, 21]",88.74853
"('HARD', 'HARD', 'MEDIUM')","[18, 22]",89.04205
"('HARD', 'HARD', 'MEDIUM')","[18, 23]",89.33559
"('HARD', 'HARD', 'MEDIUM')","[18, 24]",89.629105
"('HARD', 'HARD', 'MEDIUM')","[18, 25]",89.92263
"('HARD', 'HARD', 'MEDIUM')","[18, 26]",90.216156
"('HARD', 'HARD', 'MEDIUM')","[18, 27]",90.509674
"('HARD', 'HARD', 'MEDIUM')","[18, 28]",90.80321
"('HARD', 'HARD', 'MEDIUM')","[18, 29]",91.09673
"('HARD', 'HARD', 'MEDIUM')","[18, 30]",91.39026
"('HARD', 'HARD', 'MEDIUM')","[18, 31]",91.68379
"('HARD', 'HARD', 'MEDIUM')","[18, 32]",91.97731
"('HARD', 'HARD', 'MEDIUM')","[18, 33]",92.270836
"('HARD', 'HARD', 'MEDIUM')","[18, 34]",92.56436
"('HARD', 'HARD', 'MEDIUM')","[18, 35]",92.85788
"('HARD', 'HARD', 'MEDIUM')","[18, 36]",93.15141
"('HARD', 'HARD', 'MEDIUM')","[18, 37]",93.44495
"('HARD', 'HARD', 'MEDIUM')","[18, 38]",93.73848
"('HARD', 'HARD', 'MEDIUM')","[18, 39]",94.03201
"('HARD', 'HARD', 'MEDIUM')","[18, 40]",94.32554
"('HARD', 'HARD', 'MEDIUM')","[18, 41]",94.619064
"('HARD', 'HARD', 'MEDIUM')","[18, 42]",94.9126
"('HARD', 'HARD', 'MEDIUM')","[18, 43]",95.206116
"('HARD', 'HARD', 'MEDIUM')","[18, 44]",95.49965
"('HARD', 'HARD', 'MEDIUM')","[18, 45]",95.793175
"('HARD', 'HARD', 'MEDIUM')","[18, 46]",96.0867
"('HARD', 'HARD', 'MEDIUM')","[19, 20]",88.490005
"('HARD', 'HARD', 'MEDIUM')","[19, 21]",88.78352
"('HARD', 'HARD', 'MEDIUM')","[19, 22]",89.07705
"('HARD', 'HARD', 'MEDIUM')","[19, 23]",89.370575
"('HARD', 'HARD', 'MEDIUM')","[19, 24]",89.66411
"('HARD', 'HARD', 'MEDIUM')","[19, 25]",89.95763
"('HARD', 'HARD', 'MEDIUM')","[19, 26]",90.25115
"('HARD', 'HARD', 'MEDIUM')","[19, 27]",90.54468
"('HARD', 'HARD', 'MEDIUM')","[19, 28]",90.83821
"('HARD', 'HARD', 'MEDIUM')","[19, 29]",91.13173
"('HARD', 'HARD', 'MEDIUM')","[19, 30]",91.425255
"('HARD', 'HARD', 'MEDIUM')","[19, 31]",91.71878
"('HARD', 'HARD', 'MEDIUM')","[19, 32]",92.012314
"('HARD', 'HARD', 'MEDIUM')","[19, 33]",92.30583
"('HARD', 'HARD', 'MEDIUM')","[19, 34]",92.59936
"('HARD', 'HARD', 'MEDIUM')","[19, 35]",92.89288
"('HARD', 'HARD', 'MEDIUM')","[19, 36]",93.18642
"('HARD', 'HARD', 'MEDIUM')","[19, 37]",93.47994
"('HARD', 'HARD', 'MEDIUM')","[19, 38]",93.77347
"('HARD', 'HARD', 'MEDIUM')","[19, 39]",94.067
"('HARD', 'HARD', 'MEDIUM')","[19, 40]",94.360535
"('HARD', 'HARD', 'MEDIUM')","[19, 41]",94.65406
"('HARD', 'HARD', 'MEDIUM')","[19, 42]",94.947586
"('HARD', 'HARD', 'MEDIUM')","[19, 43]",95.24112
"('HARD', 'HARD', 'MEDIUM')","[19, 44]",95.53465
"('HARD', 'HARD', 'MEDIUM')","[19, 45]",95.82818
"('HARD', 'HARD', 'MEDIUM')","[19, 46]",96.121704
"('HARD', 'HARD', 'MEDIUM')","[20, 21]",88.81853
"('HARD', 'HARD', 'MEDIUM')","[20, 22]",89.11205
"('HARD', 'HARD', 'MEDIUM')","[20, 23]",89.40558
"('HARD', 'HARD', 'MEDIUM')","[20, 24]",89.6991
"('HARD', 'HARD', 'MEDIUM')","[20, 25]",89.99263
"('HARD', 'HARD', 'MEDIUM')","[20, 26]",90.286156
"('HARD', 'HARD', 'MEDIUM')","[20, 27]",90.57968
"('HARD', 'HARD', 'MEDIUM')","[20, 28]",90.873215
"('HARD', 'HARD', 'MEDIUM')","[20, 29]",91.16673
"('HARD', 'HARD', 'MEDIUM')","[20, 30]",91.46026
"('HARD', 'HARD', 'MEDIUM')","[20, 31]",91.753784
"('HARD', 'HARD', 'MEDIUM')","[20, 32]",92.0473
"('HARD', 'HARD', 'MEDIUM')","[20, 33]",92.340836
"('HARD', 'HARD', 'MEDIUM')","[20, 34]",92.63436
"('HARD', 'HARD', 'MEDIUM')","[20, 35]",92.92789
"('HARD', 'HARD', 'MEDIUM')","[20, 36]",93.22142
"('HARD', 'HARD', 'MEDIUM')","[20, 37]",93.514946
"('HARD', 'HARD', 'MEDIUM')","[20, 38]",93.80847
"('HARD', 'HARD', 'MEDIUM')","[20, 39]",94.102005
"('HARD', 'HARD', 'MEDIUM')","[20, 40]",94.39553
"('HARD', 'HARD', 'MEDIUM')","[20, 41]",94.689064
"('HARD', 'HARD', 'MEDIUM')","[20, 42]",94.98259
"('HARD', 'HARD', 'MEDIUM')","[20, 43]",95.27612
"('HARD', 'HARD', 'MEDIUM')","[20, 44]",95.56966
"('HARD', 'HARD', 'MEDIUM')","[20, 45]",95.86318
"('HARD', 'HARD', 'MEDIUM')","[20, 46]",96.15671
"('HARD', 'HARD', 'MEDIUM')","[21, 22]",89.14705
"('HARD', 'HARD', 'MEDIUM')","[21, 23]",89.44058
"('HARD', 'HARD', 'MEDIUM')","[21, 24]",89.7341
"('HARD', 'HARD', 'MEDIUM')","[21, 25]",90.027626
"('HARD', 'HARD', 'MEDIUM')","[21, 26]",90.32116
"('HARD', 'HARD', 'MEDIUM')","[21, 27]",90.614685
"('HARD', 'HARD', 'MEDIUM')","[21, 28]",90.9082
"('HARD', 'HARD', 'MEDIUM')","[21, 29]",91.20174
"('HARD', 'HARD', 'MEDIUM')","[21, 30]",91.495255
"('HARD', 'HARD', 'MEDIUM')","[21, 31]",91.78879
"('HARD', 'HARD', 'MEDIUM')","[21, 32]",92.082306
"('HARD', 'HARD', 'MEDIUM')","[21, 33]",92.37583
"('HARD', 'HARD', 'MEDIUM')","[21, 34]",92.669365
"('HARD', 'HARD', 'MEDIUM')","[21, 35]",92.96289
"('HARD', 'HARD', 'MEDIUM')","[21, 36]",93.25642
"('HARD', 'HARD', 'MEDIUM')","[21, 37]",93.54995
"('HARD', 'HARD', 'MEDIUM')","[21, 38]",93.843475
"('HARD', 'HARD', 'MEDIUM')","[21, 39]",94.13701
"('HARD', 'HARD', 'MEDIUM')","[21, 40]",94.430534
"('HARD', 'HARD', 'MEDIUM')","[21, 41]",94.72406
"('HARD', 'HARD', 'MEDIUM')","[21, 42]",95.01759
"('HARD', 'HARD', 'MEDIUM')","[21, 43]",95.31113
"('HARD', 'HARD', 'MEDIUM')","[21, 44]",95.60465
"('HARD', 'HARD', 'MEDIUM')","[21, 45]",95.89818
"('HARD', 'HARD', 'MEDIUM')","[21, 46]",96.19171
"('HARD', 'HARD', 'MEDIUM')","[22, 23]",89.475586
"('HARD', 'HARD', 'MEDIUM')","[22, 24]",89.769104
"('HARD', 'HARD', 'MEDIUM')","[22, 25]",90.06263
"('HARD', 'HARD', 'MEDIUM')","[22, 26]",90.356155
"('HARD', 'HARD', 'MEDIUM')","[22, 27]",90.64967
"('HARD', 'HARD', 'MEDIUM')","[22, 28]",90.94321
"('HARD', 'HARD', 'MEDIUM')","[22, 29]",91.23673
"('HARD', 'HARD', 'MEDIUM')","[22, 30]",91.53026
"('HARD', 'HARD', 'MEDIUM')","[22, 31]",91.82379
"('HARD', 'HARD', 'MEDIUM')","[22, 32]",92.11731
"('HARD', 'HARD', 'MEDIUM')","[22, 33]",92.410835
"('HARD', 'HARD', 'MEDIUM')","[22, 34]",92.70436
"('HARD', 'HARD', 'MEDIUM')","[22, 35]",92.99788
"('HARD', 'HARD', 'MEDIUM')","[22, 36]",93.29141
"('HARD', 'HARD', 'MEDIUM')","[22, 37]",93.584946
"('HARD', 'HARD', 'MEDIUM')","[22, 38]",93.87848
"('HARD', 'HARD', 'MEDIUM')","[22, 39]",94.17201
"('HARD', 'HARD', 'MEDIUM')","[22, 40]",94.46554
"('HARD', 'HARD', 'MEDIUM')","[22, 41]",94.75906
"('HARD', 'HARD', 'MEDIUM')","[22, 42]",95.0526
"('HARD', 'HARD', 'MEDIUM')","[22, 43]",95.346115
"('HARD', 'HARD', 'MEDIUM')","[22, 44]",95.63965
"('HARD', 'HARD', 'MEDIUM')","[22, 45]",95.933174
"('HARD', 'HARD', 'MEDIUM')","[22, 46]",96.2267
"('HARD', 'HARD', 'MEDIUM')","[23, 24]",89.80411
"('HARD', 'HARD', 'MEDIUM')","[23, 25]",90.09763
"('HARD', 'HARD', 'MEDIUM')","[23, 26]",90.39115
"('HARD', 'HARD', 'MEDIUM')","[23, 27]",90.68468
"('HARD', 'HARD', 'MEDIUM')","[23, 28]",90.97821
"('HARD', 'HARD', 'MEDIUM')","[23, 29]",91.27173
"('HARD', 'HARD', 'MEDIUM')","[23, 30]",91.56526
"('HARD', 'HARD', 'MEDIUM')","[23, 31]",91.85878
"('HARD', 'HARD', 'MEDIUM')","[23, 32]",92.15231
"('HARD', 'HARD', 'MEDIUM')","[23, 33]",92.44584
"('HARD', 'HARD', 'MEDIUM')","[23, 34]",92.73936
"('HARD', 'HARD', 'MEDIUM')","[23, 35]",93.03288
"('HARD', 'HARD', 'MEDIUM')","[23, 36]",93.326416
"('HARD', 'HARD', 'MEDIUM')","[23, 37]",93.61994
"('HARD', 'HARD', 'MEDIUM')","[23, 38]",93.91348
"('HARD', 'HARD', 'MEDIUM')","[23, 39]",94.207
"('HARD', 'HARD', 'MEDIUM')","[23, 40]",94.500534
"('HARD', 'HARD', 'MEDIUM')","[23, 41]",94.79407
"('HARD', 'HARD', 'MEDIUM')","[23, 42]",95.087585
"('HARD', 'HARD', 'MEDIUM')","[23, 43]",95.38112
"('HARD', 'HARD', 'MEDIUM')","[23, 44]",95.67465
"('HARD', 'HARD', 'MEDIUM')","[23, 45]",95.96818
"('HARD', 'HARD', 'MEDIUM')","[23, 46]",96.2617
"('HARD', 'HARD', 'MEDIUM')","[24, 25]",90.13263
"('HARD', 'HARD', 'MEDIUM')","[24, 26]",90.426155
"('HARD', 'HARD', 'MEDIUM')","[24, 27]",90.71968
"('HARD', 'HARD', 'MEDIUM')","[24, 28]",91.013214
"('HARD', 'HARD', 'MEDIUM')","[24, 29]",91.30673
"('HARD', 'HARD', 'MEDIUM')","[24, 30]",91.60026
"('HARD', 'HARD', 'MEDIUM')","[24, 31]",91.89378
"('HARD', 'HARD', 'MEDIUM')","[24, 32]",92.1873
"('HARD', 'HARD', 'MEDIUM')","[24, 33]",92.480835
"('HARD', 'HARD', 'MEDIUM')","[24, 34]",92.77436
"('HARD', 'HARD', 'MEDIUM')","[24, 35]",93.06789
"('HARD', 'HARD', 'MEDIUM')","[24, 36]",93.36142
"('HARD', 'HARD', 'MEDIUM')","[24, 37]",93.654945
"('HARD', 'HARD', 'MEDIUM')","[24, 38]",93.94847
"('HARD', 'HARD', 'MEDIUM')","[24, 39]",94.242004
"('HARD', 'HARD', 'MEDIUM')","[24, 40]",94.53553
"('HARD', 'HARD', 'MEDIUM')","[24, 41]",94.82906
"('HARD', 'HARD', 'MEDIUM')","[24, 42]",95.12259
"('HARD', 'HARD', 'MEDIUM')","[24, 43]",95.41612
"('HARD', 'HARD', 'MEDIUM')","[24, 44]",95.709656
"('HARD', 'HARD', 'MEDIUM')","[24, 45]",96.00318
"('HARD', 'HARD', 'MEDIUM')","[24, 46]",96.29671
"('HARD', 'HARD', 'MEDIUM')","[25, 26]",90.46116
"('HARD', 'HARD', 'MEDIUM')","[25, 27]",90.754684
"('HARD', 'HARD', 'MEDIUM')","[25, 28]",91.0482
"('HARD', 'HARD', 'MEDIUM')","[25, 29]",91.341736
"('HARD', 'HARD', 'MEDIUM')","[25, 30]",91.635254
"('HARD', 'HARD', 'MEDIUM')","[25, 31]",91.92879
"('HARD', 'HARD', 'MEDIUM')","[25, 32]",92.222305
"('HARD', 'HARD', 'MEDIUM')","[25, 33]",92.51583
"('HARD', 'HARD', 'MEDIUM')","[25, 34]",92.809364
"('HARD', 'HARD', 'MEDIUM')","[25, 35]",93.10289
"('HARD', 'HARD', 'MEDIUM')","[25, 36]",93.396416
"('HARD', 'HARD', 'MEDIUM')","[25, 37]",93.68995
"('HARD', 'HARD', 'MEDIUM')","[25, 38]",93.983475
"('HARD', 'HARD', 'MEDIUM')","[25, 39]",94.27701
"('HARD', 'HARD', 'MEDIUM')","[25, 40]",94.57053
"('HARD', 'HARD', 'MEDIUM')","[25, 41]",94.86406
"('HARD', 'HARD', 'MEDIUM')","[25, 42]",95.15759
"('HARD', 'HARD', 'MEDIUM')","[25, 43]",95.451126
"('HARD', 'HARD', 'MEDIUM')","[25, 44]",95.74465
"('HARD', 'HARD', 'MEDIUM')","[25, 45]",96.03818
"('HARD', 'HARD', 'MEDIUM')","[25, 46]",96.33171
"('HARD', 'HARD', 'MEDIUM')","[26, 27]",90.78967
"('HARD', 'HARD', 'MEDIUM')","[26, 28]",91.083206
"('HARD', 'HARD', 'MEDIUM')","[26, 29]",91.37673
"('HARD', 'HARD', 'MEDIUM')","[26, 30]",91.67026
"('HARD', 'HARD', 'MEDIUM')","[26, 31]",91.96379
"('HARD', 'HARD', 'MEDIUM')","[26, 32]",92.25731
"('HARD', 'HARD', 'MEDIUM')","[26, 33]",92.550835
"('HARD', 'HARD', 'MEDIUM')","[26, 34]",92.84436
"('HARD', 'HARD', 'MEDIUM')","[26, 35]",93.13788
"('HARD', 'HARD', 'MEDIUM')","[26, 36]",93.43141
"('HARD', 'HARD', 'MEDIUM')","[26, 37]",93.724945
"('HARD', 'HARD', 'MEDIUM')","[26, 38]",94.01848
"('HARD', 'HARD', 'MEDIUM')","[26, 39]",94.31201
"('HARD', 'HARD', 'MEDIUM')","[26, 40]",94.60554
"('HARD', 'HARD', 'MEDIUM')","[26, 41]",94.89906
"('HARD', 'HARD', 'MEDIUM')","[26, 42]",95.1926
"('HARD', 'HARD', 'MEDIUM')","[26, 43]",95.486115
"('HARD', 'HARD', 'MEDIUM')","[26, 44]",95.77965
"('HARD', 'HARD', 'MEDIUM')","[26, 45]",96.07317
"('HARD', 'HARD', 'MEDIUM')","[26, 46]",96.3667
"('HARD', 'HARD', 'MEDIUM')","[27, 28]",91.11821
"('HARD', 'HARD', 'MEDIUM')","[27, 29]",91.41173
"('HARD', 'HARD', 'MEDIUM')","[27, 30]",91.70526
"('HARD', 'HARD', 'MEDIUM')","[27, 31]",91.99878
"('HARD', 'HARD', 'MEDIUM')","[27, 32]",92.29231
"('HARD', 'HARD', 'MEDIUM')","[27, 33]",92.58584
"('HARD', 'HARD', 'MEDIUM')","[27, 34]",92.87936
"('HARD', 'HARD', 'MEDIUM')","[27, 35]",93.17288
"('HARD', 'HARD', 'MEDIUM')","[27, 36]",93.466415
"('HARD', 'HARD', 'MEDIUM')","[27, 37]",93.75994
"('HARD', 'HARD', 'MEDIUM')","[27, 38]",94.05348
"('HARD', 'HARD', 'MEDIUM')","[27, 39]",94.347
"('HARD', 'HARD', 'MEDIUM')","[27, 40]",94.64053
"('HARD', 'HARD', 'MEDIUM')","[27, 41]",94.93407
"('HARD', 'HARD', 'MEDIUM')","[27, 42]",95.227585
"('HARD', 'HARD', 'MEDIUM')","[27, 43]",95.52112
"('HARD', 'HARD', 'MEDIUM')","[27, 44]",95.81465
"('HARD', 'HARD', 'MEDIUM')","[27, 45]",96.10818
"('HARD', 'HARD', 'MEDIUM')","[27, 46]",96.4017
"('HARD', 'HARD', 'MEDIUM')","[28, 29]",91.44673
"('HARD', 'HARD', 'MEDIUM')","[28, 30]",91.74026
"('HARD', 'HARD', 'MEDIUM')","[28, 31]",92.03378
"('HARD', 'HARD', 'MEDIUM')","[28, 32]",92.3273
"('HARD', 'HARD', 'MEDIUM')","[28, 33]",92.620834
"('HARD', 'HARD', 'MEDIUM')","[28, 34]",92.91436
"('HARD', 'HARD', 'MEDIUM')","[28, 35]",93.207886
"('HARD', 'HARD', 'MEDIUM')","[28, 36]",93.50142
"('HARD', 'HARD', 'MEDIUM')","[28, 37]",93.794945
"('HARD', 'HARD', 'MEDIUM')","[28, 38]",94.08847
"('HARD', 'HARD', 'MEDIUM')","[28, 39]",94.382
"('HARD', 'HARD', 'MEDIUM')","[28, 40]",94.67553
"('HARD', 'HARD', 'MEDIUM')","[28, 41]",94.96906
"('HARD', 'HARD', 'MEDIUM')","[28, 42]",95.26259
"('HARD', 'HARD', 'MEDIUM')","[28, 43]",95.55612
"('HARD', 'HARD', 'MEDIUM')","[28, 44]",95.849655
"('HARD', 'HARD', 'MEDIUM')","[28, 45]",96.14318
"('HARD', 'HARD', 'MEDIUM')","[28, 46]",96.43671
"('HARD', 'HARD', 'MEDIUM')","[29, 30]",91.77525
"('HARD', 'HARD', 'MEDIUM')","[29, 31]",92.06879
"('HARD', 'HARD', 'MEDIUM')","[29, 32]",92.362305
"('HARD', 'HARD', 'MEDIUM')","[29, 33]",92.65583
"('HARD', 'HARD', 'MEDIUM')","[29, 34]",92.949356
"('HARD', 'HARD', 'MEDIUM')","[29, 35]",93.242874
"('HARD', 'HARD', 'MEDIUM')","[29, 36]",93.53641
"('HARD', 'HARD', 'MEDIUM')","[29, 37]",93.82994
"('HARD', 'HARD', 'MEDIUM')","[29, 38]",94.123474
"('HARD', 'HARD', 'MEDIUM')","[29, 39]",94.41701
"('HARD', 'HARD', 'MEDIUM')","[29, 40]",94.71053
"('HARD', 'HARD', 'MEDIUM')","[29, 41]",95.00406
"('HARD', 'HARD', 'MEDIUM')","[29, 42]",95.29759
"('HARD', 'HARD', 'MEDIUM')","[29, 43]",95.59111
"('HARD', 'HARD', 'MEDIUM')","[29, 44]",95.88464
"('HARD', 'HARD', 'MEDIUM')","[29, 45]",96.17817
"('HARD', 'HARD', 'MEDIUM')","[29, 46]",96.471695
"('HARD', 'HARD', 'MEDIUM')","[30, 31]",92.10379
"('HARD', 'HARD', 'MEDIUM')","[30, 32]",92.39731
"('HARD', 'HARD', 'MEDIUM')","[30, 33]",92.690834
"('HARD', 'HARD', 'MEDIUM')","[30, 34]",92.98437
"('HARD', 'HARD', 'MEDIUM')","[30, 35]",93.27789
"('HARD', 'HARD', 'MEDIUM')","[30, 36]",93.57142
"('HARD', 'HARD', 'MEDIUM')","[30, 37]",93.86495
"('HARD', 'HARD', 'MEDIUM')","[30, 38]",94.15848
"('HARD', 'HARD', 'MEDIUM')","[30, 39]",94.45201
"('HARD', 'HARD', 'MEDIUM')","[30, 40]",94.74554
"('HARD', 'HARD', 'MEDIUM')","[30, 41]",95.03906
"('HARD', 'HARD', 'MEDIUM')","[30, 42]",95.332596
"('HARD', 'HARD', 'MEDIUM')","[30, 43]",95.62613
"('HARD', 'HARD', 'MEDIUM')","[30, 44]",95.919655
"('HARD', 'HARD', 'MEDIUM')","[30, 45]",96.21318
"('HARD', 'HARD', 'MEDIUM')","[30, 46]",96.506714
"('HARD', 'HARD', 'MEDIUM')","[31, 32]",92.43231
"('HARD', 'HARD', 'MEDIUM')","[31, 33]",92.72584
"('HARD', 'HARD', 'MEDIUM')","[31, 34]",93.019356
"('HARD', 'HARD', 'MEDIUM')","[31, 35]",93.31288
"('HARD', 'HARD', 'MEDIUM')","[31, 36]",93.606415
"('HARD', 'HARD', 'MEDIUM')","[31, 37]",93.89994
"('HARD', 'HARD', 'MEDIUM')","[31, 38]",94.19348
"('HARD', 'HARD', 'MEDIUM')","[31, 39]",94.487
"('HARD', 'HARD', 'MEDIUM')","[31, 40]",94.78053
"('HARD', 'HARD', 'MEDIUM')","[31, 41]",95.074066
"('HARD', 'HARD', 'MEDIUM')","[31, 42]",95.367584
"('HARD', 'HARD', 'MEDIUM')","[31, 43]",95.66112
"('HARD', 'HARD', 'MEDIUM')","[31, 44]",95.95465
"('HARD', 'HARD', 'MEDIUM')","[31, 45]",96.24818
"('HARD', 'HARD', 'MEDIUM')","[31, 46]",96.5417
"('HARD', 'HARD', 'MEDIUM')","[32, 33]",92.76083
"('HARD', 'HARD', 'MEDIUM')","[32, 34]",93.05436
"('HARD', 'HARD', 'MEDIUM')","[32, 35]",93.347885
"('HARD', 'HARD', 'MEDIUM')","[32, 36]",93.64142
"('HARD', 'HARD', 'MEDIUM')","[32, 37]",93.934944
"('HARD', 'HARD', 'MEDIUM')","[32, 38]",94.22847
"('HARD', 'HARD', 'MEDIUM')","[32, 39]",94.522
"('HARD', 'HARD', 'MEDIUM')","[32, 40]",94.81553
"('HARD', 'HARD', 'MEDIUM')","[32, 41]",95.10906
"('HARD', 'HARD', 'MEDIUM')","[32, 42]",95.40259
"('HARD', 'HARD', 'MEDIUM')","[32, 43]",95.69612
"('HARD', 'HARD', 'MEDIUM')","[32, 44]",95.989655
"('HARD', 'HARD', 'MEDIUM')","[32, 45]",96.28318
"('HARD', 'HARD', 'MEDIUM')","[32, 46]",96.576706
"('HARD', 'HARD', 'MEDIUM')","[33, 34]",93.08936
"('HARD', 'HARD', 'MEDIUM')","[33, 35]",93.38289
"('HARD', 'HARD', 'MEDIUM')","[33, 36]",93.67642
"('HARD', 'HARD', 'MEDIUM')","[33, 37]",93.96995
"('HARD', 'HARD', 'MEDIUM')","[33, 38]",94.26347
"('HARD', 'HARD', 'MEDIUM')","[33, 39]",94.55701
"('HARD', 'HARD', 'MEDIUM')","[33, 40]",94.85053
"('HARD', 'HARD', 'MEDIUM')","[33, 41]",95.144066
"('HARD', 'HARD', 'MEDIUM')","[33, 42]",95.43759
"('HARD', 'HARD', 'MEDIUM')","[33, 43]",95.731125
"('HARD', 'HARD', 'MEDIUM')","[33, 44]",96.02466
"('HARD', 'HARD', 'MEDIUM')","[33, 45]",96.318184
"('HARD', 'HARD', 'MEDIUM')","[33, 46]",96.61171
"('HARD', 'HARD', 'MEDIUM')","[34, 35]",93.41788
"('HARD', 'HARD', 'MEDIUM')","[34, 36]",93.71141
"('HARD', 'HARD', 'MEDIUM')","[34, 37]",94.00494
"('HARD', 'HARD', 'MEDIUM')","[34, 38]",94.29848
"('HARD', 'HARD', 'MEDIUM')","[34, 39]",94.591995
"('HARD', 'HARD', 'MEDIUM')","[34, 40]",94.88553
"('HARD', 'HARD', 'MEDIUM')","[34, 41]",95.17906
"('HARD', 'HARD', 'MEDIUM')","[34, 42]",95.47258
"('HARD', 'HARD', 'MEDIUM')","[34, 43]",95.76611
"('HARD', 'HARD', 'MEDIUM')","[34, 44]",96.05965
"('HARD', 'HARD', 'MEDIUM')","[34, 45]",96.35317
"('HARD', 'HARD', 'MEDIUM')","[34, 46]",96.6467
"('HARD', 'HARD', 'MEDIUM')","[35, 36]",93.746414
"('HARD', 'HARD', 'MEDIUM')","[35, 37]",94.03994
"('HARD', 'HARD', 'MEDIUM')","[35, 38]",94.33348
"('HARD', 'HARD', 'MEDIUM')","[35, 39]",94.627
"('HARD', 'HARD', 'MEDIUM')","[35, 40]",94.92053
"('HARD', 'HARD', 'MEDIUM')","[35, 41]",95.214066
"('HARD', 'HARD', 'MEDIUM')","[35, 42]",95.50758
"('HARD', 'HARD', 'MEDIUM')","[35, 43]",95.80112
"('HARD', 'HARD', 'MEDIUM')","[35, 44]",96.09465
"('HARD', 'HARD', 'MEDIUM')","[35, 45]",96.388176
"('HARD', 'HARD', 'MEDIUM')","[35, 46]",96.6817
"('HARD', 'HARD', 'MEDIUM')","[36, 37]",94.07494
"('HARD', 'HARD', 'MEDIUM')","[36, 38]",94.36847
"('HARD', 'HARD', 'MEDIUM')","[36, 39]",94.662
"('HARD', 'HARD', 'MEDIUM')","[36, 40]",94.95553
"('HARD', 'HARD', 'MEDIUM')","[36, 41]",95.24906
"('HARD', 'HARD', 'MEDIUM')","[36, 42]",95.54259
"('HARD', 'HARD', 'MEDIUM')","[36, 43]",95.83612
"('HARD', 'HARD', 'MEDIUM')","[36, 44]",96.129654
"('HARD', 'HARD', 'MEDIUM')","[36, 45]",96.42318
"('HARD', 'HARD', 'MEDIUM')","[36, 46]",96.716705
"('HARD', 'HARD', 'MEDIUM')","[37, 38]",94.40347
"('HARD', 'HARD', 'MEDIUM')","[37, 39]",94.69701
"('HARD', 'HARD', 'MEDIUM')","[37, 40]",94.99053
"('HARD', 'HARD', 'MEDIUM')","[37, 41]",95.28406
"('HARD', 'HARD', 'MEDIUM')","[37, 42]",95.57759
"('HARD', 'HARD', 'MEDIUM')","[37, 43]",95.87111
"('HARD', 'HARD', 'MEDIUM')","[37, 44]",96.16464
"('HARD', 'HARD', 'MEDIUM')","[37, 45]",96.45817
"('HARD', 'HARD', 'MEDIUM')","[37, 46]",96.75169
"('HARD', 'HARD', 'MEDIUM')","[38, 39]",94.73201
"('HARD', 'HARD', 'MEDIUM')","[38, 40]",95.025536
"('HARD', 'HARD', 'MEDIUM')","[38, 41]",95.31906
"('HARD', 'HARD', 'MEDIUM')","[38, 42]",95.612595
"('HARD', 'HARD', 'MEDIUM')","[38, 43]",95.90613
"('HARD', 'HARD', 'MEDIUM')","[38, 44]",96.19965
"('HARD', 'HARD', 'MEDIUM')","[38, 45]",96.49318
"('HARD', 'HARD', 'MEDIUM')","[38, 46]",96.78671
"('HARD', 'HARD', 'MEDIUM')","[39, 40]",95.06053
"('HARD', 'HARD', 'MEDIUM')","[39, 41]",95.354065
"('HARD', 'HARD', 'MEDIUM')","[39, 42]",95.64758
"('HARD', 'HARD', 'MEDIUM')","[39, 43]",95.94112
"('HARD', 'HARD', 'MEDIUM')","[39, 44]",96.23465
"('HARD', 'HARD', 'MEDIUM')","[39, 45]",96.528175
"('HARD', 'HARD', 'MEDIUM')","[39, 46]",96.8217
"('HARD', 'HARD', 'MEDIUM')","[40, 41]",95.38906
"('HARD', 'HARD', 'MEDIUM')","[40, 42]",95.68259
"('HARD', 'HARD', 'MEDIUM')","[40, 43]",95.97612
"('HARD', 'HARD', 'MEDIUM')","[40, 44]",96.26965
"('HARD', 'HARD', 'MEDIUM')","[40, 45]",96.56318
"('HARD', 'HARD', 'MEDIUM')","[40, 46]",96.856705
"('HARD', 'HARD', 'MEDIUM')","[41, 42]",95.71759
"('HARD', 'HARD', 'MEDIUM')","[41, 43]",96.01112
"('HARD', 'HARD', 'MEDIUM')","[41, 44]",96.30466
"('HARD', 'HARD', 'MEDIUM')","[41, 45]",96.59818
"('HARD', 'HARD', 'MEDIUM')","[41, 46]",96.89171
"('HARD', 'HARD', 'MEDIUM')","[42, 43]",96.04611
"('HARD', 'HARD', 'MEDIUM')","[42, 44]",96.339645
"('HARD', 'HARD', 'MEDIUM')","[42, 45]",96.63317
"('HARD', 'HARD', 'MEDIUM')","[42, 46]",96.9267
"('HARD', 'HARD', 'MEDIUM')","[43, 44]",96.37465
"('HARD', 'HARD', 'MEDIUM')","[43, 45]",96.668175
"('HARD', 'HARD', 'MEDIUM')","[43, 46]",96.9617
"('HARD', 'HARD', 'MEDIUM')","[44, 45]",96.70318
"('HARD', 'HARD', 'MEDIUM')","[44, 46]",96.996704
"('HARD', 'HARD', 'MEDIUM')","[45, 46]",97.03171
"('HARD', 'HARD', 'HARD')","[10, 11]",97.42548
"('HARD', 'HARD', 'HARD')","[10, 12]",97.46048
"('HARD', 'HARD', 'HARD')","[10, 13]",97.49548
"('HARD', 'HARD', 'HARD')","[10, 14]",97.53049
"('HARD', 'HARD', 'HARD')","[10, 15]",97.56549
"('HARD', 'HARD', 'HARD')","[10, 16]",97.60049
"('HARD', 'HARD', 'HARD')","[10, 17]",97.63548
"('HARD', 'HARD', 'HARD')","[10, 18]",97.67049
"('HARD', 'HARD', 'HARD')","[10, 19]",97.70549
"('HARD', 'HARD', 'HARD')","[10, 20]",97.740486
"('HARD', 'HARD', 'HARD')","[10, 21]",97.77548
"('HARD', 'HARD', 'HARD')","[10, 22]",97.810486
"('HARD', 'HARD', 'HARD')","[10, 23]",97.84549
"('HARD', 'HARD', 'HARD')","[10, 24]",97.880486
"('HARD', 'HARD', 'HARD')","[10, 25]",97.91549
"('HARD', 'HARD', 'HARD')","[10, 26]",97.950485
"('HARD', 'HARD', 'HARD')","[10, 27]",97.98549
"('HARD', 'HARD', 'HARD')","[10, 28]",98.020485
"('HARD', 'HARD', 'HARD')","[10, 29]",98.05548
"('HARD', 'HARD', 'HARD')","[10, 30]",98.090485
"('HARD', 'HARD', 'HARD')","[10, 31]",98.12549
"('HARD', 'HARD', 'HARD')","[10, 32]",98.160484
"('HARD', 'HARD', 'HARD')","[10, 33]",98.19549
"('HARD', 'HARD', 'HARD')","[10, 34]",98.230484
"('HARD', 'HARD', 'HARD')","[10, 35]",98.26549
"('HARD', 'HARD', 'HARD')","[10, 36]",98.30048
"('HARD', 'HARD', 'HARD')","[10, 37]",98.33548
"('HARD', 'HARD', 'HARD')","[10, 38]",98.37048
"('HARD', 'HARD', 'HARD')","[10, 39]",98.40549
"('HARD', 'HARD', 'HARD')","[10, 40]",98.44048
"('HARD', 'HARD', 'HARD')","[10, 41]",98.47549
"('HARD', 'HARD', 'HARD')","[10, 42]",98.51048
"('HARD', 'HARD', 'HARD')","[10, 43]",98.54549
"('HARD', 'HARD', 'HARD')","[10, 44]",98.58049
"('HARD', 'HARD', 'HARD')","[10, 45]",98.615486
"('HARD', 'HARD', 'HARD')","[10, 46]",98.65048
"('HARD', 'HARD', 'HARD')","[11, 12]",97.49548
"('HARD', 'HARD', 'HARD')","[11, 13]",97.53049
"('HARD', 'HARD', 'HARD')","[11, 14]",97.56548
"('HARD', 'HARD', 'HARD')","[11, 15]",97.60049
"('HARD', 'HARD', 'HARD')","[11, 16]",97.63548
"('HARD', 'HARD', 'HARD')","[11, 17]",97.67049
"('HARD', 'HARD', 'HARD')","[11, 18]",97.70548
"('HARD', 'HARD', 'HARD')","[11, 19]",97.740486
"('HARD', 'HARD', 'HARD')","[11, 20]",97.77548
"('HARD', 'HARD', 'HARD')","[11, 21]",97.810486
"('HARD', 'HARD', 'HARD')","[11, 22]",97.84549
"('HARD', 'HARD', 'HARD')","[11, 23]",97.88048
"('HARD', 'HARD', 'HARD')","[11, 24]",97.91548
"('HARD', 'HARD', 'HARD')","[11, 25]",97.950485
"('HARD', 'HARD', 'HARD')","[11, 26]",97.98549
"('HARD', 'HARD', 'HARD')","[11, 27]",98.02049
"('HARD', 'HARD', 'HARD')","[11, 28]",98.05549
"('HARD', 'HARD', 'HARD')","[11, 29]",98.090485
"('HARD', 'HARD', 'HARD')","[11, 30]",98.12549
"('HARD', 'HARD', 'HARD')","[11, 31]",98.16048
"('HARD', 'HARD', 'HARD')","[11, 32]",98.19548
"('HARD', 'HARD', 'HARD')","[11, 33]",98.230484
"('HARD', 'HARD', 'HARD')","[11, 34]",98.26549
"('HARD', 'HARD', 'HARD')","[11, 35]",98.30049
"('HARD', 'HARD', 'HARD')","[11, 36]",98.33549
"('HARD', 'HARD', 'HARD')","[11, 37]",98.37048
"('HARD', 'HARD', 'HARD')","[11, 38]",98.40549
"('HARD', 'HARD', 'HARD')","[11, 39]",98.440475
"('HARD', 'HARD', 'HARD')","[11, 40]",98.47548
"('HARD', 'HARD', 'HARD')","[11, 41]",98.51048
"('HARD', 'HARD', 'HARD')","[11, 42]",98.54549
"('HARD', 'HARD', 'HARD')","[11, 43]",98.58049
"('HARD', 'HARD', 'HARD')","[11, 44]",98.61549
"('HARD', 'HARD', 'HARD')","[11, 45]",98.65049
"('HARD', 'HARD', 'HARD')","[11, 46]",98.685486
"('HARD', 'HARD', 'HARD')","[12, 13]",97.56549
"('HARD', 'HARD', 'HARD')","[12, 14]",97.60049
"('HARD', 'HARD', 'HARD')","[12, 15]",97.63548
"('HARD', 'HARD', 'HARD')","[12, 16]",97.67049
"('HARD', 'HARD', 'HARD')","[12, 17]",97.70549
"('HARD', 'HARD', 'HARD')","[12, 18]",97.740486
"('HARD', 'HARD', 'HARD')","[12, 19]",97.77548
"('HARD', 'HARD', 'HARD')","[12, 20]",97.810486
"('HARD', 'HARD', 'HARD')","[12, 21]",97.84549
"('HARD', 'HARD', 'HARD')","[12, 22]",97.88048
"('HARD', 'HARD', 'HARD')","[12, 23]",97.91548
"('HARD', 'HARD', 'HARD')","[12, 24]",97.950485
"('HARD', 'HARD', 'HARD')","[12, 25]",97.98548
"('HARD', 'HARD', 'HARD')","[12, 26]",98.02049
"('HARD', 'HARD', 'HARD')","[12, 27]",98.05548
"('HARD', 'HARD', 'HARD')","[12, 28]",98.090485
"('HARD', 'HARD', 'HARD')","[12, 29]",98.12549
"('HARD', 'HARD', 'HARD')","[12, 30]",98.16048
"('HARD', 'HARD', 'HARD')","[12, 31]",98.19548
"('HARD', 'HARD', 'HARD')","[12, 32]",98.230484
"('HARD', 'HARD', 'HARD')","[12, 33]",98.26548
"('HARD', 'HARD', 'HARD')","[12, 34]",98.30049
"('HARD', 'HARD', 'HARD')","[12, 35]",98.33548
"('HARD', 'HARD', 'HARD')","[12, 36]",98.37048
"('HARD', 'HARD', 'HARD')","[12, 37]",98.40549
"('HARD', 'HARD', 'HARD')","[12, 38]",98.440475
"('HARD', 'HARD', 'HARD')","[12, 39]",98.47548
"('HARD', 'HARD', 'HARD')","[12, 40]",98.51048
"('HARD', 'HARD', 'HARD')","[12, 41]",98.54548
"('HARD', 'HARD', 'HARD')","[12, 42]",98.58049
"('HARD', 'HARD', 'HARD')","[12, 43]",98.61548
"('HARD', 'HARD', 'HARD')","[12, 44]",98.65048
"('HARD', 'HARD', 'HARD')","[12, 45]",98.685486
"('HARD', 'HARD', 'HARD')","[12, 46]",98.72049
"('HARD', 'HARD', 'HARD')","[13, 14]",97.63548
"('HARD', 'HARD', 'HARD')","[13, 15]",97.67049
"('HARD', 'HARD', 'HARD')","[13, 16]",97.70548
"('HARD', 'HARD', 'HARD')","[13, 17]",97.740486
"('HARD', 'HARD', 'HARD')","[13, 18]",97.77548
"('HARD', 'HARD', 'HARD')","[13, 19]",97.810486
"('HARD', 'HARD', 'HARD')","[13, 20]",97.84548
"('HARD', 'HARD', 'HARD')","[13, 21]",97.880486
"('HARD', 'HARD', 'HARD')","[13, 22]",97.91548
"('HARD', 'HARD', 'HARD')","[13, 23]",97.950485
"('HARD', 'HARD', 'HARD')","[13, 24]",97.98549
"('HARD', 'HARD', 'HARD')","[13, 25]",98.020485
"('HARD', 'HARD', 'HARD')","[13, 26]",98.05548
"('HARD', 'HARD', 'HARD')","[13, 27]",98.090485
"('HARD', 'HARD', 'HARD')","[13, 28]",98.12549
"('HARD', 'HARD', 'HARD')","[13, 29]",98.160484
"('HARD', 'HARD', 'HARD')","[13, 30]",98.19548
"('HARD', 'HARD', 'HARD')","[13, 31]",98.230484
"('HARD', 'HARD', 'HARD')","[13, 32]",98.26549
"('HARD', 'HARD', 'HARD')","[13, 33]",98.30048
"('HARD', 'HARD', 'HARD')","[13, 34]",98.33548
"('HARD', 'HARD', 'HARD')","[13, 35]",98.37048
"('HARD', 'HARD', 'HARD')","[13, 36]",98.40549
"('HARD', 'HARD', 'HARD')","[13, 37]",98.44048
"('HARD', 'HARD', 'HARD')","[13, 38]",98.47548
"('HARD', 'HARD', 'HARD')","[13, 39]",98.51048
"('HARD', 'HARD', 'HARD')","[13, 40]",98.54549
"('HARD', 'HARD', 'HARD')","[13, 41]",98.58048
"('HARD', 'HARD', 'HARD')","[13, 42]",98.61548
"('HARD', 'HARD', 'HARD')","[13, 43]",98.65048
"('HARD', 'HARD', 'HARD')","[13, 44]",98.685486
"('HARD', 'HARD', 'HARD')","[13, 45]",98.72049
"('HARD', 'HARD', 'HARD')","[13, 46]",98.755486
"('HARD', 'HARD', 'HARD')","[14, 15]",97.70549
"('HARD', 'HARD', 'HARD')","[14, 16]",97.740486
"('HARD', 'HARD', 'HARD')","[14, 17]",97.77549
"('HARD', 'HARD', 'HARD')","[14, 18]",97.810486
"('HARD', 'HARD', 'HARD')","[14, 19]",97.84549
"('HARD', 'HARD', 'HARD')","[14, 20]",97.880486
"('HARD', 'HARD', 'HARD')","[14, 21]",97.91549
"('HARD', 'HARD', 'HARD')","[14, 22]",97.950485
"('HARD', 'HARD', 'HARD')","[14, 23]",97.98549
"('HARD', 'HARD', 'HARD')","[14, 24]",98.02049
"('HARD', 'HARD', 'HARD')","[14, 25]",98.05549
"('HARD', 'HARD', 'HARD')","[14, 26]",98.090485
"('HARD', 'HARD', 'HARD')","[14, 27]",98.12549
"('HARD', 'HARD', 'HARD')","[14, 28]",98.160484
"('HARD', 'HARD', 'HARD')","[14, 29]",98.19549
"('HARD', 'HARD', 'HARD')","[14, 30]",98.230484
"('HARD', 'HARD', 'HARD')","[14, 31]",98.26549
"('HARD', 'HARD', 'HARD')","[14, 32]",98.30049
"('HARD', 'HARD', 'HARD')","[14, 33]",98.33549
"('HARD', 'HARD', 'HARD')","[14, 34]",98.37048
"('HARD', 'HARD', 'HARD')","[14, 35]",98.40549
"('HARD', 'HARD', 'HARD')","[14, 36]",98.44048
"('HARD', 'HARD', 'HARD')","[14, 37]",98.47549
"('HARD', 'HARD', 'HARD')","[14, 38]",98.51048
"('HARD', 'HARD', 'HARD')","[14, 39]",98.54549
"('HARD', 'HARD', 'HARD')","[14, 40]",98.58049
"('HARD', 'HARD', 'HARD')","[14, 41]",98.615486
"('HARD', 'HARD', 'HARD')","[14, 42]",98.65048
"('HARD', 'HARD', 'HARD')","[14, 43]",98.685486
"('HARD', 'HARD', 'HARD')","[14, 44]",98.72049
"('HARD', 'HARD', 'HARD')","[14, 45]",98.755486
"('HARD', 'HARD', 'HARD')","[14, 46]",98.79049
"('HARD', 'HARD', 'HARD')","[15, 16]",97.77549
"('HARD', 'HARD', 'HARD')","[15, 17]",97.810486
"('HARD', 'HARD', 'HARD')","[15, 18]",97.84549
"('HARD', 'HARD', 'HARD')","[15, 19]",97.880486
"('HARD', 'HARD', 'HARD')","[15, 20]",97.91549
"('HARD', 'HARD', 'HARD')","[15, 21]",97.950485
"('HARD', 'HARD', 'HARD')","[15, 22]",97.98549
"('HARD', 'HARD', 'HARD')","[15, 23]",98.02049
"('HARD', 'HARD', 'HARD')","[15, 24]",98.05549
"('HARD', 'HARD', 'HARD')","[15, 25]",98.090485
"('HARD', 'HARD', 'HARD')","[15, 26]",98.12549
"('HARD', 'HARD', 'HARD')","[15, 27]",98.16049
"('HARD', 'HARD', 'HARD')","[15, 28]",98.19549
"('HARD', 'HARD', 'HARD')","[15, 29]",98.230484
"('HARD', 'HARD', 'HARD')","[15, 30]",98.26549
"('HARD', 'HARD', 'HARD')","[15, 31]",98.30049
"('HARD', 'HARD', 'HARD')","[15, 32]",98.33549
"('HARD', 'HARD', 'HARD')","[15, 33]",98.37048
"('HARD', 'HARD', 'HARD')","[15, 34]",98.40549
"('HARD', 'HARD', 'HARD')","[15, 35]",98.44049
"('HARD', 'HARD', 'HARD')","[15, 36]",98.47549
"('HARD', 'HARD', 'HARD')","[15, 37]",98.51048
"('HARD', 'HARD', 'HARD')","[15, 38]",98.54549
"('HARD', 'HARD', 'HARD')","[15, 39]",98.58049
"('HARD', 'HARD', 'HARD')","[15, 40]",98.615486
"('HARD', 'HARD', 'HARD')","[15, 41]",98.65048
"('HARD', 'HARD', 'HARD')","[15, 42]",98.685486
"('HARD', 'HARD', 'HARD')","[15, 43]",98.72049
"('HARD', 'HARD', 'HARD')","[15, 44]",98.75549
"('HARD', 'HARD', 'HARD')","[15, 45]",98.79049
"('HARD', 'HARD', 'HARD')","[15, 46]",98.825485
"('HARD', 'HARD', 'HARD')","[16, 17]",97.84549
"('HARD', 'HARD', 'HARD')","[16, 18]",97.880486
"('HARD', 'HARD', 'HARD')","[16, 19]",97.91549
"('HARD', 'HARD', 'HARD')","[16, 20]",97.950485
"('HARD', 'HARD', 'HARD')","[16, 21]",97.98549
"('HARD', 'HARD', 'HARD')","[16, 22]",98.02049
"('HARD', 'HARD', 'HARD')","[16, 23]",98.05548
"('HARD', 'HARD', 'HARD')","[16, 24]",98.090485
"('HARD', 'HARD', 'HARD')","[16, 25]",98.12549
"('HARD', 'HARD', 'HARD')","[16, 26]",98.16049
"('HARD', 'HARD', 'HARD')","[16, 27]",98.195496
"('HARD', 'HARD', 'HARD')","[16, 28]",98.23049
"('HARD', 'HARD', 'HARD')","[16, 29]",98.26549
"('HARD', 'HARD', 'HARD')","[16, 30]",98.30049
"('HARD', 'HARD', 'HARD')","[16, 31]",98.33548
"('HARD', 'HARD', 'HARD')","[16, 32]",98.37048
"('HARD', 'HARD', 'HARD')","[16, 33]",98.40549
"('HARD', 'HARD', 'HARD')","[16, 34]",98.44049
"('HARD', 'HARD', 'HARD')","[16, 35]",98.475494
"('HARD', 'HARD', 'HARD')","[16, 36]",98.51049
"('HARD', 'HARD', 'HARD')","[16, 37]",98.54549
"('HARD', 'HARD', 'HARD')","[16, 38]",98.58049
"('HARD', 'HARD', 'HARD')","[16, 39]",98.61548
"('HARD', 'HARD', 'HARD')","[16, 40]",98.65048
"('HARD', 'HARD', 'HARD')","[16, 41]",98.685486
"('HARD', 'HARD', 'HARD')","[16, 42]",98.72049
"('HARD', 'HARD', 'HARD')","[16, 43]",98.75549
"('HARD', 'HARD', 'HARD')","[16, 44]",98.7905
"('HARD', 'HARD', 'HARD')","[16, 45]",98.82549
"('HARD', 'HARD', 'HARD')","[16, 46]",98.86049
"('HARD', 'HARD', 'HARD')","[17, 18]",97.91548
"('HARD', 'HARD', 'HARD')","[17, 19]",97.950485
"('HARD', 'HARD', 'HARD')","[17, 20]",97.98548
"('HARD', 'HARD', 'HARD')","[17, 21]",98.020485
"('HARD', 'HARD', 'HARD')","[17, 22]",98.05548
"('HARD', 'HARD', 'HARD')","[17, 23]",98.090485
"('HARD', 'HARD', 'HARD')","[17, 24]",98.12549
"('HARD', 'HARD', 'HARD')","[17, 25]",98.160484
"('HARD', 'HARD', 'HARD')","[17, 26]",98.19548
"('HARD', 'HARD', 'HARD')","[17, 27]",98.230484
"('HARD', 'HARD', 'HARD')","[17, 28]",98.26549
"('HARD', 'HARD', 'HARD')","[17, 29]",98.30048
"('HARD', 'HARD', 'HARD')","[17, 30]",98.33548
"('HARD', 'HARD', 'HARD')","[17, 31]",98.37048
"('HARD', 'HARD', 'HARD')","[17, 32]",98.40549
"('HARD', 'HARD', 'HARD')","[17, 33]",98.44048
"('HARD', 'HARD', 'HARD')","[17, 34]",98.47548
"('HARD', 'HARD', 'HARD')","[17, 35]",98.51048
"('HARD', 'HARD', 'HARD')","[17, 36]",98.54549
"('HARD', 'HARD', 'HARD')","[17, 37]",98.58048
"('HARD', 'HARD', 'HARD')","[17, 38]",98.61548
"('HARD', 'HARD', 'HARD')","[17, 39]",98.65048
"('HARD', 'HARD', 'HARD')","[17, 40]",98.685486
"('HARD', 'HARD', 'HARD')","[17, 41]",98.72048
"('HARD', 'HARD', 'HARD')","[17, 42]",98.75548
"('HARD', 'HARD', 'HARD')","[17, 43]",98.79048
"('HARD', 'HARD', 'HARD')","[17, 44]",98.825485
"('HARD', 'HARD', 'HARD')","[17, 45]",98.86049
"('HARD', 'HARD', 'HARD')","[17, 46]",98.895485
"('HARD', 'HARD', 'HARD')","[18, 19]",97.98549
"('HARD', 'HARD', 'HARD')","[18, 20]",98.020485
"('HARD', 'HARD', 'HARD')","[18, 21]",98.05549
"('HARD', 'HARD', 'HARD')","[18, 22]",98.090485
"('HARD', 'HARD', 'HARD')","[18, 23]",98.12549
"('HARD', 'HARD', 'HARD')","[18, 24]",98.16049
"('HARD', 'HARD', 'HARD')","[18, 25]",98.19549
"('HARD', 'HARD', 'HARD')","[18, 26]",98.230484
"('HARD', 'HARD', 'HARD')","[18, 27]",98.26549
"('HARD', 'HARD', 'HARD')","[18, 28]",98.30048
"('HARD', 'HARD', 'HARD')","[18, 29]",98.33549
"('HARD', 'HARD', 'HARD')","[18, 30]",98.37048
"('HARD', 'HARD', 'HARD')","[18, 31]",98.40549
"('HARD', 'HARD', 'HARD')","[18, 32]",98.44049
"('HARD', 'HARD', 'HARD')","[18, 33]",98.47549
"('HARD', 'HARD', 'HARD')","[18, 34]",98.51048
"('HARD', 'HARD', 'HARD')","[18, 35]",98.54549
"('HARD', 'HARD', 'HARD')","[18, 36]",98.58048
"('HARD', 'HARD', 'HARD')","[18, 37]",98.615486
"('HARD', 'HARD', 'HARD')","[18, 38]",98.65048
"('HARD', 'HARD', 'HARD')","[18, 39]",98.685486
"('HARD', 'HARD', 'HARD')","[18, 40]",98.72049
"('HARD', 'HARD', 'HARD')","[18, 41]",98.755486
"('HARD', 'HARD', 'HARD')","[18, 42]",98.79048
"('HARD', 'HARD', 'HARD')","[18, 43]",98.825485
"('HARD', 'HARD', 'HARD')","[18, 44]",98.86049
"('HARD', 'HARD', 'HARD')","[18, 45]",98.895485
"('HARD', 'HARD', 'HARD')","[18, 46]",98.93049
"('HARD', 'HARD', 'HARD')","[19, 20]",98.05549
"('HARD', 'HARD', 'HARD')","[19, 21]",98.090485
"('HARD', 'HARD', 'HARD')","[19, 22]",98.12549
"('HARD', 'HARD', 'HARD')","[19, 23]",98.16049
"('HARD', 'HARD', 'HARD')","[19, 24]",98.19549
"('HARD', 'HARD', 'HARD')","[19, 25]",98.230484
"('HARD', 'HARD', 'HARD')","[19, 26]",98.26549
"('HARD', 'HARD', 'HARD')","[19, 27]",98.30049
"('HARD', 'HARD', 'HARD')","[19, 28]",98.33549
"('HARD', 'HARD', 'HARD')","[19, 29]",98.37048
"('HARD', 'HARD', 'HARD')","[19, 30]",98.40549
"('HARD', 'HARD', 'HARD')","[19, 31]",98.44049
"('HARD', 'HARD', 'HARD')","[19, 32]",98.47549
"('HARD', 'HARD', 'HARD')","[19, 33]",98.51048
"('HARD', 'HARD', 'HARD')","[19, 34]",98.54549
"('HARD', 'HARD', 'HARD')","[19, 35]",98.58049
"('HARD', 'HARD', 'HARD')","[19, 36]",98.615486
"('HARD', 'HARD', 'HARD')","[19, 37]",98.65048
"('HARD', 'HARD', 'HARD')","[19, 38]",98.685486
"('HARD', 'HARD', 'HARD')","[19, 39]",98.72049
"('HARD', 'HARD', 'HARD')","[19, 40]",98.755486
"('HARD', 'HARD', 'HARD')","[19, 41]",98.79048
"('HARD', 'HARD', 'HARD')","[19, 42]",98.825485
"('HARD', 'HARD', 'HARD')","[19, 43]",98.86049
"('HARD', 'HARD', 'HARD')","[19, 44]",98.89549
"('HARD', 'HARD', 'HARD')","[19, 45]",98.93049
"('HARD', 'HARD', 'HARD')","[19, 46]",98.965485
"('HARD', 'HARD', 'HARD')","[20, 21]",98.12549
"('HARD', 'HARD', 'HARD')","[20, 22]",98.16049
"('HARD', 'HARD', 'HARD')","[20, 23]",98.19548
"('HARD', 'HARD', 'HARD')","[20, 24]",98.230484
"('HARD', 'HARD', 'HARD')","[20, 25]",98.26549
"('HARD', 'HARD', 'HARD')","[20, 26]",98.30049
"('HARD', 'HARD', 'HARD')","[20, 27]",98.335495
"('HARD', 'HARD', 'HARD')","[20, 28]",98.37049
"('HARD', 'HARD', 'HARD')","[20, 29]",98.40549
"('HARD', 'HARD', 'HARD')","[20, 30]",98.44049
"('HARD', 'HARD', 'HARD')","[20, 31]",98.47548
"('HARD', 'HARD', 'HARD')","[20, 32]",98.51048
"('HARD', 'HARD', 'HARD')","[20, 33]",98.54549
"('HARD', 'HARD', 'HARD')","[20, 34]",98.58049
"('HARD', 'HARD', 'HARD')","[20, 35]",98.61549
"('HARD', 'HARD', 'HARD')","[20, 36]",98.65049
"('HARD', 'HARD', 'HARD')","[20, 37]",98.685486
"('HARD', 'HARD', 'HARD')","[20, 38]",98.72049
"('HARD', 'HARD', 'HARD')","[20, 39]",98.75548
"('HARD', 'HARD', 'HARD')","[20, 40]",98.79048
"('HARD', 'HARD', 'HARD')","[20, 41]",98.825485
"('HARD', 'HARD', 'HARD')","[20, 42]",98.86049
"('HARD', 'HARD', 'HARD')","[20, 43]",98.89549
"('HARD', 'HARD', 'HARD')","[20, 44]",98.9305
"('HARD', 'HARD', 'HARD')","[20, 45]",98.96549
"('HARD', 'HARD', 'HARD')","[20, 46]",99.00049
"('HARD', 'HARD', 'HARD')","[21, 22]",98.19548
"('HARD', 'HARD', 'HARD')","[21, 23]",98.230484
"('HARD', 'HARD', 'HARD')","[21, 24]",98.26549
"('HARD', 'HARD', 'HARD')","[21, 25]",98.30048
"('HARD', 'HARD', 'HARD')","[21, 26]",98.335495
"('HARD', 'HARD', 'HARD')","[21, 27]",98.37048
"('HARD', 'HARD', 'HARD')","[21, 28]",98.40549
"('HARD', 'HARD', 'HARD')","[21, 29]",98.44049
"('HARD', 'HARD', 'HARD')","[21, 30]",98.47548
"('HARD', 'HARD', 'HARD')","[21, 31]",98.51048
"('HARD', 'HARD', 'HARD')","[21, 32]",98.54549
"('HARD', 'HARD', 'HARD')","[21, 33]",98.58048
"('HARD', 'HARD', 'HARD')","[21, 34]",98.61549
"('HARD', 'HARD', 'HARD')","[21, 35]",98.65048
"('HARD', 'HARD', 'HARD')","[21, 36]",98.685486
"('HARD', 'HARD', 'HARD')","[21, 37]",98.72049
"('HARD', 'HARD', 'HARD')","[21, 38]",98.75548
"('HARD', 'HARD', 'HARD')","[21, 39]",98.79048
"('HARD', 'HARD', 'HARD')","[21, 40]",98.825485
"('HARD', 'HARD', 'HARD')","[21, 41]",98.86048
"('HARD', 'HARD', 'HARD')","[21, 42]",98.89549
"('HARD', 'HARD', 'HARD')","[21, 43]",98.93048
"('HARD', 'HARD', 'HARD')","[21, 44]",98.965485
"('HARD', 'HARD', 'HARD')","[21, 45]",99.00049
"('HARD', 'HARD', 'HARD')","[21, 46]",99.03549
"('HARD', 'HARD', 'HARD')","[22, 23]",98.26549
"('HARD', 'HARD', 'HARD')","[22, 24]",98.30049
"('HARD', 'HARD', 'HARD')","[22, 25]",98.33549
"('HARD', 'HARD', 'HARD')","[22, 26]",98.37048
"('HARD', 'HARD', 'HARD')","[22, 27]",98.40549
"('HARD', 'HARD', 'HARD')","[22, 28]",98.44048
"('HARD', 'HARD', 'HARD')","[22, 29]",98.47549
"('HARD', 'HARD', 'HARD')","[22, 30]",98.51048
"('HARD', 'HARD', 'HARD')","[22, 31]",98.54549
"('HARD', 'HARD', 'HARD')","[22, 32]",98.58049
"('HARD', 'HARD', 'HARD')","[22, 33]",98.615486
"('HARD', 'HARD', 'HARD')","[22, 34]",98.65048
"('HARD', 'HARD', 'HARD')","[22, 35]",98.685486
"('HARD', 'HARD', 'HARD')","[22, 36]",98.72048
"('HARD', 'HARD', 'HARD')","[22, 37]",98.755486
"('HARD', 'HARD', 'HARD')","[22, 38]",98.79048
"('HARD', 'HARD', 'HARD')","[22, 39]",98.825485
"('HARD', 'HARD', 'HARD')","[22, 40]",98.86049
"('HARD', 'HARD', 'HARD')","[22, 41]",98.895485
"('HARD', 'HARD', 'HARD')","[22, 42]",98.93048
"('HARD', 'HARD', 'HARD')","[22, 43]",98.965485
"('HARD', 'HARD', 'HARD')","[22, 44]",99.00049
"('HARD', 'HARD', 'HARD')","[22, 45]",99.035484
"('HARD', 'HARD', 'HARD')","[22, 46]",99.07049
"('HARD', 'HARD', 'HARD')","[23, 24]",98.33549
"('HARD', 'HARD', 'HARD')","[23, 25]",98.37049
"('HARD', 'HARD', 'HARD')","[23, 26]",98.40549
"('HARD', 'HARD', 'HARD')","[23, 27]",98.44049
"('HARD', 'HARD', 'HARD')","[23, 28]",98.47549
"('HARD', 'HARD', 'HARD')","[23, 29]",98.51048
"('HARD', 'HARD', 'HARD')","[23, 30]",98.54549
"('HARD', 'HARD', 'HARD')","[23, 31]",98.58049
"('HARD', 'HARD', 'HARD')","[23, 32]",98.615486
"('HARD', 'HARD', 'HARD')","[23, 33]",98.65049
"('HARD', 'HARD', 'HARD')","[23, 34]",98.685486
"('HARD', 'HARD', 'HARD')","[23, 35]",98.72049
"('HARD', 'HARD', 'HARD')","[23, 36]",98.755486
"('HARD', 'HARD', 'HARD')","[23, 37]",98.79048
"('HARD', 'HARD', 'HARD')","[23, 38]",98.825485
"('HARD', 'HARD', 'HARD')","[23, 39]",98.86049
"('HARD', 'HARD', 'HARD')","[23, 40]",98.895485
"('HARD', 'HARD', 'HARD')","[23, 41]",98.93049
"('HARD', 'HARD', 'HARD')","[23, 42]",98.965485
"('HARD', 'HARD', 'HARD')","[23, 43]",99.00049
"('HARD', 'HARD', 'HARD')","[23, 44]",99.03549
"('HARD', 'HARD', 'HARD')","[23, 45]",99.07049
"('HARD', 'HARD', 'HARD')","[23, 46]",99.105484
"('HARD', 'HARD', 'HARD')","[24, 25]",98.40549
"('HARD', 'HARD', 'HARD')","[24, 26]",98.44049
"('HARD', 'HARD', 'HARD')","[24, 27]",98.475494
"('HARD', 'HARD', 'HARD')","[24, 28]",98.51049
"('HARD', 'HARD', 'HARD')","[24, 29]",98.54549
"('HARD', 'HARD', 'HARD')","[24, 30]",98.58049
"('HARD', 'HARD', 'HARD')","[24, 31]",98.61548
"('HARD', 'HARD', 'HARD')","[24, 32]",98.65048
"('HARD', 'HARD', 'HARD')","[24, 33]",98.685486
"('HARD', 'HARD', 'HARD')","[24, 34]",98.72049
"('HARD', 'HARD', 'HARD')","[24, 35]",98.75549
"('HARD', 'HARD', 'HARD')","[24, 36]",98.79049
"('HARD', 'HARD', 'HARD')","[24, 37]",98.825485
"('HARD', 'HARD', 'HARD')","[24, 38]",98.86049
"('HARD', 'HARD', 'HARD')","[24, 39]",98.89548
"('HARD', 'HARD', 'HARD')","[24, 40]",98.93048
"('HARD', 'HARD', 'HARD')","[24, 41]",98.965485
"('HARD', 'HARD', 'HARD')","[24, 42]",99.00049
"('HARD', 'HARD', 'HARD')","[24, 43]",99.03549
"('HARD', 'HARD', 'HARD')","[24, 44]",99.070496
"('HARD', 'HARD', 'HARD')","[24, 45]",99.10549
"('HARD', 'HARD', 'HARD')","[24, 46]",99.14049
"('HARD', 'HARD', 'HARD')","[25, 26]",98.475494
"('HARD', 'HARD', 'HARD')","[25, 27]",98.51048
"('HARD', 'HARD', 'HARD')","[25, 28]",98.54549
"('HARD', 'HARD', 'HARD')","[25, 29]",98.58049
"('HARD', 'HARD', 'HARD')","[25, 30]",98.61548
"('HARD', 'HARD', 'HARD')","[25, 31]",98.65048
"('HARD', 'HARD', 'HARD')","[25, 32]",98.685486
"('HARD', 'HARD', 'HARD')","[25, 33]",98.72048
"('HARD', 'HARD', 'HARD')","[25, 34]",98.75549
"('HARD', 'HARD', 'HARD')","[25, 35]",98.79048
"('HARD', 'HARD', 'HARD')","[25, 36]",98.825485
"('HARD', 'HARD', 'HARD')","[25, 37]",98.86049
"('HARD', 'HARD', 'HARD')","[25, 38]",98.89548
"('HARD', 'HARD', 'HARD')","[25, 39]",98.93048
"('HARD', 'HARD', 'HARD')","[25, 40]",98.965485
"('HARD', 'HARD', 'HARD')","[25, 41]",99.00048
"('HARD', 'HARD', 'HARD')","[25, 42]",99.03549
"('HARD', 'HARD', 'HARD')","[25, 43]",99.07048
"('HARD', 'HARD', 'HARD')","[25, 44]",99.105484
"('HARD', 'HARD', 'HARD')","[25, 45]",99.14049
"('HARD', 'HARD', 'HARD')","[25, 46]",99.17549
"('HARD', 'HARD', 'HARD')","[26, 27]",98.54549
"('HARD', 'HARD', 'HARD')","[26, 28]",98.58048
"('HARD', 'HARD', 'HARD')","[26, 29]",98.615486
"('HARD', 'HARD', 'HARD')","[26, 30]",98.65048
"('HARD', 'HARD', 'HARD')","[26, 31]",98.685486
"('HARD', 'HARD', 'HARD')","[26, 32]",98.72049
"('HARD', 'HARD', 'HARD')","[26, 33]",98.755486
"('HARD', 'HARD', 'HARD')","[26, 34]",98.79048
"('HARD', 'HARD', 'HARD')","[26, 35]",98.825485
"('HARD', 'HARD', 'HARD')","[26, 36]",98.86048
"('HARD', 'HARD', 'HARD')","[26, 37]",98.895485
"('HARD', 'HARD', 'HARD')","[26, 38]",98.93048
"('HARD', 'HARD', 'HARD')","[26, 39]",98.965485
"('HARD', 'HARD', 'HARD')","[26, 40]",99.00049
"('HARD', 'HARD', 'HARD')","[26, 41]",99.035484
"('HARD', 'HARD', 'HARD')","[26, 42]",99.07048
"('HARD', 'HARD', 'HARD')","[26, 43]",99.105484
"('HARD', 'HARD', 'HARD')","[26, 44]",99.14049
"('HARD', 'HARD', 'HARD')","[26, 45]",99.17548
"('HARD', 'HARD', 'HARD')","[26, 46]",99.21049
"('HARD', 'HARD', 'HARD')","[27, 28]",98.615486
"('HARD', 'HARD', 'HARD')","[27, 29]",98.65048
"('HARD', 'HARD', 'HARD')","[27, 30]",98.685486
"('HARD', 'HARD', 'HARD')","[27, 31]",98.72049
"('HARD', 'HARD', 'HARD')","[27, 32]",98.755486
"('HARD', 'HARD', 'HARD')","[27, 33]",98.79049
"('HARD', 'HARD', 'HARD')","[27, 34]",98.825485
"('HARD', 'HARD', 'HARD')","[27, 35]",98.86049
"('HARD', 'HARD', 'HARD')","[27, 36]",98.895485
"('HARD', 'HARD', 'HARD')","[27, 37]",98.93048
"('HARD', 'HARD', 'HARD')","[27, 38]",98.965485
"('HARD', 'HARD', 'HARD')","[27, 39]",99.00049
"('HARD', 'HARD', 'HARD')","[27, 40]",99.035484
"('HARD', 'HARD', 'HARD')","[27, 41]",99.07049
"('HARD', 'HARD', 'HARD')","[27, 42]",99.105484
"('HARD', 'HARD', 'HARD')","[27, 43]",99.14049
"('HARD', 'HARD', 'HARD')","[27, 44]",99.17549
"('HARD', 'HARD', 'HARD')","[27, 45]",99.21049
"('HARD', 'HARD', 'HARD')","[27, 46]",99.24548
"('HARD', 'HARD', 'HARD')","[28, 29]",98.685486
"('HARD', 'HARD', 'HARD')","[28, 30]",98.72049
"('HARD', 'HARD', 'HARD')","[28, 31]",98.75548
"('HARD', 'HARD', 'HARD')","[28, 32]",98.79048
"('HARD', 'HARD', 'HARD')","[28, 33]",98.825485
"('HARD', 'HARD', 'HARD')","[28, 34]",98.86049
"('HARD', 'HARD', 'HARD')","[28, 35]",98.89549
"('HARD', 'HARD', 'HARD')","[28, 36]",98.93049
"('HARD', 'HARD', 'HARD')","[28, 37]",98.965485
"('HARD', 'HARD', 'HARD')","[28, 38]",99.00049
"('HARD', 'HARD', 'HARD')","[28, 39]",99.03548
"('HARD', 'HARD', 'HARD')","[28, 40]",99.07048
"('HARD', 'HARD', 'HARD')","[28, 41]",99.105484
"('HARD', 'HARD', 'HARD')","[28, 42]",99.14049
"('HARD', 'HARD', 'HARD')","[28, 43]",99.17549
"('HARD', 'HARD', 'HARD')","[28, 44]",99.210495
"('HARD', 'HARD', 'HARD')","[28, 45]",99.24549
"('HARD', 'HARD', 'HARD')","[28, 46]",99.28049
"('HARD', 'HARD', 'HARD')","[29, 30]",98.75548
"('HARD', 'HARD', 'HARD')","[29, 31]",98.79048
"('HARD', 'HARD', 'HARD')","[29, 32]",98.825485
"('HARD', 'HARD', 'HARD')","[29, 33]",98.86048
"('HARD', 'HARD', 'HARD')","[29, 34]",98.89548
"('HARD', 'HARD', 'HARD')","[29, 35]",98.93048
"('HARD', 'HARD', 'HARD')","[29, 36]",98.96548
"('HARD', 'HARD', 'HARD')","[29, 37]",99.00048
"('HARD', 'HARD', 'HARD')","[29, 38]",99.03548
"('HARD', 'HARD', 'HARD')","[29, 39]",99.07048
"('HARD', 'HARD', 'HARD')","[29, 40]",99.105484
"('HARD', 'HARD', 'HARD')","[29, 41]",99.14048
"('HARD', 'HARD', 'HARD')","[29, 42]",99.175476
"('HARD', 'HARD', 'HARD')","[29, 43]",99.21048
"('HARD', 'HARD', 'HARD')","[29, 44]",99.24548
"('HARD', 'HARD', 'HARD')","[29, 45]",99.28048
"('HARD', 'HARD', 'HARD')","[29, 46]",99.31548
"('HARD', 'HARD', 'HARD')","[30, 31]",98.825485
"('HARD', 'HARD', 'HARD')","[30, 32]",98.86049
"('HARD', 'HARD', 'HARD')","[30, 33]",98.895485
"('HARD', 'HARD', 'HARD')","[30, 34]",98.9305
"('HARD', 'HARD', 'HARD')","[30, 35]",98.965485
"('HARD', 'HARD', 'HARD')","[30, 36]",99.00049
"('HARD', 'HARD', 'HARD')","[30, 37]",99.03549
"('HARD', 'HARD', 'HARD')","[30, 38]",99.07048
"('HARD', 'HARD', 'HARD')","[30, 39]",99.105484
"('HARD', 'HARD', 'HARD')","[30, 40]",99.14049
"('HARD', 'HARD', 'HARD')","[30, 41]",99.17548
"('HARD', 'HARD', 'HARD')","[30, 42]",99.210495
"('HARD', 'HARD', 'HARD')","[30, 43]",99.24548
"('HARD', 'HARD', 'HARD')","[30, 44]",99.28049
"('HARD', 'HARD', 'HARD')","[30, 45]",99.31549
"('HARD', 'HARD', 'HARD')","[30, 46]",99.350494
"('HARD', 'HARD', 'HARD')","[31, 32]",98.895485
"('HARD', 'HARD', 'HARD')","[31, 33]",98.93049
"('HARD', 'HARD', 'HARD')","[31, 34]",98.965485
"('HARD', 'HARD', 'HARD')","[31, 35]",99.00049
"('HARD', 'HARD', 'HARD')","[31, 36]",99.035484
"('HARD', 'HARD', 'HARD')","[31, 37]",99.07048
"('HARD', 'HARD', 'HARD')","[31, 38]",99.105484
"('HARD', 'HARD', 'HARD')","[31, 39]",99.14049
"('HARD', 'HARD', 'HARD')","[31, 40]",99.17548
"('HARD', 'HARD', 'HARD')","[31, 41]",99.21049
"('HARD', 'HARD', 'HARD')","[31, 42]",99.24548
"('HARD', 'HARD', 'HARD')","[31, 43]",99.28049
"('HARD', 'HARD', 'HARD')","[31, 44]",99.31549
"('HARD', 'HARD', 'HARD')","[31, 45]",99.35049
"('HARD', 'HARD', 'HARD')","[31, 46]",99.38548
"('HARD', 'HARD', 'HARD')","[32, 33]",98.965485
"('HARD', 'HARD', 'HARD')","[32, 34]",99.00049
"('HARD', 'HARD', 'HARD')","[32, 35]",99.03549
"('HARD', 'HARD', 'HARD')","[32, 36]",99.07049
"('HARD', 'HARD', 'HARD')","[32, 37]",99.105484
"('HARD', 'HARD', 'HARD')","[32, 38]",99.14049
"('HARD', 'HARD', 'HARD')","[32, 39]",99.175476
"('HARD', 'HARD', 'HARD')","[32, 40]",99.21048
"('HARD', 'HARD', 'HARD')","[32, 41]",99.24548
"('HARD', 'HARD', 'HARD')","[32, 42]",99.28049
"('HARD', 'HARD', 'HARD')","[32, 43]",99.31549
"('HARD', 'HARD', 'HARD')","[32, 44]",99.350494
"('HARD', 'HARD', 'HARD')","[32, 45]",99.38549
"('HARD', 'HARD', 'HARD')","[32, 46]",99.42049
"('HARD', 'HARD', 'HARD')","[33, 34]",99.03549
"('HARD', 'HARD', 'HARD')","[33, 35]",99.070496
"('HARD', 'HARD', 'HARD')","[33, 36]",99.10549
"('HARD', 'HARD', 'HARD')","[33, 37]",99.14049
"('HARD', 'HARD', 'HARD')","[33, 38]",99.17549
"('HARD', 'HARD', 'HARD')","[33, 39]",99.21048
"('HARD', 'HARD', 'HARD')","[33, 40]",99.24548
"('HARD', 'HARD', 'HARD')","[33, 41]",99.28049
"('HARD', 'HARD', 'HARD')","[33, 42]",99.31549
"('HARD', 'HARD', 'HARD')","[33, 43]",99.350494
"('HARD', 'HARD', 'HARD')","[33, 44]",99.3855
"('HARD', 'HARD', 'HARD')","[33, 45]",99.420494
"('HARD', 'HARD', 'HARD')","[33, 46]",99.45549
"('HARD', 'HARD', 'HARD')","[34, 35]",99.105484
"('HARD', 'HARD', 'HARD')","[34, 36]",99.14048
"('HARD', 'HARD', 'HARD')","[34, 37]",99.175476
"('HARD', 'HARD', 'HARD')","[34, 38]",99.21048
"('HARD', 'HARD', 'HARD')","[34, 39]",99.24548
"('HARD', 'HARD', 'HARD')","[34, 40]",99.28048
"('HARD', 'HARD', 'HARD')","[34, 41]",99.31548
"('HARD', 'HARD', 'HARD')","[34, 42]",99.35048
"('HARD', 'HARD', 'HARD')","[34, 43]",99.38548
"('HARD', 'HARD', 'HARD')","[34, 44]",99.42049
"('HARD', 'HARD', 'HARD')","[34, 45]",99.45548
"('HARD', 'HARD', 'HARD')","[34, 46]",99.49048
"('HARD', 'HARD', 'HARD')","[35, 36]",99.17548
"('HARD', 'HARD', 'HARD')","[35, 37]",99.21048
"('HARD', 'HARD', 'HARD')","[35, 38]",99.24548
"('HARD', 'HARD', 'HARD')","[35, 39]",99.28049
"('HARD', 'HARD', 'HARD')","[35, 40]",99.31548
"('HARD', 'HARD', 'HARD')","[35, 41]",99.35049
"('HARD', 'HARD', 'HARD')","[35, 42]",99.38548
"('HARD', 'HARD', 'HARD')","[35, 43]",99.42049
"('HARD', 'HARD', 'HARD')","[35, 44]",99.45549
"('HARD', 'HARD', 'HARD')","[35, 45]",99.490486
"('HARD', 'HARD', 'HARD')","[35, 46]",99.52548
"('HARD', 'HARD', 'HARD')","[36, 37]",99.24548
"('HARD', 'HARD', 'HARD')","[36, 38]",99.28049
"('HARD', 'HARD', 'HARD')","[36, 39]",99.315475
"('HARD', 'HARD', 'HARD')","[36, 40]",99.35048
"('HARD', 'HARD', 'HARD')","[36, 41]",99.38548
"('HARD', 'HARD', 'HARD')","[36, 42]",99.42049
"('HARD', 'HARD', 'HARD')","[36, 43]",99.45549
"('HARD', 'HARD', 'HARD')","[36, 44]",99.49049
"('HARD', 'HARD', 'HARD')","[36, 45]",99.52549
"('HARD', 'HARD', 'HARD')","[36, 46]",99.560486
"('HARD', 'HARD', 'HARD')","[37, 38]",99.315475
"('HARD', 'HARD', 'HARD')","[37, 39]",99.35048
"('HARD', 'HARD', 'HARD')","[37, 40]",99.38548
"('HARD', 'HARD', 'HARD')","[37, 41]",99.42048
"('HARD', 'HARD', 'HARD')","[37, 42]",99.455475
"('HARD', 'HARD', 'HARD')","[37, 43]",99.49048
"('HARD', 'HARD', 'HARD')","[37, 44]",99.52548
"('HARD', 'HARD', 'HARD')","[37, 45]",99.56048
"('HARD', 'HARD', 'HARD')","[37, 46]",99.59548
"('HARD', 'HARD', 'HARD')","[38, 39]",99.38548
"('HARD', 'HARD', 'HARD')","[38, 40]",99.42049
"('HARD', 'HARD', 'HARD')","[38, 41]",99.45548
"('HARD', 'HARD', 'HARD')","[38, 42]",99.49049
"('HARD', 'HARD', 'HARD')","[38, 43]",99.52548
"('HARD', 'HARD', 'HARD')","[38, 44]",99.560486
"('HARD', 'HARD', 'HARD')","[38, 45]",99.59549
"('HARD', 'HARD', 'HARD')","[38, 46]",99.63049
"('HARD', 'HARD', 'HARD')","[39, 40]",99.45548
"('HARD', 'HARD', 'HARD')","[39, 41]",99.490486
"('HARD', 'HARD', 'HARD')","[39, 42]",99.52548
"('HARD', 'HARD', 'HARD')","[39, 43]",99.560486
"('HARD', 'HARD', 'HARD')","[39, 44]",99.59549
"('HARD', 'HARD', 'HARD')","[39, 45]",99.630486
"('HARD', 'HARD', 'HARD')","[39, 46]",99.66548
"('HARD', 'HARD', 'HARD')","[40, 41]",99.52548
"('HARD', 'HARD', 'HARD')","[40, 42]",99.560486
"('HARD', 'HARD', 'HARD')","[40, 43]",99.59549
"('HARD', 'HARD', 'HARD')","[40, 44]",99.63049
"('HARD', 'HARD', 'HARD')","[40, 45]",99.66549
"('HARD', 'HARD', 'HARD')","[40, 46]",99.700485
"('HARD', 'HARD', 'HARD')","[41, 42]",99.59549
"('HARD', 'HARD', 'HARD')","[41, 43]",99.63049
"('HARD', 'HARD', 'HARD')","[41, 44]",99.6655
"('HARD', 'HARD', 'HARD')","[41, 45]",99.70049
"('HARD', 'HARD', 'HARD')","[41, 46]",99.73549
"('HARD', 'HARD', 'HARD')","[42, 43]",99.66548
"('HARD', 'HARD', 'HARD')","[42, 44]",99.700485
"('HARD', 'HARD', 'HARD')","[42, 45]",99.73548
"('HARD', 'HARD', 'HARD')","[42, 46]",99.77048
"('HARD', 'HARD', 'HARD')","[43, 44]",99.73549
"('HARD', 'HARD', 'HARD')","[43, 45]",99.770485
"('HARD', 'HARD', 'HARD')","[43, 46]",99.80548
"('HARD', 'HARD', 'HARD')","[44, 45]",99.80549
"('HARD', 'HARD', 'HARD')","[44, 46]",99.840485
"('HARD', 'HARD', 'HARD')","[45, 46]",99.87549
