duration_sector_1,duration_sector_2,duration_sector_3,i1_speed,i2_speed,lap_number,segments_sector_1,segments_sector_2,segments_sector_3,st_speed,stint_number,lap_start,lap_end,tyre_age_at_start,compound_HARD,compound_MEDIUM,compound_SOFT,air_temperature,humidity,pressure,rainfall,track_temperature,wind_direction,wind_speed,laps_since_stint_start,stint_avg_pace,fuel_corrected_pace
-0.5213980519321181,-0.5788191427683669,-0.6658335436524069,0.7047901600903493,0.6943801542662319,2,,,,0.320265078994493,1.0,1.0,5.0,0.0,0.0,1.0,0.0,-1.0442911924132594,0.267531043144053,2.670448779468032,0.0,0.1787395937337656,76,-0.6775595529837853,2.0,-0.7189419232122758,-0.5546166415537497
-0.0364638669945463,1.7406619848357707,0.3640140391096207,-0.4392779913304645,-0.9111374565902494,2,10.0,11.0,7.0,-0.1798038132985286,1.0,1.0,3.0,0.0,0.0,1.0,0.0,-1.0442911924132594,0.267531043144053,2.670448779468032,0.0,0.1787395937337656,76,-0.6775595529837853,2.0,,0.9131847733871373
-0.6779848355890568,-0.776394548036864,-0.7492237314784768,0.7435721313249531,0.8165391029183554,2,,,7.0,0.6996276869409233,1.0,1.0,9.0,0.0,0.0,1.0,0.0,-1.0442911924132594,0.267531043144053,2.670448779468032,0.0,0.1787395937337656,76,-0.6775595529837853,2.0,0.016935629056475516,-0.5926675818225666
-0.7128218035127336,-0.7091418156499119,-0.6615861656646612,0.8211360737941609,0.8339903812972302,2,,,6.0,0.9237965007274502,3.0,7.0,10.0,0.0,0.0,0.0,1.0,-1.0442911924132594,0.267531043144053,2.670448779468032,0.0,0.1787395937337656,76,-0.6775595529837853,1.0,0.27628852089244654,-0.5182050052256608
-0.7128218035127336,-0.7091418156499119,-0.6615861656646612,0.8211360737941609,0.8339903812972302,2,,,6.0,0.9237965007274502,3.0,10.0,11.0,0.0,0.0,0.0,1.0,-1.0442911924132594,0.267531043144053,2.670448779468032,0.0,0.1787395937337656,76,-0.6775595529837853,1.0,0.27628852089244654,-0.4832050052256608
-0.7128218035127336,-0.7091418156499119,-0.6615861656646612,0.8211360737941609,0.8339903812972302,2,,,6.0,0.9237965007274502,3.0,12.0,15.0,3.0,0.0,0.0,1.0,-1.0442911924132594,0.267531043144053,2.670448779468032,0.0,0.1787395937337656,76,-0.6775595529837853,1.0,0.27628852089244654,-0.3432050052256608
-0.7022270555359451,-0.7918954826967834,-0.7448347742244733,0.7823541025595571,0.9736006083282286,2,,11.0,6.0,0.941040255634106,3.0,11.0,16.0,0.0,0.0,0.0,1.0,-1.0442911924132594,0.267531043144053,2.670448779468032,0.0,0.1787395937337656,76,-0.6775595529837853,1.0,0.6800994824496805,-0.36373797457563567
-0.7723499213823153,-0.8733369013068367,-0.7885827674982522,0.762963116942255,0.9212467731916042,2,10.0,11.0,6.0,0.8720652360074824,3.0,12.0,18.0,8.0,0.0,1.0,0.0,-1.0442911924132594,0.267531043144053,2.670448779468032,0.0,0.1787395937337656,76,-0.6775595529837853,1.0,0.7388123048036751,-0.3719497224836805
-0.7022270555359451,-0.7918954826967834,-0.7448347742244733,0.7823541025595571,0.9736006083282286,2,,11.0,6.0,0.941040255634106,3.0,8.0,12.0,0.0,0.0,0.0,1.0,-1.0442911924132594,0.267531043144053,2.670448779468032,0.0,0.1787395937337656,76,-0.6775595529837853,1.0,0.6800994824496805,-0.5037379745756356
-0.7022270555359451,-0.7918954826967834,-0.7448347742244733,0.7823541025595571,0.9736006083282286,2,,11.0,6.0,0.941040255634106,3.0,7.0,8.0,6.0,1.0,0.0,0.0,-1.0442911924132594,0.267531043144053,2.670448779468032,0.0,0.1787395937337656,76,-0.6775595529837853,1.0,0.6800994824496805,-0.6437379745756358
-0.1542630987364632,0.241582176825148,-0.4364751323141493,-2.39776753867796,-0.3352452700873811,2,,11.0,7.0,0.9237965007274502,3.0,11.0,14.0,0.0,0.0,0.0,1.0,-1.0442911924132594,0.267531043144053,2.670448779468032,0.0,0.1787395937337656,76,-0.6775595529837853,1.0,0.31122192830749185,0.35033198212901284
-0.8418381564278351,-0.8560780134155007,-0.9946729176487032,0.9242412390399122,1.0814687206674538,2,10.0,11.0,7.0,0.9251224980509736,3.0,14.0,16.0,0.0,0.0,0.0,1.0,-1.0442911924132594,0.267531043144053,2.670448779468032,0.0,0.1787395937337656,76,-0.6775595529837853,1.0,0.06448655974218387,-0.5437225060327258
-0.8827980829842725,-0.8810903947781314,-0.9796467434708322,0.9242412390399122,1.0642080276554442,2,10.0,11.0,6.0,0.9095309838005148,2.0,10.0,13.0,0.0,0.0,0.0,1.0,-1.0442911924132594,0.267531043144053,2.670448779468032,0.0,0.1787395937337656,76,-0.6775595529837853,1.0,1.2149010047603062,-0.6738252533640059
-0.8757655201880399,-0.9243008869398543,-1.0450033068852602,0.9042230185712116,1.0987294136794632,2,10.0,11.0,7.0,0.800390384047303,3.0,8.0,11.0,0.0,0.0,0.0,1.0,-1.0442911924132594,0.267531043144053,2.670448779468032,0.0,0.1787395937337656,76,-0.6775595529837853,1.0,0.5941345891611264,-0.7796358913537852
-0.8757655201880399,-0.9243008869398543,-1.0450033068852602,0.9042230185712116,1.0987294136794632,2,10.0,11.0,7.0,0.800390384047303,3.0,9.0,12.0,0.0,0.0,0.0,1.0,-1.0442911924132594,0.267531043144053,2.670448779468032,0.0,0.1787395937337656,76,-0.6775595529837853,1.0,0.5941345891611264,-0.7446358913537852
-0.8574238361384053,-0.8944784322382568,-1.0585706292012018,0.8842047981025107,1.0814687206674538,2,10.0,11.0,7.0,0.800390384047303,3.0,11.0,23.0,0.0,0.0,0.0,1.0,-1.0442911924132594,0.267531043144053,2.670448779468032,0.0,0.1787395937337656,76,-0.6775595529837853,1.0,0.4120606297044023,-0.34112261519696574
-0.8574238361384053,-0.8944784322382568,-1.0585706292012018,0.8842047981025107,1.0814687206674538,2,10.0,11.0,7.0,0.800390384047303,3.0,11.0,26.0,3.0,0.0,0.0,1.0,-1.0442911924132594,0.267531043144053,2.670448779468032,0.0,0.1787395937337656,76,-0.6775595529837853,1.0,0.4120606297044023,-0.23612261519696576
-0.8574238361384053,-0.8944784322382568,-1.0585706292012018,0.8842047981025107,1.0814687206674538,2,10.0,11.0,7.0,0.800390384047303,3.0,11.0,13.0,0.0,0.0,0.0,1.0,-1.0442911924132594,0.267531043144053,2.670448779468032,0.0,0.1787395937337656,76,-0.6775595529837853,1.0,0.4120606297044023,-0.6911226151969658
0.3841086012938376,3.2165309147991854,1.2205936346907815,-1.8582914061094888,-1.6802421612540623,2,10.0,11.0,6.0,0.9407140123014324,2.0,4.0,7.0,3.0,0.0,0.0,1.0,-1.0442911924132594,0.267531043144053,2.670448779468032,0.0,0.1787395937337656,76,-0.6775595529837853,1.0,0.10467136846975222,2.2354264408037956
0.3841086012938376,3.2165309147991854,1.2205936346907815,-1.8582914061094888,-1.6802421612540623,2,10.0,11.0,6.0,0.9407140123014324,2.0,6.0,8.0,5.0,0.0,1.0,0.0,-1.0442911924132594,0.267531043144053,2.670448779468032,0.0,0.1787395937337656,76,-0.6775595529837853,1.0,0.10467136846975222,2.2704264408037957
-0.8418381564278351,-0.8560780134155007,-0.9946729176487032,0.9242412390399122,1.0814687206674538,2,10.0,11.0,7.0,0.9251224980509736,3.0,7.0,7.0,6.0,0.0,0.0,1.0,-1.0442911924132594,0.267531043144053,2.670448779468032,0.0,0.1787395937337656,76,-0.6775595529837853,1.0,0.06448655974218387,-0.8587225060327257
-0.8418381564278351,-0.8560780134155007,-0.9946729176487032,0.9242412390399122,1.0814687206674538,2,10.0,11.0,7.0,0.9251224980509736,3.0,8.0,11.0,0.0,0.0,0.0,1.0,-1.0442911924132594,0.267531043144053,2.670448779468032,0.0,0.1787395937337656,76,-0.6775595529837853,1.0,0.06448655974218387,-0.7187225060327257
-0.6835592893600543,-0.7913490025189164,-0.7383018564412919,0.7199701131044103,0.9208661530099896,2,10.0,11.0,6.0,0.8994624582975992,3.0,7.0,10.0,6.0,0.0,1.0,0.0,-1.0442911924132594,0.267531043144053,2.670448779468032,0.0,0.1787395937337656,76,-0.6775595529837853,1.0,0.3680833538662603,-0.5857279756937459
-0.6835592893600543,-0.7913490025189164,-0.7383018564412919,0.7199701131044103,0.9208661530099896,2,10.0,11.0,6.0,0.8994624582975992,3.0,9.0,12.0,0.0,0.0,0.0,1.0,-1.0442911924132594,0.267531043144053,2.670448779468032,0.0,0.1787395937337656,76,-0.6775595529837853,1.0,0.3680833538662603,-0.5157279756937458
-0.6835592893600543,-0.7913490025189164,-0.7383018564412919,0.7199701131044103,0.9208661530099896,2,10.0,11.0,6.0,0.8994624582975992,3.0,11.0,14.0,0.0,0.0,0.0,1.0,-1.0442911924132594,0.267531043144053,2.670448779468032,0.0,0.1787395937337656,76,-0.6775595529837853,1.0,0.3680833538662603,-0.4457279756937459
-0.6430321928927455,-0.7786595969405902,-0.7333127139449768,0.6951513376605102,0.8997453696840724,2,10.0,11.0,6.0,0.8994624582975992,3.0,7.0,10.0,6.0,0.0,1.0,0.0,-1.0442911924132594,0.267531043144053,2.670448779468032,0.0,0.1787395937337656,76,-0.6775595529837853,1.0,0.3298202971260455,-0.5604651091177384
-0.6430321928927455,-0.7786595969405902,-0.7333127139449768,0.6951513376605102,0.8997453696840724,2,10.0,11.0,6.0,0.8994624582975992,3.0,9.0,11.0,8.0,1.0,0.0,0.0,-1.0442911924132594,0.267531043144053,2.670448779468032,0.0,0.1787395937337656,76,-0.6775595529837853,1.0,0.3298202971260455,-0.5254651091177384
-0.6430321928927455,-0.7786595969405902,-0.7333127139449768,0.6951513376605102,0.8997453696840724,2,10.0,11.0,6.0,0.8994624582975992,3.0,9.0,12.0,0.0,0.0,0.0,1.0,-1.0442911924132594,0.267531043144053,2.670448779468032,0.0,0.1787395937337656,76,-0.6775595529837853,1.0,0.3298202971260455,-0.4904651091177384
-0.7984776473250729,-0.8140396750680973,-0.7288363171372986,0.762963116942255,0.9736006083282286,2,10.0,11.0,7.0,0.941040255634106,3.0,8.0,11.0,0.0,0.0,0.0,1.0,-1.0442911924132594,0.267531043144053,2.670448779468032,0.0,0.1787395937337656,76,-0.6775595529837853,1.0,0.5802237420837689,-0.5848840322707809
-0.7984776473250729,-0.8140396750680973,-0.7288363171372986,0.762963116942255,0.9736006083282286,2,10.0,11.0,7.0,0.941040255634106,3.0,9.0,12.0,0.0,0.0,0.0,1.0,-1.0442911924132594,0.267531043144053,2.670448779468032,0.0,0.1787395937337656,76,-0.6775595529837853,1.0,0.5802237420837689,-0.549884032270781
-0.7984776473250729,-0.8140396750680973,-0.7288363171372986,0.762963116942255,0.9736006083282286,2,10.0,11.0,7.0,0.941040255634106,3.0,12.0,22.0,8.0,1.0,0.0,0.0,-1.0442911924132594,0.267531043144053,2.670448779468032,0.0,0.1787395937337656,76,-0.6775595529837853,1.0,0.5802237420837689,-0.1998840322707809
-0.7455039074411315,-0.7805773399292234,-0.7182178721679349,0.7435721313249531,0.9037954948127294,2,10.0,11.0,7.0,0.9065527458207944,3.0,7.0,10.0,6.0,1.0,0.0,0.0,-1.0442911924132594,0.267531043144053,2.670448779468032,0.0,0.1787395937337656,76,-0.6775595529837853,1.0,0.011876237044539825,-0.5795954074482499
-0.6322605172527503,-0.7797349702946855,-0.728151532052238,0.7199701131044103,0.9419869363359068,2,10.0,11.0,6.0,0.777996378129188,2.0,4.0,7.0,6.0,0.0,0.0,1.0,-1.0442911924132594,0.267531043144053,2.670448779468032,0.0,0.1787395937337656,76,-0.6775595529837853,1.0,0.48913561156394686,-0.6596647166021847
-0.6322605172527503,-0.7797349702946855,-0.728151532052238,0.7199701131044103,0.9419869363359068,2,10.0,11.0,6.0,0.777996378129188,2.0,7.0,10.0,0.0,0.0,0.0,1.0,-1.0442911924132594,0.267531043144053,2.670448779468032,0.0,0.1787395937337656,76,-0.6775595529837853,1.0,0.48913561156394686,-0.5546647166021847
-0.6485780060935351,-0.7222024958505768,-0.7231623895559235,0.7199701131044103,0.9208661530099896,2,10.0,11.0,6.0,0.8387294182133935,3.0,7.0,7.0,6.0,0.0,0.0,1.0,-1.0442911924132594,0.267531043144053,2.670448779468032,0.0,0.1787395937337656,76,-0.6775595529837853,1.0,0.05161832744029369,-0.6399625569005926
-0.6485780060935351,-0.7222024958505768,-0.7231623895559235,0.7199701131044103,0.9208661530099896,2,10.0,11.0,6.0,0.8387294182133935,3.0,8.0,11.0,0.0,0.0,0.0,1.0,-1.0442911924132594,0.267531043144053,2.670448779468032,0.0,0.1787395937337656,76,-0.6775595529837853,1.0,0.05161832744029369,-0.49996255690059255
-0.6485780060935351,-0.7222024958505768,-0.7231623895559235,0.7199701131044103,0.9208661530099896,2,10.0,11.0,6.0,0.8387294182133935,3.0,14.0,16.0,0.0,0.0,0.0,1.0,-1.0442911924132594,0.267531043144053,2.670448779468032,0.0,0.1787395937337656,76,-0.6775595529837853,1.0,0.05161832744029369,-0.32496255690059256
-0.6610560857953118,-0.7427421269138008,-0.6909910224245159,0.7447888885483104,0.9842285029877412,2,10.0,11.0,6.0,0.879218111602864,3.0,7.0,10.0,0.0,0.0,0.0,1.0,-1.0442911924132594,0.267531043144053,2.670448779468032,0.0,0.1787395937337656,76,-0.6775595529837853,1.0,0.27761545878600447,-0.5407629494161462
-0.6610560857953118,-0.7427421269138008,-0.6909910224245159,0.7447888885483104,0.9842285029877412,2,10.0,11.0,6.0,0.879218111602864,3.0,10.0,11.0,0.0,0.0,0.0,1.0,-1.0442911924132594,0.267531043144053,2.670448779468032,0.0,0.1787395937337656,76,-0.6775595529837853,1.0,0.27761545878600447,-0.5057629494161462
-0.6610560857953118,-0.7427421269138008,-0.6909910224245159,0.7447888885483104,0.9842285029877412,2,10.0,11.0,6.0,0.879218111602864,3.0,12.0,15.0,3.0,0.0,0.0,1.0,-1.0442911924132594,0.267531043144053,2.670448779468032,0.0,0.1787395937337656,76,-0.6775595529837853,1.0,0.27761545878600447,-0.3657629494161462
-0.6490046071089806,-0.7782294475989515,-0.6921952981994887,0.7447888885483104,0.9208661530099896,2,10.0,11.0,6.0,0.8387294182133935,3.0,13.0,19.0,0.0,0.0,0.0,1.0,-1.0442911924132594,0.267531043144053,2.670448779468032,0.0,0.1787395937337656,76,-0.6775595529837853,1.0,0.44931366744653756,-0.23650086613915522
-0.6490046071089806,-0.7782294475989515,-0.6921952981994887,0.7447888885483104,0.9208661530099896,2,10.0,11.0,6.0,0.8387294182133935,3.0,14.0,27.0,7.0,0.0,0.0,1.0,-1.0442911924132594,0.267531043144053,2.670448779468032,0.0,0.1787395937337656,76,-0.6775595529837853,1.0,0.44931366744653756,0.04349913386084481
-0.6967839208388605,1.645447017861444,2.4908776144491696,0.7447888885483104,-2.458459179136762,2,10.0,11.0,7.0,0.8589737649081288,2.0,3.0,7.0,2.0,0.0,0.0,1.0,-1.0442911924132594,0.267531043144053,2.670448779468032,0.0,0.1787395937337656,76,-0.6775595529837853,1.0,0.08418530582835608,1.289363042880376
-0.6967839208388605,1.645447017861444,2.4908776144491696,0.7447888885483104,-2.458459179136762,2,10.0,11.0,7.0,0.8589737649081288,2.0,7.0,10.0,0.0,0.0,0.0,1.0,-1.0442911924132594,0.267531043144053,2.670448779468032,0.0,0.1787395937337656,76,-0.6775595529837853,1.0,0.08418530582835608,1.394363042880376
-0.8830831868814171,-0.2438358452539378,0.1966255128026789,0.86418657763381,-0.3339081063173233,2,10.0,11.0,7.0,0.893939469550056,2.0,3.0,7.0,2.0,0.0,0.0,1.0,-1.0442911924132594,0.267531043144053,2.670448779468032,0.0,0.1787395937337656,76,-0.6775595529837853,1.0,0.599274174354366,-0.2559035626976538
-0.8830831868814171,-0.2438358452539378,0.1966255128026789,0.86418657763381,-0.3339081063173233,2,10.0,11.0,7.0,0.893939469550056,2.0,7.0,10.0,0.0,0.0,0.0,1.0,-1.0442911924132594,0.267531043144053,2.670448779468032,0.0,0.1787395937337656,76,-0.6775595529837853,1.0,0.599274174354366,-0.15090356269765376
-0.7455039074411315,-0.7805773399292234,-0.7182178721679349,0.7435721313249531,0.9037954948127294,2,10.0,11.0,7.0,0.9065527458207944,3.0,7.0,9.0,0.0,0.0,1.0,0.0,-1.0442911924132594,0.267531043144053,2.670448779468032,0.0,0.1787395937337656,76,-0.6775595529837853,1.0,0.011876237044539825,-0.6145954074482499
-0.7455039074411315,-0.7805773399292234,-0.7182178721679349,0.7435721313249531,0.9037954948127294,2,10.0,11.0,7.0,0.9065527458207944,3.0,7.0,8.0,0.0,0.0,1.0,0.0,-1.0442911924132594,0.267531043144053,2.670448779468032,0.0,0.1787395937337656,76,-0.6775595529837853,1.0,0.011876237044539825,-0.64959540744825
-0.8415530525306906,-0.8418081291765644,-1.0172851215086058,0.8842047981025107,1.0296866416314254,2,10.0,11.0,6.0,0.9251224980509736,2.0,7.0,10.0,0.0,0.0,0.0,1.0,-1.0442911924132594,0.267531043144053,2.670448779468032,0.0,0.1787395937337656,76,-0.6775595529837853,1.0,0.5174267530382622,-0.7527027069223922
-0.8055349268580928,-0.8457363557367211,-0.9908799028076872,0.8842047981025107,1.0987294136794632,2,10.0,11.0,6.0,0.8783479552995971,2.0,4.0,6.0,3.0,1.0,0.0,0.0,-1.0442911924132594,0.267531043144053,2.670448779468032,0.0,0.1787395937337656,76,-0.6775595529837853,1.0,0.9196750019160678,-0.8726597321000732
-0.8055349268580928,-0.8457363557367211,-0.9908799028076872,0.8842047981025107,1.0987294136794632,2,10.0,11.0,6.0,0.8783479552995971,2.0,7.0,10.0,6.0,0.0,1.0,0.0,-1.0442911924132594,0.267531043144053,2.670448779468032,0.0,0.1787395937337656,76,-0.6775595529837853,1.0,0.9196750019160678,-0.7326597321000732
-0.8179844637000726,-0.801243177351273,-0.9720607137888004,0.8041319162277079,1.0469473346434348,2,10.0,11.0,7.0,0.8783479552995971,3.0,6.0,9.0,5.0,1.0,0.0,0.0,-1.0442911924132594,0.267531043144053,2.670448779468032,0.0,0.1787395937337656,76,-0.6775595529837853,1.0,0.7430279953037078,-0.7459693894841388
-0.8179844637000726,-0.801243177351273,-0.9720607137888004,0.8041319162277079,1.0469473346434348,2,10.0,11.0,7.0,0.8783479552995971,3.0,12.0,13.0,11.0,0.0,1.0,0.0,-1.0442911924132594,0.267531043144053,2.670448779468032,0.0,0.1787395937337656,76,-0.6775595529837853,1.0,0.7430279953037078,-0.6059693894841388
-0.6533772675172955,-0.7234929438754915,-0.7068186468955825,0.7199701131044103,0.8786245863581552,2,10.0,11.0,6.0,0.7577520314344527,2.0,4.0,6.0,3.0,1.0,0.0,0.0,-1.0442911924132594,0.267531043144053,2.670448779468032,0.0,0.1787395937337656,76,-0.6775595529837853,1.0,0.8911723181914771,-0.6731409460279388
-0.6533772675172955,-0.7234929438754915,-0.7068186468955825,0.7199701131044103,0.8786245863581552,2,10.0,11.0,6.0,0.7577520314344527,2.0,7.0,10.0,6.0,0.0,1.0,0.0,-1.0442911924132594,0.267531043144053,2.670448779468032,0.0,0.1787395937337656,76,-0.6775595529837853,1.0,0.8911723181914771,-0.5331409460279388
-0.6898516543378733,-0.8279116965581631,-0.7629034901300146,0.6951513376605102,1.0475908529654927,2,10.0,11.0,7.0,0.9197068049923344,3.0,6.0,13.0,0.0,0.0,0.0,1.0,-1.0442911924132594,0.267531043144053,2.670448779468032,0.0,0.1787395937337656,76,-0.6775595529837853,1.0,-0.6799361551657693,-0.5067098991931692
-0.6898516543378733,-0.8279116965581631,-0.7629034901300146,0.6951513376605102,1.0475908529654927,2,10.0,11.0,7.0,0.9197068049923344,3.0,9.0,12.0,0.0,0.0,0.0,1.0,-1.0442911924132594,0.267531043144053,2.670448779468032,0.0,0.1787395937337656,76,-0.6775595529837853,1.0,-0.6799361551657693,-0.5417098991931693
-0.6898516543378733,-0.8279116965581631,-0.7629034901300146,0.6951513376605102,1.0475908529654927,2,10.0,11.0,7.0,0.9197068049923344,3.0,17.0,23.0,0.0,0.0,0.0,1.0,-1.0442911924132594,0.267531043144053,2.670448779468032,0.0,0.1787395937337656,76,-0.6775595529837853,1.0,-0.6799361551657693,-0.15670989919316913
-0.657643277671749,1.709539269765535,6.766056615601431,0.7199701131044103,-2.564063095766348,2,10.0,11.0,7.0,0.8387294182133935,2.0,3.0,7.0,2.0,0.0,1.0,0.0,-1.0442911924132594,0.267531043144053,2.670448779468032,0.0,0.1787395937337656,76,-0.6775595529837853,1.0,0.07803787569815013,2.526764133822462
-0.657643277671749,1.709539269765535,6.766056615601431,0.7199701131044103,-2.564063095766348,2,10.0,11.0,7.0,0.8387294182133935,2.0,10.0,13.0,0.0,0.0,0.0,1.0,-1.0442911924132594,0.267531043144053,2.670448779468032,0.0,0.1787395937337656,76,-0.6775595529837853,1.0,0.07803787569815013,2.7367641338224624
-0.6490046071089806,-0.7782294475989515,-0.6921952981994887,0.7447888885483104,0.9208661530099896,2,10.0,11.0,6.0,0.8387294182133935,3.0,10.0,12.0,0.0,0.0,0.0,1.0,-1.0442911924132594,0.267531043144053,2.670448779468032,0.0,0.1787395937337656,76,-0.6775595529837853,1.0,0.44931366744653756,-0.48150086613915527
-0.7888088315589442,-0.7986778049038235,-0.95703453961093,0.8241501366964086,1.0469473346434348,2,10.0,11.0,7.0,0.8159818982977618,3.0,7.0,12.0,6.0,1.0,0.0,0.0,-1.0442911924132594,0.267531043144053,2.670448779468032,0.0,0.1787395937337656,76,-0.6775595529837853,1.0,1.4493993172033053,-0.6236328046084731
-0.7888088315589442,-0.7986778049038235,-0.95703453961093,0.8241501366964086,1.0469473346434348,2,10.0,11.0,7.0,0.8159818982977618,3.0,12.0,14.0,3.0,0.0,0.0,1.0,-1.0442911924132594,0.267531043144053,2.670448779468032,0.0,0.1787395937337656,76,-0.6775595529837853,1.0,1.4493993172033053,-0.5536328046084732
-0.7888088315589442,-0.7986778049038235,-0.95703453961093,0.8241501366964086,1.0469473346434348,2,10.0,11.0,7.0,0.8159818982977618,3.0,16.0,27.0,9.0,0.0,1.0,0.0,-1.0442911924132594,0.267531043144053,2.670448779468032,0.0,0.1787395937337656,76,-0.6775595529837853,1.0,1.4493993172033053,-0.09863280460847312
-0.8491558231212127,-0.5064658495615563,1.0392583482529825,0.86418657763381,-0.7136433525815318,2,10.0,11.0,7.0,0.9095309838005148,3.0,6.0,13.0,0.0,0.0,0.0,1.0,-1.0442911924132594,0.267531043144053,2.670448779468032,0.0,0.1787395937337656,76,-0.6775595529837853,1.0,-0.7515444763537766,0.0661566703108894
-0.8491558231212127,-0.5064658495615563,1.0392583482529825,0.86418657763381,-0.7136433525815318,2,10.0,11.0,7.0,0.9095309838005148,3.0,9.0,12.0,0.0,0.0,0.0,1.0,-1.0442911924132594,0.267531043144053,2.670448779468032,0.0,0.1787395937337656,76,-0.6775595529837853,1.0,-0.7515444763537766,0.031156670310889423
-0.8754804162908952,-0.5472713050537962,-0.9650582248515406,0.9042230185712116,0.5636479303071694,2,10.0,11.0,7.0,0.9563055265518912,3.0,7.0,10.0,0.0,0.0,0.0,1.0,-1.0442911924132594,0.267531043144053,2.670448779468032,0.0,0.1787395937337656,76,-0.6775595529837853,1.0,0.2816034044074698,-0.6085580249810564
-0.8754804162908952,-0.5472713050537962,-0.9650582248515406,0.9042230185712116,0.5636479303071694,2,10.0,11.0,7.0,0.9563055265518912,3.0,10.0,11.0,0.0,0.0,0.0,1.0,-1.0442911924132594,0.267531043144053,2.670448779468032,0.0,0.1787395937337656,76,-0.6775595529837853,1.0,0.2816034044074698,-0.5735580249810563
-0.8754804162908952,-0.5472713050537962,-0.9650582248515406,0.9042230185712116,0.5636479303071694,2,10.0,11.0,7.0,0.9563055265518912,3.0,12.0,15.0,3.0,0.0,0.0,1.0,-1.0442911924132594,0.267531043144053,2.670448779468032,0.0,0.1787395937337656,76,-0.6775595529837853,1.0,0.2816034044074698,-0.43355802498105633
-0.8105717623743137,-0.8142303753664848,-0.9865033472218996,0.8041319162277079,1.0987294136794632,2,10.0,11.0,6.0,0.8783479552995971,3.0,7.0,8.0,6.0,1.0,0.0,0.0,-1.0442911924132594,0.267531043144053,2.670448779468032,0.0,0.1787395937337656,76,-0.6775595529837853,1.0,0.6932275944245478,-0.7881472062991766
-0.8105717623743137,-0.8142303753664848,-0.9865033472218996,0.8041319162277079,1.0987294136794632,2,10.0,11.0,6.0,0.8783479552995971,3.0,8.0,12.0,0.0,0.0,0.0,1.0,-1.0442911924132594,0.267531043144053,2.670448779468032,0.0,0.1787395937337656,76,-0.6775595529837853,1.0,0.6932275944245478,-0.6481472062991767
-0.8105717623743137,-0.8142303753664848,-0.9865033472218996,0.8041319162277079,1.0987294136794632,2,10.0,11.0,6.0,0.8783479552995971,3.0,11.0,16.0,0.0,0.0,0.0,1.0,-1.0442911924132594,0.267531043144053,2.670448779468032,0.0,0.1787395937337656,76,-0.6775595529837853,1.0,0.6932275944245478,-0.5081472062991765
-0.8415530525306906,-0.8418081291765644,-1.0172851215086058,0.8842047981025107,1.0296866416314254,2,10.0,11.0,6.0,0.9251224980509736,2.0,4.0,7.0,6.0,0.0,0.0,1.0,-1.0442911924132594,0.267531043144053,2.670448779468032,0.0,0.1787395937337656,76,-0.6775595529837853,1.0,0.5174267530382622,-0.8577027069223921
-0.7352092988957641,-0.7426404505048538,-0.934714106123413,0.8041319162277079,0.943383176571378,2,10.0,11.0,6.0,0.8159818982977618,2.0,4.0,7.0,3.0,1.0,0.0,0.0,-1.0442911924132594,0.267531043144053,2.670448779468032,0.0,0.1787395937337656,76,-0.6775595529837853,1.0,1.4455660233582497,-0.743092976138016
-0.7352092988957641,-0.7426404505048538,-0.934714106123413,0.8041319162277079,0.943383176571378,2,10.0,11.0,6.0,0.8159818982977618,2.0,7.0,10.0,6.0,0.0,1.0,0.0,-1.0442911924132594,0.267531043144053,2.670448779468032,0.0,0.1787395937337656,76,-0.6775595529837853,1.0,1.4455660233582497,-0.638092976138016
-0.6892080855644681,-0.7578590388668016,-0.7768316883988227,0.7823541025595571,0.9212467731916042,2,,11.0,7.0,0.9065527458207944,3.0,7.0,13.0,6.0,1.0,0.0,0.0,-1.0442911924132594,0.267531043144053,2.670448779468032,0.0,0.1787395937337656,76,-0.6775595529837853,1.0,0.46111626207880413,-0.45619706060478304
-0.6892080855644681,-0.7578590388668016,-0.7768316883988227,0.7823541025595571,0.9212467731916042,2,,11.0,7.0,0.9065527458207944,3.0,7.0,9.0,0.0,0.0,0.0,1.0,-1.0442911924132594,0.267531043144053,2.670448779468032,0.0,0.1787395937337656,76,-0.6775595529837853,1.0,0.46111626207880413,-0.5961970606047831
-0.6892080855644681,-0.7578590388668016,-0.7768316883988227,0.7823541025595571,0.9212467731916042,2,,11.0,7.0,0.9065527458207944,3.0,7.0,8.0,6.0,0.0,1.0,0.0,-1.0442911924132594,0.267531043144053,2.670448779468032,0.0,0.1787395937337656,76,-0.6775595529837853,1.0,0.46111626207880413,-0.631197060604783
-0.7447856194427048,-0.6515669154844969,-0.6695146045751196,0.7241811457076512,0.7990878245394806,2,,11.0,6.0,0.9065527458207944,3.0,7.0,10.0,6.0,0.0,1.0,0.0,-1.0442911924132594,0.267531043144053,2.670448779468032,0.0,0.1787395937337656,76,-0.6775595529837853,1.0,0.326693889984182,-0.5073161877060581
-0.7447856194427048,-0.6515669154844969,-0.6695146045751196,0.7241811457076512,0.7990878245394806,2,,11.0,6.0,0.9065527458207944,3.0,9.0,11.0,8.0,1.0,0.0,0.0,-1.0442911924132594,0.267531043144053,2.670448779468032,0.0,0.1787395937337656,76,-0.6775595529837853,1.0,0.326693889984182,-0.4723161877060581
-0.8158937017876788,-0.8363567127257344,-0.9687053545063632,0.7841136957590071,1.0469473346434348,2,10.0,11.0,7.0,0.893939469550056,3.0,7.0,10.0,6.0,0.0,1.0,0.0,-1.0442911924132594,0.267531043144053,2.670448779468032,0.0,0.1787395937337656,76,-0.6775595529837853,1.0,0.3395802345466052,-0.7263840452672532
-0.8158937017876788,-0.8363567127257344,-0.9687053545063632,0.7841136957590071,1.0469473346434348,2,10.0,11.0,7.0,0.893939469550056,3.0,9.0,11.0,8.0,1.0,0.0,0.0,-1.0442911924132594,0.267531043144053,2.670448779468032,0.0,0.1787395937337656,76,-0.6775595529837853,1.0,0.3395802345466052,-0.6913840452672532
-0.8158937017876788,-0.8363567127257344,-0.9687053545063632,0.7841136957590071,1.0469473346434348,2,10.0,11.0,7.0,0.893939469550056,3.0,9.0,12.0,0.0,0.0,0.0,1.0,-1.0442911924132594,0.267531043144053,2.670448779468032,0.0,0.1787395937337656,76,-0.6775595529837853,1.0,0.3395802345466052,-0.6563840452672531
-0.8313843468658675,-0.8441329979570651,-0.9990494732344908,0.8441683571651093,0.9951652556074064,2,10.0,11.0,6.0,0.9251224980509736,3.0,7.0,10.0,6.0,0.0,1.0,0.0,-1.0442911924132594,0.267531043144053,2.670448779468032,0.0,0.1787395937337656,76,-0.6775595529837853,1.0,0.3794413862633679,-0.744740429253252
-0.8313843468658675,-0.8441329979570651,-0.9990494732344908,0.8441683571651093,0.9951652556074064,2,10.0,11.0,6.0,0.9251224980509736,3.0,9.0,12.0,0.0,0.0,0.0,1.0,-1.0442911924132594,0.267531043144053,2.670448779468032,0.0,0.1787395937337656,76,-0.6775595529837853,1.0,0.3794413862633679,-0.674740429253252
-0.8313843468658675,-0.8441329979570651,-0.9990494732344908,0.8441683571651093,0.9951652556074064,2,10.0,11.0,6.0,0.9251224980509736,3.0,11.0,14.0,0.0,0.0,0.0,1.0,-1.0442911924132594,0.267531043144053,2.670448779468032,0.0,0.1787395937337656,76,-0.6775595529837853,1.0,0.3794413862633679,-0.604740429253252
-0.6917713589073775,-0.7879078077858112,-0.7573982294444261,0.7944264394361106,0.9842285029877412,2,10.0,11.0,6.0,0.8184850715186583,2.0,4.0,7.0,3.0,0.0,0.0,1.0,-1.0442911924132594,0.267531043144053,2.670448779468032,0.0,0.1787395937337656,76,-0.6775595529837853,1.0,1.082548904636774,-0.6982061676972695
-0.6917713589073775,-0.7879078077858112,-0.7573982294444261,0.7944264394361106,0.9842285029877412,2,10.0,11.0,6.0,0.8184850715186583,2.0,6.0,8.0,5.0,0.0,1.0,0.0,-1.0442911924132594,0.267531043144053,2.670448779468032,0.0,0.1787395937337656,76,-0.6775595529837853,1.0,1.082548904636774,-0.6632061676972696
-0.7860871793522186,-0.7567928370118867,-0.6556398364818178,0.8405270594114628,0.938698051570479,2,10.0,11.0,6.0,0.941040255634106,3.0,7.0,10.0,0.0,0.0,0.0,1.0,-1.0442911924132594,0.267531043144053,2.670448779468032,0.0,0.1787395937337656,76,-0.6775595529837853,1.0,1.1404497387543067,-0.5690820663948402
-0.7860871793522186,-0.7567928370118867,-0.6556398364818178,0.8405270594114628,0.938698051570479,2,10.0,11.0,6.0,0.941040255634106,3.0,8.0,11.0,0.0,0.0,0.0,1.0,-1.0442911924132594,0.267531043144053,2.670448779468032,0.0,0.1787395937337656,76,-0.6775595529837853,1.0,1.1404497387543067,-0.5340820663948401
-0.6747525395961385,-0.751215781155408,-0.7449763534907311,0.6660081888557454,0.7990878245394806,2,10.0,11.0,6.0,0.6306526673142996,3.0,10.0,12.0,0.0,0.0,0.0,1.0,-1.0442911924132594,0.267531043144053,2.670448779468032,0.0,0.1787395937337656,76,-0.6775595529837853,1.0,0.4488525758873849,-0.47366230963356043
-0.6747525395961385,-0.751215781155408,-0.7449763534907311,0.6660081888557454,0.7990878245394806,2,10.0,11.0,6.0,0.6306526673142996,3.0,13.0,19.0,0.0,0.0,0.0,1.0,-1.0442911924132594,0.267531043144053,2.670448779468032,0.0,0.1787395937337656,76,-0.6775595529837853,1.0,0.4488525758873849,-0.22866230963356038
-0.6747525395961385,-0.751215781155408,-0.7449763534907311,0.6660081888557454,0.7990878245394806,2,10.0,11.0,6.0,0.6306526673142996,3.0,14.0,27.0,7.0,0.0,0.0,1.0,-1.0442911924132594,0.267531043144053,2.670448779468032,0.0,0.1787395937337656,76,-0.6775595529837853,1.0,0.4488525758873849,0.05133769036643965
-0.644045727663413,-0.7193117410352561,-0.6965562444304325,0.801745088176859,0.851441659676105,2,10.0,11.0,6.0,0.7341151967542351,1.0,1.0,6.0,0.0,1.0,0.0,0.0,-1.0442911924132594,0.267531043144053,2.670448779468032,0.0,0.1787395937337656,76,-0.6775595529837853,2.0,0.3465351290219734,-0.6433736848110294
-0.0091689230543457,0.2880849808049064,-0.4051861144710907,-1.2924813584917494,-0.7366246728015013,2,10.0,11.0,6.0,0.9237965007274502,3.0,7.0,7.0,6.0,0.0,0.0,1.0,-1.0442911924132594,0.267531043144053,2.670448779468032,0.0,0.1787395937337656,76,-0.6775595529837853,1.0,0.002467793234267131,0.19559652460185892
-0.0091689230543457,0.2880849808049064,-0.4051861144710907,-1.2924813584917494,-0.7366246728015013,2,10.0,11.0,6.0,0.9237965007274502,3.0,8.0,11.0,0.0,0.0,0.0,1.0,-1.0442911924132594,0.267531043144053,2.670448779468032,0.0,0.1787395937337656,76,-0.6775595529837853,1.0,0.002467793234267131,0.33559652460185896
-0.0091689230543457,0.2880849808049064,-0.4051861144710907,-1.2924813584917494,-0.7366246728015013,2,10.0,11.0,6.0,0.9237965007274502,3.0,14.0,16.0,0.0,0.0,0.0,1.0,-1.0442911924132594,0.267531043144053,2.670448779468032,0.0,0.1787395937337656,76,-0.6775595529837853,1.0,0.002467793234267131,0.5105965246018589
-0.7863565373516285,-0.8600503858840487,-0.8135007183596922,0.8599180450287647,0.9037954948127294,2,10.0,11.0,6.0,0.8893089909141384,3.0,11.0,23.0,0.0,0.0,0.0,1.0,-1.0442911924132594,0.267531043144053,2.670448779468032,0.0,0.1787395937337656,76,-0.6775595529837853,1.0,0.4039553477756964,-0.20333282240896433
-0.8572337668736424,-0.8531919694121203,-0.9723524841611866,0.8241501366964086,1.0987294136794632,2,10.0,11.0,6.0,0.9563055265518912,3.0,7.0,13.0,6.0,1.0,0.0,0.0,-1.0442911924132594,0.267531043144053,2.670448779468032,0.0,0.1787395937337656,76,-0.6775595529837853,1.0,0.47479243516986874,-0.6476634838796871
-0.8572337668736424,-0.8531919694121203,-0.9723524841611866,0.8241501366964086,1.0987294136794632,2,10.0,11.0,6.0,0.9563055265518912,3.0,7.0,9.0,0.0,0.0,0.0,1.0,-1.0442911924132594,0.267531043144053,2.670448779468032,0.0,0.1787395937337656,76,-0.6775595529837853,1.0,0.47479243516986874,-0.7876634838796871
-0.8572337668736424,-0.8531919694121203,-0.9723524841611866,0.8241501366964086,1.0987294136794632,2,10.0,11.0,6.0,0.9563055265518912,3.0,7.0,8.0,6.0,0.0,1.0,0.0,-1.0442911924132594,0.267531043144053,2.670448779468032,0.0,0.1787395937337656,76,-0.6775595529837853,1.0,0.47479243516986874,-0.8226634838796871
-0.8409828447364014,-0.8369980558375969,-1.0080943547784516,0.8842047981025107,1.0814687206674538,2,10.0,11.0,6.0,0.9095309838005148,3.0,7.0,10.0,0.0,0.0,0.0,1.0,-1.0442911924132594,0.267531043144053,2.670448779468032,0.0,0.1787395937337656,76,-0.6775595529837853,1.0,1.1602898352008166,-0.7476429344134312
-0.6606294847798664,-0.7831761650277906,-0.7579143476337001,0.7696076639922105,0.9419869363359068,2,10.0,11.0,6.0,0.7577520314344527,3.0,11.0,23.0,0.0,0.0,0.0,1.0,-1.0442911924132594,0.267531043144053,2.670448779468032,0.0,0.1787395937337656,76,-0.6775595529837853,1.0,0.3991853643397243,-0.12224310399743943
-0.6606294847798664,-0.7831761650277906,-0.7579143476337001,0.7696076639922105,0.9419869363359068,2,10.0,11.0,6.0,0.7577520314344527,3.0,11.0,26.0,3.0,0.0,0.0,1.0,-1.0442911924132594,0.267531043144053,2.670448779468032,0.0,0.1787395937337656,76,-0.6775595529837853,1.0,0.3991853643397243,-0.017243103997439446
-0.6606294847798664,-0.7831761650277906,-0.7579143476337001,0.7696076639922105,0.9419869363359068,2,10.0,11.0,6.0,0.7577520314344527,3.0,11.0,13.0,0.0,0.0,0.0,1.0,-1.0442911924132594,0.267531043144053,2.670448779468032,0.0,0.1787395937337656,76,-0.6775595529837853,1.0,0.3991853643397243,-0.4722431039974395
-0.8404126369421125,-0.8690652114307126,-0.8804448168596468,0.9242412390399122,1.1159901066914728,2,10.0,11.0,7.0,0.9095309838005148,3.0,10.0,12.0,0.0,0.0,0.0,1.0,-1.0442911924132594,0.267531043144053,2.670448779468032,0.0,0.1787395937337656,76,-0.6775595529837853,1.0,0.4597416547837793,-0.6587766508722654
-0.8404126369421125,-0.8690652114307126,-0.8804448168596468,0.9242412390399122,1.1159901066914728,2,10.0,11.0,7.0,0.9095309838005148,3.0,13.0,19.0,0.0,0.0,0.0,1.0,-1.0442911924132594,0.267531043144053,2.670448779468032,0.0,0.1787395937337656,76,-0.6775595529837853,1.0,0.4597416547837793,-0.41377665087226545
-0.8404126369421125,-0.8690652114307126,-0.8804448168596468,0.9242412390399122,1.1159901066914728,2,10.0,11.0,7.0,0.9095309838005148,3.0,14.0,27.0,7.0,0.0,0.0,1.0,-1.0442911924132594,0.267531043144053,2.670448779468032,0.0,0.1787395937337656,76,-0.6775595529837853,1.0,0.4597416547837793,-0.13377665087226542
-0.8827980829842725,-0.8810903947781314,-0.9796467434708322,0.9242412390399122,1.0642080276554442,2,10.0,11.0,6.0,0.9095309838005148,2.0,3.0,7.0,2.0,0.0,1.0,0.0,-1.0442911924132594,0.267531043144053,2.670448779468032,0.0,0.1787395937337656,76,-0.6775595529837853,1.0,1.2149010047603062,-0.8838252533640059
-0.8409828447364014,-0.8369980558375969,-1.0080943547784516,0.8842047981025107,1.0814687206674538,2,10.0,11.0,6.0,0.9095309838005148,3.0,8.0,11.0,0.0,0.0,0.0,1.0,-1.0442911924132594,0.267531043144053,2.670448779468032,0.0,0.1787395937337656,76,-0.6775595529837853,1.0,1.1602898352008166,-0.7126429344134312
-0.8179844637000726,-0.801243177351273,-0.9720607137888004,0.8041319162277079,1.0469473346434348,2,10.0,11.0,7.0,0.8783479552995971,3.0,12.0,18.0,8.0,0.0,1.0,0.0,-1.0442911924132594,0.267531043144053,2.670448779468032,0.0,0.1787395937337656,76,-0.6775595529837853,1.0,0.7430279953037078,-0.43096938948413877
-0.8491558231212127,-0.5064658495615563,1.0392583482529825,0.86418657763381,-0.7136433525815318,2,10.0,11.0,7.0,0.9095309838005148,3.0,17.0,23.0,0.0,0.0,0.0,1.0,-1.0442911924132594,0.267531043144053,2.670448779468032,0.0,0.1787395937337656,76,-0.6775595529837853,1.0,-0.7515444763537766,0.4161566703108895
-0.6688415543271896,-0.7908113158418691,-0.7510327717767148,0.6455137867727101,1.0053492863136584,2,10.0,11.0,6.0,0.8994624582975992,3.0,7.0,10.0,6.0,1.0,0.0,0.0,-1.0442911924132594,0.267531043144053,2.670448779468032,0.0,0.1787395937337656,76,-0.6775595529837853,1.0,0.012042408009115314,-0.5824203138460332
-0.6688415543271896,-0.7908113158418691,-0.7510327717767148,0.6455137867727101,1.0053492863136584,2,10.0,11.0,6.0,0.8994624582975992,3.0,7.0,9.0,0.0,0.0,1.0,0.0,-1.0442911924132594,0.267531043144053,2.670448779468032,0.0,0.1787395937337656,76,-0.6775595529837853,1.0,0.012042408009115314,-0.6174203138460332
-0.6688415543271896,-0.7908113158418691,-0.7510327717767148,0.6455137867727101,1.0053492863136584,2,10.0,11.0,6.0,0.8994624582975992,3.0,7.0,8.0,0.0,0.0,1.0,0.0,-1.0442911924132594,0.267531043144053,2.670448779468032,0.0,0.1787395937337656,76,-0.6775595529837853,1.0,0.012042408009115314,-0.6524203138460332
-0.8512465850336062,-0.8515084437434816,-0.9932140657867736,0.8241501366964086,1.1332507997034822,2,10.0,11.0,6.0,0.9095309838005148,3.0,7.0,10.0,6.0,1.0,0.0,0.0,-1.0442911924132594,0.267531043144053,2.670448779468032,0.0,0.1787395937337656,76,-0.6775595529837853,1.0,0.02219283915930687,-0.7549776433992896
-0.8512465850336062,-0.8515084437434816,-0.9932140657867736,0.8241501366964086,1.1332507997034822,2,10.0,11.0,6.0,0.9095309838005148,3.0,7.0,9.0,0.0,0.0,1.0,0.0,-1.0442911924132594,0.267531043144053,2.670448779468032,0.0,0.1787395937337656,76,-0.6775595529837853,1.0,0.02219283915930687,-0.7899776433992897
-0.8512465850336062,-0.8515084437434816,-0.9932140657867736,0.8241501366964086,1.1332507997034822,2,10.0,11.0,6.0,0.9095309838005148,3.0,7.0,8.0,0.0,0.0,1.0,0.0,-1.0442911924132594,0.267531043144053,2.670448779468032,0.0,0.1787395937337656,76,-0.6775595529837853,1.0,0.02219283915930687,-0.8249776433992897
-0.8757655201880399,-0.9243008869398543,-1.0450033068852602,0.9042230185712116,1.0987294136794632,2,10.0,11.0,7.0,0.800390384047303,3.0,12.0,22.0,8.0,1.0,0.0,0.0,-1.0442911924132594,0.267531043144053,2.670448779468032,0.0,0.1787395937337656,76,-0.6775595529837853,1.0,0.5941345891611264,-0.3946358913537852
-0.7863565373516285,-0.8600503858840487,-0.8135007183596922,0.8599180450287647,0.9037954948127294,2,10.0,11.0,6.0,0.8893089909141384,3.0,11.0,26.0,3.0,0.0,0.0,1.0,-1.0442911924132594,0.267531043144053,2.670448779468032,0.0,0.1787395937337656,76,-0.6775595529837853,1.0,0.4039553477756964,-0.09833282240896435
-0.7863565373516285,-0.8600503858840487,-0.8135007183596922,0.8599180450287647,0.9037954948127294,2,10.0,11.0,6.0,0.8893089909141384,3.0,11.0,13.0,0.0,0.0,0.0,1.0,-1.0442911924132594,0.267531043144053,2.670448779468032,0.0,0.1787395937337656,76,-0.6775595529837853,1.0,0.4039553477756964,-0.5533328224089644
-0.7723499213823153,-0.8733369013068367,-0.7885827674982522,0.762963116942255,0.9212467731916042,2,10.0,11.0,6.0,0.8720652360074824,3.0,6.0,9.0,5.0,1.0,0.0,0.0,-1.0442911924132594,0.267531043144053,2.670448779468032,0.0,0.1787395937337656,76,-0.6775595529837853,1.0,0.7388123048036751,-0.6869497224836806
-0.7723499213823153,-0.8733369013068367,-0.7885827674982522,0.762963116942255,0.9212467731916042,2,10.0,11.0,6.0,0.8720652360074824,3.0,12.0,13.0,11.0,0.0,1.0,0.0,-1.0442911924132594,0.267531043144053,2.670448779468032,0.0,0.1787395937337656,76,-0.6775595529837853,1.0,0.7388123048036751,-0.5469497224836806
-0.7447856194427048,-0.6515669154844969,-0.6695146045751196,0.7241811457076512,0.7990878245394806,2,,11.0,6.0,0.9065527458207944,3.0,9.0,12.0,0.0,0.0,0.0,1.0,-1.0442911924132594,0.267531043144053,2.670448779468032,0.0,0.1787395937337656,76,-0.6775595529837853,1.0,0.326693889984182,-0.4373161877060581
-0.7471200554375904,-0.8415148767139863,-0.76224902397423,0.762963116942255,0.9910518867071034,2,,11.0,7.0,0.9237965007274502,3.0,6.0,13.0,0.0,0.0,0.0,1.0,-1.0442911924132594,0.267531043144053,2.670448779468032,0.0,0.1787395937337656,76,-0.6775595529837853,1.0,-0.6789190819868953,-0.5148464846241615
-0.7471200554375904,-0.8415148767139863,-0.76224902397423,0.762963116942255,0.9910518867071034,2,,11.0,7.0,0.9237965007274502,3.0,9.0,12.0,0.0,0.0,0.0,1.0,-1.0442911924132594,0.267531043144053,2.670448779468032,0.0,0.1787395937337656,76,-0.6775595529837853,1.0,-0.6789190819868953,-0.5498464846241615
-0.7471200554375904,-0.8415148767139863,-0.76224902397423,0.762963116942255,0.9910518867071034,2,,11.0,7.0,0.9237965007274502,3.0,17.0,23.0,0.0,0.0,0.0,1.0,-1.0442911924132594,0.267531043144053,2.670448779468032,0.0,0.1787395937337656,76,-0.6775595529837853,1.0,-0.6789190819868953,-0.1648464846241614
-0.4929358899944749,-0.6653455240710919,-0.7745664201386919,0.762963116942255,0.764185267781731,2,,11.0,7.0,0.958284010540762,1.0,1.0,10.0,0.0,1.0,0.0,0.0,-1.0442911924132594,0.267531043144053,2.670448779468032,0.0,0.1787395937337656,76,-0.6775595529837853,2.0,0.23096526071087733,-0.43616339736244614
-0.6484452416537742,-0.6689542072723433,-0.7564442740576445,0.8405270594114628,0.7292827110239815,2,,11.0,6.0,0.5961651575009878,1.0,1.0,9.0,0.0,1.0,0.0,0.0,-1.0442911924132594,0.267531043144053,2.670448779468032,0.0,0.1787395937337656,76,-0.6775595529837853,2.0,-0.4939564246693079,-0.5330419189910861
-0.1542630987364632,0.241582176825148,-0.4364751323141493,-2.39776753867796,-0.3352452700873811,2,,11.0,7.0,0.9237965007274502,3.0,7.0,10.0,6.0,0.0,1.0,0.0,-1.0442911924132594,0.267531043144053,2.670448779468032,0.0,0.1787395937337656,76,-0.6775595529837853,1.0,0.31122192830749185,0.21033198212901283
-0.1542630987364632,0.241582176825148,-0.4364751323141493,-2.39776753867796,-0.3352452700873811,2,,11.0,7.0,0.9237965007274502,3.0,9.0,12.0,0.0,0.0,0.0,1.0,-1.0442911924132594,0.267531043144053,2.670448779468032,0.0,0.1787395937337656,76,-0.6775595529837853,1.0,0.31122192830749185,0.28033198212901284
0.4908493098501794,0.8969682554887267,-0.4584199185841679,-1.3312633297263532,-0.684270837664877,3,10.0,11.0,7.0,-0.4729476467116792,1.0,1.0,9.0,0.0,0.0,1.0,0.0,-0.3685453020548533,0.0976666373720728,2.0963948877558067,0.0,0.9244313635408176,16,0.4836760049392088,3.0,-0.20506483158025646,0.7043351819978253
0.7433275412970322,2.552533689589965,1.910767522980276,-1.7966469845415995,-1.8884090458072376,3,10.0,11.0,7.0,-1.1109665782579483,3.0,11.0,23.0,0.0,0.0,0.0,1.0,-0.3685453020548533,0.0976666373720728,2.0963948877558067,0.0,0.9244313635408176,16,0.4836760049392088,1.0,0.23192528307654176,2.6861782774766643
1.2121002462700123,1.1807419799507437,1.4179300971355395,-1.7578650133069955,-2.097824386353736,3,10.0,11.0,7.0,-1.317891637137819,1.0,1.0,6.0,0.0,1.0,0.0,0.0,-0.3685453020548533,0.0976666373720728,2.0963948877558067,0.0,0.9244313635408176,16,0.4836760049392088,3.0,-0.3890858476615456,1.5284892452395276
1.2932667900921866,1.418094915960305,1.2992866720111818,-1.660910085220486,-1.4346758079564932,3,10.0,11.0,7.0,-1.197185352791228,3.0,14.0,27.0,7.0,0.0,0.0,1.0,-0.3685453020548533,0.0976666373720728,2.0963948877558067,0.0,0.9244313635408176,16,0.4836760049392088,1.0,0.31012948242466276,2.3746302792327163
-0.7257509874844074,-0.7109461572505379,-0.7721595726123024,0.8793090306460667,0.9037954948127294,3,10.0,11.0,6.0,0.9065527458207944,3.0,14.0,16.0,0.0,0.0,0.0,1.0,-0.3685453020548533,0.0976666373720728,2.0963948877558067,0.0,0.9244313635408176,16,0.4836760049392088,1.0,0.052724213891679854,-0.37876262657415727
-0.0765084229068136,0.2402699283883296,0.5523144632330046,-0.4004960200958606,-0.4399529403606299,3,10.0,11.0,7.0,-0.093585038765249,3.0,7.0,10.0,6.0,1.0,0.0,0.0,-0.3685453020548533,0.0976666373720728,2.0963948877558067,0.0,0.9244313635408176,16,0.4836760049392088,1.0,-0.05189291902563776,0.469480245744769
-0.0765084229068136,0.2402699283883296,0.5523144632330046,-0.4004960200958606,-0.4399529403606299,3,10.0,11.0,7.0,-0.093585038765249,3.0,7.0,9.0,0.0,0.0,1.0,0.0,-0.3685453020548533,0.0976666373720728,2.0963948877558067,0.0,0.9244313635408176,16,0.4836760049392088,1.0,-0.05189291902563776,0.434480245744769
-0.0765084229068136,0.2402699283883296,0.5523144632330046,-0.4004960200958606,-0.4399529403606299,3,10.0,11.0,7.0,-0.093585038765249,3.0,7.0,8.0,0.0,0.0,1.0,0.0,-0.3685453020548533,0.0976666373720728,2.0963948877558067,0.0,0.9244313635408176,16,0.4836760049392088,1.0,-0.05189291902563776,0.39948024574476904
-0.7257509874844074,-0.7109461572505379,-0.7721595726123024,0.8793090306460667,0.9037954948127294,3,10.0,11.0,6.0,0.9065527458207944,3.0,7.0,7.0,6.0,0.0,0.0,1.0,-0.3685453020548533,0.0976666373720728,2.0963948877558067,0.0,0.9244313635408176,16,0.4836760049392088,1.0,0.052724213891679854,-0.6937626265741573
-0.7257509874844074,-0.7109461572505379,-0.7721595726123024,0.8793090306460667,0.9037954948127294,3,10.0,11.0,6.0,0.9065527458207944,3.0,8.0,11.0,0.0,0.0,0.0,1.0,-0.3685453020548533,0.0976666373720728,2.0963948877558067,0.0,0.9244313635408176,16,0.4836760049392088,1.0,0.052724213891679854,-0.5537626265741573
0.767390189244314,1.9284775423554303,2.0761321059698346,-0.9822255886149184,-2.045470551217111,3,10.0,11.0,7.0,-2.145591872657304,3.0,12.0,22.0,8.0,1.0,0.0,0.0,-0.3685453020548533,0.0976666373720728,2.0963948877558067,0.0,0.9244313635408176,16,0.4836760049392088,1.0,0.39063226442902754,2.419396654895599
0.5415809871500243,0.5200038009740798,0.7498221388462305,-0.7973257212683501,-0.6446005805334939,3,10.0,11.0,7.0,-1.3980131252673902,3.0,7.0,13.0,6.0,1.0,0.0,0.0,-0.3685453020548533,0.0976666373720728,2.0963948877558067,0.0,0.9244313635408176,16,0.4836760049392088,1.0,0.3524921863693803,1.0295399993271506
0.8836630589895754,1.4986341637700449,0.6982826867451918,-1.4670002290474669,-1.1554553538944965,3,10.0,11.0,7.0,-1.61103547055097,3.0,12.0,13.0,11.0,0.0,1.0,0.0,-0.3685453020548533,0.0976666373720728,2.0963948877558067,0.0,0.9244313635408176,16,0.4836760049392088,1.0,0.5836144714522311,1.5908199444365345
0.8836630589895754,1.4986341637700449,0.6982826867451918,-1.4670002290474669,-1.1554553538944965,3,10.0,11.0,7.0,-1.61103547055097,3.0,12.0,18.0,8.0,0.0,1.0,0.0,-0.3685453020548533,0.0976666373720728,2.0963948877558067,0.0,0.9244313635408176,16,0.4836760049392088,1.0,0.5836144714522311,1.7658199444365343
0.767390189244314,1.9284775423554303,2.0761321059698346,-0.9822255886149184,-2.045470551217111,3,10.0,11.0,7.0,-2.145591872657304,3.0,8.0,11.0,0.0,0.0,0.0,1.0,-0.3685453020548533,0.0976666373720728,2.0963948877558067,0.0,0.9244313635408176,16,0.4836760049392088,1.0,0.39063226442902754,2.034396654895599
0.767390189244314,1.9284775423554303,2.0761321059698346,-0.9822255886149184,-2.045470551217111,3,10.0,11.0,7.0,-2.145591872657304,3.0,9.0,12.0,0.0,0.0,0.0,1.0,-0.3685453020548533,0.0976666373720728,2.0963948877558067,0.0,0.9244313635408176,16,0.4836760049392088,1.0,0.39063226442902754,2.069396654895599
1.090881162315239,1.0472680068138862,1.0563269150375547,-1.6380909809537807,-1.0588572128217213,3,10.0,11.0,7.0,-1.8813500670316132,3.0,14.0,27.0,7.0,0.0,0.0,1.0,-0.3685453020548533,0.0976666373720728,2.0963948877558067,0.0,0.9244313635408176,16,0.4836760049392088,1.0,0.32707086645259587,2.086626750757853
1.090881162315239,1.0472680068138862,1.0563269150375547,-1.6380909809537807,-1.0588572128217213,3,10.0,11.0,7.0,-1.8813500670316132,3.0,13.0,19.0,0.0,0.0,0.0,1.0,-0.3685453020548533,0.0976666373720728,2.0963948877558067,0.0,0.9244313635408176,16,0.4836760049392088,1.0,0.32707086645259587,1.8066267507578533
1.090881162315239,1.0472680068138862,1.0563269150375547,-1.6380909809537807,-1.0588572128217213,3,10.0,11.0,7.0,-1.8813500670316132,3.0,10.0,12.0,0.0,0.0,0.0,1.0,-0.3685453020548533,0.0976666373720728,2.0963948877558067,0.0,0.9244313635408176,16,0.4836760049392088,1.0,0.32707086645259587,1.5616267507578532
0.8881722914454458,1.9748104823447596,2.3405542090938263,-2.659020224857517,-1.7147635472780811,3,10.0,11.0,7.0,-1.1173658687591317,3.0,8.0,11.0,0.0,0.0,0.0,1.0,-0.3685453020548533,0.0976666373720728,2.0963948877558067,0.0,0.9244313635408176,16,0.4836760049392088,1.0,0.8281011702993976,2.2420550496993403
0.8881722914454458,1.9748104823447596,2.3405542090938263,-2.659020224857517,-1.7147635472780811,3,10.0,11.0,7.0,-1.1173658687591317,3.0,7.0,10.0,0.0,0.0,0.0,1.0,-0.3685453020548533,0.0976666373720728,2.0963948877558067,0.0,0.9244313635408176,16,0.4836760049392088,1.0,0.8281011702993976,2.20705504969934
0.5312222122204379,0.6512386352389061,0.5232624446886257,-0.7172528393935472,-0.4547329574013896,3,10.0,11.0,7.0,-0.727578012497661,3.0,7.0,8.0,0.0,0.0,1.0,0.0,-0.3685453020548533,0.0976666373720728,2.0963948877558067,0.0,0.9244313635408176,16,0.4836760049392088,1.0,-0.07860345887944684,0.8535594232595234
1.2618484659696023,1.7148260183735735,0.5482088115276148,-1.0775808078301603,-1.0243358267977023,3,10.0,11.0,7.0,-1.6007028105233547,3.0,13.0,16.0,3.0,0.0,0.0,1.0,-0.3685453020548533,0.0976666373720728,2.0963948877558067,0.0,0.9244313635408176,16,0.4836760049392088,1.0,-0.051354642227194665,1.9621854234480012
1.2618484659696023,1.7148260183735735,0.5482088115276148,-1.0775808078301603,-1.0243358267977023,3,10.0,11.0,7.0,-1.6007028105233547,3.0,7.0,10.0,0.0,0.0,0.0,1.0,-0.3685453020548533,0.0976666373720728,2.0963948877558067,0.0,0.9244313635408176,16,0.4836760049392088,1.0,-0.051354642227194665,1.7521854234480012
0.4510129824904307,0.9332692686803594,0.8812646916060506,-0.9174350440805544,-0.8862502827016265,3,10.0,11.0,7.0,-1.4291961537683078,3.0,9.0,12.0,0.0,0.0,0.0,1.0,-0.3685453020548533,0.0976666373720728,2.0963948877558067,0.0,0.9244313635408176,16,0.4836760049392088,1.0,0.4531109407607556,1.1946951862514057
0.4510129824904307,0.9332692686803594,0.8812646916060506,-0.9174350440805544,-0.8862502827016265,3,10.0,11.0,7.0,-1.4291961537683078,3.0,12.0,22.0,8.0,1.0,0.0,0.0,-0.3685453020548533,0.0976666373720728,2.0963948877558067,0.0,0.9244313635408176,16,0.4836760049392088,1.0,0.4531109407607556,1.5446951862514058
0.4510129824904307,0.9332692686803594,0.8812646916060506,-0.9174350440805544,-0.8862502827016265,3,10.0,11.0,7.0,-1.4291961537683078,3.0,8.0,11.0,0.0,0.0,0.0,1.0,-0.3685453020548533,0.0976666373720728,2.0963948877558067,0.0,0.9244313635408176,16,0.4836760049392088,1.0,0.4531109407607556,1.1596951862514058
1.2782721304192768,2.6397372210581262,2.2763444871076457,-2.6305645718221005,-1.4657823628186537,3,10.0,11.0,7.0,-2.056212159133742,3.0,7.0,10.0,0.0,0.0,0.0,1.0,-0.3685453020548533,0.0976666373720728,2.0963948877558067,0.0,0.9244313635408176,16,0.4836760049392088,1.0,0.08900823768958395,2.630559809223003
1.2782721304192768,2.6397372210581262,2.2763444871076457,-2.6305645718221005,-1.4657823628186537,3,10.0,11.0,7.0,-2.056212159133742,3.0,10.0,11.0,0.0,0.0,0.0,1.0,-0.3685453020548533,0.0976666373720728,2.0963948877558067,0.0,0.9244313635408176,16,0.4836760049392088,1.0,0.08900823768958395,2.6655598092230033
1.2782721304192768,2.6397372210581262,2.2763444871076457,-2.6305645718221005,-1.4657823628186537,3,10.0,11.0,7.0,-2.056212159133742,3.0,12.0,15.0,3.0,0.0,0.0,1.0,-0.3685453020548533,0.0976666373720728,2.0963948877558067,0.0,0.9244313635408176,16,0.4836760049392088,1.0,0.08900823768958395,2.805559809223003
1.5870246153478529,2.0112890329247275,0.3274822044093425,-2.3575580419392,-1.2545745295594817,3,10.0,11.0,7.0,-0.8213070107548939,3.0,7.0,10.0,6.0,0.0,1.0,0.0,-0.3685453020548533,0.0976666373720728,2.0963948877558067,0.0,0.9244313635408176,16,0.4836760049392088,1.0,0.18473411063700176,1.9461614295158733
1.5870246153478529,2.0112890329247275,0.3274822044093425,-2.3575580419392,-1.2545745295594817,3,10.0,11.0,7.0,-0.8213070107548939,3.0,9.0,12.0,0.0,0.0,0.0,1.0,-0.3685453020548533,0.0976666373720728,2.0963948877558067,0.0,0.9244313635408176,16,0.4836760049392088,1.0,0.18473411063700176,2.0161614295158734
1.5448977650726243,3.406155810521976,1.06845588481026,-2.4320143682709,-2.690787795721851,3,10.0,11.0,7.0,-1.6513252252390376,3.0,12.0,18.0,8.0,0.0,1.0,0.0,-0.3685453020548533,0.0976666373720728,2.0963948877558067,0.0,0.9244313635408176,16,0.4836760049392088,1.0,0.49292418424166673,3.035483965384436
0.1596176176676914,0.1417524568297327,0.3009881373599481,0.0746819515630082,-0.9377627796707236,3,10.0,11.0,7.0,-2.623053866586328,4.0,13.0,16.0,0.0,0.0,0.0,1.0,-0.3685453020548533,0.0976666373720728,2.0963948877558067,0.0,0.9244313635408176,16,0.4836760049392088,1.0,1.070663546581612,0.6738016133301471
0.1596176176676914,0.1417524568297327,0.3009881373599481,0.0746819515630082,-0.9377627796707236,3,10.0,11.0,7.0,-2.623053866586328,4.0,12.0,19.0,5.0,0.0,0.0,1.0,-0.3685453020548533,0.0976666373720728,2.0963948877558067,0.0,0.9244313635408176,16,0.4836760049392088,1.0,1.070663546581612,0.7788016133301471
1.8141896560725053,2.79104225197936,2.0772949054443384,-2.6305645718221005,-2.2261305625516727,3,10.0,11.0,7.0,-3.29111730751259,3.0,16.0,27.0,9.0,0.0,1.0,0.0,-0.3685453020548533,0.0976666373720728,2.0963948877558067,0.0,0.9244313635408176,16,0.4836760049392088,1.0,1.1210301385457881,3.4784281606242162
1.8141896560725053,2.79104225197936,2.0772949054443384,-2.6305645718221005,-2.2261305625516727,3,10.0,11.0,7.0,-3.29111730751259,3.0,12.0,14.0,3.0,0.0,0.0,1.0,-0.3685453020548533,0.0976666373720728,2.0963948877558067,0.0,0.9244313635408176,16,0.4836760049392088,1.0,1.1210301385457881,3.023428160624216
1.1910322227607018,2.8835243604315712,0.6662277759694555,-1.9108200839489984,-2.0994058625961696,3,10.0,11.0,7.0,-2.0359678124390066,3.0,14.0,16.0,0.0,0.0,0.0,1.0,-0.3685453020548533,0.0976666373720728,2.0963948877558067,0.0,0.9244313635408176,16,0.4836760049392088,1.0,-0.11434283031513841,2.461377124941753
1.2451223706704535,1.6384260201729752,1.8026755276005315,-1.4178905557980723,-1.4731138451099488,3,10.0,11.0,7.0,-1.8033924957793197,3.0,16.0,27.0,9.0,0.0,1.0,0.0,-0.3685453020548533,0.0976666373720728,2.0963948877558067,0.0,0.9244313635408176,16,0.4836760049392088,1.0,1.1972343756520545,2.640181552455288
1.2451223706704535,1.6384260201729752,1.8026755276005315,-1.4178905557980723,-1.4731138451099488,3,10.0,11.0,7.0,-1.8033924957793197,3.0,12.0,14.0,3.0,0.0,0.0,1.0,-0.3685453020548533,0.0976666373720728,2.0963948877558067,0.0,0.9244313635408176,16,0.4836760049392088,1.0,1.1972343756520545,2.185181552455288
0.5312222122204379,0.6512386352389061,0.5232624446886257,-0.7172528393935472,-0.4547329574013896,3,10.0,11.0,7.0,-0.727578012497661,3.0,7.0,9.0,0.0,0.0,1.0,0.0,-0.3685453020548533,0.0976666373720728,2.0963948877558067,0.0,0.9244313635408176,16,0.4836760049392088,1.0,-0.07860345887944684,0.8885594232595233
1.2451223706704535,1.6384260201729752,1.8026755276005315,-1.4178905557980723,-1.4731138451099488,3,10.0,11.0,7.0,-1.8033924957793197,3.0,7.0,12.0,6.0,1.0,0.0,0.0,-0.3685453020548533,0.0976666373720728,2.0963948877558067,0.0,0.9244313635408176,16,0.4836760049392088,1.0,1.1972343756520545,2.115181552455288
0.5415809871500243,0.5200038009740798,0.7498221388462305,-0.7973257212683501,-0.6446005805334939,3,10.0,11.0,7.0,-1.3980131252673902,3.0,7.0,8.0,6.0,0.0,1.0,0.0,-0.3685453020548533,0.0976666373720728,2.0963948877558067,0.0,0.9244313635408176,16,0.4836760049392088,1.0,0.3524921863693803,0.8545399993271506
0.5415809871500243,0.5200038009740798,0.7498221388462305,-0.7973257212683501,-0.6446005805334939,3,10.0,11.0,7.0,-1.3980131252673902,3.0,7.0,9.0,0.0,0.0,0.0,1.0,-0.3685453020548533,0.0976666373720728,2.0963948877558067,0.0,0.9244313635408176,16,0.4836760049392088,1.0,0.3524921863693803,0.8895399993271507
1.3146398669859936,2.2383003479742825,2.020349865227784,-2.3327392664953,-2.331734479181258,3,10.0,11.0,7.0,-1.995479119049536,3.0,14.0,27.0,7.0,0.0,0.0,1.0,-0.3685453020548533,0.0976666373720728,2.0963948877558067,0.0,0.9244313635408176,16,0.4836760049392088,1.0,0.2738355798223673,2.9916266234717392
0.5312222122204379,0.6512386352389061,0.5232624446886257,-0.7172528393935472,-0.4547329574013896,3,10.0,11.0,7.0,-0.727578012497661,3.0,7.0,10.0,6.0,1.0,0.0,0.0,-0.3685453020548533,0.0976666373720728,2.0963948877558067,0.0,0.9244313635408176,16,0.4836760049392088,1.0,-0.07860345887944684,0.9235594232595233
1.3146398669859936,2.2383003479742825,2.020349865227784,-2.3327392664953,-2.331734479181258,3,10.0,11.0,7.0,-1.995479119049536,3.0,13.0,19.0,0.0,0.0,0.0,1.0,-0.3685453020548533,0.0976666373720728,2.0963948877558067,0.0,0.9244313635408176,16,0.4836760049392088,1.0,0.2738355798223673,2.7116266234717394
1.3146398669859936,2.2383003479742825,2.020349865227784,-2.3327392664953,-2.331734479181258,3,10.0,11.0,7.0,-1.995479119049536,3.0,10.0,12.0,0.0,0.0,0.0,1.0,-0.3685453020548533,0.0976666373720728,2.0963948877558067,0.0,0.9244313635408176,16,0.4836760049392088,1.0,0.2738355798223673,2.4666266234717393
1.0508937891869023,1.9217104325285723,0.8448046694582295,-2.2582829401635998,-1.4869031461445708,3,10.0,11.0,7.0,-0.3151983433865136,3.0,7.0,8.0,6.0,0.0,1.0,0.0,-0.3685453020548533,0.0976666373720728,2.0963948877558067,0.0,0.9244313635408176,16,0.4836760049392088,1.0,0.2892881289868773,1.7393968026821933
1.5448977650726243,3.406155810521976,1.06845588481026,-2.4320143682709,-2.690787795721851,3,10.0,11.0,7.0,-1.6513252252390376,3.0,12.0,13.0,11.0,0.0,1.0,0.0,-0.3685453020548533,0.0976666373720728,2.0963948877558067,0.0,0.9244313635408176,16,0.4836760049392088,1.0,0.49292418424166673,2.8604839653844363
1.2112900415426309,1.217704938791296,0.7924206132145634,-2.378765138295708,-1.041596519809712,3,10.0,11.0,7.0,-2.0528567237866606,3.0,12.0,13.0,11.0,0.0,1.0,0.0,-0.3685453020548533,0.0976666373720728,2.0963948877558067,0.0,0.9244313635408176,16,0.4836760049392088,1.0,0.5787618924546427,1.658756050402772
1.2112900415426309,1.217704938791296,0.7924206132145634,-2.378765138295708,-1.041596519809712,3,10.0,11.0,7.0,-2.0528567237866606,3.0,12.0,18.0,8.0,0.0,1.0,0.0,-0.3685453020548533,0.0976666373720728,2.0963948877558067,0.0,0.9244313635408176,16,0.4836760049392088,1.0,0.5787618924546427,1.833756050402772
1.6118741244975452,2.9865451277539186,3.392192012317849,-2.3823768173831,-2.39509682915901,3,10.0,11.0,6.0,-3.594782507933618,2.0,7.0,10.0,6.0,0.0,1.0,0.0,-0.3685453020548533,0.0976666373720728,2.0963948877558067,0.0,0.9244313635408176,16,0.4836760049392088,1.0,0.34629152611053227,3.2460245985386753
1.8141896560725053,2.79104225197936,2.0772949054443384,-2.6305645718221005,-2.2261305625516727,3,10.0,11.0,7.0,-3.29111730751259,3.0,7.0,12.0,6.0,1.0,0.0,0.0,-0.3685453020548533,0.0976666373720728,2.0963948877558067,0.0,0.9244313635408176,16,0.4836760049392088,1.0,1.1210301385457881,2.9534281606242163
1.6118741244975452,2.9865451277539186,3.392192012317849,-2.3823768173831,-2.39509682915901,3,10.0,11.0,6.0,-3.594782507933618,2.0,4.0,6.0,3.0,1.0,0.0,0.0,-0.3685453020548533,0.0976666373720728,2.0963948877558067,0.0,0.9244313635408176,16,0.4836760049392088,1.0,0.34629152611053227,3.106024598538675
2.3077670309427822,2.283896178187932,1.4939093121683904,-2.2831017156074997,-2.268372129203507,3,10.0,11.0,7.0,-2.926719067007356,3.0,10.0,27.0,3.0,0.0,0.0,1.0,-0.3685453020548533,0.0976666373720728,2.0963948877558067,0.0,0.9244313635408176,16,0.4836760049392088,1.0,0.20318324074756766,3.311654891519985
-0.5738330758172401,-0.6483683099197515,-0.686787275058618,0.7435721313249531,0.851441659676105,3,10.0,11.0,7.0,0.4754588731543963,1.0,1.0,5.0,0.0,0.0,1.0,0.0,-0.3685453020548533,0.0976666373720728,2.0963948877558067,0.0,0.9244313635408176,16,0.4836760049392088,3.0,-0.6596166415537497,-0.6489419232122757
1.357299968530529,2.551986755363935,0.0823260645042334,-2.2334641647196998,-2.268372129203507,3,10.0,11.0,7.0,-1.5096147983758912,3.0,7.0,10.0,6.0,0.0,1.0,0.0,-0.3685453020548533,0.0976666373720728,2.0963948877558067,0.0,0.9244313635408176,16,0.4836760049392088,1.0,0.17622691845336466,2.015622328317836
1.357299968530529,2.551986755363935,0.0823260645042334,-2.2334641647196998,-2.268372129203507,3,10.0,11.0,7.0,-1.5096147983758912,3.0,9.0,11.0,8.0,1.0,0.0,0.0,-0.3685453020548533,0.0976666373720728,2.0963948877558067,0.0,0.9244313635408176,16,0.4836760049392088,1.0,0.17622691845336466,2.0506223283178358
1.357299968530529,2.551986755363935,0.0823260645042334,-2.2334641647196998,-2.268372129203507,3,10.0,11.0,7.0,-1.5096147983758912,3.0,9.0,12.0,0.0,0.0,0.0,1.0,-0.3685453020548533,0.0976666373720728,2.0963948877558067,0.0,0.9244313635408176,16,0.4836760049392088,1.0,0.17622691845336466,2.085622328317836
1.5448977650726243,3.406155810521976,1.06845588481026,-2.4320143682709,-2.690787795721851,3,10.0,11.0,7.0,-1.6513252252390376,3.0,6.0,9.0,5.0,1.0,0.0,0.0,-0.3685453020548533,0.0976666373720728,2.0963948877558067,0.0,0.9244313635408176,16,0.4836760049392088,1.0,0.49292418424166673,2.720483965384436
1.5870246153478529,2.0112890329247275,0.3274822044093425,-2.3575580419392,-1.2545745295594817,3,10.0,11.0,7.0,-0.8213070107548939,3.0,11.0,14.0,0.0,0.0,0.0,1.0,-0.3685453020548533,0.0976666373720728,2.0963948877558067,0.0,0.9244313635408176,16,0.4836760049392088,1.0,0.18473411063700176,2.0861614295158732
1.0508937891869023,1.9217104325285723,0.8448046694582295,-2.2582829401635998,-1.4869031461445708,3,10.0,11.0,7.0,-0.3151983433865136,3.0,7.0,13.0,6.0,1.0,0.0,0.0,-0.3685453020548533,0.0976666373720728,2.0963948877558067,0.0,0.9244313635408176,16,0.4836760049392088,1.0,0.2892881289868773,1.9143968026821934
1.0508937891869023,1.9217104325285723,0.8448046694582295,-2.2582829401635998,-1.4869031461445708,3,10.0,11.0,7.0,-0.3151983433865136,3.0,7.0,9.0,0.0,0.0,0.0,1.0,-0.3685453020548533,0.0976666373720728,2.0963948877558067,0.0,0.9244313635408176,16,0.4836760049392088,1.0,0.2892881289868773,1.7743968026821932
0.8141686951418284,1.638552653345826,1.548890918424359,-1.8354289557762036,-2.028019272838236,3,10.0,11.0,7.0,-0.748847725218174,3.0,7.0,8.0,6.0,0.0,1.0,0.0,-0.3685453020548533,0.0976666373720728,2.0963948877558067,0.0,0.9244313635408176,16,0.4836760049392088,1.0,0.2937878568945612,1.676400611974618
0.8141686951418284,1.638552653345826,1.548890918424359,-1.8354289557762036,-2.028019272838236,3,10.0,11.0,7.0,-0.748847725218174,3.0,7.0,9.0,0.0,0.0,0.0,1.0,-0.3685453020548533,0.0976666373720728,2.0963948877558067,0.0,0.9244313635408176,16,0.4836760049392088,1.0,0.2937878568945612,1.711400611974618
0.8141686951418284,1.638552653345826,1.548890918424359,-1.8354289557762036,-2.028019272838236,3,10.0,11.0,7.0,-0.748847725218174,3.0,7.0,13.0,6.0,1.0,0.0,0.0,-0.3685453020548533,0.0976666373720728,2.0963948877558067,0.0,0.9244313635408176,16,0.4836760049392088,1.0,0.2937878568945612,1.851400611974618
0.3183446356858224,0.5946401056170565,0.944724747599971,-1.0575625873614596,-0.8172075106535887,3,10.0,11.0,7.0,-0.9458592120040844,3.0,7.0,7.0,6.0,0.0,0.0,1.0,-0.3685453020548533,0.0976666373720728,2.0963948877558067,0.0,0.9244313635408176,16,0.4836760049392088,1.0,-0.036104394131819435,0.8163237098253305
1.4476411722754836,1.909794324379718,1.8400221352659192,-1.8182549651720872,-1.4385924590859298,3,10.0,11.0,7.0,-1.2732810112637196,3.0,11.0,16.0,0.0,0.0,0.0,1.0,-0.3685453020548533,0.0976666373720728,2.0963948877558067,0.0,0.9244313635408176,16,0.4836760049392088,1.0,0.4182526706746889,2.481576954949272
0.8049219534792301,1.067630650615514,1.0235027481441474,-1.1976901306423646,-1.076117905833731,3,10.0,11.0,7.0,-1.7098434102765665,3.0,11.0,23.0,0.0,0.0,0.0,1.0,-0.3685453020548533,0.0976666373720728,2.0963948877558067,0.0,0.9244313635408176,16,0.4836760049392088,1.0,0.28230388272242907,1.8297420834965799
0.8049219534792301,1.067630650615514,1.0235027481441474,-1.1976901306423646,-1.076117905833731,3,10.0,11.0,7.0,-1.7098434102765665,3.0,11.0,26.0,3.0,0.0,0.0,1.0,-0.3685453020548533,0.0976666373720728,2.0963948877558067,0.0,0.9244313635408176,16,0.4836760049392088,1.0,0.28230388272242907,1.9347420834965798
0.8049219534792301,1.067630650615514,1.0235027481441474,-1.1976901306423646,-1.076117905833731,3,10.0,11.0,7.0,-1.7098434102765665,3.0,11.0,13.0,0.0,0.0,0.0,1.0,-0.3685453020548533,0.0976666373720728,2.0963948877558067,0.0,0.9244313635408176,16,0.4836760049392088,1.0,0.28230388272242907,1.47974208349658
1.992250798560804,1.4905146265672296,-0.0713422046342937,-1.7384740276896935,-1.6440911485029908,3,10.0,11.0,7.0,-2.3697606864438305,4.0,12.0,19.0,5.0,0.0,0.0,1.0,-0.3685453020548533,0.0976666373720728,2.0963948877558067,0.0,0.9244313635408176,16,0.4836760049392088,1.0,0.6447325799558794,2.0565945132073447
1.2112900415426309,1.217704938791296,0.7924206132145634,-2.378765138295708,-1.041596519809712,3,10.0,11.0,7.0,-2.0528567237866606,3.0,6.0,9.0,5.0,1.0,0.0,0.0,-0.3685453020548533,0.0976666373720728,2.0963948877558067,0.0,0.9244313635408176,16,0.4836760049392088,1.0,0.5787618924546427,1.518756050402772
0.9795005731640912,1.3910279147720872,1.682903789736145,-0.6772163984561458,-2.1290201795663086,3,10.0,11.0,7.0,-2.271137923293084,2.0,7.0,10.0,6.0,0.0,1.0,0.0,-0.3685453020548533,0.0976666373720728,2.0963948877558067,0.0,0.9244313635408176,16,0.4836760049392088,1.0,0.5553937944381234,1.7823087202455377
0.9795005731640912,1.3910279147720872,1.682903789736145,-0.6772163984561458,-2.1290201795663086,3,10.0,11.0,7.0,-2.271137923293084,2.0,4.0,6.0,3.0,1.0,0.0,0.0,-0.3685453020548533,0.0976666373720728,2.0963948877558067,0.0,0.9244313635408176,16,0.4836760049392088,1.0,0.5553937944381234,1.6423087202455375
1.4012398731214006,2.2799172967777777,0.3083858314062081,-1.8860013085050984,-2.057164295944335,3,10.0,11.0,7.0,-1.9145017322705955,3.0,11.0,13.0,0.0,0.0,0.0,1.0,-0.3685453020548533,0.0976666373720728,2.0963948877558067,0.0,0.9244313635408176,16,0.4836760049392088,1.0,0.2468721889738308,2.0820808772227504
2.3077670309427822,2.283896178187932,1.4939093121683904,-2.2831017156074997,-2.268372129203507,3,10.0,11.0,7.0,-2.926719067007356,3.0,7.0,10.0,0.0,0.0,0.0,1.0,-0.3685453020548533,0.0976666373720728,2.0963948877558067,0.0,0.9244313635408176,16,0.4836760049392088,1.0,0.20318324074756766,2.7166548915199846
1.4012398731214006,2.2799172967777777,0.3083858314062081,-1.8860013085050984,-2.057164295944335,3,10.0,11.0,7.0,-1.9145017322705955,3.0,11.0,23.0,0.0,0.0,0.0,1.0,-0.3685453020548533,0.0976666373720728,2.0963948877558067,0.0,0.9244313635408176,16,0.4836760049392088,1.0,0.2468721889738308,2.4320808772227505
1.4012398731214006,2.2799172967777777,0.3083858314062081,-1.8860013085050984,-2.057164295944335,3,10.0,11.0,7.0,-1.9145017322705955,3.0,11.0,26.0,3.0,0.0,0.0,1.0,-0.3685453020548533,0.0976666373720728,2.0963948877558067,0.0,0.9244313635408176,16,0.4836760049392088,1.0,0.2468721889738308,2.5370808772227504
2.1012893737956126,2.418138908419585,2.146235141084857,-1.8182549651720872,-1.4731138451099488,3,10.0,11.0,7.0,-1.678660381775649,2.0,7.0,10.0,6.0,0.0,1.0,0.0,-0.3685453020548533,0.0976666373720728,2.0963948877558067,0.0,0.9244313635408176,16,0.4836760049392088,1.0,0.2637365236101168,2.8723955231063822
2.1012893737956126,2.418138908419585,2.146235141084857,-1.8182549651720872,-1.4731138451099488,3,10.0,11.0,7.0,-1.678660381775649,2.0,4.0,7.0,3.0,1.0,0.0,0.0,-0.3685453020548533,0.0976666373720728,2.0963948877558067,0.0,0.9244313635408176,16,0.4836760049392088,1.0,0.2637365236101168,2.7673955231063823
0.7202780022167512,2.175175932088877,1.2250117355566803,-1.2903506978514965,-1.9093188126629144,3,10.0,11.0,7.0,-1.89425738557586,3.0,7.0,8.0,0.0,0.0,1.0,0.0,-0.3685453020548533,0.0976666373720728,2.0963948877558067,0.0,0.9244313635408176,16,0.4836760049392088,1.0,-0.1348482322049017,1.8097205697922563
0.7694740356009215,0.6921242586201286,0.6825690680112948,-0.6772163984561458,-0.8172075106535887,3,10.0,11.0,7.0,-1.8033924957793197,2.0,7.0,10.0,0.0,0.0,0.0,1.0,-0.3685453020548533,0.0976666373720728,2.0963948877558067,0.0,0.9244313635408176,16,0.4836760049392088,1.0,0.24993680837293722,1.0847269057348827
0.7694740356009215,0.6921242586201286,0.6825690680112948,-0.6772163984561458,-0.8172075106535887,3,10.0,11.0,7.0,-1.8033924957793197,2.0,4.0,7.0,6.0,0.0,0.0,1.0,-0.3685453020548533,0.0976666373720728,2.0963948877558067,0.0,0.9244313635408176,16,0.4836760049392088,1.0,0.24993680837293722,0.9797269057348827
0.3708987873928054,0.4743882721428724,0.8555888988360976,-0.8373621622057515,-0.6618612735455034,3,10.0,11.0,7.0,-1.5539282677719783,3.0,12.0,15.0,3.0,0.0,0.0,1.0,-0.3685453020548533,0.0976666373720728,2.0963948877558067,0.0,0.9244313635408176,16,0.4836760049392088,1.0,0.19314621415618732,1.0352142092907455
0.3708987873928054,0.4743882721428724,0.8555888988360976,-0.8373621622057515,-0.6618612735455034,3,10.0,11.0,7.0,-1.5539282677719783,3.0,10.0,11.0,0.0,0.0,0.0,1.0,-0.3685453020548533,0.0976666373720728,2.0963948877558067,0.0,0.9244313635408176,16,0.4836760049392088,1.0,0.19314621415618732,0.8952142092907455
0.3708987873928054,0.4743882721428724,0.8555888988360976,-0.8373621622057515,-0.6618612735455034,3,10.0,11.0,7.0,-1.5539282677719783,3.0,7.0,10.0,0.0,0.0,0.0,1.0,-0.3685453020548533,0.0976666373720728,2.0963948877558067,0.0,0.9244313635408176,16,0.4836760049392088,1.0,0.19314621415618732,0.8602142092907454
1.2669672035099746,2.2773364007279486,0.6586580425267713,-1.935638859392898,-2.500700745788596,3,10.0,11.0,7.0,-2.137189545912683,3.0,12.0,22.0,8.0,1.0,0.0,0.0,-0.3685453020548533,0.0976666373720728,2.0963948877558067,0.0,0.9244313635408176,16,0.4836760049392088,1.0,0.38964791586598296,2.433177534778223
1.2669672035099746,2.2773364007279486,0.6586580425267713,-1.935638859392898,-2.500700745788596,3,10.0,11.0,7.0,-2.137189545912683,3.0,9.0,12.0,0.0,0.0,0.0,1.0,-0.3685453020548533,0.0976666373720728,2.0963948877558067,0.0,0.9244313635408176,16,0.4836760049392088,1.0,0.38964791586598296,2.083177534778223
0.7202780022167512,2.175175932088877,1.2250117355566803,-1.2903506978514965,-1.9093188126629144,3,10.0,11.0,7.0,-1.89425738557586,3.0,7.0,9.0,0.0,0.0,1.0,0.0,-0.3685453020548533,0.0976666373720728,2.0963948877558067,0.0,0.9244313635408176,16,0.4836760049392088,1.0,-0.1348482322049017,1.8447205697922562
0.7202780022167512,2.175175932088877,1.2250117355566803,-1.2903506978514965,-1.9093188126629144,3,10.0,11.0,7.0,-1.89425738557586,3.0,7.0,10.0,6.0,1.0,0.0,0.0,-0.3685453020548533,0.0976666373720728,2.0963948877558067,0.0,0.9244313635408176,16,0.4836760049392088,1.0,-0.1348482322049017,1.8797205697922563
1.2669672035099746,2.2773364007279486,0.6586580425267713,-1.935638859392898,-2.500700745788596,3,10.0,11.0,7.0,-2.137189545912683,3.0,8.0,11.0,0.0,0.0,0.0,1.0,-0.3685453020548533,0.0976666373720728,2.0963948877558067,0.0,0.9244313635408176,16,0.4836760049392088,1.0,0.38964791586598296,2.048177534778223
0.9704794977754522,1.790514883328924,2.1115307453328422,-1.9604576348367984,-1.8248356793592455,3,10.0,11.0,7.0,-1.0439948243969812,3.0,8.0,11.0,0.0,0.0,0.0,1.0,-0.3685453020548533,0.0976666373720728,2.0963948877558067,0.0,0.9244313635408176,16,0.4836760049392088,1.0,0.8435817328547279,2.1027299867013665
0.3183446356858224,0.5946401056170565,0.944724747599971,-1.0575625873614596,-0.8172075106535887,3,10.0,11.0,7.0,-0.9458592120040844,3.0,14.0,16.0,0.0,0.0,0.0,1.0,-0.3685453020548533,0.0976666373720728,2.0963948877558067,0.0,0.9244313635408176,16,0.4836760049392088,1.0,-0.036104394131819435,1.1313237098253306
0.9704794977754522,1.790514883328924,2.1115307453328422,-1.9604576348367984,-1.8248356793592455,3,10.0,11.0,7.0,-1.0439948243969812,3.0,7.0,10.0,0.0,0.0,0.0,1.0,-0.3685453020548533,0.0976666373720728,2.0963948877558067,0.0,0.9244313635408176,16,0.4836760049392088,1.0,0.8435817328547279,2.0677299867013663
0.71271051536411,1.6444577713115098,0.7336775033097377,-1.4670002290474669,-1.7487988187762395,3,10.0,11.0,7.0,-1.4558416763910669,3.0,9.0,11.0,8.0,1.0,0.0,0.0,-0.3685453020548533,0.0976666373720728,2.0963948877558067,0.0,0.9244313635408176,16,0.4836760049392088,1.0,0.20711788761221794,1.52547585261733
0.71271051536411,1.6444577713115098,0.7336775033097377,-1.4670002290474669,-1.7487988187762395,3,10.0,11.0,7.0,-1.4558416763910669,3.0,9.0,12.0,0.0,0.0,0.0,1.0,-0.3685453020548533,0.0976666373720728,2.0963948877558067,0.0,0.9244313635408176,16,0.4836760049392088,1.0,0.20711788761221794,1.56047585261733
0.71271051536411,1.6444577713115098,0.7336775033097377,-1.4670002290474669,-1.7487988187762395,3,10.0,11.0,7.0,-1.4558416763910669,3.0,7.0,10.0,6.0,0.0,1.0,0.0,-0.3685453020548533,0.0976666373720728,2.0963948877558067,0.0,0.9244313635408176,16,0.4836760049392088,1.0,0.20711788761221794,1.49047585261733
1.4512003637461746,2.1083375937268767,1.7432792509968449,-1.7578650133069955,-1.5044809214719923,3,10.0,11.0,7.0,-2.1628356275639598,3.0,7.0,8.0,6.0,1.0,0.0,0.0,-0.3685453020548533,0.0976666373720728,2.0963948877558067,0.0,0.9244313635408176,16,0.4836760049392088,1.0,0.4175390299080327,2.20942700338249
1.2932667900921866,1.418094915960305,1.2992866720111818,-1.660910085220486,-1.4346758079564932,3,10.0,11.0,7.0,-1.197185352791228,3.0,10.0,12.0,0.0,0.0,0.0,1.0,-0.3685453020548533,0.0976666373720728,2.0963948877558067,0.0,0.9244313635408176,16,0.4836760049392088,1.0,0.31012948242466276,1.8496302792327164
2.3629771917485902,2.3076353250686985,2.846040155881837,-1.719083042072392,-1.8360552106706132,3,10.0,11.0,7.0,-3.352654716123218,3.0,8.0,11.0,0.0,0.0,0.0,1.0,-0.3685453020548533,0.0976666373720728,2.0963948877558067,0.0,0.9244313635408176,16,0.4836760049392088,1.0,0.7350603140877104,3.079422755604524
1.4512003637461746,2.1083375937268767,1.7432792509968449,-1.7578650133069955,-1.5044809214719923,3,10.0,11.0,7.0,-2.1628356275639598,3.0,11.0,16.0,0.0,0.0,0.0,1.0,-0.3685453020548533,0.0976666373720728,2.0963948877558067,0.0,0.9244313635408176,16,0.4836760049392088,1.0,0.4175390299080327,2.4894270033824903
1.4512003637461746,2.1083375937268767,1.7432792509968449,-1.7578650133069955,-1.5044809214719923,3,10.0,11.0,7.0,-2.1628356275639598,3.0,8.0,12.0,0.0,0.0,0.0,1.0,-0.3685453020548533,0.0976666373720728,2.0963948877558067,0.0,0.9244313635408176,16,0.4836760049392088,1.0,0.4175390299080327,2.34942700338249
0.5504672137195644,1.3412463668791168,-0.1429813133609346,-1.1761354447879375,-1.2427117457888703,3,10.0,11.0,7.0,-1.2316728626045397,3.0,12.0,15.0,3.0,0.0,0.0,1.0,-0.3685453020548533,0.0976666373720728,2.0963948877558067,0.0,0.9244313635408176,16,0.4836760049392088,1.0,0.18190478071695126,1.2263185777577585
1.4476411722754836,1.909794324379718,1.8400221352659192,-1.8182549651720872,-1.4385924590859298,3,10.0,11.0,7.0,-1.2732810112637196,3.0,7.0,8.0,6.0,1.0,0.0,0.0,-0.3685453020548533,0.0976666373720728,2.0963948877558067,0.0,0.9244313635408176,16,0.4836760049392088,1.0,0.4182526706746889,2.201576954949272
0.5504672137195644,1.3412463668791168,-0.1429813133609346,-1.1761354447879375,-1.2427117457888703,3,10.0,11.0,7.0,-1.2316728626045397,3.0,7.0,10.0,0.0,0.0,0.0,1.0,-0.3685453020548533,0.0976666373720728,2.0963948877558067,0.0,0.9244313635408176,16,0.4836760049392088,1.0,0.18190478071695126,1.0513185777577585
0.5504672137195644,1.3412463668791168,-0.1429813133609346,-1.1761354447879375,-1.2427117457888703,3,10.0,11.0,7.0,-1.2316728626045397,3.0,10.0,11.0,0.0,0.0,0.0,1.0,-0.3685453020548533,0.0976666373720728,2.0963948877558067,0.0,0.9244313635408176,16,0.4836760049392088,1.0,0.18190478071695126,1.0863185777577584
1.407205223842562,1.63953683967344,0.3338576553966275,-1.971165855097317,-1.6440911485029908,3,10.0,11.0,7.0,-0.6281414408715825,1.0,1.0,10.0,0.0,1.0,0.0,0.0,-0.3685453020548533,0.0976666373720728,2.0963948877558067,0.0,0.9244313635408176,16,0.4836760049392088,3.0,-0.07528943696485116,1.6726194863676533
1.992250798560804,1.4905146265672296,-0.0713422046342937,-1.7384740276896935,-1.6440911485029908,3,10.0,11.0,7.0,-2.3697606864438305,4.0,13.0,16.0,0.0,0.0,0.0,1.0,-0.3685453020548533,0.0976666373720728,2.0963948877558067,0.0,0.9244313635408176,16,0.4836760049392088,1.0,0.6447325799558794,1.9515945132073445
1.2932667900921866,1.418094915960305,1.2992866720111818,-1.660910085220486,-1.4346758079564932,3,10.0,11.0,7.0,-1.197185352791228,3.0,13.0,19.0,0.0,0.0,0.0,1.0,-0.3685453020548533,0.0976666373720728,2.0963948877558067,0.0,0.9244313635408176,16,0.4836760049392088,1.0,0.31012948242466276,2.0946302792327165
-0.5018247039750011,-0.6803543655672044,-0.7318094817287201,0.762963116942255,0.7292827110239815,3,10.0,11.0,7.0,0.4927026280610522,1.0,1.0,9.0,0.0,1.0,0.0,0.0,-0.3685453020548533,0.0976666373720728,2.0963948877558067,0.0,0.9244313635408176,16,0.4836760049392088,3.0,-0.5064823195815131,-0.5054124444300594
2.3629771917485902,2.3076353250686985,2.846040155881837,-1.719083042072392,-1.8360552106706132,3,10.0,11.0,7.0,-3.352654716123218,3.0,7.0,10.0,0.0,0.0,0.0,1.0,-0.3685453020548533,0.0976666373720728,2.0963948877558067,0.0,0.9244313635408176,16,0.4836760049392088,1.0,0.7350603140877104,3.0444227556045242
1.0966354505229805,1.5422664242942623,1.3584668053071025,-1.5057822002820709,-1.539383478229742,3,10.0,11.0,7.0,-2.6111732551370133,3.0,7.0,12.0,6.0,1.0,0.0,0.0,-0.3685453020548533,0.0976666373720728,2.0963948877558067,0.0,0.9244313635408176,16,0.4836760049392088,1.0,1.2222560634748143,1.8399429864049313
1.0966354505229805,1.5422664242942623,1.3584668053071025,-1.5057822002820709,-1.539383478229742,3,10.0,11.0,7.0,-2.6111732551370133,3.0,16.0,27.0,9.0,0.0,1.0,0.0,-0.3685453020548533,0.0976666373720728,2.0963948877558067,0.0,0.9244313635408176,16,0.4836760049392088,1.0,1.2222560634748143,2.364942986404931
1.0966354505229805,1.5422664242942623,1.3584668053071025,-1.5057822002820709,-1.539383478229742,3,10.0,11.0,7.0,-2.6111732551370133,3.0,12.0,14.0,3.0,0.0,0.0,1.0,-0.3685453020548533,0.0976666373720728,2.0963948877558067,0.0,0.9244313635408176,16,0.4836760049392088,1.0,1.2222560634748143,1.909942986404931
0.7919972434753425,1.1073939235509784,1.2579402423561694,-1.177671910173664,-1.265985528965835,3,10.0,11.0,7.0,-0.821127098000414,3.0,7.0,10.0,6.0,0.0,1.0,0.0,-0.3685453020548533,0.0976666373720728,2.0963948877558067,0.0,0.9244313635408176,16,0.4836760049392088,1.0,0.2093874196192631,1.4518938084975623
0.7919972434753425,1.1073939235509784,1.2579402423561694,-1.177671910173664,-1.265985528965835,3,10.0,11.0,7.0,-0.821127098000414,3.0,9.0,11.0,8.0,1.0,0.0,0.0,-0.3685453020548533,0.0976666373720728,2.0963948877558067,0.0,0.9244313635408176,16,0.4836760049392088,1.0,0.2093874196192631,1.4868938084975623
0.7919972434753425,1.1073939235509784,1.2579402423561694,-1.177671910173664,-1.265985528965835,3,10.0,11.0,7.0,-0.821127098000414,3.0,9.0,12.0,0.0,0.0,0.0,1.0,-0.3685453020548533,0.0976666373720728,2.0963948877558067,0.0,0.9244313635408176,16,0.4836760049392088,1.0,0.2093874196192631,1.5218938084975622
0.3183446356858224,0.5946401056170565,0.944724747599971,-1.0575625873614596,-0.8172075106535887,3,10.0,11.0,7.0,-0.9458592120040844,3.0,8.0,11.0,0.0,0.0,0.0,1.0,-0.3685453020548533,0.0976666373720728,2.0963948877558067,0.0,0.9244313635408176,16,0.4836760049392088,1.0,-0.036104394131819435,0.9563237098253305
0.8794291052663457,1.7266908659430262,1.7866281571193106,-1.6380909809537807,-1.3868103800499014,3,10.0,11.0,7.0,-0.4469307559894023,3.0,7.0,10.0,6.0,0.0,1.0,0.0,-0.3685453020548533,0.0976666373720728,2.0963948877558067,0.0,0.9244313635408176,16,0.4836760049392088,1.0,0.185665547070511,1.9331213194467447
0.8794291052663457,1.7266908659430262,1.7866281571193106,-1.6380909809537807,-1.3868103800499014,3,10.0,11.0,7.0,-0.4469307559894023,3.0,9.0,12.0,0.0,0.0,0.0,1.0,-0.3685453020548533,0.0976666373720728,2.0963948877558067,0.0,0.9244313635408176,16,0.4836760049392088,1.0,0.185665547070511,2.0031213194467448
0.8794291052663457,1.7266908659430262,1.7866281571193106,-1.6380909809537807,-1.3868103800499014,3,10.0,11.0,7.0,-0.4469307559894023,3.0,11.0,14.0,0.0,0.0,0.0,1.0,-0.3685453020548533,0.0976666373720728,2.0963948877558067,0.0,0.9244313635408176,16,0.4836760049392088,1.0,0.185665547070511,2.0731213194467446
1.712232013381065,3.215061965499208,0.4288134089034548,-2.3079204910513997,-1.888198029336997,3,10.0,11.0,7.0,-3.2506286141231198,2.0,4.0,7.0,6.0,0.0,0.0,1.0,-0.3685453020548533,0.0976666373720728,2.0963948877558067,0.0,0.9244313635408176,16,0.4836760049392088,1.0,0.03814310919757537,2.462282799962416
1.712232013381065,3.215061965499208,0.4288134089034548,-2.3079204910513997,-1.888198029336997,3,10.0,11.0,7.0,-3.2506286141231198,2.0,7.0,10.0,0.0,0.0,0.0,1.0,-0.3685453020548533,0.0976666373720728,2.0963948877558067,0.0,0.9244313635408176,16,0.4836760049392088,1.0,0.03814310919757537,2.567282799962416
1.1910322227607018,2.8835243604315712,0.6662277759694555,-1.9108200839489984,-2.0994058625961696,3,10.0,11.0,7.0,-2.0359678124390066,3.0,7.0,7.0,6.0,0.0,0.0,1.0,-0.3685453020548533,0.0976666373720728,2.0963948877558067,0.0,0.9244313635408176,16,0.4836760049392088,1.0,-0.11434283031513841,2.146377124941753
1.1910322227607018,2.8835243604315712,0.6662277759694555,-1.9108200839489984,-2.0994058625961696,3,10.0,11.0,7.0,-2.0359678124390066,3.0,8.0,11.0,0.0,0.0,0.0,1.0,-0.3685453020548533,0.0976666373720728,2.0963948877558067,0.0,0.9244313635408176,16,0.4836760049392088,1.0,-0.11434283031513841,2.286377124941753
1.4476411722754836,1.909794324379718,1.8400221352659192,-1.8182549651720872,-1.4385924590859298,3,10.0,11.0,7.0,-1.2732810112637196,3.0,8.0,12.0,0.0,0.0,0.0,1.0,-0.3685453020548533,0.0976666373720728,2.0963948877558067,0.0,0.9244313635408176,16,0.4836760049392088,1.0,0.4182526706746889,2.341576954949272
0.7433275412970322,2.552533689589965,1.910767522980276,-1.7966469845415995,-1.8884090458072376,3,10.0,11.0,7.0,-1.1109665782579483,3.0,11.0,26.0,3.0,0.0,0.0,1.0,-0.3685453020548533,0.0976666373720728,2.0963948877558067,0.0,0.9244313635408176,16,0.4836760049392088,1.0,0.23192528307654176,2.7911782774766642
0.8836630589895754,1.4986341637700449,0.6982826867451918,-1.4670002290474669,-1.1554553538944965,3,10.0,11.0,7.0,-1.61103547055097,3.0,6.0,9.0,5.0,1.0,0.0,0.0,-0.3685453020548533,0.0976666373720728,2.0963948877558067,0.0,0.9244313635408176,16,0.4836760049392088,1.0,0.5836144714522311,1.4508199444365344
0.7433275412970322,2.552533689589965,1.910767522980276,-1.7966469845415995,-1.8884090458072376,3,10.0,11.0,7.0,-1.1109665782579483,3.0,11.0,13.0,0.0,0.0,0.0,1.0,-0.3685453020548533,0.0976666373720728,2.0963948877558067,0.0,0.9244313635408176,16,0.4836760049392088,1.0,0.23192528307654176,2.336178277476664
-0.6507110111707618,-0.8104906482218164,-0.7510327717767148,0.6951513376605102,0.9208661530099896,4,10.0,11.0,6.0,0.7982407248239232,3.0,10.0,13.0,3.0,0.0,0.0,1.0,-0.2934624253483626,0.6072598546880135,1.4585572302977623,0.0,0.5993862331121026,71,-1.6065479993221807,1.0,-0.14096424762975812,-0.5480434965129938
-0.6506043609169008,-0.7744656408596177,-0.6109927030870591,0.7447888885483104,0.9419869363359068,4,10.0,11.0,7.0,0.879218111602864,4.0,11.0,14.0,0.0,0.0,0.0,1.0,-0.2934624253483626,0.6072598546880135,1.4585572302977623,0.0,0.5993862331121026,71,-1.6065479993221807,1.0,0.09421114857851097,-0.45791579905111773
1.7959524626622163,2.0850596450156766,0.186409899341139,-2.3327392664953,-1.3601784461890676,4,10.0,11.0,7.0,-3.210139920733649,3.0,7.0,13.0,6.0,1.0,0.0,0.0,-0.2934624253483626,0.6072598546880135,1.4585572302977623,0.0,0.5993862331121026,71,-1.6065479993221807,1.0,0.5757002581958974,2.103646688531458
1.7959524626622163,2.0850596450156766,0.186409899341139,-2.3327392664953,-1.3601784461890676,4,10.0,11.0,7.0,-3.210139920733649,3.0,10.0,13.0,0.0,0.0,0.0,1.0,-0.2934624253483626,0.6072598546880135,1.4585572302977623,0.0,0.5993862331121026,71,-1.6065479993221807,1.0,0.5757002581958974,2.103646688531458
-0.6410058380693803,-0.7455380976344494,-0.6889265496674202,0.62069501132881,0.963107719661824,4,10.0,11.0,7.0,0.8184850715186583,4.0,11.0,14.0,3.0,0.0,0.0,1.0,-0.2934624253483626,0.6072598546880135,1.4585572302977623,0.0,0.5993862331121026,71,-1.6065479993221807,1.0,0.2178909637746877,-0.46242188910452303
-0.6614826868107574,-0.7729601181638837,-0.6474650551290825,0.7447888885483104,1.0475908529654927,4,10.0,11.0,6.0,0.9399511516870696,4.0,11.0,22.0,6.0,0.0,1.0,0.0,-0.2934624253483626,0.6072598546880135,1.4585572302977623,0.0,0.5993862331121026,71,-1.6065479993221807,1.0,-0.034460924458829145,-0.192296937519433
-0.6614826868107574,-0.7729601181638837,-0.6474650551290825,0.7447888885483104,1.0475908529654927,4,10.0,11.0,6.0,0.9399511516870696,4.0,10.0,12.0,3.0,0.0,0.0,1.0,-0.2934624253483626,0.6072598546880135,1.4585572302977623,0.0,0.5993862331121026,71,-1.6065479993221807,1.0,-0.034460924458829145,-0.5422969375194331
-0.6290610096369101,-0.7669380273809493,-0.7279794926558132,0.7199701131044103,0.9208661530099896,4,10.0,11.0,7.0,0.9197068049923344,4.0,14.0,17.0,3.0,0.0,0.0,1.0,-0.2934624253483626,0.6072598546880135,1.4585572302977623,0.0,0.5993862331121026,71,-1.6065479993221807,1.0,0.408618720648162,-0.37247414736802675
-0.6636156918879841,-0.8041459454326526,-0.7075068044812812,0.7447888885483104,0.8786245863581552,4,10.0,11.0,6.0,0.7577520314344527,3.0,13.0,16.0,3.0,0.0,0.0,1.0,-0.2934624253483626,0.6072598546880135,1.4585572302977623,0.0,0.5993862331121026,71,-1.6065479993221807,1.0,0.13026635227045924,-0.43388750502149953
-0.6636156918879841,-0.8041459454326526,-0.7075068044812812,0.7447888885483104,0.8786245863581552,4,10.0,11.0,6.0,0.7577520314344527,3.0,7.0,10.0,0.0,0.0,0.0,1.0,-0.2934624253483626,0.6072598546880135,1.4585572302977623,0.0,0.5993862331121026,71,-1.6065479993221807,1.0,0.13026635227045924,-0.6438875050214996
-0.6506043609169008,-0.7744656408596177,-0.6109927030870591,0.7447888885483104,0.9419869363359068,4,10.0,11.0,7.0,0.879218111602864,4.0,10.0,13.0,0.0,0.0,0.0,1.0,-0.2934624253483626,0.6072598546880135,1.4585572302977623,0.0,0.5993862331121026,71,-1.6065479993221807,1.0,0.09421114857851097,-0.4929157990511177
-0.6614826868107574,-0.7729601181638837,-0.6474650551290825,0.7447888885483104,1.0475908529654927,4,10.0,11.0,6.0,0.9399511516870696,4.0,15.0,23.0,6.0,0.0,0.0,1.0,-0.2934624253483626,0.6072598546880135,1.4585572302977623,0.0,0.5993862331121026,71,-1.6065479993221807,1.0,-0.034460924458829145,-0.15729693751943308
-0.6506043609169008,-0.7744656408596177,-0.6109927030870591,0.7447888885483104,0.9419869363359068,4,10.0,11.0,7.0,0.879218111602864,4.0,12.0,15.0,3.0,0.0,0.0,1.0,-0.2934624253483626,0.6072598546880135,1.4585572302977623,0.0,0.5993862331121026,71,-1.6065479993221807,1.0,0.09421114857851097,-0.42291579905111776
0.5087905488097155,1.3076722473400535,0.8291490843835885,-0.4216935573149933,-2.564063095766348,4,10.0,11.0,7.0,0.7577520314344527,4.0,13.0,16.0,0.0,0.0,0.0,1.0,-0.2934624253483626,0.6072598546880135,1.4585572302977623,0.0,0.5993862331121026,71,-1.6065479993221807,1.0,0.5210894660297959,1.4626490990517094
0.5087905488097155,1.3076722473400535,0.8291490843835885,-0.4216935573149933,-2.564063095766348,4,10.0,11.0,7.0,0.7577520314344527,4.0,9.0,12.0,0.0,0.0,0.0,1.0,-0.2934624253483626,0.6072598546880135,1.4585572302977623,0.0,0.5993862331121026,71,-1.6065479993221807,1.0,0.5210894660297959,1.3226490990517092
-0.6507110111707618,-0.8104906482218164,-0.7510327717767148,0.6951513376605102,0.9208661530099896,4,10.0,11.0,6.0,0.7982407248239232,3.0,7.0,13.0,9.0,0.0,0.0,1.0,-0.2934624253483626,0.6072598546880135,1.4585572302977623,0.0,0.5993862331121026,71,-1.6065479993221807,1.0,-0.14096424762975812,-0.5480434965129938
-0.1584830407272176,-0.6435293938089832,-0.7141120734464471,0.5690532607692358,0.7118314326451066,4,10.0,11.0,6.0,0.5099463829677081,2.0,3.0,6.0,2.0,0.0,1.0,0.0,-0.2934624253483626,0.6072598546880135,1.4585572302977623,0.0,0.5993862331121026,71,-1.6065479993221807,2.0,-0.2771938607359711,-0.48027789459828835
-0.8452594031935702,-0.8425296401774096,-1.0185980881843422,0.86418657763381,1.0814687206674538,4,10.0,11.0,7.0,0.9095309838005148,5.0,16.0,18.0,3.0,0.0,0.0,1.0,-0.2934624253483626,0.6072598546880135,1.4585572302977623,0.0,0.5993862331121026,71,-1.6065479993221807,1.0,0.40817367969307217,-0.5449384203565844
0.932553464767618,1.0143991723309418,0.6385117417810321,-1.3378176739232697,-1.732024240290091,4,10.0,11.0,7.0,0.0831807285261974,3.0,13.0,16.0,3.0,0.0,0.0,1.0,-0.2934624253483626,0.6072598546880135,1.4585572302977623,0.0,0.5993862331121026,71,-1.6065479993221807,1.0,-0.016406911176927958,1.4728649197945338
0.932553464767618,1.0143991723309418,0.6385117417810321,-1.3378176739232697,-1.732024240290091,4,10.0,11.0,7.0,0.0831807285261974,3.0,7.0,10.0,0.0,0.0,0.0,1.0,-0.2934624253483626,0.6072598546880135,1.4585572302977623,0.0,0.5993862331121026,71,-1.6065479993221807,1.0,-0.016406911176927958,1.2628649197945339
-0.7327542954690639,-0.7800852467654164,-0.7790969566589538,0.8211360737941609,0.938698051570479,4,10.0,11.0,7.0,0.7513589516608911,1.0,1.0,9.0,0.0,0.0,1.0,0.0,-0.2934624253483626,0.6072598546880135,1.4585572302977623,0.0,0.5993862331121026,71,-1.6065479993221807,4.0,0.022355006051864097,-0.6951838437948981
-0.7323053654700475,-0.7563007438480798,-0.7745664201386919,0.8405270594114628,0.9212467731916042,4,10.0,11.0,6.0,0.9065527458207944,4.0,10.0,12.0,3.0,0.0,0.0,1.0,-0.2934624253483626,0.6072598546880135,1.4585572302977623,0.0,0.5993862331121026,71,-1.6065479993221807,1.0,-0.03268048316728178,-0.5779057633503804
-0.7323053654700475,-0.7563007438480798,-0.7745664201386919,0.8405270594114628,0.9212467731916042,4,10.0,11.0,6.0,0.9065527458207944,4.0,11.0,22.0,6.0,0.0,1.0,0.0,-0.2934624253483626,0.6072598546880135,1.4585572302977623,0.0,0.5993862331121026,71,-1.6065479993221807,1.0,-0.03268048316728178,-0.22790576335038026
-0.7323053654700475,-0.7563007438480798,-0.7745664201386919,0.8405270594114628,0.9212467731916042,4,10.0,11.0,6.0,0.9065527458207944,4.0,15.0,23.0,6.0,0.0,0.0,1.0,-0.2934624253483626,0.6072598546880135,1.4585572302977623,0.0,0.5993862331121026,71,-1.6065479993221807,1.0,-0.03268048316728178,-0.19290576335038034
-0.6814864895813852,-0.7025805734658191,-0.7492237314784768,0.801745088176859,0.7467339894028563,4,10.0,11.0,7.0,0.5616776476876759,1.0,1.0,9.0,0.0,1.0,0.0,0.0,-0.2934624253483626,0.6072598546880135,1.4585572302977623,0.0,0.5993862331121026,71,-1.6065479993221807,4.0,-0.4884969968508587,-0.6303390580833321
-0.8452594031935702,-0.8425296401774096,-1.0185980881843422,0.86418657763381,1.0814687206674538,4,10.0,11.0,7.0,0.9095309838005148,5.0,19.0,23.0,0.0,0.0,0.0,1.0,-0.2934624253483626,0.6072598546880135,1.4585572302977623,0.0,0.5993862331121026,71,-1.6065479993221807,1.0,0.40817367969307217,-0.3699384203565843
-0.6290610096369101,-0.7669380273809493,-0.7279794926558132,0.7199701131044103,0.9208661530099896,4,10.0,11.0,7.0,0.9197068049923344,4.0,12.0,15.0,3.0,0.0,0.0,1.0,-0.2934624253483626,0.6072598546880135,1.4585572302977623,0.0,0.5993862331121026,71,-1.6065479993221807,1.0,0.408618720648162,-0.4424741473680268
-0.6290610096369101,-0.7669380273809493,-0.7279794926558132,0.7199701131044103,0.9208661530099896,4,10.0,11.0,7.0,0.9197068049923344,4.0,10.0,13.0,0.0,0.0,0.0,1.0,-0.2934624253483626,0.6072598546880135,1.4585572302977623,0.0,0.5993862331121026,71,-1.6065479993221807,1.0,0.408618720648162,-0.5124741473680268
-0.6410058380693803,-0.7455380976344494,-0.6889265496674202,0.62069501132881,0.963107719661824,4,10.0,11.0,7.0,0.8184850715186583,4.0,16.0,24.0,10.0,1.0,0.0,0.0,-0.2934624253483626,0.6072598546880135,1.4585572302977623,0.0,0.5993862331121026,71,-1.6065479993221807,1.0,0.2178909637746877,-0.112421889104523
-0.2813811820489451,0.9835547184156752,1.3731376558782946,-0.2479621292076928,-1.761473329381494,4,10.0,11.0,7.0,0.7577520314344527,3.0,6.0,9.0,5.0,1.0,0.0,0.0,-0.2934624253483626,0.6072598546880135,1.4585572302977623,0.0,0.5993862331121026,71,-1.6065479993221807,1.0,-0.05354668107686563,0.8695776109902493
-0.2813811820489451,0.9835547184156752,1.3731376558782946,-0.2479621292076928,-1.761473329381494,4,10.0,11.0,7.0,0.7577520314344527,3.0,10.0,15.0,0.0,0.0,0.0,1.0,-0.2934624253483626,0.6072598546880135,1.4585572302977623,0.0,0.5993862331121026,71,-1.6065479993221807,1.0,-0.05354668107686563,1.0795776109902493
-0.6436720944159136,-0.7479039190134593,-0.6739591221784768,0.7447888885483104,0.8997453696840724,4,10.0,11.0,7.0,0.7982407248239232,4.0,12.0,16.0,2.0,0.0,0.0,1.0,-0.2934624253483626,0.6072598546880135,1.4585572302977623,0.0,0.5993862331121026,71,-1.6065479993221807,1.0,0.53019579562672,-0.39050440397541464
-0.6436720944159136,-0.7479039190134593,-0.6739591221784768,0.7447888885483104,0.8997453696840724,4,10.0,11.0,7.0,0.7982407248239232,4.0,19.0,23.0,6.0,0.0,0.0,1.0,-0.2934624253483626,0.6072598546880135,1.4585572302977623,0.0,0.5993862331121026,71,-1.6065479993221807,1.0,0.53019579562672,-0.14550440397541464
0.640610262582331,1.467150115752413,0.2748381491034036,-1.861182533061198,-1.402420012840902,4,10.0,11.0,7.0,0.777996378129188,4.0,11.0,13.0,3.0,0.0,0.0,1.0,-0.2934624253483626,0.6072598546880135,1.4585572302977623,0.0,0.5993862331121026,71,-1.6065479993221807,1.0,-0.06101151430663696,1.3335367235531677
0.640610262582331,1.467150115752413,0.2748381491034036,-1.861182533061198,-1.402420012840902,4,10.0,11.0,7.0,0.777996378129188,4.0,12.0,22.0,8.0,0.0,1.0,0.0,-0.2934624253483626,0.6072598546880135,1.4585572302977623,0.0,0.5993862331121026,71,-1.6065479993221807,1.0,-0.06101151430663696,1.6485367235531676
0.640610262582331,1.467150115752413,0.2748381491034036,-1.861182533061198,-1.402420012840902,4,10.0,11.0,7.0,0.777996378129188,4.0,22.0,29.0,3.0,0.0,0.0,1.0,-0.2934624253483626,0.6072598546880135,1.4585572302977623,0.0,0.5993862331121026,71,-1.6065479993221807,1.0,-0.06101151430663696,1.8935367235531677
-0.6748423255959416,-0.720788020526677,-0.7190673477654835,0.6660081888557454,0.8165391029183554,4,10.0,11.0,7.0,0.8720652360074824,1.0,1.0,6.0,0.0,1.0,0.0,0.0,-0.2934624253483626,0.6072598546880135,1.4585572302977623,0.0,0.5993862331121026,71,-1.6065479993221807,4.0,0.3530433877693222,-0.7328984610530758
-0.7914743393404159,-0.8571798424285076,-0.7993427917338737,0.8211360737941609,0.9561493299493538,4,10.0,11.0,6.0,0.941040255634106,4.0,9.0,12.0,0.0,0.0,0.0,1.0,-0.2934624253483626,0.6072598546880135,1.4585572302977623,0.0,0.5993862331121026,71,-1.6065479993221807,1.0,0.6623789806743936,-0.655404105972658
-0.7914743393404159,-0.8571798424285076,-0.7993427917338737,0.8211360737941609,0.9561493299493538,4,10.0,11.0,6.0,0.941040255634106,4.0,13.0,16.0,0.0,0.0,0.0,1.0,-0.2934624253483626,0.6072598546880135,1.4585572302977623,0.0,0.5993862331121026,71,-1.6065479993221807,1.0,0.6623789806743936,-0.515404105972658
-0.7914743393404159,-0.8571798424285076,-0.7993427917338737,0.8211360737941609,0.9561493299493538,4,10.0,11.0,6.0,0.941040255634106,4.0,18.0,29.0,3.0,0.0,0.0,1.0,-0.2934624253483626,0.6072598546880135,1.4585572302977623,0.0,0.5993862331121026,71,-1.6065479993221807,1.0,0.6623789806743936,-0.060404105972657884
-0.7940781333347113,-0.8761254292350761,-0.8337465534346126,0.8599180450287647,0.9736006083282286,4,10.0,11.0,7.0,0.8720652360074824,4.0,13.0,16.0,0.0,0.0,0.0,1.0,-0.2934624253483626,0.6072598546880135,1.4585572302977623,0.0,0.5993862331121026,71,-1.6065479993221807,1.0,-0.05358127045915041,-0.5342905722221761
-0.7940781333347113,-0.8761254292350761,-0.8337465534346126,0.8599180450287647,0.9736006083282286,4,10.0,11.0,7.0,0.8720652360074824,4.0,26.0,28.0,7.0,1.0,0.0,0.0,-0.2934624253483626,0.6072598546880135,1.4585572302977623,0.0,0.5993862331121026,71,-1.6065479993221807,1.0,-0.05358127045915041,-0.11429057222217609
-0.775672003375037,-0.8293765786734142,-0.8037317489878777,0.8599180450287647,0.9736006083282286,4,10.0,11.0,6.0,0.8893089909141384,4.0,11.0,13.0,3.0,0.0,0.0,1.0,-0.2934624253483626,0.6072598546880135,1.4585572302977623,0.0,0.5993862331121026,71,-1.6065479993221807,1.0,0.11496737374446067,-0.6022310450089066
-0.8516267235631324,-0.8406857787308052,-1.0061978473579438,0.8842047981025107,1.1332507997034822,4,10.0,11.0,6.0,0.9095309838005148,3.0,8.0,11.0,0.0,0.0,0.0,1.0,-0.2934624253483626,0.6072598546880135,1.4585572302977623,0.0,0.5993862331121026,71,-1.6065479993221807,1.0,-0.09350627830736488,-0.7883302756056744
2.071430068386055,2.561127428873747,0.5647245320789189,-2.2334641647196998,-1.8670772460110805,4,10.0,11.0,7.0,-2.6635425599757983,4.0,14.0,19.0,8.0,0.0,1.0,0.0,-0.2934624253483626,0.6072598546880135,1.4585572302977623,0.0,0.5993862331121026,71,-1.6065479993221807,1.0,0.98593988223646,2.7550997023805137
-0.8516267235631324,-0.8406857787308052,-1.0061978473579438,0.8842047981025107,1.1332507997034822,4,10.0,11.0,6.0,0.9095309838005148,3.0,7.0,10.0,0.0,0.0,0.0,1.0,-0.2934624253483626,0.6072598546880135,1.4585572302977623,0.0,0.5993862331121026,71,-1.6065479993221807,1.0,-0.09350627830736488,-0.8233302756056744
2.071430068386055,2.561127428873747,0.5647245320789189,-2.2334641647196998,-1.8670772460110805,4,10.0,11.0,7.0,-2.6635425599757983,4.0,12.0,15.0,0.0,0.0,0.0,1.0,-0.2934624253483626,0.6072598546880135,1.4585572302977623,0.0,0.5993862331121026,71,-1.6065479993221807,1.0,0.98593988223646,2.6150997023805136
0.5087905488097155,1.3076722473400535,0.8291490843835885,-0.4216935573149933,-2.564063095766348,4,10.0,11.0,7.0,0.7577520314344527,4.0,18.0,29.0,3.0,0.0,0.0,1.0,-0.2934624253483626,0.6072598546880135,1.4585572302977623,0.0,0.5993862331121026,71,-1.6065479993221807,1.0,0.5210894660297959,1.9176490990517094
1.0792627567140185,1.3795071873936315,1.6726582450535898,-1.5137196768465968,-0.7899172963893032,4,10.0,11.0,7.0,-1.7120582653232432,3.0,10.0,27.0,3.0,0.0,0.0,1.0,-0.2934624253483626,0.6072598546880135,1.4585572302977623,0.0,0.5993862331121026,71,-1.6065479993221807,1.0,0.2728395755338441,2.371122539298391
1.0792627567140185,1.3795071873936315,1.6726582450535898,-1.5137196768465968,-0.7899172963893032,4,10.0,11.0,7.0,-1.7120582653232432,3.0,7.0,10.0,0.0,0.0,0.0,1.0,-0.2934624253483626,0.6072598546880135,1.4585572302977623,0.0,0.5993862331121026,71,-1.6065479993221807,1.0,0.2728395755338441,1.776122539298391
0.9447178977124532,2.064197678560569,-0.3968354246301185,-1.5179816581415762,-0.3856901853533517,4,10.0,11.0,7.0,-1.2109149542618842,3.0,10.0,27.0,3.0,0.0,0.0,1.0,-0.2934624253483626,0.6072598546880135,1.4585572302977623,0.0,0.5993862331121026,71,-1.6065479993221807,1.0,0.2938378262947871,2.098145279406132
0.9447178977124532,2.064197678560569,-0.3968354246301185,-1.5179816581415762,-0.3856901853533517,4,10.0,11.0,7.0,-1.2109149542618842,3.0,7.0,10.0,0.0,0.0,0.0,1.0,-0.2934624253483626,0.6072598546880135,1.4585572302977623,0.0,0.5993862331121026,71,-1.6065479993221807,1.0,0.2938378262947871,1.5031452794061322
-0.6684149533117442,0.6414784544779027,0.876115839607514,0.7696076639922105,-1.761473329381494,4,10.0,11.0,7.0,0.7577520314344527,4.0,26.0,28.0,7.0,1.0,0.0,0.0,-0.2934624253483626,0.6072598546880135,1.4585572302977623,0.0,0.5993862331121026,71,-1.6065479993221807,1.0,-0.18512860118490465,1.0696354043096121
-0.7555599394190998,-0.7946840106250229,-0.7591342801165497,0.8987000162633686,0.7816365461606058,4,10.0,11.0,6.0,0.958284010540762,4.0,19.0,23.0,6.0,0.0,0.0,1.0,-0.2934624253483626,0.6072598546880135,1.4585572302977623,0.0,0.5993862331121026,71,-1.6065479993221807,1.0,0.5335579768165155,-0.21611020896112076
-0.7555599394190998,-0.7946840106250229,-0.7591342801165497,0.8987000162633686,0.7816365461606058,4,10.0,11.0,6.0,0.958284010540762,4.0,12.0,16.0,2.0,0.0,0.0,1.0,-0.2934624253483626,0.6072598546880135,1.4585572302977623,0.0,0.5993862331121026,71,-1.6065479993221807,1.0,0.5335579768165155,-0.46111020896112076
1.179238570342008,0.8934415878147769,-0.2532715617760596,-1.408827272195561,-1.2427117457888703,4,10.0,11.0,7.0,-2.231810647190583,5.0,11.0,15.0,7.0,1.0,0.0,0.0,-0.2934624253483626,0.6072598546880135,1.4585572302977623,0.0,0.5993862331121026,71,-1.6065479993221807,1.0,0.5479606879210385,1.2200049797749186
0.3268102882095677,1.188041361880547,0.4239020687368326,-1.0597895310841263,-1.975665437701612,4,10.0,11.0,7.0,-0.8178227448447977,4.0,16.0,24.0,10.0,1.0,0.0,0.0,-0.2934624253483626,0.6072598546880135,1.4585572302977623,0.0,0.5993862331121026,71,-1.6065479993221807,1.0,0.03951195796219637,1.492989163207899
0.3268102882095677,1.188041361880547,0.4239020687368326,-1.0597895310841263,-1.975665437701612,4,10.0,11.0,7.0,-0.8178227448447977,4.0,11.0,14.0,3.0,0.0,0.0,1.0,-0.2934624253483626,0.6072598546880135,1.4585572302977623,0.0,0.5993862331121026,71,-1.6065479993221807,1.0,0.03951195796219637,1.142989163207899
-0.775672003375037,-0.8293765786734142,-0.8037317489878777,0.8599180450287647,0.9736006083282286,4,10.0,11.0,6.0,0.8893089909141384,4.0,12.0,22.0,8.0,0.0,1.0,0.0,-0.2934624253483626,0.6072598546880135,1.4585572302977623,0.0,0.5993862331121026,71,-1.6065479993221807,1.0,0.11496737374446067,-0.2872310450089065
-0.775672003375037,-0.8293765786734142,-0.8037317489878777,0.8599180450287647,0.9736006083282286,4,10.0,11.0,6.0,0.8893089909141384,4.0,22.0,29.0,3.0,0.0,0.0,1.0,-0.2934624253483626,0.6072598546880135,1.4585572302977623,0.0,0.5993862331121026,71,-1.6065479993221807,1.0,0.11496737374446067,-0.04223104500890651
-0.6684149533117442,0.6414784544779027,0.876115839607514,0.7696076639922105,-1.761473329381494,4,10.0,11.0,7.0,0.7577520314344527,4.0,13.0,16.0,0.0,0.0,0.0,1.0,-0.2934624253483626,0.6072598546880135,1.4585572302977623,0.0,0.5993862331121026,71,-1.6065479993221807,1.0,-0.18512860118490465,0.649635404309612
-0.7641793954002157,0.6229543787755473,0.3266371128174603,0.8211360737941609,-1.8535064890494883,4,10.0,11.0,7.0,0.8893089909141384,5.0,16.0,18.0,3.0,0.0,0.0,1.0,-0.2934624253483626,0.6072598546880135,1.4585572302977623,0.0,0.5993862331121026,71,-1.6065479993221807,1.0,0.25286116382756785,0.5422491907019461
-0.7641793954002157,0.6229543787755473,0.3266371128174603,0.8211360737941609,-1.8535064890494883,4,10.0,11.0,7.0,0.8893089909141384,5.0,19.0,23.0,0.0,0.0,0.0,1.0,-0.2934624253483626,0.6072598546880135,1.4585572302977623,0.0,0.5993862331121026,71,-1.6065479993221807,1.0,0.25286116382756785,0.7172491907019461
-0.6913629495597471,-0.7145548404517887,-0.7010867809506944,0.8793090306460667,0.9910518867071034,4,10.0,11.0,7.0,0.941040255634106,1.0,1.0,10.0,0.0,1.0,0.0,0.0,-0.2934624253483626,0.6072598546880135,1.4585572302977623,0.0,0.5993862331121026,71,-1.6065479993221807,4.0,0.24325406905442917,-0.5921850557673092
-0.7196455394977838,-0.8040337807373555,-0.744551615691957,0.801745088176859,0.938698051570479,4,10.0,11.0,6.0,0.8720652360074824,4.0,12.0,15.0,3.0,0.0,0.0,1.0,-0.2934624253483626,0.6072598546880135,1.4585572302977623,0.0,0.5993862331121026,71,-1.6065479993221807,1.0,0.09839603253387433,-0.48150417442620475
1.307632550060713,1.577205038924557,0.4316889283810327,-1.370045300960957,-1.364870694440994,4,10.0,11.0,7.0,-2.1628356275639598,4.0,12.0,15.0,0.0,0.0,0.0,1.0,-0.2934624253483626,0.6072598546880135,1.4585572302977623,0.0,0.5993862331121026,71,-1.6065479993221807,1.0,1.0629136407574071,1.768388358650094
-0.7196455394977838,-0.8040337807373555,-0.744551615691957,0.801745088176859,0.938698051570479,4,10.0,11.0,6.0,0.8720652360074824,4.0,11.0,14.0,0.0,0.0,0.0,1.0,-0.2934624253483626,0.6072598546880135,1.4585572302977623,0.0,0.5993862331121026,71,-1.6065479993221807,1.0,0.09839603253387433,-0.5165041744262047
-0.7196455394977838,-0.8040337807373555,-0.744551615691957,0.801745088176859,0.938698051570479,4,10.0,11.0,6.0,0.8720652360074824,4.0,10.0,13.0,0.0,0.0,0.0,1.0,-0.2934624253483626,0.6072598546880135,1.4585572302977623,0.0,0.5993862331121026,71,-1.6065479993221807,1.0,0.09839603253387433,-0.5515041744262047
1.307632550060713,1.577205038924557,0.4316889283810327,-1.370045300960957,-1.364870694440994,4,10.0,11.0,7.0,-2.1628356275639598,4.0,14.0,19.0,8.0,0.0,1.0,0.0,-0.2934624253483626,0.6072598546880135,1.4585572302977623,0.0,0.5993862331121026,71,-1.6065479993221807,1.0,1.0629136407574071,1.908388358650094
0.9502842708436168,1.7787171895035103,0.7091842902470726,-1.660910085220486,-1.4172245295776185,4,10.0,11.0,7.0,-0.8178227448447977,4.0,10.0,13.0,0.0,0.0,0.0,1.0,-0.2934624253483626,0.6072598546880135,1.4585572302977623,0.0,0.5993862331121026,71,-1.6065479993221807,1.0,0.2495279472488218,1.7147966802227361
0.9502842708436168,1.7787171895035103,0.7091842902470726,-1.660910085220486,-1.4172245295776185,4,10.0,11.0,7.0,-0.8178227448447977,4.0,12.0,15.0,3.0,0.0,0.0,1.0,-0.2934624253483626,0.6072598546880135,1.4585572302977623,0.0,0.5993862331121026,71,-1.6065479993221807,1.0,0.2495279472488218,1.7847966802227362
0.9502842708436168,1.7787171895035103,0.7091842902470726,-1.660910085220486,-1.4172245295776185,4,10.0,11.0,7.0,-0.8178227448447977,4.0,14.0,17.0,3.0,0.0,0.0,1.0,-0.2934624253483626,0.6072598546880135,1.4585572302977623,0.0,0.5993862331121026,71,-1.6065479993221807,1.0,0.2495279472488218,1.8547966802227362
1.1353607902450822,1.7042699403304673,1.470511954254639,-1.9604576348367984,-1.3812992295149846,5,10.0,11.0,7.0,-2.440854746333711,4.0,11.0,14.0,0.0,0.0,0.0,1.0,-0.2934624253483626,0.0976666373720728,0.948287104331356,0.0,0.3317020080531611,40,-0.6775595529837853,1.0,-0.08348151351987679,1.994781470326311
1.1353607902450822,1.7042699403304673,1.470511954254639,-1.9604576348367984,-1.3812992295149846,5,10.0,11.0,7.0,-2.440854746333711,4.0,10.0,13.0,0.0,0.0,0.0,1.0,-0.2934624253483626,0.0976666373720728,0.948287104331356,0.0,0.3317020080531611,40,-0.6775595529837853,1.0,-0.08348151351987679,1.959781470326311
-0.8653117106260718,-0.918849470489025,-1.0368337364584572,0.8041319162277079,1.1159901066914728,5,10.0,11.0,7.0,0.8627564410491383,3.0,10.0,27.0,3.0,0.0,0.0,1.0,-0.2934624253483626,0.0976666373720728,0.948287104331356,0.0,0.3317020080531611,40,-0.6775595529837853,1.0,0.4768072861999346,-0.3154576993607856
-0.8653117106260718,-0.918849470489025,-1.0368337364584572,0.8041319162277079,1.1159901066914728,5,10.0,11.0,7.0,0.8627564410491383,3.0,7.0,10.0,0.0,0.0,0.0,1.0,-0.2934624253483626,0.0976666373720728,0.948287104331356,0.0,0.3317020080531611,40,-0.6775595529837853,1.0,0.4768072861999346,-0.9104576993607856
-0.838702013559245,-0.8523101226333099,-0.9669547322720482,0.86418657763381,1.0987294136794632,5,10.0,11.0,7.0,0.8783479552995971,5.0,25.0,27.0,7.0,0.0,0.0,1.0,-0.2934624253483626,0.0976666373720728,0.948287104331356,0.0,0.3317020080531611,40,-0.6775595529837853,1.0,0.8796594048360828,-0.2531322845023414
1.2473081672152293,0.9744755636175128,0.7186027090009459,-1.2977812329858682,-0.972553747761674,5,10.0,11.0,7.0,-1.818984010029778,3.0,8.0,11.0,0.0,0.0,0.0,1.0,-0.2934624253483626,0.0976666373720728,0.948287104331356,0.0,0.3317020080531611,40,-0.6775595529837853,1.0,-0.5371267359108739,1.3947720124118705
1.2473081672152293,0.9744755636175128,0.7186027090009459,-1.2977812329858682,-0.972553747761674,5,10.0,11.0,7.0,-1.818984010029778,3.0,7.0,10.0,0.0,0.0,0.0,1.0,-0.2934624253483626,0.0976666373720728,0.948287104331356,0.0,0.3317020080531611,40,-0.6775595529837853,1.0,-0.5371267359108739,1.3597720124118706
-0.8237815762753457,1.7311000998370802,3.1863965186403744,0.8241501366964086,-2.0081953284822425,5,10.0,11.0,7.0,0.8627564410491383,4.0,13.0,16.0,0.0,0.0,0.0,1.0,-0.2934624253483626,0.0976666373720728,0.948287104331356,0.0,0.3317020080531611,40,-0.6775595529837853,1.0,0.4981595223770646,1.7486683101899476
1.0252977282601807,2.194532652462597,0.3777177081653371,-2.2582829401635998,-2.0782850792702523,5,10.0,11.0,7.0,0.8994624582975992,5.0,11.0,15.0,7.0,1.0,0.0,0.0,-0.2934624253483626,0.0976666373720728,0.948287104331356,0.0,0.3317020080531611,40,-0.6775595529837853,1.0,0.40608986725942087,1.8943590830830068
-0.8476352690031081,-0.8600062399756574,-1.0121791399918536,0.86418657763381,1.1505114927154916,5,10.0,11.0,7.0,0.9563055265518912,6.0,19.0,23.0,0.0,0.0,0.0,1.0,-0.2934624253483626,0.0976666373720728,0.948287104331356,0.0,0.3317020080531611,40,-0.6775595529837853,1.0,0.45196575055068566,-0.4127438058549038
-0.8237815762753457,1.7311000998370802,3.1863965186403744,0.8241501366964086,-2.0081953284822425,5,10.0,11.0,7.0,0.8627564410491383,4.0,9.0,12.0,0.0,0.0,0.0,1.0,-0.2934624253483626,0.0976666373720728,0.948287104331356,0.0,0.3317020080531611,40,-0.6775595529837853,1.0,0.4981595223770646,1.6086683101899477
-0.6621225883339255,0.846337078433092,0.7599892470208837,0.6951513376605102,-1.761473329381494,5,10.0,11.0,7.0,0.777996378129188,4.0,9.0,12.0,0.0,0.0,0.0,1.0,-0.2934624253483626,0.0976666373720728,0.948287104331356,0.0,0.3317020080531611,40,-0.6775595529837853,1.0,0.5747482329195509,0.53642636259514
-0.6621225883339255,0.846337078433092,0.7599892470208837,0.6951513376605102,-1.761473329381494,5,10.0,11.0,7.0,0.777996378129188,4.0,13.0,16.0,0.0,0.0,0.0,1.0,-0.2934624253483626,0.0976666373720728,0.948287104331356,0.0,0.3317020080531611,40,-0.6775595529837853,1.0,0.5747482329195509,0.67642636259514
-0.6621225883339255,0.846337078433092,0.7599892470208837,0.6951513376605102,-1.761473329381494,5,10.0,11.0,7.0,0.777996378129188,4.0,18.0,29.0,3.0,0.0,0.0,1.0,-0.2934624253483626,0.0976666373720728,0.948287104331356,0.0,0.3317020080531611,40,-0.6775595529837853,1.0,0.5747482329195509,1.13142636259514
0.8696950078764868,1.5521046107259566,-0.3040744198655046,-1.836363757617298,-0.980004346322558,5,10.0,11.0,7.0,-1.9752347723548007,4.0,13.0,16.0,0.0,0.0,0.0,1.0,-0.2934624253483626,0.0976666373720728,0.948287104331356,0.0,0.3317020080531611,40,-0.6775595529837853,1.0,-0.27050995290605134,1.3830675697999324
0.8696950078764868,1.5521046107259566,-0.3040744198655046,-1.836363757617298,-0.980004346322558,5,10.0,11.0,7.0,-1.9752347723548007,4.0,26.0,28.0,7.0,1.0,0.0,0.0,-0.2934624253483626,0.0976666373720728,0.948287104331356,0.0,0.3317020080531611,40,-0.6775595529837853,1.0,-0.27050995290605134,1.8030675697999325
1.1353607902450822,1.7042699403304673,1.470511954254639,-1.9604576348367984,-1.3812992295149846,5,10.0,11.0,7.0,-2.440854746333711,4.0,12.0,15.0,3.0,0.0,0.0,1.0,-0.2934624253483626,0.0976666373720728,0.948287104331356,0.0,0.3317020080531611,40,-0.6775595529837853,1.0,-0.08348151351987679,2.029781470326311
-0.8301488966449078,-0.7876948041131813,1.117306922866195,0.86418657763381,-0.7481647386055508,5,10.0,11.0,7.0,0.9874885550528087,3.0,6.0,9.0,5.0,1.0,0.0,0.0,-0.2934624253483626,0.0976666373720728,0.948287104331356,0.0,0.3317020080531611,40,-0.6775595529837853,1.0,0.32051546495669186,-0.28760882711042307
-0.8331900048811166,-0.8200024633732459,-0.9701642063682928,0.86418657763381,1.0124259486194158,5,10.0,11.0,6.0,0.8783479552995971,4.0,15.0,23.0,6.0,0.0,0.0,1.0,-0.2934624253483626,0.0976666373720728,0.948287104331356,0.0,0.3317020080531611,40,-0.6775595529837853,1.0,-0.02528010289706122,-0.37591336875479153
-0.8331900048811166,-0.8200024633732459,-0.9701642063682928,0.86418657763381,1.0124259486194158,5,10.0,11.0,6.0,0.8783479552995971,4.0,11.0,22.0,6.0,0.0,1.0,0.0,-0.2934624253483626,0.0976666373720728,0.948287104331356,0.0,0.3317020080531611,40,-0.6775595529837853,1.0,-0.02528010289706122,-0.41091336875479156
1.744547040301051,3.764577749441999,0.545628159075784,-2.4320143682709,-2.6485462290700164,5,10.0,11.0,7.0,-2.623053866586328,4.0,19.0,23.0,6.0,0.0,0.0,1.0,-0.2934624253483626,0.0976666373720728,0.948287104331356,0.0,0.3317020080531611,40,-0.6775595529837853,1.0,0.3671091199552396,3.244315785125673
0.3439092563400854,1.4018749531588175,0.3923410568614315,-1.191075596075896,-0.7054341630856344,5,10.0,11.0,7.0,0.9197068049923344,6.0,19.0,23.0,0.0,0.0,0.0,1.0,-0.2934624253483626,0.0976666373720728,0.948287104331356,0.0,0.3317020080531611,40,-0.6775595529837853,1.0,-0.030924914555281097,1.5188188545689632
1.744547040301051,3.764577749441999,0.545628159075784,-2.4320143682709,-2.6485462290700164,5,10.0,11.0,7.0,-2.623053866586328,4.0,12.0,16.0,2.0,0.0,0.0,1.0,-0.2934624253483626,0.0976666373720728,0.948287104331356,0.0,0.3317020080531611,40,-0.6775595529837853,1.0,0.3671091199552396,2.999315785125673
1.2228139984113802,1.7805139111358372,1.1943887229930952,-2.0597327366123985,-1.317936879537233,5,10.0,11.0,7.0,-0.3961757301654544,4.0,10.0,13.0,0.0,0.0,0.0,1.0,-0.2934624253483626,0.0976666373720728,0.948287104331356,0.0,0.3317020080531611,40,-0.6775595529837853,1.0,0.22978926379465983,1.9561382485810037
-0.8378467018678113,-0.8690652114307126,-0.9989035880482978,0.8842047981025107,1.0814687206674538,5,10.0,11.0,6.0,0.9407140123014324,4.0,12.0,15.0,3.0,0.0,0.0,1.0,-0.2934624253483626,0.0976666373720728,0.948287104331356,0.0,0.3317020080531611,40,-0.6775595529837853,1.0,0.4237681915072879,-0.6895667393957896
-0.8378467018678113,-0.8690652114307126,-0.9989035880482978,0.8842047981025107,1.0814687206674538,5,10.0,11.0,6.0,0.9407140123014324,4.0,10.0,13.0,0.0,0.0,0.0,1.0,-0.2934624253483626,0.0976666373720728,0.948287104331356,0.0,0.3317020080531611,40,-0.6775595529837853,1.0,0.4237681915072879,-0.7595667393957897
-0.8507714118716986,-0.8490232391850152,-1.022391103025358,0.8842047981025107,1.1505114927154916,5,10.0,11.0,6.0,0.9407140123014324,6.0,16.0,17.0,9.0,1.0,0.0,0.0,-0.2934624253483626,0.0976666373720728,0.948287104331356,0.0,0.3317020080531611,40,-0.6775595529837853,1.0,-0.2323725798659827,-0.6214102224029302
-0.8507714118716986,-0.8490232391850152,-1.022391103025358,0.8842047981025107,1.1505114927154916,5,10.0,11.0,6.0,0.9407140123014324,6.0,12.0,15.0,0.0,0.0,0.0,1.0,-0.2934624253483626,0.0976666373720728,0.948287104331356,0.0,0.3317020080531611,40,-0.6775595529837853,1.0,-0.2323725798659827,-0.6914102224029302
1.2228139984113802,1.7805139111358372,1.1943887229930952,-2.0597327366123985,-1.317936879537233,5,10.0,11.0,7.0,-0.3961757301654544,4.0,14.0,17.0,3.0,0.0,0.0,1.0,-0.2934624253483626,0.0976666373720728,0.948287104331356,0.0,0.3317020080531611,40,-0.6775595529837853,1.0,0.22978926379465983,2.0961382485810036
-0.8378467018678113,-0.8690652114307126,-0.9989035880482978,0.8842047981025107,1.0814687206674538,5,10.0,11.0,6.0,0.9407140123014324,4.0,14.0,17.0,3.0,0.0,0.0,1.0,-0.2934624253483626,0.0976666373720728,0.948287104331356,0.0,0.3317020080531611,40,-0.6775595529837853,1.0,0.4237681915072879,-0.6195667393957897
-0.8237815762753457,1.7311000998370802,3.1863965186403744,0.8241501366964086,-2.0081953284822425,5,10.0,11.0,7.0,0.8627564410491383,4.0,18.0,29.0,3.0,0.0,0.0,1.0,-0.2934624253483626,0.0976666373720728,0.948287104331356,0.0,0.3317020080531611,40,-0.6775595529837853,1.0,0.4981595223770646,2.203668310189948
-0.8331900048811166,-0.8200024633732459,-0.9701642063682928,0.86418657763381,1.0124259486194158,5,10.0,11.0,6.0,0.8783479552995971,4.0,10.0,12.0,3.0,0.0,0.0,1.0,-0.2934624253483626,0.0976666373720728,0.948287104331356,0.0,0.3317020080531611,40,-0.6775595529837853,1.0,-0.02528010289706122,-0.7609133687547917
-0.6860122451988654,-0.8113509469050924,-0.7579143476337001,0.7447888885483104,0.9419869363359068,5,10.0,11.0,6.0,0.8589737649081288,3.0,7.0,10.0,0.0,0.0,0.0,1.0,-0.2934624253483626,0.0976666373720728,0.948287104331356,0.0,0.3317020080531611,40,-0.6775595529837853,1.0,0.4610960530268971,-0.7062116681112985
1.2228139984113802,1.7805139111358372,1.1943887229930952,-2.0597327366123985,-1.317936879537233,5,10.0,11.0,7.0,-0.3961757301654544,4.0,12.0,15.0,3.0,0.0,0.0,1.0,-0.2934624253483626,0.0976666373720728,0.948287104331356,0.0,0.3317020080531611,40,-0.6775595529837853,1.0,0.22978926379465983,2.0261382485810038
0.8782270281853944,1.01581591903854,1.3860406106101415,-0.918069066192995,-1.3390576628631503,5,10.0,11.0,7.0,-1.5298591450706265,4.0,11.0,14.0,3.0,0.0,0.0,1.0,-0.2934624253483626,0.0976666373720728,0.948287104331356,0.0,0.3317020080531611,40,-0.6775595529837853,1.0,-0.009464182714217327,1.5487744292956225
-0.6860122451988654,-0.8113509469050924,-0.7579143476337001,0.7447888885483104,0.9419869363359068,5,10.0,11.0,6.0,0.8589737649081288,3.0,10.0,27.0,3.0,0.0,0.0,1.0,-0.2934624253483626,0.0976666373720728,0.948287104331356,0.0,0.3317020080531611,40,-0.6775595529837853,1.0,0.4610960530268971,-0.11121166811129857
0.8782270281853944,1.01581591903854,1.3860406106101415,-0.918069066192995,-1.3390576628631503,5,10.0,11.0,7.0,-1.5298591450706265,4.0,16.0,24.0,10.0,1.0,0.0,0.0,-0.2934624253483626,0.0976666373720728,0.948287104331356,0.0,0.3317020080531611,40,-0.6775595529837853,1.0,-0.009464182714217327,1.8987744292956223
-0.8301488966449078,-0.7876948041131813,1.117306922866195,0.86418657763381,-0.7481647386055508,5,10.0,11.0,7.0,0.9874885550528087,3.0,10.0,15.0,0.0,0.0,0.0,1.0,-0.2934624253483626,0.0976666373720728,0.948287104331356,0.0,0.3317020080531611,40,-0.6775595529837853,1.0,0.32051546495669186,-0.07760882711042305
-0.8606550136393771,-0.8969636367967232,-1.0466080439333827,0.8842047981025107,1.0642080276554442,5,10.0,11.0,7.0,0.8159818982977618,4.0,22.0,29.0,3.0,0.0,0.0,1.0,-0.2934624253483626,0.0976666373720728,0.948287104331356,0.0,0.3317020080531611,40,-0.6775595529837853,1.0,0.12935144451373998,-0.2354558234709787
-0.8521969313574216,-0.9020142138026392,-1.0346454586655631,0.8842047981025107,1.0987294136794632,5,10.0,11.0,7.0,0.8159818982977618,4.0,26.0,28.0,7.0,1.0,0.0,0.0,-0.2934624253483626,0.0976666373720728,0.948287104331356,0.0,0.3317020080531611,40,-0.6775595529837853,1.0,-0.04058914127730051,-0.2662197348588252
-0.8507714118716986,-0.8630526197570038,-1.003426028820278,0.8842047981025107,1.1332507997034822,5,10.0,11.0,6.0,0.9251224980509736,4.0,11.0,14.0,3.0,0.0,0.0,1.0,-0.2934624253483626,0.0976666373720728,0.948287104331356,0.0,0.3317020080531611,40,-0.6775595529837853,1.0,0.24353022713248082,-0.728175259324661
-0.8507714118716986,-0.8630526197570038,-1.003426028820278,0.8842047981025107,1.1332507997034822,5,10.0,11.0,6.0,0.9251224980509736,4.0,16.0,24.0,10.0,1.0,0.0,0.0,-0.2934624253483626,0.0976666373720728,0.948287104331356,0.0,0.3317020080531611,40,-0.6775595529837853,1.0,0.24353022713248082,-0.378175259324661
-0.8342353858373133,-0.8388419172842013,-1.0248711511906377,0.86418657763381,1.1505114927154916,5,10.0,11.0,6.0,0.9095309838005148,5.0,11.0,15.0,7.0,1.0,0.0,0.0,-0.2934624253483626,0.0976666373720728,0.948287104331356,0.0,0.3317020080531611,40,-0.6775595529837853,1.0,0.921015859530957,-0.6802708782746743
-0.1348693227789524,-0.6166283008542021,0.2319205836907354,0.239406505275103,0.8339903812972302,5,10.0,11.0,7.0,0.54443389278102,2.0,3.0,6.0,2.0,0.0,1.0,0.0,-0.2934624253483626,0.0976666373720728,0.948287104331356,0.0,0.3317020080531611,40,-0.6775595529837853,3.0,-0.5502778945982884,-0.24219386073597107
-0.8550479703288674,-0.8208041422630736,-0.9742489915816944,0.8842047981025107,1.0987294136794632,5,10.0,11.0,6.0,0.9407140123014324,4.0,12.0,16.0,2.0,0.0,0.0,1.0,-0.2934624253483626,0.0976666373720728,0.948287104331356,0.0,0.3317020080531611,40,-0.6775595529837853,1.0,0.5400015451612129,-0.6314251441997654
-0.8550479703288674,-0.8208041422630736,-0.9742489915816944,0.8842047981025107,1.0987294136794632,5,10.0,11.0,6.0,0.9407140123014324,4.0,19.0,23.0,6.0,0.0,0.0,1.0,-0.2934624253483626,0.0976666373720728,0.948287104331356,0.0,0.3317020080531611,40,-0.6775595529837853,1.0,0.5400015451612129,-0.38642514419976526
-0.8606550136393771,-0.8969636367967232,-1.0466080439333827,0.8842047981025107,1.0642080276554442,5,10.0,11.0,7.0,0.8159818982977618,4.0,11.0,13.0,3.0,0.0,0.0,1.0,-0.2934624253483626,0.0976666373720728,0.948287104331356,0.0,0.3317020080531611,40,-0.6775595529837853,1.0,0.12935144451373998,-0.7954558234709788
-0.8521969313574216,-0.9020142138026392,-1.0346454586655631,0.8842047981025107,1.0987294136794632,5,10.0,11.0,7.0,0.8159818982977618,4.0,13.0,16.0,0.0,0.0,0.0,1.0,-0.2934624253483626,0.0976666373720728,0.948287104331356,0.0,0.3317020080531611,40,-0.6775595529837853,1.0,-0.04058914127730051,-0.6862197348588253
-0.8018285761952132,-0.7966736076792538,-0.9843150694290056,0.8241501366964086,1.0987294136794632,5,10.0,11.0,7.0,0.893939469550056,4.0,14.0,19.0,8.0,0.0,1.0,0.0,-0.2934624253483626,0.0976666373720728,0.948287104331356,0.0,0.3317020080531611,40,-0.6775595529837853,1.0,1.27825444557808,-0.49536049437730595
0.7245226544844596,0.5373200649943624,0.6112312119629565,-0.877398603143153,-0.7481647386055508,5,10.0,11.0,7.0,-1.7878009815288605,5.0,16.0,18.0,3.0,0.0,0.0,1.0,-0.2934624253483626,0.0976666373720728,0.948287104331356,0.0,0.3317020080531611,40,-0.6775595529837853,1.0,0.156574670615138,1.181254643188955
0.7245226544844596,0.5373200649943624,0.6112312119629565,-0.877398603143153,-0.7481647386055508,5,10.0,11.0,7.0,-1.7878009815288605,5.0,19.0,23.0,0.0,0.0,0.0,1.0,-0.2934624253483626,0.0976666373720728,0.948287104331356,0.0,0.3317020080531611,40,-0.6775595529837853,1.0,0.156574670615138,1.356254643188955
-0.8018285761952132,-0.7966736076792538,-0.9843150694290056,0.8241501366964086,1.0987294136794632,5,10.0,11.0,7.0,0.893939469550056,4.0,12.0,15.0,0.0,0.0,0.0,1.0,-0.2934624253483626,0.0976666373720728,0.948287104331356,0.0,0.3317020080531611,40,-0.6775595529837853,1.0,1.27825444557808,-0.6353604943773059
0.7811752971715755,0.9240865719341952,0.3147512890739196,-3.0028462034806016,-1.296816096211316,5,10.0,11.0,7.0,-0.9427730909233052,3.0,13.0,16.0,3.0,0.0,0.0,1.0,-0.2934624253483626,0.0976666373720728,0.948287104331356,0.0,0.3317020080531611,40,-0.6775595529837853,1.0,-0.0008601307893603138,1.2357567747561546
-0.844499126134518,-0.8590442253078638,-1.035083114224142,0.8842047981025107,1.0124259486194158,5,10.0,11.0,6.0,0.9251224980509736,3.0,7.0,13.0,9.0,0.0,0.0,1.0,-0.2934624253483626,0.0976666373720728,0.948287104331356,0.0,0.3317020080531611,40,-0.6775595529837853,1.0,-0.11466520618334597,-0.7671367866378789
-0.844499126134518,-0.8590442253078638,-1.035083114224142,0.8842047981025107,1.0124259486194158,5,10.0,11.0,6.0,0.9251224980509736,3.0,10.0,13.0,3.0,0.0,0.0,1.0,-0.2934624253483626,0.0976666373720728,0.948287104331356,0.0,0.3317020080531611,40,-0.6775595529837853,1.0,-0.11466520618334597,-0.7671367866378789
-0.8203603295096106,-0.8321078146096468,-0.9881080842700216,0.86418657763381,1.0642080276554442,5,10.0,11.0,7.0,0.9095309838005148,4.0,10.0,13.0,0.0,0.0,0.0,1.0,-0.2934624253483626,0.0976666373720728,0.948287104331356,0.0,0.3317020080531611,40,-0.6775595529837853,1.0,0.10874326090991714,-0.731365371690804
0.7811752971715755,0.9240865719341952,0.3147512890739196,-3.0028462034806016,-1.296816096211316,5,10.0,11.0,7.0,-0.9427730909233052,3.0,7.0,10.0,0.0,0.0,0.0,1.0,-0.2934624253483626,0.0976666373720728,0.948287104331356,0.0,0.3317020080531611,40,-0.6775595529837853,1.0,-0.0008601307893603138,1.0257567747561545
-0.7121415573948932,1.828583100063904,2.4136319254545078,0.7696076639922105,-2.162768212573921,5,10.0,11.0,7.0,0.8994624582975992,5.0,16.0,18.0,3.0,0.0,0.0,1.0,-0.2934624253483626,0.0976666373720728,0.948287104331356,0.0,0.3317020080531611,40,-0.6775595529837853,1.0,0.09352915461168244,1.6225732552131438
-0.6949708665232178,-0.8285569205706204,-0.7900857147651077,0.7199701131044103,1.0053492863136584,5,10.0,11.0,7.0,0.8589737649081288,3.0,7.0,10.0,0.0,0.0,0.0,1.0,-0.2934624253483626,0.0976666373720728,0.948287104331356,0.0,0.3317020080531611,40,-0.6775595529837853,1.0,-0.11979781935301063,-0.7268725703774456
-0.6949708665232178,-0.8285569205706204,-0.7900857147651077,0.7199701131044103,1.0053492863136584,5,10.0,11.0,7.0,0.8589737649081288,3.0,8.0,11.0,0.0,0.0,0.0,1.0,-0.2934624253483626,0.0976666373720728,0.948287104331356,0.0,0.3317020080531611,40,-0.6775595529837853,1.0,-0.11979781935301063,-0.6918725703774455
-0.6574299771640265,-0.7409139922118382,-0.7209258774024029,0.6703325622166101,0.9842285029877412,5,10.0,11.0,7.0,0.8387294182133935,6.0,16.0,17.0,9.0,1.0,0.0,0.0,-0.2934624253483626,0.0976666373720728,0.948287104331356,0.0,0.3317020080531611,40,-0.6775595529837853,1.0,-0.2518953986127804,-0.4066592161881558
-0.6574299771640265,-0.7409139922118382,-0.7209258774024029,0.6703325622166101,0.9842285029877412,5,10.0,11.0,7.0,0.8387294182133935,6.0,12.0,15.0,0.0,0.0,0.0,1.0,-0.2934624253483626,0.0976666373720728,0.948287104331356,0.0,0.3317020080531611,40,-0.6775595529837853,1.0,-0.2518953986127804,-0.4766592161881558
-0.7121415573948932,1.828583100063904,2.4136319254545078,0.7696076639922105,-2.162768212573921,5,10.0,11.0,7.0,0.8994624582975992,5.0,19.0,23.0,0.0,0.0,0.0,1.0,-0.2934624253483626,0.0976666373720728,0.948287104331356,0.0,0.3317020080531611,40,-0.6775595529837853,1.0,0.09352915461168244,1.7975732552131438
0.8435656956804589,1.0728107068056003,0.7799458170061416,-1.563357227734397,-1.529144712796405,5,10.0,11.0,7.0,0.8994624582975992,5.0,25.0,27.0,7.0,0.0,0.0,1.0,-0.2934624253483626,0.0976666373720728,0.948287104331356,0.0,0.3317020080531611,40,-0.6775595529837853,1.0,-0.16926625633311448,1.8447190378360532
-0.7483770594348368,-0.7907472653145675,-0.7516305790048659,0.762963116942255,0.9736006083282286,5,10.0,11.0,6.0,0.958284010540762,6.0,12.0,15.0,0.0,0.0,0.0,1.0,-0.2934624253483626,0.0976666373720728,0.948287104331356,0.0,0.3317020080531611,40,-0.6775595529837853,1.0,-0.2475631378187015,-0.5243140849230232
-0.7483770594348368,-0.7907472653145675,-0.7516305790048659,0.762963116942255,0.9736006083282286,5,10.0,11.0,6.0,0.958284010540762,6.0,16.0,17.0,9.0,1.0,0.0,0.0,-0.2934624253483626,0.0976666373720728,0.948287104331356,0.0,0.3317020080531611,40,-0.6775595529837853,1.0,-0.2475631378187015,-0.4543140849230233
-0.8606550136393771,-0.8969636367967232,-1.0466080439333827,0.8842047981025107,1.0642080276554442,5,10.0,11.0,7.0,0.8159818982977618,4.0,12.0,22.0,8.0,0.0,1.0,0.0,-0.2934624253483626,0.0976666373720728,0.948287104331356,0.0,0.3317020080531611,40,-0.6775595529837853,1.0,0.12935144451373998,-0.4804558234709787
-0.8795669054833007,-0.8718710875451104,-0.9959858843244396,0.86418657763381,1.0814687206674538,5,10.0,11.0,7.0,0.9563055265518912,3.0,13.0,16.0,3.0,0.0,0.0,1.0,-0.2934624253483626,0.0976666373720728,0.948287104331356,0.0,0.3317020080531611,40,-0.6775595529837853,1.0,0.14591915963679897,-0.6723740007839161
-0.7828216497189082,-0.7411172606141809,-0.9545544914456504,0.8241501366964086,0.9951652556074064,5,10.0,11.0,6.0,0.8783479552995971,3.0,10.0,13.0,0.0,0.0,0.0,1.0,-0.2934624253483626,0.0976666373720728,0.948287104331356,0.0,0.3317020080531611,40,-0.6775595529837853,1.0,1.1218961592081458,-0.6623328165297836
-0.7828216497189082,-0.7411172606141809,-0.9545544914456504,0.8241501366964086,0.9951652556074064,5,10.0,11.0,6.0,0.8783479552995971,3.0,7.0,13.0,6.0,1.0,0.0,0.0,-0.2934624253483626,0.0976666373720728,0.948287104331356,0.0,0.3317020080531611,40,-0.6775595529837853,1.0,1.1218961592081458,-0.6623328165297836
-0.8203603295096106,-0.8321078146096468,-0.9881080842700216,0.86418657763381,1.0642080276554442,5,10.0,11.0,7.0,0.9095309838005148,4.0,12.0,15.0,3.0,0.0,0.0,1.0,-0.2934624253483626,0.0976666373720728,0.948287104331356,0.0,0.3317020080531611,40,-0.6775595529837853,1.0,0.10874326090991714,-0.6613653716908039
-0.8203603295096106,-0.8321078146096468,-0.9881080842700216,0.86418657763381,1.0642080276554442,5,10.0,11.0,7.0,0.9095309838005148,4.0,11.0,14.0,0.0,0.0,0.0,1.0,-0.2934624253483626,0.0976666373720728,0.948287104331356,0.0,0.3317020080531611,40,-0.6775595529837853,1.0,0.10874326090991714,-0.6963653716908039
-0.8795669054833007,-0.8718710875451104,-0.9959858843244396,0.86418657763381,1.0814687206674538,5,10.0,11.0,7.0,0.9563055265518912,3.0,7.0,10.0,0.0,0.0,0.0,1.0,-0.2934624253483626,0.0976666373720728,0.948287104331356,0.0,0.3317020080531611,40,-0.6775595529837853,1.0,0.14591915963679897,-0.882374000783916
0.2588422863584764,1.53152239021781,1.3130198608382255,-0.2453681351574452,-2.045470551217111,5,10.0,11.0,7.0,0.3892400986211167,1.0,1.0,9.0,0.0,0.0,1.0,0.0,-0.2934624253483626,0.0976666373720728,0.948287104331356,0.0,0.3317020080531611,40,-0.6775595529837853,5.0,-0.3156113611686389,1.29761435952812
0.7549997212714601,1.1815621352237555,0.6269267365510676,-0.7301427755899934,-1.5219321998508673,5,10.0,11.0,7.0,-0.5419226663383029,1.0,1.0,10.0,0.0,1.0,0.0,0.0,-0.2934624253483626,0.0976666373720728,0.948287104331356,0.0,0.3317020080531611,40,-0.6775595529837853,5.0,-0.017476789070131726,1.1979309511046172
0.731834933322211,1.2000976443938185,1.2099501550022678,-1.2343084016398436,-0.858783621453625,5,10.0,11.0,7.0,-0.955772784098045,4.0,12.0,15.0,3.0,0.0,0.0,1.0,-0.2934624253483626,0.0976666373720728,0.948287104331356,0.0,0.3317020080531611,40,-0.6775595529837853,1.0,-0.04752216815308035,1.5263506351911609
0.731834933322211,1.2000976443938185,1.2099501550022678,-1.2343084016398436,-0.858783621453625,5,10.0,11.0,7.0,-0.955772784098045,4.0,11.0,14.0,0.0,0.0,0.0,1.0,-0.2934624253483626,0.0976666373720728,0.948287104331356,0.0,0.3317020080531611,40,-0.6775595529837853,1.0,-0.04752216815308035,1.4913506351911607
0.731834933322211,1.2000976443938185,1.2099501550022678,-1.2343084016398436,-0.858783621453625,5,10.0,11.0,7.0,-0.955772784098045,4.0,10.0,13.0,0.0,0.0,0.0,1.0,-0.2934624253483626,0.0976666373720728,0.948287104331356,0.0,0.3317020080531611,40,-0.6775595529837853,1.0,-0.04752216815308035,1.4563506351911608
1.0267819426760207,2.6578416266446565,0.2637759185988269,-1.951774869480015,-2.062921829595986,5,10.0,11.0,7.0,-1.9214230588707764,4.0,15.0,23.0,6.0,0.0,0.0,1.0,-0.2934624253483626,0.0976666373720728,0.948287104331356,0.0,0.3317020080531611,40,-0.6775595529837853,1.0,-0.16138255148432637,2.346135602990511
1.0267819426760207,2.6578416266446565,0.2637759185988269,-1.951774869480015,-2.062921829595986,5,10.0,11.0,7.0,-1.9214230588707764,4.0,11.0,22.0,6.0,0.0,1.0,0.0,-0.2934624253483626,0.0976666373720728,0.948287104331356,0.0,0.3317020080531611,40,-0.6775595529837853,1.0,-0.16138255148432637,2.3111356029905115
0.7762790032248396,1.0441861269943111,1.0832367117011932,-0.846488689293805,-0.8064297863170006,5,10.0,11.0,7.0,-0.8695540095647654,4.0,22.0,29.0,3.0,0.0,0.0,1.0,-0.2934624253483626,0.0976666373720728,0.948287104331356,0.0,0.3317020080531611,40,-0.6775595529837853,1.0,-0.06750394855817672,1.929953500320105
0.7762790032248396,1.0441861269943111,1.0832367117011932,-0.846488689293805,-0.8064297863170006,5,10.0,11.0,7.0,-0.8695540095647654,4.0,12.0,22.0,8.0,0.0,1.0,0.0,-0.2934624253483626,0.0976666373720728,0.948287104331356,0.0,0.3317020080531611,40,-0.6775595529837853,1.0,-0.06750394855817672,1.684953500320105
0.7762790032248396,1.0441861269943111,1.0832367117011932,-0.846488689293805,-0.8064297863170006,5,10.0,11.0,7.0,-0.8695540095647654,4.0,11.0,13.0,3.0,0.0,0.0,1.0,-0.2934624253483626,0.0976666373720728,0.948287104331356,0.0,0.3317020080531611,40,-0.6775595529837853,1.0,-0.06750394855817672,1.3699535003201049
-0.7221595474922757,-0.780249277820019,-0.7986348954025829,0.762963116942255,0.9561493299493538,5,10.0,11.0,7.0,0.958284010540762,6.0,19.0,23.0,0.0,0.0,0.0,1.0,-0.2934624253483626,0.0976666373720728,0.948287104331356,0.0,0.3317020080531611,40,-0.6775595529837853,1.0,0.40903227209209053,-0.24100989202052325
-0.0591797249447788,0.169326497272825,0.1009597624019155,-0.9434436173803148,-0.5446606106338786,5,10.0,11.0,7.0,-0.4901914016183352,4.0,26.0,28.0,7.0,1.0,0.0,0.0,-0.2934624253483626,0.0976666373720728,0.948287104331356,0.0,0.3317020080531611,40,-0.6775595529837853,1.0,-0.16845203734985803,0.8845463297941922
-0.0591797249447788,0.169326497272825,0.1009597624019155,-0.9434436173803148,-0.5446606106338786,5,10.0,11.0,7.0,-0.4901914016183352,4.0,13.0,16.0,0.0,0.0,0.0,1.0,-0.2934624253483626,0.0976666373720728,0.948287104331356,0.0,0.3317020080531611,40,-0.6775595529837853,1.0,-0.16845203734985803,0.4645463297941922
-0.6827434935786312,1.0300794562985116,0.8184834837983902,-0.3229320776266529,-1.2252604674099956,5,10.0,11.0,7.0,0.992771520354074,4.0,16.0,24.0,10.0,1.0,0.0,0.0,-0.2934624253483626,0.0976666373720728,0.948287104331356,0.0,0.3317020080531611,40,-0.6775595529837853,1.0,0.0828294262786856,1.068131948359496
-0.6827434935786312,1.0300794562985116,0.8184834837983902,-0.3229320776266529,-1.2252604674099956,5,10.0,11.0,7.0,0.992771520354074,4.0,11.0,14.0,3.0,0.0,0.0,1.0,-0.2934624253483626,0.0976666373720728,0.948287104331356,0.0,0.3317020080531611,40,-0.6775595529837853,1.0,0.0828294262786856,0.7181319483594959
0.6113421215861952,1.0244203849147313,1.10220833337979,-2.0875117688011287,-1.015845126863498,5,10.0,11.0,7.0,-1.3351353920444753,4.0,18.0,29.0,3.0,0.0,0.0,1.0,-0.2934624253483626,0.0976666373720728,0.948287104331356,0.0,0.3317020080531611,40,-0.6775595529837853,1.0,0.5229243391554791,1.8569608752921456
0.6113421215861952,1.0244203849147313,1.10220833337979,-2.0875117688011287,-1.015845126863498,5,10.0,11.0,7.0,-1.3351353920444753,4.0,13.0,16.0,0.0,0.0,0.0,1.0,-0.2934624253483626,0.0976666373720728,0.948287104331356,0.0,0.3317020080531611,40,-0.6775595529837853,1.0,0.5229243391554791,1.4019608752921455
0.6113421215861952,1.0244203849147313,1.10220833337979,-2.0875117688011287,-1.015845126863498,5,10.0,11.0,7.0,-1.3351353920444753,4.0,9.0,12.0,0.0,0.0,0.0,1.0,-0.2934624253483626,0.0976666373720728,0.948287104331356,0.0,0.3317020080531611,40,-0.6775595529837853,1.0,0.5229243391554791,1.2619608752921456
0.3537460881505546,0.3044880862651383,0.4965322323272805,-0.2453681351574452,-0.5795631673916282,5,10.0,11.0,7.0,-0.9212852742847332,1.0,1.0,6.0,0.0,1.0,0.0,0.0,-0.2934624253483626,0.0976666373720728,0.948287104331356,0.0,0.3317020080531611,40,-0.6775595529837853,5.0,-0.05426096687485923,0.4540146028794685
1.3911335298777736,1.9426662285785317,-0.1180633624994945,-2.20385768250494,-1.4870296430931176,5,10.0,11.0,7.0,-1.5593042058310025,4.0,12.0,16.0,2.0,0.0,0.0,1.0,-0.2934624253483626,0.0976666373720728,0.948287104331356,0.0,0.3317020080531611,40,-0.6775595529837853,1.0,0.4230373729841321,1.8248224715189318
1.3911335298777736,1.9426662285785317,-0.1180633624994945,-2.20385768250494,-1.4870296430931176,5,10.0,11.0,7.0,-1.5593042058310025,4.0,19.0,23.0,6.0,0.0,0.0,1.0,-0.2934624253483626,0.0976666373720728,0.948287104331356,0.0,0.3317020080531611,40,-0.6775595529837853,1.0,0.4230373729841321,2.0698224715189317
0.6020941636064561,0.6666686548270663,-0.5083973995733064,-0.7689247468245973,-0.3003427133296314,5,10.0,11.0,7.0,-1.7144979999909054,4.0,14.0,17.0,3.0,0.0,0.0,1.0,-0.2934624253483626,0.0976666373720728,0.948287104331356,0.0,0.3317020080531611,40,-0.6775595529837853,1.0,0.3193585240364822,0.8421686051954905
-0.7759413613744468,0.427429361689579,1.5413872173126757,0.801745088176859,-1.539383478229742,5,10.0,11.0,7.0,0.958284010540762,5.0,11.0,15.0,7.0,1.0,0.0,0.0,-0.2934624253483626,0.0976666373720728,0.948287104331356,0.0,0.3317020080531611,40,-0.6775595529837853,1.0,0.6589665503863972,0.6299756674481249
1.0267819426760207,2.6578416266446565,0.2637759185988269,-1.951774869480015,-2.062921829595986,5,10.0,11.0,7.0,-1.9214230588707764,4.0,10.0,12.0,3.0,0.0,0.0,1.0,-0.2934624253483626,0.0976666373720728,0.948287104331356,0.0,0.3317020080531611,40,-0.6775595529837853,1.0,-0.16138255148432637,1.9611356029905114
0.6020941636064561,0.6666686548270663,-0.5083973995733064,-0.7689247468245973,-0.3003427133296314,5,10.0,11.0,7.0,-1.7144979999909054,4.0,10.0,13.0,0.0,0.0,0.0,1.0,-0.2934624253483626,0.0976666373720728,0.948287104331356,0.0,0.3317020080531611,40,-0.6775595529837853,1.0,0.3193585240364822,0.7021686051954905
0.6020941636064561,0.6666686548270663,-0.5083973995733064,-0.7689247468245973,-0.3003427133296314,5,10.0,11.0,7.0,-1.7144979999909054,4.0,12.0,15.0,3.0,0.0,0.0,1.0,-0.2934624253483626,0.0976666373720728,0.948287104331356,0.0,0.3317020080531611,40,-0.6775595529837853,1.0,0.3193585240364822,0.7721686051954906
1.9881362201203487,3.0510675289996483,0.9356414707704396,-1.7370886558416976,-2.0994058625961696,6,10.0,11.0,7.0,-2.4003660529442405,4.0,9.0,12.0,0.0,0.0,0.0,1.0,-0.3685453020548533,0.0976666373720728,0.3104494468733118,0.0,0.2169801973136143,69,-0.5614359971914861,1.0,2.5144148098991104,2.7244148098991103
-0.3222838211980376,0.062245154882352,0.3197526099495033,-0.1767608867386276,-0.3856901853533517,6,10.0,11.0,7.0,-0.384564698987567,4.0,14.0,19.0,8.0,0.0,1.0,0.0,-0.3685453020548533,0.0976666373720728,0.3104494468733118,0.0,0.2169801973136143,69,-0.5614359971914861,1.0,1.1901844517804534,0.4384094373965858
0.1103452003837532,0.7504137752477749,0.2488602002432832,-1.240713146963696,-0.9588835629966408,6,10.0,11.0,7.0,-0.2139766099128375,4.0,10.0,23.0,3.0,0.0,0.0,1.0,-0.3685453020548533,0.0976666373720728,0.3104494468733118,0.0,0.2169801973136143,69,-0.5614359971914861,1.0,0.4534538560048274,1.0484538560048275
1.2266534075503883,2.223997882364813,0.941490810248877,-2.3079204910513997,-2.0360435126184178,6,10.0,11.0,7.0,-2.177678239302153,6.0,19.0,24.0,12.0,0.0,1.0,0.0,-0.3685453020548533,0.0976666373720728,0.3104494468733118,0.0,0.2169801973136143,69,-0.5614359971914861,1.0,-0.3210494361900503,2.435089123513565
0.1103452003837532,0.7504137752477749,0.2488602002432832,-1.240713146963696,-0.9588835629966408,6,10.0,11.0,7.0,-0.2139766099128375,4.0,11.0,13.0,0.0,0.0,0.0,1.0,-0.3685453020548533,0.0976666373720728,0.3104494468733118,0.0,0.2169801973136143,69,-0.5614359971914861,1.0,0.4534538560048274,0.6984538560048275
-0.599412239063458,-0.7118789116512606,-0.2337103067278271,0.7199701131044103,0.9419869363359068,6,10.0,11.0,7.0,0.879218111602864,4.0,15.0,23.0,6.0,0.0,0.0,1.0,-0.3685453020548533,0.0976666373720728,0.3104494468733118,0.0,0.2169801973136143,69,-0.5614359971914861,1.0,-0.04298174900130601,-0.05688044666989567
0.563075528025137,1.1177613130067916,0.0343270729017593,-1.3399882487392962,-2.564063095766348,6,10.0,11.0,6.0,0.6970189913502471,5.0,16.0,18.0,5.0,0.0,0.0,1.0,-0.3685453020548533,0.0976666373720728,0.3104494468733118,0.0,0.2169801973136143,69,-0.5614359971914861,1.0,-0.7794939033112607,1.1809225964574113
-0.4927759516904939,-0.5338832675936701,-0.3190786203892921,-1.377854114860671,0.8052976324753022,6,10.0,11.0,7.0,0.0208146715243622,3.0,7.0,10.0,0.0,0.0,0.0,1.0,-0.3685453020548533,0.0976666373720728,0.3104494468733118,0.0,0.2169801973136143,69,-0.5614359971914861,1.0,0.4356472286166023,-0.4103769507774654
1.9881362201203487,3.0510675289996483,0.9356414707704396,-1.7370886558416976,-2.0994058625961696,6,10.0,11.0,7.0,-2.4003660529442405,4.0,15.0,18.0,5.0,0.0,0.0,1.0,-0.3685453020548533,0.0976666373720728,0.3104494468733118,0.0,0.2169801973136143,69,-0.5614359971914861,1.0,2.5144148098991104,2.9344148098991103
1.4013465233752616,2.7580282900086286,2.2209478014589115,-2.3079204910513997,-2.7541501456996023,6,10.0,11.0,7.0,-1.9549904256600656,4.0,12.0,15.0,0.0,0.0,0.0,1.0,-0.3685453020548533,0.0976666373720728,0.3104494468733118,0.0,0.2169801973136143,69,-0.5614359971914861,1.0,0.9633876423656925,2.7931743409589553
1.4013465233752616,2.7580282900086286,2.2209478014589115,-2.3079204910513997,-2.7541501456996023,6,10.0,11.0,7.0,-1.9549904256600656,4.0,14.0,19.0,8.0,0.0,1.0,0.0,-0.3685453020548533,0.0976666373720728,0.3104494468733118,0.0,0.2169801973136143,69,-0.5614359971914861,1.0,0.9633876423656925,2.9331743409589555
-0.6419656903541323,-0.7544636964734417,-0.6624324826180259,0.7696076639922105,0.9208661530099896,6,10.0,11.0,7.0,0.777996378129188,4.0,12.0,16.0,2.0,0.0,0.0,1.0,-0.3685453020548533,0.0976666373720728,0.3104494468733118,0.0,0.2169801973136143,69,-0.5614359971914861,1.0,0.5301455757781005,-0.4594497871544046
1.4410204178116797,2.673611481712133,2.047704129259301,-2.9532086525928016,-1.613627846100074,6,10.0,11.0,7.0,-2.4813434397231813,5.0,22.0,25.0,0.0,0.0,0.0,1.0,-0.3685453020548533,0.0976666373720728,0.3104494468733118,0.0,0.2169801973136143,69,-0.5614359971914861,1.0,0.08163196205540653,3.075103618875595
0.6010726670208587,1.1140478583365498,1.2585237831009406,-1.177671910173664,-1.2832462219778444,6,10.0,11.0,7.0,-0.4469307559894023,6.0,16.0,18.0,6.0,0.0,0.0,1.0,-0.3685453020548533,0.0976666373720728,0.3104494468733118,0.0,0.2169801973136143,69,-0.5614359971914861,1.0,1.1315071204183114,1.5515071204183113
0.7955135248734588,0.8236797644408859,-0.1737769749411443,-0.877398603143153,-0.2303439482452664,6,10.0,11.0,7.0,-0.7743525552490375,5.0,25.0,27.0,7.0,0.0,0.0,1.0,-0.3685453020548533,0.0976666373720728,0.3104494468733118,0.0,0.2169801973136143,69,-0.5614359971914861,1.0,0.025793376666855883,1.4195997718361126
-0.6998564156498368,-0.0925590387434141,-0.4010660950297131,0.503858609197197,-0.4202115713773707,6,10.0,11.0,7.0,0.6132922130417973,6.0,12.0,15.0,0.0,0.0,0.0,1.0,-0.3685453020548533,0.0976666373720728,0.3104494468733118,0.0,0.2169801973136143,69,-0.5614359971914861,1.0,-0.2868676491080219,-0.12696446074049894
-0.6998564156498368,-0.0925590387434141,-0.4010660950297131,0.503858609197197,-0.4202115713773707,6,10.0,11.0,7.0,0.6132922130417973,6.0,16.0,17.0,9.0,1.0,0.0,0.0,-0.3685453020548533,0.0976666373720728,0.3104494468733118,0.0,0.2169801973136143,69,-0.5614359971914861,1.0,-0.2868676491080219,-0.05696446074049899
1.0848939804752027,3.574961546441237,0.6971575866305859,-1.89832784704689,-1.4213317660739202,6,10.0,11.0,7.0,-1.850167038530696,4.0,12.0,16.0,2.0,0.0,0.0,1.0,-0.3685453020548533,0.0976666373720728,0.3104494468733118,0.0,0.2169801973136143,69,-0.5614359971914861,1.0,0.37806267617931855,2.734291104420016
1.0848939804752027,3.574961546441237,0.6971575866305859,-1.89832784704689,-1.4213317660739202,6,10.0,11.0,7.0,-1.850167038530696,4.0,19.0,23.0,6.0,0.0,0.0,1.0,-0.3685453020548533,0.0976666373720728,0.3104494468733118,0.0,0.2169801973136143,69,-0.5614359971914861,1.0,0.37806267617931855,2.979291104420016
-0.2320959550679706,-0.5200142227996475,-0.8964921873408684,0.4838403887284963,0.0630878329588946,6,10.0,11.0,7.0,-1.66306886752519,3.0,7.0,10.0,0.0,0.0,0.0,1.0,-0.3685453020548533,0.0976666373720728,0.3104494468733118,0.0,0.2169801973136143,69,-0.5614359971914861,1.0,0.11006326429005203,-0.4512473612762061
0.8608973519519483,-0.0042140250843804,-0.1609390785561672,-1.017526146424058,-0.1267797901732096,6,10.0,11.0,7.0,-0.3221986419857318,6.0,19.0,23.0,0.0,0.0,0.0,1.0,-0.3685453020548533,0.0976666373720728,0.3104494468733118,0.0,0.2169801973136143,69,-0.5614359971914861,1.0,0.11378467634709487,0.9049804909594594
-0.6820661858059955,-0.8094152748677204,0.2251187635366829,0.7447888885483104,0.9842285029877412,6,10.0,11.0,7.0,0.8994624582975992,3.0,7.0,13.0,9.0,0.0,0.0,1.0,-0.3685453020548533,0.0976666373720728,0.3104494468733118,0.0,0.2169801973136143,69,-0.5614359971914861,1.0,-0.17787583636510101,-0.35966237536559353
-0.2320959550679706,-0.5200142227996475,-0.8964921873408684,0.4838403887284963,0.0630878329588946,6,10.0,11.0,7.0,-1.66306886752519,3.0,13.0,16.0,3.0,0.0,0.0,1.0,-0.3685453020548533,0.0976666373720728,0.3104494468733118,0.0,0.2169801973136143,69,-0.5614359971914861,1.0,0.11006326429005203,-0.2412473612762061
-0.6419656903541323,-0.7544636964734417,-0.6624324826180259,0.7696076639922105,0.9208661530099896,6,10.0,11.0,7.0,0.777996378129188,4.0,19.0,23.0,6.0,0.0,0.0,1.0,-0.3685453020548533,0.0976666373720728,0.3104494468733118,0.0,0.2169801973136143,69,-0.5614359971914861,1.0,0.5301455757781005,-0.21444978715440455
0.8384691787099087,2.9979932494321013,0.677463086494542,-1.4979634376728754,-1.990934635470233,6,10.0,11.0,7.0,-0.9458592120040844,4.0,10.0,12.0,3.0,0.0,0.0,1.0,-0.3685453020548533,0.0976666373720728,0.3104494468733118,0.0,0.2169801973136143,69,-0.5614359971914861,1.0,-0.1753258916133831,2.205002405571646
0.8384691787099087,2.9979932494321013,0.677463086494542,-1.4979634376728754,-1.990934635470233,6,10.0,11.0,7.0,-0.9458592120040844,4.0,15.0,23.0,6.0,0.0,0.0,1.0,-0.3685453020548533,0.0976666373720728,0.3104494468733118,0.0,0.2169801973136143,69,-0.5614359971914861,1.0,-0.1753258916133831,2.590002405571646
0.6010726670208587,1.1140478583365498,1.2585237831009406,-1.177671910173664,-1.2832462219778444,6,10.0,11.0,7.0,-0.4469307559894023,6.0,17.0,23.0,10.0,1.0,0.0,0.0,-0.3685453020548533,0.0976666373720728,0.3104494468733118,0.0,0.2169801973136143,69,-0.5614359971914861,1.0,1.1315071204183114,1.7265071204183116
0.8384691787099087,2.9979932494321013,0.677463086494542,-1.4979634376728754,-1.990934635470233,6,10.0,11.0,7.0,-0.9458592120040844,4.0,11.0,22.0,6.0,0.0,1.0,0.0,-0.3685453020548533,0.0976666373720728,0.3104494468733118,0.0,0.2169801973136143,69,-0.5614359971914861,1.0,-0.1753258916133831,2.555002405571646
-0.4927759516904939,-0.5338832675936701,-0.3190786203892921,-1.377854114860671,0.8052976324753022,6,10.0,11.0,7.0,0.0208146715243622,3.0,10.0,27.0,3.0,0.0,0.0,1.0,-0.3685453020548533,0.0976666373720728,0.3104494468733118,0.0,0.2169801973136143,69,-0.5614359971914861,1.0,0.4356472286166023,0.1846230492225347
-0.7455936934409345,-0.7996049422630928,-0.7572937496551936,0.8987000162633686,0.8688929380549798,6,10.0,11.0,7.0,0.941040255634106,4.0,12.0,16.0,2.0,0.0,0.0,1.0,-0.3685453020548533,0.0976666373720728,0.3104494468733118,0.0,0.2169801973136143,69,-0.5614359971914861,1.0,0.5334435458934852,-0.5287071595774839
-0.7455936934409345,-0.7996049422630928,-0.7572937496551936,0.8987000162633686,0.8688929380549798,6,10.0,11.0,7.0,0.941040255634106,4.0,19.0,23.0,6.0,0.0,0.0,1.0,-0.3685453020548533,0.0976666373720728,0.3104494468733118,0.0,0.2169801973136143,69,-0.5614359971914861,1.0,0.5334435458934852,-0.28370715957748394
1.4707737117032924,1.4546738411366222,0.3751988011440173,-1.4670002290474669,-1.3997732511987435,6,10.0,11.0,7.0,-1.9386668137774323,5.0,11.0,15.0,7.0,1.0,0.0,0.0,-0.3685453020548533,0.0976666373720728,0.3104494468733118,0.0,0.2169801973136143,69,-0.5614359971914861,1.0,0.43885473637461725,1.6955347375070247
0.7787032252195284,0.9808701399178142,0.5988940418319472,-1.2924813584917494,-0.858783621453625,6,10.0,11.0,7.0,-0.7833352350314858,6.0,12.0,15.0,0.0,0.0,0.0,1.0,-0.3685453020548533,0.0976666373720728,0.3104494468733118,0.0,0.2169801973136143,69,-0.5614359971914861,1.0,-0.41191260049388684,1.2485300045040153
-0.2189811757993203,-0.8066945938021025,-1.0086778955232234,0.5639132706032992,0.6499513953672168,6,10.0,11.0,7.0,-1.242097982762802,5.0,16.0,18.0,5.0,0.0,0.0,1.0,-0.3685453020548533,0.0976666373720728,0.3104494468733118,0.0,0.2169801973136143,69,-0.5614359971914861,1.0,-0.4001985787127406,-0.33625870193666885
0.7787032252195284,0.9808701399178142,0.5988940418319472,-1.2924813584917494,-0.858783621453625,6,10.0,11.0,7.0,-0.7833352350314858,6.0,16.0,17.0,9.0,1.0,0.0,0.0,-0.3685453020548533,0.0976666373720728,0.3104494468733118,0.0,0.2169801973136143,69,-0.5614359971914861,1.0,-0.41191260049388684,1.3185300045040154
-0.7372435954592285,-0.7867285044768108,-0.7378973901778223,0.801745088176859,0.9910518867071034,6,10.0,11.0,6.0,0.8893089909141384,2.0,5.0,11.0,4.0,0.0,1.0,0.0,-0.3685453020548533,0.0976666373720728,0.3104494468733118,0.0,0.2169801973136143,69,-0.5614359971914861,2.0,0.6205703699319802,-0.6891762203358069
-0.2960542626607371,-0.4664620729591441,-0.3508815909793486,-0.3969613118943356,0.4600837722351126,6,10.0,11.0,7.0,0.3326449565335385,5.0,14.0,24.0,6.0,0.0,0.0,1.0,-0.3685453020548533,0.0976666373720728,0.3104494468733118,0.0,0.2169801973136143,69,-0.5614359971914861,1.0,-0.8769048725397566,0.1852507032274373
0.7380175722826365,1.5799034612155387,1.573198129719069,-1.1176172487675615,-1.196942756917797,6,10.0,11.0,7.0,0.036406185774821,5.0,13.0,18.0,3.0,0.0,0.0,1.0,-0.3685453020548533,0.0976666373720728,0.3104494468733118,0.0,0.2169801973136143,69,-0.5614359971914861,1.0,0.04857740658463765,1.9205567292308356
0.7380175722826365,1.5799034612155387,1.573198129719069,-1.1176172487675615,-1.196942756917797,6,10.0,11.0,7.0,0.036406185774821,5.0,15.0,17.0,6.0,0.0,0.0,1.0,-0.3685453020548533,0.0976666373720728,0.3104494468733118,0.0,0.2169801973136143,69,-0.5614359971914861,1.0,0.04857740658463765,1.8855567292308355
-0.6672418005192695,-0.6105787416954662,0.2999559009814003,0.7199701131044103,0.6674167530989833,6,10.0,11.0,7.0,0.7982407248239232,3.0,7.0,10.0,0.0,0.0,0.0,1.0,-0.3685453020548533,0.0976666373720728,0.3104494468733118,0.0,0.2169801973136143,69,-0.5614359971914861,1.0,0.10216044524340792,-0.3485107136698325
-0.6672418005192695,-0.6105787416954662,0.2999559009814003,0.7199701131044103,0.6674167530989833,6,10.0,11.0,7.0,0.7982407248239232,3.0,13.0,16.0,3.0,0.0,0.0,1.0,-0.3685453020548533,0.0976666373720728,0.3104494468733118,0.0,0.2169801973136143,69,-0.5614359971914861,1.0,0.10216044524340792,-0.13851071366983247
0.7380175722826365,1.5799034612155387,1.573198129719069,-1.1176172487675615,-1.196942756917797,6,10.0,11.0,7.0,0.036406185774821,5.0,17.0,23.0,6.0,0.0,0.0,1.0,-0.3685453020548533,0.0976666373720728,0.3104494468733118,0.0,0.2169801973136143,69,-0.5614359971914861,1.0,0.04857740658463765,2.0955567292308355
0.257332401696883,0.6509981315719577,0.5225330187576617,-0.5971435165813429,-0.6618612735455034,6,10.0,11.0,7.0,-0.7899440694994962,5.0,11.0,15.0,7.0,1.0,0.0,0.0,-0.3685453020548533,0.0976666373720728,0.3104494468733118,0.0,0.2169801973136143,69,-0.5614359971914861,1.0,0.6019207179076801,0.8802048298417104
0.4457860777094468,1.3534291748391585,2.384465650137895,-1.1576536897049632,-1.4213317660739202,6,10.0,11.0,7.0,-0.1195089567297671,3.0,7.0,13.0,6.0,1.0,0.0,0.0,-0.3685453020548533,0.0976666373720728,0.3104494468733118,0.0,0.2169801973136143,69,-0.5614359971914861,1.0,0.6359775723514294,1.7322601177537984
-0.3222838211980376,0.062245154882352,0.3197526099495033,-0.1767608867386276,-0.3856901853533517,6,10.0,11.0,7.0,-0.384564698987567,4.0,12.0,15.0,0.0,0.0,0.0,1.0,-0.3685453020548533,0.0976666373720728,0.3104494468733118,0.0,0.2169801973136143,69,-0.5614359971914861,1.0,1.1901844517804534,0.29840943739658576
-0.2698247041234359,1.0953687402035597,1.5198041515724603,0.3236946249788904,-1.2142034499298069,6,10.0,11.0,7.0,0.5197431275390443,5.0,22.0,25.0,0.0,0.0,0.0,1.0,-0.3685453020548533,0.0976666373720728,0.3104494468733118,0.0,0.2169801973136143,69,-0.5614359971914861,1.0,0.6072742824795626,1.4981766576031268
-0.0787456997124011,0.7108400358170617,0.612207405492119,-1.0918004943002957,-0.4942263298264625,6,10.0,11.0,7.0,0.3528650975397485,6.0,12.0,15.0,0.0,0.0,0.0,1.0,-0.3685453020548533,0.0976666373720728,0.3104494468733118,0.0,0.2169801973136143,69,-0.5614359971914861,1.0,-0.36814293456499664,0.7670636792862231
1.6521879204571317,1.1811008035630153,-0.1399488356763995,-1.240713146963696,-0.7899172963893032,6,10.0,11.0,7.0,-2.440854746333711,6.0,,,,,,,-0.3685453020548533,0.0976666373720728,0.3104494468733118,0.0,0.2169801973136143,69,-0.5614359971914861,,0.1750055802056333,
-0.211311965262045,-0.5045469289816513,0.2244306059509841,-0.0494119256564921,0.2872426532324737,6,10.0,11.0,7.0,-0.6795965838917474,3.0,7.0,10.0,0.0,0.0,0.0,1.0,-0.3685453020548533,0.0976666373720728,0.3104494468733118,0.0,0.2169801973136143,69,-0.5614359971914861,1.0,0.4131073001995492,-0.11735788135577596
-0.211311965262045,-0.5045469289816513,0.2244306059509841,-0.0494119256564921,0.2872426532324737,6,10.0,11.0,7.0,-0.6795965838917474,3.0,10.0,27.0,3.0,0.0,0.0,1.0,-0.3685453020548533,0.0976666373720728,0.3104494468733118,0.0,0.2169801973136143,69,-0.5614359971914861,1.0,0.4131073001995492,0.4776421186442241
-0.599412239063458,-0.7118789116512606,-0.2337103067278271,0.7199701131044103,0.9419869363359068,6,10.0,11.0,7.0,0.879218111602864,4.0,10.0,12.0,3.0,0.0,0.0,1.0,-0.3685453020548533,0.0976666373720728,0.3104494468733118,0.0,0.2169801973136143,69,-0.5614359971914861,1.0,-0.04298174900130601,-0.44188044666989573
-0.599412239063458,-0.7118789116512606,-0.2337103067278271,0.7199701131044103,0.9419869363359068,6,10.0,11.0,7.0,0.879218111602864,4.0,11.0,22.0,6.0,0.0,1.0,0.0,-0.3685453020548533,0.0976666373720728,0.3104494468733118,0.0,0.2169801973136143,69,-0.5614359971914861,1.0,-0.04298174900130601,-0.0918804466698957
-0.6820661858059955,-0.8094152748677204,0.2251187635366829,0.7447888885483104,0.9842285029877412,6,10.0,11.0,7.0,0.8994624582975992,3.0,10.0,13.0,3.0,0.0,0.0,1.0,-0.3685453020548533,0.0976666373720728,0.3104494468733118,0.0,0.2169801973136143,69,-0.5614359971914861,1.0,-0.17787583636510101,-0.35966237536559353
0.4457860777094468,1.3534291748391585,2.384465650137895,-1.1576536897049632,-1.4213317660739202,6,10.0,11.0,7.0,-0.1195089567297671,3.0,10.0,13.0,0.0,0.0,0.0,1.0,-0.3685453020548533,0.0976666373720728,0.3104494468733118,0.0,0.2169801973136143,69,-0.5614359971914861,1.0,0.6359775723514294,1.7322601177537984
-0.0787456997124011,0.7108400358170617,0.612207405492119,-1.0918004943002957,-0.4942263298264625,6,10.0,11.0,7.0,0.3528650975397485,6.0,16.0,17.0,9.0,1.0,0.0,0.0,-0.3685453020548533,0.0976666373720728,0.3104494468733118,0.0,0.2169801973136143,69,-0.5614359971914861,1.0,-0.36814293456499664,0.8370636792862232
0.8579842630458342,1.003424409925634,-0.1967814345390443,-0.9628346029976166,-0.9809425701057484,6,10.0,11.0,7.0,-1.0419915586313246,1.0,1.0,9.0,0.0,0.0,1.0,0.0,-0.3685453020548533,0.0976666373720728,0.3104494468733118,0.0,0.2169801973136143,69,-0.5614359971914861,6.0,-0.2503410354620536,0.8709924052886079
-0.7381414554572615,-0.7883688150228336,-0.7819285419841174,0.8405270594114628,1.008503165085978,6,10.0,11.0,7.0,0.9065527458207944,4.0,10.0,12.0,3.0,0.0,0.0,1.0,-0.3685453020548533,0.0976666373720728,0.3104494468733118,0.0,0.2169801973136143,69,-0.5614359971914861,1.0,-0.03172677294315105,-0.6669799678329951
1.2138959662660778,1.5193840921772386,0.9229689822969296,-1.3312633297263532,-2.045470551217111,6,10.0,11.0,7.0,-2.3352731766305186,4.0,12.0,15.0,0.0,0.0,0.0,1.0,-0.3685453020548533,0.0976666373720728,0.3104494468733118,0.0,0.2169801973136143,69,-0.5614359971914861,1.0,1.0570391407726936,1.7630078584819446
2.3623486897499664,1.749437646256996,0.0281880195452092,-2.494722466764469,-1.3125168593043697,6,10.0,11.0,7.0,-2.45597946097711,6.0,,,,,,,-0.3685453020548533,0.0976666373720728,0.3104494468733118,0.0,0.2169801973136143,69,-0.5614359971914861,,0.09412434863814112,
-0.7381414554572615,-0.7883688150228336,-0.7819285419841174,0.8405270594114628,1.008503165085978,6,10.0,11.0,7.0,0.9065527458207944,4.0,11.0,22.0,6.0,0.0,1.0,0.0,-0.3685453020548533,0.0976666373720728,0.3104494468733118,0.0,0.2169801973136143,69,-0.5614359971914861,1.0,-0.03172677294315105,-0.316979967832995
-0.7381414554572615,-0.7883688150228336,-0.7819285419841174,0.8405270594114628,1.008503165085978,6,10.0,11.0,7.0,0.9065527458207944,4.0,15.0,23.0,6.0,0.0,0.0,1.0,-0.3685453020548533,0.0976666373720728,0.3104494468733118,0.0,0.2169801973136143,69,-0.5614359971914861,1.0,-0.03172677294315105,-0.28197996783299495
-0.6783439795882701,-0.719721818671762,-0.7394547621066623,0.762963116942255,0.764185267781731,6,10.0,11.0,6.0,0.54443389278102,1.0,1.0,9.0,0.0,1.0,0.0,0.0,-0.3685453020548533,0.0976666373720728,0.3104494468733118,0.0,0.2169801973136143,69,-0.5614359971914861,6.0,-0.487708496271853,-0.7042815609783605
-0.728713925477916,-0.792141529278687,-0.7899985601608337,0.8599180450287647,1.0259544434648529,6,10.0,11.0,6.0,0.9065527458207944,5.0,14.0,24.0,6.0,0.0,0.0,1.0,-0.3685453020548533,0.0976666373720728,0.3104494468733118,0.0,0.2169801973136143,69,-0.5614359971914861,1.0,-0.4447492967725628,-0.24690487253975646
1.352321435996814,1.5774182566570727,0.96719106627368,-1.758200303765985,-1.1278999848697593,6,10.0,11.0,7.0,-1.0082252690059197,3.0,10.0,13.0,3.0,0.0,0.0,1.0,-0.3685453020548533,0.0976666373720728,0.3104494468733118,0.0,0.2169801973136143,69,-0.5614359971914861,1.0,-0.49139132478244524,1.834946043555816
-0.7666934033947077,-0.84815813442538,-0.7936796210835464,0.8211360737941609,0.9212467731916042,6,10.0,11.0,7.0,0.941040255634106,5.0,17.0,23.0,6.0,0.0,0.0,1.0,-0.3685453020548533,0.0976666373720728,0.3104494468733118,0.0,0.2169801973136143,69,-0.5614359971914861,1.0,0.5325705141333703,-0.3244088085128275
-0.7666934033947077,-0.84815813442538,-0.7936796210835464,0.8211360737941609,0.9212467731916042,6,10.0,11.0,7.0,0.941040255634106,5.0,15.0,17.0,6.0,0.0,0.0,1.0,-0.3685453020548533,0.0976666373720728,0.3104494468733118,0.0,0.2169801973136143,69,-0.5614359971914861,1.0,0.5325705141333703,-0.5344088085128276
-0.7666934033947077,-0.84815813442538,-0.7936796210835464,0.8211360737941609,0.9212467731916042,6,10.0,11.0,7.0,0.941040255634106,5.0,13.0,18.0,3.0,0.0,0.0,1.0,-0.3685453020548533,0.0976666373720728,0.3104494468733118,0.0,0.2169801973136143,69,-0.5614359971914861,1.0,0.5325705141333703,-0.49940880851282754
0.8447857210747507,1.7195019787920716,1.2804566295988429,-1.4670002290474669,-1.2950655809254947,6,10.0,11.0,7.0,0.2340463044612134,6.0,19.0,23.0,0.0,0.0,0.0,1.0,-0.3685453020548533,0.0976666373720728,0.3104494468733118,0.0,0.2169801973136143,69,-0.5614359971914861,1.0,-0.1787385880867512,2.0750735486948435
1.352321435996814,1.5774182566570727,0.96719106627368,-1.758200303765985,-1.1278999848697593,6,10.0,11.0,7.0,-1.0082252690059197,3.0,7.0,13.0,9.0,0.0,0.0,1.0,-0.3685453020548533,0.0976666373720728,0.3104494468733118,0.0,0.2169801973136143,69,-0.5614359971914861,1.0,-0.49139132478244524,1.834946043555816
-0.6534732576427584,-0.7652404363239065,-0.7895738223620591,0.6660081888557454,1.0434057218437278,6,10.0,11.0,7.0,0.7168714418475792,1.0,1.0,10.0,0.0,1.0,0.0,0.0,-0.3685453020548533,0.0976666373720728,0.3104494468733118,0.0,0.2169801973136143,69,-0.5614359971914861,6.0,0.2476578716079237,-0.6930116736417711
1.2138959662660778,1.5193840921772386,0.9229689822969296,-1.3312633297263532,-2.045470551217111,6,10.0,11.0,7.0,-2.3352731766305186,4.0,14.0,19.0,8.0,0.0,1.0,0.0,-0.3685453020548533,0.0976666373720728,0.3104494468733118,0.0,0.2169801973136143,69,-0.5614359971914861,1.0,1.0570391407726936,1.9030078584819445
1.3712333278407374,-0.4113065653389848,-0.0589653334073161,0.0234213179483795,0.2702161491030084,7,10.0,11.0,7.0,-2.255546409042625,5.0,22.0,25.0,0.0,0.0,0.0,1.0,-0.4436281787613427,-0.0721977683999073,-0.0084693818557103,0.0,0.0640177829942189,15,0.5997995607315083,1.0,0.7687163262538586,0.9788505262802392
0.7873405464886478,0.7662795559292092,0.3045805505854397,-1.1976901306423646,-1.4731138451099488,7,10.0,11.0,7.0,-1.6007028105233547,4.0,19.0,23.0,6.0,0.0,0.0,1.0,-0.4436281787613427,-0.0721977683999073,-0.0084693818557103,0.0,0.0640177829942189,15,0.5997995607315083,1.0,0.45437390740804745,1.3417552486167081
-0.7978371216351893,-0.7956314251224778,-1.0035719140064712,0.86418657763381,0.6326907023552074,7,10.0,11.0,7.0,0.6444752415427148,5.0,16.0,18.0,5.0,0.0,0.0,1.0,-0.4436281787613427,-0.0721977683999073,-0.0084693818557103,0.0,0.0640177829942189,15,0.5997995607315083,1.0,-0.3421680870305077,-0.6033806686656006
0.7873405464886478,0.7662795559292092,0.3045805505854397,-1.1976901306423646,-1.4731138451099488,7,10.0,11.0,7.0,-1.6007028105233547,4.0,12.0,16.0,2.0,0.0,0.0,1.0,-0.4436281787613427,-0.0721977683999073,-0.0084693818557103,0.0,0.0640177829942189,15,0.5997995607315083,1.0,0.45437390740804745,1.0967552486167083
-0.8482054767973973,-0.8223273321537464,-1.0123250251780462,0.86418657763381,1.0296866416314254,7,10.0,11.0,7.0,0.9095309838005148,6.0,19.0,24.0,12.0,0.0,1.0,0.0,-0.4436281787613427,-0.0721977683999073,-0.0084693818557103,0.0,0.0640177829942189,15,0.5997995607315083,1.0,0.15056267390928244,-0.42958353708243135
0.8093885812011615,1.6553414447483437,-0.1311785005728115,-1.0775808078301603,-1.783806319326119,7,10.0,11.0,7.0,-1.9748991525343664,4.0,10.0,19.0,3.0,0.0,0.0,1.0,-0.4436281787613427,-0.0721977683999073,-0.0084693818557103,0.0,0.0640177829942189,15,0.5997995607315083,1.0,-0.5482826345040843,1.5286793095639273
0.8093885812011615,1.6553414447483437,-0.1311785005728115,-1.0775808078301603,-1.783806319326119,7,10.0,11.0,7.0,-1.9748991525343664,4.0,16.0,18.0,6.0,0.0,0.0,1.0,-0.4436281787613427,-0.0721977683999073,-0.0084693818557103,0.0,0.0640177829942189,15,0.5997995607315083,1.0,-0.5482826345040843,1.4936793095639274
-0.8323346931896829,1.4259009464796006,1.3543703504296891,0.86418657763381,-0.7654254316175602,7,10.0,11.0,7.0,0.893939469550056,5.0,12.0,15.0,3.0,0.0,0.0,1.0,-0.4436281787613427,-0.0721977683999073,-0.0084693818557103,0.0,0.0640177829942189,15,0.5997995607315083,1.0,-0.5240694502624853,0.9982531424771103
-0.6523390994590746,0.8167853259883662,-0.3100337388453309,0.724059034352905,0.0630878329588946,7,10.0,11.0,7.0,0.893939469550056,5.0,23.0,25.0,6.0,0.0,0.0,1.0,-0.4436281787613427,-0.0721977683999073,-0.0084693818557103,0.0,0.0640177829942189,15,0.5997995607315083,1.0,,0.6770292126642992
-0.646338350762447,-0.7671531020517679,-0.7353771867020725,0.7447888885483104,0.9208661530099896,7,10.0,11.0,7.0,0.8589737649081288,6.0,17.0,27.0,8.0,1.0,0.0,0.0,-0.4436281787613427,-0.0721977683999073,-0.0084693818557103,0.0,0.0640177829942189,15,0.5997995607315083,1.0,1.8685039529717127,-0.13739713291116407
-0.6394060842614601,-0.6866076378300169,-0.0637353830602845,0.7199701131044103,0.963107719661824,7,10.0,11.0,7.0,0.8387294182133935,6.0,,,,,,,-0.4436281787613427,-0.0721977683999073,-0.0084693818557103,0.0,0.0640177829942189,15,0.5997995607315083,,1.063332218867007,
-0.6299142116678007,-0.7416667535597056,-0.7190334440417321,0.6951513376605102,0.9208661530099896,7,10.0,11.0,7.0,0.8387294182133935,7.0,,,,,,,-0.4436281787613427,-0.0721977683999073,-0.0084693818557103,0.0,0.0640177829942189,15,0.5997995607315083,,-0.02649960196414955,
1.1025125120557897,1.425640704284328,0.692033685433151,-1.7619074312855976,-1.4657823628186537,7,10.0,11.0,7.0,-1.2666826380390686,4.0,12.0,16.0,2.0,0.0,0.0,1.0,-0.4436281787613427,-0.0721977683999073,-0.0084693818557103,0.0,0.0640177829942189,15,0.5997995607315083,1.0,0.42855767018199875,1.638896230363732
1.1025125120557897,1.425640704284328,0.692033685433151,-1.7619074312855976,-1.4657823628186537,7,10.0,11.0,7.0,-1.2666826380390686,4.0,19.0,23.0,6.0,0.0,0.0,1.0,-0.4436281787613427,-0.0721977683999073,-0.0084693818557103,0.0,0.0640177829942189,15,0.5997995607315083,1.0,0.42855767018199875,1.8838962303637319
-0.6700147071196643,-0.7446777989511727,-0.7056143711206103,0.6951513376605102,0.857503803032238,7,10.0,11.0,7.0,0.8184850715186583,6.0,19.0,24.0,12.0,0.0,1.0,0.0,-0.4436281787613427,-0.0721977683999073,-0.0084693818557103,0.0,0.0640177829942189,15,0.5997995607315083,1.0,0.1180866164613321,-0.2347271923947294
2.004667009468857,1.9935453725821517,0.2271832362937786,-2.134189062944099,-1.2545745295594817,7,10.0,11.0,7.0,-2.380121706249505,5.0,15.0,17.0,11.0,1.0,0.0,0.0,-0.4436281787613427,-0.0721977683999073,-0.0084693818557103,0.0,0.0640177829942189,15,0.5997995607315083,1.0,-0.5934821599893931,2.203026251741283
-0.8323346931896829,1.4259009464796006,1.3543703504296891,0.86418657763381,-0.7654254316175602,7,10.0,11.0,7.0,0.893939469550056,5.0,18.0,28.0,9.0,0.0,1.0,0.0,-0.4436281787613427,-0.0721977683999073,-0.0084693818557103,0.0,0.0640177829942189,15,0.5997995607315083,1.0,-0.5240694502624853,1.4532531424771102
-0.0009976646474851,0.1193846910645469,0.4215877542536197,-0.4216935573149933,-0.9166419963448064,7,10.0,11.0,7.0,-0.3961757301654544,6.0,,,,,,,-0.4436281787613427,-0.0721977683999073,-0.0084693818557103,0.0,0.0640177829942189,15,0.5997995607315083,,,
-0.6049580522642476,-0.7758636262199416,0.6156481934206117,0.7696076639922105,0.9419869363359068,7,10.0,11.0,7.0,0.777996378129188,5.0,16.0,18.0,5.0,0.0,0.0,1.0,-0.4436281787613427,-0.0721977683999073,-0.0084693818557103,0.0,0.0640177829942189,15,0.5997995607315083,1.0,-0.47770571255366157,-0.06123016657298497
0.7166518935854658,0.6550281587395056,0.4924679855805711,-1.935638859392898,-0.980004346322558,7,10.0,11.0,7.0,-1.0642391710917165,6.0,,,,,,,-0.4436281787613427,-0.0721977683999073,-0.0084693818557103,0.0,0.0640177829942189,15,0.5997995607315083,,-0.913964399753026,
-0.7088353995251918,-0.828771995241439,-0.7725376963297945,0.7696076639922105,1.0264700696395757,7,10.0,11.0,6.0,0.8589737649081288,6.0,,,,,,,-0.4436281787613427,-0.0721977683999073,-0.0084693818557103,0.0,0.0640177829942189,15,0.5997995607315083,,0.4797829933162892,
1.088105780541668,2.195520099248011,-0.2511478727821868,-0.7883157324418992,-1.4346758079564932,7,10.0,11.0,7.0,-0.7660914801248299,1.0,1.0,10.0,0.0,1.0,0.0,0.0,-0.4436281787613427,-0.0721977683999073,-0.0084693818557103,0.0,0.0640177829942189,15,0.5997995607315083,7.0,-0.07042433475289059,1.4985637708839292
0.930890494886106,2.000651206380452,2.1239858979651007,-1.5639551571339765,-1.4346758079564932,7,10.0,11.0,7.0,-0.4212163819917114,6.0,17.0,27.0,8.0,1.0,0.0,0.0,-0.4436281787613427,-0.0721977683999073,-0.0084693818557103,0.0,0.0640177829942189,15,0.5997995607315083,1.0,-0.8373971329111642,2.568503952971713
-0.1231073568047213,1.5685113930306345,1.495940272843798,-0.7883157324418992,-1.5568347566086167,7,10.0,11.0,7.0,0.6651401771276114,6.0,,,,,,,-0.4436281787613427,-0.0721977683999073,-0.0084693818557103,0.0,0.0640177829942189,15,0.5997995607315083,,-0.6112297619327909,
-0.7603185974086744,-0.8273261904908853,-0.8058554379817505,0.8211360737941609,0.9736006083282286,7,10.0,11.0,7.0,0.9237965007274502,7.0,,,,,,,-0.4436281787613427,-0.0721977683999073,-0.0084693818557103,0.0,0.0640177829942189,15,0.5997995607315083,,-0.0024157938695705816,
-0.791115195341203,-0.8849831061836018,-0.8105275537682702,0.8599180450287647,0.9212467731916042,7,10.0,11.0,6.0,0.8548214811008266,6.0,19.0,24.0,12.0,0.0,1.0,0.0,-0.4436281787613427,-0.0721977683999073,-0.0084693818557103,0.0,0.0640177829942189,15,0.5997995607315083,1.0,0.13829022300771998,-0.3559488316730567
-0.7791736573673654,-0.8694001559963808,-0.8041564867866523,0.8599180450287647,0.9561493299493538,7,10.0,11.0,6.0,0.8720652360074824,5.0,22.0,25.0,0.0,0.0,0.0,1.0,-0.4436281787613427,-0.0721977683999073,-0.0084693818557103,0.0,0.0640177829942189,15,0.5997995607315083,1.0,1.197376934252987,-0.3071312977171463
-0.7643589673998222,-0.846189761770152,-0.3314233167505769,0.8405270594114628,1.0434057218437278,7,10.0,11.0,7.0,0.941040255634106,6.0,,,,,,,-0.4436281787613427,-0.0721977683999073,-0.0084693818557103,0.0,0.0640177829942189,15,0.5997995607315083,,0.464301232708504,
-0.7923721993384489,-0.8147778148138077,-0.8398344618837144,0.8793090306460667,0.938698051570479,7,10.0,11.0,7.0,0.8375777261941706,5.0,16.0,18.0,5.0,0.0,0.0,1.0,-0.4436281787613427,-0.0721977683999073,-0.0084693818557103,0.0,0.0640177829942189,15,0.5997995607315083,1.0,-0.35748673517946083,-0.542106076069788
-0.8638861911403493,-0.8687445398747816,-1.022245217839165,0.9042230185712116,1.1850328787395106,7,10.0,11.0,7.0,0.9095309838005148,6.0,,,,,,,-0.4436281787613427,-0.0721977683999073,-0.0084693818557103,0.0,0.0640177829942189,15,0.5997995607315083,,0.5016575595355344,
0.7405441753031302,1.34575722088068,1.2413807521115847,-1.389436286578259,-0.9460400133479988,7,10.0,11.0,7.0,-0.1798038132985286,2.0,5.0,11.0,4.0,0.0,1.0,0.0,-0.4436281787613427,-0.0721977683999073,-0.0084693818557103,0.0,0.0640177829942189,15,0.5997995607315083,3.0,0.09077307613336916,1.395012954858637
-0.7062674255270934,-0.7691771816343618,-0.7657885056306843,0.8405270594114628,0.938698051570479,7,10.0,11.0,6.0,0.8030902163808588,2.0,6.0,14.0,5.0,1.0,0.0,0.0,-0.4436281787613427,-0.0721977683999073,-0.0084693818557103,0.0,0.0640177829942189,15,0.5997995607315083,2.0,0.5180214890735126,-0.6055839722596132
-0.6810375595823689,-0.7942739329885175,-0.7815038041853428,0.8405270594114628,0.9561493299493538,7,10.0,11.0,7.0,0.4582151182477404,1.0,1.0,9.0,0.0,0.0,1.0,0.0,-0.4436281787613427,-0.0721977683999073,-0.0084693818557103,0.0,0.0640177829942189,15,0.5997995607315083,7.0,0.019939440786021185,-0.7856904521998407
-0.7480179154356235,-0.8037057186281511,-0.8079791269756229,0.7823541025595571,0.8863442164338546,7,10.0,11.0,7.0,0.6996276869409233,5.0,15.0,17.0,11.0,1.0,0.0,0.0,-0.4436281787613427,-0.0721977683999073,-0.0084693818557103,0.0,0.0640177829942189,15,0.5997995607315083,1.0,0.09353449941014969,-0.5450403858568884
0.975603922788145,0.9163239199318004,0.7029548025317119,-1.4863912146647686,-1.2601630241677453,7,10.0,11.0,7.0,-2.1628356275639598,4.0,12.0,16.0,2.0,0.0,0.0,1.0,-0.4436281787613427,-0.0721977683999073,-0.0084693818557103,0.0,0.0640177829942189,15,0.5997995607315083,1.0,0.44331846610808207,1.328919515915981
0.975603922788145,0.9163239199318004,0.7029548025317119,-1.4863912146647686,-1.2601630241677453,7,10.0,11.0,7.0,-2.1628356275639598,4.0,19.0,23.0,6.0,0.0,0.0,1.0,-0.4436281787613427,-0.0721977683999073,-0.0084693818557103,0.0,0.0640177829942189,15,0.5997995607315083,1.0,0.44331846610808207,1.573919515915981
-0.7850995333543824,-0.8425810785689012,-0.7537542679987387,0.8405270594114628,0.9910518867071034,7,10.0,11.0,7.0,0.992771520354074,6.0,,,,,,,-0.4436281787613427,-0.0721977683999073,-0.0084693818557103,0.0,0.0640177829942189,15,0.5997995607315083,,0.7513351708118674,
1.2622906201600514,2.0052440759093177,0.595071401642976,-1.8936019126281087,-1.783701375533989,7,10.0,11.0,7.0,-1.404110411671099,6.0,13.0,14.0,0.0,0.0,0.0,1.0,-0.4436281787613427,-0.0721977683999073,-0.0084693818557103,0.0,0.0640177829942189,15,0.5997995607315083,1.0,-0.9078609732949321,1.848717949012266
-0.72745692148067,-0.7308759303847197,-0.7179347136354182,0.8793090306460667,0.7990878245394806,7,10.0,11.0,6.0,0.941040255634106,1.0,1.0,9.0,0.0,1.0,0.0,0.0,-0.4436281787613427,-0.0721977683999073,-0.0084693818557103,0.0,0.0640177829942189,15,0.5997995607315083,7.0,-0.4837209362008811,-0.7592193613332199
-0.6427122421311615,-0.7595179512376902,-0.7097433166348018,0.7199701131044103,0.8997453696840724,8,10.0,11.0,6.0,0.7375076847397175,5.0,12.0,15.0,3.0,0.0,0.0,1.0,-0.4436281787613427,0.6072598546880135,-0.1360369133473482,0.0,-0.1080649331151005,6,-0.5614359971914861,1.0,-0.2153746012987984,-0.5802211023413242
-0.7325117558824092,-0.8759808854862307,-0.7594627022015219,0.7944264394361106,0.963107719661824,8,10.0,11.0,6.0,0.8184850715186583,5.0,,,,,,,-0.4436281787613427,0.6072598546880135,-0.1360369133473482,0.0,-0.1080649331151005,6,-0.5614359971914861,,-0.057661684382482835,
-0.7095819513022213,-0.8402784901302606,-0.7849245328723683,0.8192452148800106,0.963107719661824,8,10.0,11.0,6.0,0.8387294182133935,5.0,16.0,27.0,6.0,0.0,1.0,0.0,-0.4436281787613427,0.6072598546880135,-0.1360369133473482,0.0,-0.1080649331151005,6,-0.5614359971914861,1.0,-0.9122269900746324,-0.24722699007463234
-0.3240412835934805,-0.4466918425313148,-0.086444583388337,0.3476884814459091,0.5406920531434801,8,10.0,11.0,7.0,-0.9022843975338348,6.0,,,,,,,-0.4436281787613427,0.6072598546880135,-0.1360369133473482,0.0,-0.1080649331151005,6,-0.5614359971914861,,0.4034328443718852,
-0.7095819513022213,-0.8402784901302606,-0.7849245328723683,0.8192452148800106,0.963107719661824,8,10.0,11.0,6.0,0.8387294182133935,5.0,16.0,19.0,3.0,0.0,0.0,1.0,-0.4436281787613427,0.6072598546880135,-0.1360369133473482,0.0,-0.1080649331151005,6,-0.5614359971914861,1.0,-0.9122269900746324,-0.5272269900746324
-0.7022230837857887,-0.8504945369941683,-0.7730538145190685,0.7944264394361106,1.0264700696395757,8,10.0,11.0,7.0,0.879218111602864,6.0,13.0,14.0,0.0,0.0,0.0,1.0,-0.4436281787613427,0.6072598546880135,-0.1360369133473482,0.0,-0.1080649331151005,6,-0.5614359971914861,1.0,-0.06989975910389679,-0.7001656935608402
-0.6598468354172151,-0.6788268108745534,-0.8677528056608629,0.724059034352905,0.8398190184993211,8,10.0,11.0,7.0,0.5041516132885855,5.0,15.0,17.0,11.0,1.0,0.0,0.0,-0.4436281787613427,0.6072598546880135,-0.1360369133473482,0.0,-0.1080649331151005,6,-0.5614359971914861,1.0,0.07921544911540732,-0.522764184677919
-0.7266459919200352,-0.8724321534177162,-0.7904297935579567,0.7696076639922105,1.0264700696395757,8,10.0,11.0,6.0,0.9197068049923344,10.0,,,,,,,-0.4436281787613427,0.6072598546880135,-0.1360369133473482,0.0,-0.1080649331151005,6,-0.5614359971914861,,-0.21924708406950155,
-0.6637223421418452,-0.7575822792003183,-0.7235064683487726,0.7696076639922105,1.0264700696395757,8,10.0,11.0,7.0,0.879218111602864,10.0,,,,,,,-0.4436281787613427,0.6072598546880135,-0.1360369133473482,0.0,-0.1080649331151005,6,-0.5614359971914861,,-0.24445713631084506,
0.2793858527539756,-0.0058963046875773,0.8461809846296271,-0.7691564135295945,-1.0433666963003096,8,10.0,11.0,7.0,-0.8617957041443643,7.0,,,,,,,-0.4436281787613427,0.6072598546880135,-0.1360369133473482,0.0,-0.1080649331151005,6,-0.5614359971914861,,-0.31970704676898715,
-0.6427122421311615,-0.7595179512376902,-0.7097433166348018,0.7199701131044103,0.8997453696840724,8,10.0,11.0,6.0,0.7375076847397175,5.0,18.0,28.0,9.0,0.0,1.0,0.0,-0.4436281787613427,0.6072598546880135,-0.1360369133473482,0.0,-0.1080649331151005,6,-0.5614359971914861,1.0,-0.2153746012987984,-0.1252211023413241
-0.6354600248685907,-0.7517752630882032,-0.7130120651668697,0.7447888885483104,0.9208661530099896,8,10.0,11.0,7.0,0.6767746446555118,5.0,15.0,17.0,11.0,1.0,0.0,0.0,-0.4436281787613427,0.6072598546880135,-0.1360369133473482,0.0,-0.1080649331151005,6,-0.5614359971914861,1.0,0.07462958040237003,-0.5044207098257698
-0.0700003788957712,0.4259736343171685,0.4183190057215519,-1.1166192697441957,-0.8321588630411376,8,10.0,11.0,7.0,-0.1532435698286318,6.0,19.0,24.0,12.0,0.0,1.0,0.0,-0.4436281787613427,0.6072598546880135,-0.1360369133473482,0.0,-0.1080649331151005,6,-0.5614359971914861,1.0,-0.06603190353996168,0.8349839276130333
-0.6492179076167032,-0.8052213187867486,-0.1518195540296994,0.7447888885483104,0.963107719661824,8,10.0,11.0,7.0,0.7172633380449823,6.0,,,,,,,-0.4436281787613427,0.6072598546880135,-0.1360369133473482,0.0,-0.1080649331151005,6,-0.5614359971914861,,-0.10807926036255178,
-0.8109519009038396,-0.8306647926079564,-0.3829763319417907,0.8041319162277079,0.7362548604272642,8,10.0,11.0,7.0,0.8627564410491383,5.0,18.0,28.0,9.0,0.0,1.0,0.0,-0.4436281787613427,0.6072598546880135,-0.1360369133473482,0.0,-0.1080649331151005,6,-0.5614359971914861,1.0,-0.2116030028563744,-0.14407909455344414
-0.8109519009038396,-0.8306647926079564,-0.3829763319417907,0.8041319162277079,0.7362548604272642,8,10.0,11.0,7.0,0.8627564410491383,5.0,12.0,15.0,3.0,0.0,0.0,1.0,-0.4436281787613427,0.6072598546880135,-0.1360369133473482,0.0,-0.1080649331151005,6,-0.5614359971914861,1.0,-0.2116030028563744,-0.5990790945534442
-0.8636010872432046,-0.8734744453247659,-0.9819809064499192,0.9242412390399122,1.2022935717515202,8,10.0,11.0,6.0,0.9563055265518912,6.0,13.0,14.0,0.0,0.0,0.0,1.0,-0.4436281787613427,0.6072598546880135,-0.1360369133473482,0.0,-0.1080649331151005,6,-0.5614359971914861,1.0,-0.024020464169555018,-0.8378035783638655
0.7181553341148975,2.89048811030618,1.45780294744047,-1.3578358943919704,-1.783806319326119,8,10.0,11.0,7.0,-1.3668300967664724,6.0,,,,,,,-0.4436281787613427,0.6072598546880135,-0.1360369133473482,0.0,-0.1080649331151005,6,-0.5614359971914861,,0.050374040045806874,
-0.187429677848654,-0.568595963523218,-0.4689027066094208,0.2035853021666861,0.183912684042961,8,10.0,11.0,7.0,-0.0727344139783907,6.0,19.0,24.0,12.0,0.0,1.0,0.0,-0.4436281787613427,0.6072598546880135,-0.1360369133473482,0.0,-0.1080649331151005,6,-0.5614359971914861,1.0,0.060068577214773954,0.07838104308461946
0.5066575437324892,0.292842413080148,0.2485161214504335,-0.4713311082027935,-0.7265549464115516,8,10.0,11.0,7.0,-0.2949539966917783,7.0,,,,,,,-0.4436281787613427,0.6072598546880135,-0.1360369133473482,0.0,-0.1080649331151005,6,-0.5614359971914861,,-1.0456855340577886,
-0.8958178276205415,-0.9286299529449252,-1.0496716328434337,0.86418657763381,1.0987294136794632,8,10.0,11.0,7.0,0.8783479552995971,5.0,,,,,,,-0.4436281787613427,0.6072598546880135,-0.1360369133473482,0.0,-0.1080649331151005,6,-0.5614359971914861,,0.0006487258840889668,
-0.7497495976501376,-0.7926652132301146,-0.9600981285209814,0.8842047981025107,0.8398190184993211,8,10.0,11.0,7.0,0.5353346417895032,4.0,10.0,19.0,3.0,0.0,0.0,1.0,-0.4436281787613427,0.6072598546880135,-0.1360369133473482,0.0,-0.1080649331151005,6,-0.5614359971914861,1.0,-0.2534150060305818,-0.5703940897505904
-0.9177708277006736,-0.9065837834746584,-1.0722838367033365,0.9642776799773136,1.1505114927154916,8,10.0,11.0,6.0,0.9563055265518912,7.0,,,,,,,-0.4436281787613427,0.6072598546880135,-0.1360369133473482,0.0,-0.1080649331151005,6,-0.5614359971914861,,-0.42046971358396656,
-0.6356733253763133,-0.7552164578213083,-0.6808406980354621,0.7199701131044103,0.963107719661824,8,10.0,11.0,6.0,0.6970189913502471,5.0,16.0,18.0,12.0,1.0,0.0,0.0,-0.4436281787613427,0.6072598546880135,-0.1360369133473482,0.0,-0.1080649331151005,6,-0.5614359971914861,1.0,-0.6066752121325332,-0.46208632920692944
-0.7725579094217034,1.1681611833999324,1.0420301667906486,0.8842047981025107,-1.3177676080018634,8,10.0,11.0,7.0,0.5977006987913385,6.0,,,,,,,-0.4436281787613427,0.6072598546880135,-0.1360369133473482,0.0,-0.1080649331151005,6,-0.5614359971914861,,-0.11194947612495341,
0.9945487687466392,2.7446140545292854,1.1976327588378055,-1.5251731858993725,-1.7313475403973646,8,10.0,11.0,7.0,-1.369622901857787,6.0,,,,,,,-0.4436281787613427,0.6072598546880135,-0.1360369133473482,0.0,-0.1080649331151005,6,-0.5614359971914861,,-0.320120885477592,
-0.7626530334035598,-0.8422530164596967,-0.5413853686114632,0.8211360737941609,1.0434057218437278,8,10.0,11.0,7.0,0.9237965007274502,10.0,,,,,,,-0.4436281787613427,0.6072598546880135,-0.1360369133473482,0.0,-0.1080649331151005,6,-0.5614359971914861,,-0.24116165718242757,
1.1069608405003586,2.2960711357192345,1.0026781092002872,-1.7772559989242975,-1.783701375533989,8,10.0,11.0,7.0,-1.6972542450842496,2.0,6.0,14.0,5.0,1.0,0.0,0.0,-0.4436281787613427,0.6072598546880135,-0.1360369133473482,0.0,-0.1080649331151005,6,-0.5614359971914861,3.0,0.07959013538191462,1.990004149889975
-0.756547585416936,-0.7860723802584012,-0.3369449081346463,0.8599180450287647,0.9736006083282286,8,10.0,11.0,7.0,0.958284010540762,6.0,13.0,14.0,0.0,0.0,0.0,1.0,-0.4436281787613427,0.6072598546880135,-0.1360369133473482,0.0,-0.1080649331151005,6,-0.5614359971914861,1.0,-0.11808377430414656,-0.5556136479600908
-0.6061560357464246,-0.6648534309072849,-0.1228770575522726,0.5690532607692358,0.7292827110239815,8,10.0,11.0,7.0,0.320265078994493,1.0,1.0,9.0,0.0,0.0,1.0,0.0,-0.4436281787613427,0.6072598546880135,-0.1360369133473482,0.0,-0.1080649331151005,6,-0.5614359971914861,8.0,-0.02426665516712534,-0.5554538764809615
-0.2475507525320822,0.5399546651467722,0.1305498290498758,-0.555623905034276,0.170841802899988,8,10.0,11.0,7.0,0.5271901378743641,5.0,15.0,17.0,11.0,1.0,0.0,0.0,-0.4436281787613427,0.6072598546880135,-0.1360369133473482,0.0,-0.1080649331151005,6,-0.5614359971914861,1.0,-0.1747997571548236,0.49329664040300475
0.6789509794380729,0.169818590436632,0.3320171249352713,-0.7495337612072954,-0.3177939917085063,8,10.0,11.0,7.0,-0.3694851172717437,6.0,,,,,,,-0.4436281787613427,0.6072598546880135,-0.1360369133473482,0.0,-0.1080649331151005,6,-0.5614359971914861,,0.2864916701679537,
1.088464924540881,1.115129558109815,-0.2337336230324306,-1.156744459170636,-0.5446606106338786,8,10.0,11.0,7.0,-1.404110411671099,2.0,5.0,11.0,4.0,0.0,1.0,0.0,-0.4436281787613427,0.6072598546880135,-0.1360369133473482,0.0,-0.1080649331151005,6,-0.5614359971914861,4.0,0.17859702157595958,1.0087171730882754
-0.8476352690031081,-0.8630526197570038,-1.0175768918809915,0.8842047981025107,1.0814687206674538,8,10.0,11.0,7.0,0.893939469550056,7.0,,,,,,,-0.4436281787613427,0.6072598546880135,-0.1360369133473482,0.0,-0.1080649331151005,6,-0.5614359971914861,,0.4275198696336321,
0.8351786190957986,1.4659099683768817,1.7414387205354886,-1.641519099603184,-1.2950655809254947,8,10.0,11.0,7.0,-1.0764790684446364,7.0,,,,,,,-0.4436281787613427,0.6072598546880135,-0.1360369133473482,0.0,-0.1080649331151005,6,-0.5614359971914861,,-0.6005779652503092,
0.3082245862502865,0.5105110908456552,0.0212506354985583,-0.9628346029976166,-0.7366246728015013,8,10.0,11.0,7.0,-1.404110411671099,7.0,,,,,,,-0.4436281787613427,0.6072598546880135,-0.1360369133473482,0.0,-0.1080649331151005,6,-0.5614359971914861,,-0.7580339756756782,
-0.7455936934409345,-0.8098568831757379,-0.7856096029068301,0.801745088176859,1.0259544434648529,8,10.0,11.0,7.0,0.8893089909141384,10.0,,,,,,,-0.4436281787613427,0.6072598546880135,-0.1360369133473482,0.0,-0.1080649331151005,6,-0.5614359971914861,,-0.23113880476673004,
0.6986141133949937,1.4230978631256748,0.5351833720157652,-1.5833461427512785,-1.1205527971367468,8,10.0,11.0,7.0,-1.0937228233512923,6.0,19.0,24.0,12.0,0.0,1.0,0.0,-0.4436281787613427,0.6072598546880135,-0.1360369133473482,0.0,-0.1080649331151005,6,-0.5614359971914861,1.0,-0.20113424448983339,1.6455979733122634
-0.745414121441328,-0.8018193615002241,-0.7911311942908991,0.8599180450287647,1.0434057218437278,8,10.0,11.0,6.0,0.9237965007274502,1.0,1.0,10.0,0.0,1.0,0.0,0.0,-0.4436281787613427,0.6072598546880135,-0.1360369133473482,0.0,-0.1080649331151005,6,-0.5614359971914861,8.0,0.2556018808426685,-0.8186197382849845
-0.7497495976501376,-0.7926652132301146,-0.9600981285209814,0.8842047981025107,0.8398190184993211,8,10.0,11.0,7.0,0.5353346417895032,4.0,16.0,18.0,6.0,0.0,0.0,1.0,-0.4436281787613427,0.6072598546880135,-0.1360369133473482,0.0,-0.1080649331151005,6,-0.5614359971914861,1.0,-0.2534150060305818,-0.6053940897505903
-0.8295786888506186,-0.8417279612875813,-0.9812514805189548,0.9042230185712116,1.0124259486194158,8,10.0,11.0,7.0,0.8471649267986795,6.0,,,,,,,-0.4436281787613427,0.6072598546880135,-0.1360369133473482,0.0,-0.1080649331151005,6,-0.5614359971914861,,-0.5483569785468657,
-0.7507489492926981,-0.8457628942361477,-0.8296547759427746,0.8192452148800106,1.0053492863136584,8,10.0,11.0,6.0,0.8994624582975992,6.0,,,,,,,-0.4436281787613427,0.6072598546880135,-0.1360369133473482,0.0,-0.1080649331151005,6,-0.5614359971914861,,-0.15215563816427463,
-0.6818948701297286,-0.5898404541036573,-0.8270508387130383,0.6840225934155035,0.511865851271141,8,10.0,11.0,7.0,0.6600667557931736,5.0,16.0,18.0,12.0,1.0,0.0,0.0,-0.4436281787613427,0.6072598546880135,-0.1360369133473482,0.0,-0.1080649331151005,6,-0.5614359971914861,1.0,-0.6165268146019534,-0.44238312426808907
-0.7122482076487546,-0.8406011021364892,-0.7635916477157134,0.7944264394361106,0.9419869363359068,8,10.0,11.0,6.0,0.8184850715186583,4.0,16.0,18.0,6.0,0.0,0.0,1.0,-0.4436281787613427,0.6072598546880135,-0.1360369133473482,0.0,-0.1080649331151005,6,-0.5614359971914861,1.0,-0.26023915802855596,-0.5576250257647712
-0.7122482076487546,-0.8406011021364892,-0.7635916477157134,0.7944264394361106,0.9419869363359068,8,10.0,11.0,6.0,0.8184850715186583,4.0,10.0,19.0,3.0,0.0,0.0,1.0,-0.4436281787613427,0.6072598546880135,-0.1360369133473482,0.0,-0.1080649331151005,6,-0.5614359971914861,1.0,-0.26023915802855596,-0.5226250257647712
-0.4115897741726939,-0.1038672241673429,0.4207873248791528,-0.1290222214536336,-0.0036709808887599,8,10.0,11.0,7.0,0.1305837750212779,6.0,,,,,,,-0.4436281787613427,0.6072598546880135,-0.1360369133473482,0.0,-0.1080649331151005,6,-0.5614359971914861,,-0.6930584398175053,
0.8271876651133052,1.6305971471976126,0.8102718863554155,-1.6027371283685805,-0.9460400133479988,8,10.0,11.0,7.0,-1.0764790684446364,8.0,,,,,,,-0.4436281787613427,0.6072598546880135,-0.1360369133473482,0.0,-0.1080649331151005,6,-0.5614359971914861,,,
-0.8379417365001925,-0.8605674151985373,-1.002842488075507,0.86418657763381,1.0987294136794632,8,10.0,11.0,6.0,0.9563055265518912,7.0,,,,,,,-0.4436281787613427,0.6072598546880135,-0.1360369133473482,0.0,-0.1080649331151005,6,-0.5614359971914861,,0.02910231140392444,
0.527841141769135,0.3039139775740304,1.2427965447741665,-0.4780599625650684,-0.5272093322550038,8,10.0,11.0,7.0,-1.317891637137819,1.0,1.0,9.0,0.0,1.0,0.0,0.0,-0.4436281787613427,0.6072598546880135,-0.1360369133473482,0.0,-0.1080649331151005,6,-0.5614359971914861,8.0,-0.7874588687632116,0.7244703014784325
-0.7867156813508418,-0.8817845006188564,-0.7824948590491498,0.8599180450287647,0.9736006083282286,9,10.0,11.0,7.0,0.9065527458207944,8.0,,,,,,,-0.668876808880811,0.6072598546880135,-0.0722531476015293,0.0,-0.5095912707035135,347,0.7159231165238079,,1.1311148899912593,
-0.7640896094004124,-0.7983747093535752,-0.7955201515449031,0.8211360737941609,0.9561493299493538,9,10.0,11.0,6.0,0.8548214811008266,2.0,5.0,11.0,4.0,0.0,1.0,0.0,-0.668876808880811,0.6072598546880135,-0.0722531476015293,0.0,-0.5095912707035135,347,0.7159231165238079,5.0,0.6285304710152761,-0.8260166246689906
-0.7644487533996256,-0.867267752286551,-0.7844769687767649,0.8599180450287647,1.0783082786014773,9,10.0,11.0,7.0,0.9237965007274502,7.0,,,,,,,-0.668876808880811,0.6072598546880135,-0.0722531476015293,0.0,-0.5095912707035135,347,0.7159231165238079,,-0.3270245401324991,
-0.756278227417526,-0.7917314516421815,-0.7700358836184301,0.8793090306460667,0.851441659676105,9,10.0,11.0,7.0,0.8548214811008266,2.0,6.0,14.0,5.0,1.0,0.0,0.0,-0.668876808880811,0.6072598546880135,-0.0722531476015293,0.0,-0.5095912707035135,347,0.7159231165238079,4.0,0.5234158343044882,-0.7079500436454671
-0.7708235593856594,-0.8146137837592052,-0.7437021400944079,0.8987000162633686,0.9037954948127294,9,10.0,11.0,6.0,0.941040255634106,6.0,,,,,,,-0.668876808880811,0.6072598546880135,-0.0722531476015293,0.0,-0.5095912707035135,347,0.7159231165238079,,-0.5901931770192929,
0.6248998075564917,1.1083222693438188,0.9868212313793704,-1.117962487936032,-1.190357910652246,9,10.0,11.0,7.0,0.096096265207966,10.0,,,,,,,-0.668876808880811,0.6072598546880135,-0.0722531476015293,0.0,-0.5095912707035135,347,0.7159231165238079,,-0.7114764610560413,
0.9820685147739816,1.177461358858698,0.1018092379994646,-1.389436286578259,-1.5917373133663664,9,10.0,11.0,7.0,-1.2489166175111956,8.0,,,,,,,-0.668876808880811,0.6072598546880135,-0.0722531476015293,0.0,-0.5095912707035135,347,0.7159231165238079,,-0.06357102261231809,
-0.0268567650155936,0.4175054828861383,0.4394757880252327,-0.4198870057131625,-0.5272093322550038,9,10.0,11.0,7.0,-1.2489166175111956,1.0,1.0,10.0,0.0,1.0,0.0,0.0,-0.668876808880811,0.6072598546880135,-0.0722531476015293,0.0,-0.5095912707035135,347,0.7159231165238079,9.0,0.08630490618566984,0.3314590843140063
-0.6941176644923268,-0.791241465183507,-0.7283235714486622,0.8192452148800106,1.0053492863136584,9,10.0,11.0,6.0,0.98043984507654,7.0,,,,,,,-0.668876808880811,0.6072598546880135,-0.0722531476015293,0.0,-0.5095912707035135,347,0.7159231165238079,,-0.34606876051801105,
1.3594329736077553,3.856092021875525,0.17419510219499,-2.5312894700465,-2.141647429248004,9,10.0,11.0,7.0,-0.4569087702496601,9.0,,,,,,,-0.668876808880811,0.6072598546880135,-0.0722531476015293,0.0,-0.5095912707035135,347,0.7159231165238079,,0.2809079750719168,
0.3137272344973263,0.8872012658887206,0.9808878320301192,-1.2158943715197958,-0.8955212130188892,9,10.0,11.0,7.0,-0.6593522371970122,6.0,,,,,,,-0.668876808880811,0.6072598546880135,-0.0722531476015293,0.0,-0.5095912707035135,347,0.7159231165238079,,-1.0298844560137923,
-0.2726358612323152,0.0265799706061069,0.6620988304552641,-0.1735058028759925,-0.5364678964782968,9,10.0,11.0,7.0,0.3528650975397485,6.0,,,,,,,-0.668876808880811,0.6072598546880135,-0.0722531476015293,0.0,-0.5095912707035135,347,0.7159231165238079,,,
-0.2494927561444048,0.1283102899035392,0.1091642103464767,-0.5954249854222939,-0.3252600632191249,9,10.0,11.0,7.0,0.4338424843186893,10.0,,,,,,,-0.668876808880811,0.6072598546880135,-0.0722531476015293,0.0,-0.5095912707035135,347,0.7159231165238079,,-0.4477345285604835,
0.7298765250642713,1.418328165476478,0.3758252748046662,-0.7691564135295945,-1.5925070627741569,9,10.0,11.0,7.0,-1.3476600248180095,10.0,,,,,,,-0.668876808880811,0.6072598546880135,-0.0722531476015293,0.0,-0.5095912707035135,347,0.7159231165238079,,-0.7194470485616257,
0.3038087608882222,0.8828997724723381,0.6319919360809528,-0.8684315153051948,-0.8321588630411376,9,10.0,11.0,7.0,-0.0520218363549558,6.0,,,,,,,-0.668876808880811,0.6072598546880135,-0.0722531476015293,0.0,-0.5095912707035135,347,0.7159231165238079,,-0.8423925037171242,
-0.7351780122289425,-0.9210390290228316,-0.7985156451899149,0.8192452148800106,0.9419869363359068,9,10.0,11.0,6.0,0.7375076847397175,6.0,,,,,,,-0.668876808880811,0.6072598546880135,-0.0722531476015293,0.0,-0.5095912707035135,347,0.7159231165238079,,0.10181702914479984,
-0.7012632315010365,-0.8716793920698488,-0.8344718790426642,0.7944264394361106,0.9842285029877412,9,10.0,11.0,6.0,0.8387294182133935,7.0,,,,,,,-0.668876808880811,0.6072598546880135,-0.0722531476015293,0.0,-0.5095912707035135,347,0.7159231165238079,,-0.5076434457502316,
-0.8942972735024369,-0.924942230051717,-1.087893551625979,0.9242412390399122,1.1677721857275012,9,10.0,11.0,7.0,0.9251224980509736,6.0,,,,,,,-0.668876808880811,0.6072598546880135,-0.0722531476015293,0.0,-0.5095912707035135,347,0.7159231165238079,,-0.0679103505998343,
0.1717061979211286,0.0721058052272349,-0.0401461443884298,-0.6772163984561458,-0.3339081063173233,9,10.0,11.0,7.0,-0.384564698987567,7.0,,,,,,,-0.668876808880811,0.6072598546880135,-0.0722531476015293,0.0,-0.5095912707035135,347,0.7159231165238079,,-1.0234651606112115,
-0.9009496977691436,-0.9149212439288684,-1.067323740372777,0.9042230185712116,1.1677721857275012,9,10.0,11.0,7.0,0.97189704080235,10.0,,,,,,,-0.668876808880811,0.6072598546880135,-0.0722531476015293,0.0,-0.5095912707035135,347,0.7159231165238079,,-0.176577607276105,
0.5825409137064613,1.4406518380524338,0.3957587919560145,-1.3578358943919704,-0.8517288966776075,9,10.0,11.0,7.0,-1.1173658687591317,5.0,,,,,,,-0.668876808880811,0.6072598546880135,-0.0722531476015293,0.0,-0.5095912707035135,347,0.7159231165238079,,-0.7186757286327735,
-0.935162165426493,-0.9729627955524076,-1.1100680999273027,0.9642776799773136,1.1505114927154916,9,10.0,11.0,7.0,0.893939469550056,8.0,,,,,,,-0.668876808880811,0.6072598546880135,-0.0722531476015293,0.0,-0.5095912707035135,347,0.7159231165238079,,-0.7381977002440263,
-0.0990092479460553,-0.3062480824864452,0.2247746847438338,0.0498631761191081,-0.1140522299599529,9,10.0,11.0,7.0,-1.5298591450706265,5.0,,,,,,,-0.668876808880811,0.6072598546880135,-0.0722531476015293,0.0,-0.5095912707035135,347,0.7159231165238079,,-0.3286502702537731,
-0.6952908172848018,-0.8264061738624291,-0.7178291682667594,0.7944264394361106,0.9208661530099896,9,10.0,11.0,6.0,0.8184850715186583,6.0,,,,,,,-0.668876808880811,0.6072598546880135,-0.0722531476015293,0.0,-0.5095912707035135,347,0.7159231165238079,,-0.59406005974978,
0.0517724918556447,0.8434010651306523,0.3652687880416939,0.1635488612292846,-1.3177676080018634,9,10.0,11.0,7.0,-0.7119864982472022,8.0,,,,,,,-0.668876808880811,0.6072598546880135,-0.0722531476015293,0.0,-0.5095912707035135,347,0.7159231165238079,,-0.670918300137754,
-0.786536109351235,-0.8830147335283739,-0.8341712912333872,0.8987000162633686,0.9736006083282286,9,10.0,11.0,6.0,0.8375777261941706,6.0,,,,,,,-0.668876808880811,0.6072598546880135,-0.0722531476015293,0.0,-0.5095912707035135,347,0.7159231165238079,,0.10051467169962038,
-0.2824775064555618,-0.6891300269884285,0.0036948064825432,0.6272262176211416,0.7292827110239815,9,10.0,11.0,7.0,0.5099463829677081,5.0,8.0,10.0,7.0,0.0,1.0,0.0,-0.668876808880811,0.6072598546880135,-0.0722531476015293,0.0,-0.5095912707035135,347,0.7159231165238079,2.0,,-0.3976411177399576
0.3392007561824217,-0.344746827850853,0.1074724086497918,0.3169704477443107,-0.0385735376465095,9,10.0,11.0,7.0,-2.2835419119105507,10.0,,,,,,,-0.668876808880811,0.6072598546880135,-0.0722531476015293,0.0,-0.5095912707035135,347,0.7159231165238079,,-0.45631905922278837,
-0.8945823773995815,-0.900250520245018,-1.053172877312064,0.9242412390399122,1.1677721857275012,9,10.0,11.0,7.0,0.97189704080235,10.0,,,,,,,-0.668876808880811,0.6072598546880135,-0.0722531476015293,0.0,-0.5095912707035135,347,0.7159231165238079,,-0.18065843310158353,
-0.4646063181827255,-0.5159458865350636,0.0640898884832214,0.3725072568898092,0.5406920531434801,9,10.0,11.0,7.0,0.3528650975397485,5.0,16.0,18.0,12.0,1.0,0.0,0.0,-0.668876808880811,0.6072598546880135,-0.0722531476015293,0.0,-0.5095912707035135,347,0.7159231165238079,1.0,-0.8022347267375092,-0.10596729999697746
0.7233822388958814,1.2740629647461972,1.2003155938099666,-1.0775808078301603,-0.7654254316175602,9,10.0,11.0,7.0,-1.054999811757296,7.0,14.0,16.0,0.0,0.0,0.0,1.0,-0.668876808880811,0.6072598546880135,-0.0722531476015293,0.0,-0.5095912707035135,347,0.7159231165238079,1.0,,1.4896263755798924
-0.6907330909412104,-0.661911386299185,-0.8683363464056347,0.6239679320094014,0.7707762464512832,9,10.0,11.0,7.0,0.4261940420362914,6.0,,,,,,,-0.668876808880811,0.6072598546880135,-0.0722531476015293,0.0,-0.5095912707035135,347,0.7159231165238079,,0.7062263331495846,
-0.6464469522514197,-0.6614303789652882,-0.0739915075851871,0.5839314910719999,0.6326907023552074,9,10.0,11.0,7.0,0.5197431275390443,4.0,16.0,18.0,6.0,0.0,0.0,1.0,-0.668876808880811,0.6072598546880135,-0.0722531476015293,0.0,-0.5095912707035135,347,0.7159231165238079,1.0,-0.30271276741910935,-0.29530976003089715
0.650490675859252,-0.6730547228677923,-0.8916779761965019,0.1635488612292846,1.0642080276554442,9,10.0,11.0,7.0,-1.3356470682655548,6.0,,,,,,,-0.668876808880811,0.6072598546880135,-0.0722531476015293,0.0,-0.5095912707035135,347,0.7159231165238079,,0.0071092683605471895,
0.2991476399447538,1.513043441803892,0.9944715960917568,-0.0366333434577225,-0.972553747761674,9,10.0,11.0,7.0,-0.6808034697462846,8.0,,,,,,,-0.668876808880811,0.6072598546880135,-0.0722531476015293,0.0,-0.5095912707035135,347,0.7159231165238079,,-0.940210204739931,
0.4104331944635195,-0.0373233632342722,-0.1400774969305796,-1.2777630125171675,0.6844727813912358,9,10.0,11.0,7.0,-0.21305804223252,9.0,,,,,,,-0.668876808880811,0.6072598546880135,-0.0722531476015293,0.0,-0.5095912707035135,347,0.7159231165238079,,,
-0.0895440064956831,0.2528042269944427,0.1549023495515037,-0.7572892803309487,-0.8344682036655982,9,10.0,11.0,7.0,-0.7899440694994962,6.0,,,,,,,-0.668876808880811,0.6072598546880135,-0.0722531476015293,0.0,-0.5095912707035135,347,0.7159231165238079,,-0.9304940092753338,
-0.6464469522514197,-0.6614303789652882,-0.0739915075851871,0.5839314910719999,0.6326907023552074,9,10.0,11.0,7.0,0.5197431275390443,4.0,10.0,19.0,3.0,0.0,0.0,1.0,-0.668876808880811,0.6072598546880135,-0.0722531476015293,0.0,-0.5095912707035135,347,0.7159231165238079,1.0,-0.30271276741910935,-0.2603097600308972
-0.1423832620998114,1.8596893937654744,1.183392912211588,-1.457926996735474,-1.4731138451099488,9,10.0,11.0,7.0,0.893939469550056,9.0,,,,,,,-0.668876808880811,0.6072598546880135,-0.0722531476015293,0.0,-0.5095912707035135,347,0.7159231165238079,,0.8855250454870081,
0.3756505190118814,-0.0816562058417551,-0.1233007005183941,-0.3969613118943356,0.8570797115113306,10,10.0,11.0,7.0,-2.4114615515472133,12.0,,,,,,,-0.96920831570677,0.7771242604599936,0.1190981496358549,0.0,-0.6051927796531356,9,-0.7936831087760848,,,
0.1583378146213561,-0.1420385713160651,0.5120804767729794,-0.8187939644173946,-0.6209510297819657,10,10.0,11.0,7.0,-1.5298591450706265,6.0,,,,,,,-0.96920831570677,0.7771242604599936,0.1190981496358549,0.0,-0.6051927796531356,9,-0.7936831087760848,,-0.057334236571224065,
-0.7270725929354807,-0.9220068650415176,-0.8365363517997599,0.7944264394361106,0.9842285029877412,10,10.0,11.0,6.0,0.7577520314344527,8.0,,,,,,,-0.96920831570677,0.7771242604599936,0.1190981496358549,0.0,-0.6051927796531356,9,-0.7936831087760848,,-0.8013810742399018,
-0.7040361381014314,-0.8461930435777865,-0.7469038262625233,0.7696076639922105,0.963107719661824,10,10.0,11.0,7.0,0.8589737649081288,9.0,,,,,,,-0.96920831570677,0.7771242604599936,0.1190981496358549,0.0,-0.6051927796531356,9,-0.7936831087760848,,0.02254900222606382,
-0.7100085523176665,-0.8614633452059418,-0.7560219142730292,0.7447888885483104,0.8786245863581552,10,10.0,11.0,6.0,0.777996378129188,8.0,,,,,,,-0.96920831570677,0.7771242604599936,0.1190981496358549,0.0,-0.6051927796531356,9,-0.7936831087760848,,0.31454022960148204,
-0.7020097832780661,-0.8552261797521881,-0.7630755295264394,0.7696076639922105,0.963107719661824,10,10.0,11.0,7.0,0.879218111602864,10.0,,,,,,,-0.96920831570677,0.7771242604599936,0.1190981496358549,0.0,-0.6051927796531356,9,-0.7936831087760848,,0.17195108812433968,
-0.5182452331687427,-0.5898404541036573,0.0069747707518832,0.4438039477910948,-0.144040483185219,10,10.0,11.0,7.0,-0.2910156134848141,6.0,,,,,,,-0.96920831570677,0.7771242604599936,0.1190981496358549,0.0,-0.6051927796531356,9,-0.7936831087760848,,0.03568605661713858,
-0.7884286930294183,-0.7876146362241987,-0.9582016211004732,0.9042230185712116,0.54638723729516,10,10.0,11.0,7.0,0.6132922130417973,8.0,,,,,,,-0.96920831570677,0.7771242604599936,0.1190981496358549,0.0,-0.6051927796531356,9,-0.7936831087760848,,-0.3707992665752168,
1.006490408760445,0.3405078975416145,-0.6432355041099598,-2.0784918312651968,-0.3511687993293327,10,10.0,11.0,7.0,-0.1351004709802259,6.0,,,,,,,-0.96920831570677,0.7771242604599936,0.1190981496358549,0.0,-0.6051927796531356,9,-0.7936831087760848,,-0.6094679841174906,
-0.3504140723829697,-0.3306576690222986,0.1667190496331301,0.1235124202918832,-0.2993867202933043,10,10.0,11.0,7.0,-0.2910156134848141,8.0,,,,,,,-0.96920831570677,0.7771242604599936,0.1190981496358549,0.0,-0.6051927796531356,9,-0.7936831087760848,,-1.037822523468479,
-0.8969582432091199,-0.8790060296645786,-1.0175768918809915,0.8842047981025107,1.0469473346434348,10,10.0,11.0,6.0,0.9095309838005148,8.0,,,,,,,-0.96920831570677,0.7771242604599936,0.1190981496358549,0.0,-0.6051927796531356,9,-0.7936831087760848,,0.34654798228426636,
-0.7128761602861058,-0.6841980594364003,-0.8547690240896932,0.6439861524781021,0.8570797115113306,10,10.0,11.0,7.0,0.6912497842940913,7.0,,,,,,,-0.96920831570677,0.7771242604599936,0.1190981496358549,0.0,-0.6051927796531356,9,-0.7936831087760848,,0.07859731386485092,
-0.6683777336101048,-0.7428501973706892,-0.7503563656085421,0.8211360737941609,0.8688929380549798,10,10.0,11.0,7.0,0.5616776476876759,2.0,9.0,13.0,8.0,1.0,0.0,0.0,-0.96920831570677,0.7771242604599936,0.1190981496358549,0.0,-0.6051927796531356,9,-0.7936831087760848,2.0,-0.22590377545397922,-0.7135933773399521
-0.6671207296128587,-0.7020064647747112,-0.7119883844525747,0.7241811457076512,0.5024160920986092,10,10.0,11.0,7.0,0.4582151182477404,8.0,,,,,,,-0.96920831570677,0.7771242604599936,0.1190981496358549,0.0,-0.6051927796531356,9,-0.7936831087760848,,-0.40663593594500924,
-0.8255930192656665,-0.9432961460947272,-0.7730090482098515,0.8793090306460667,1.008503165085978,10,10.0,11.0,7.0,0.8375777261941706,8.0,,,,,,,-0.96920831570677,0.7771242604599936,0.1190981496358549,0.0,-0.6051927796531356,9,-0.7936831087760848,,-0.7976439597926573,
-0.8329554712495364,-0.9176252860494636,-0.8515855409831434,0.8987000162633686,0.9910518867071034,10,10.0,11.0,7.0,0.8203339712875147,7.0,,,,,,,-0.96920831570677,0.7771242604599936,0.1190981496358549,0.0,-0.6051927796531356,9,-0.7936831087760848,,0.12376100729947963,
1.4243543498049909,2.0017174082353675,1.378712640382023,-0.9046616461457108,-1.3474194160621191,10,10.0,11.0,7.0,-2.5766857453237013,2.0,6.0,14.0,5.0,1.0,0.0,0.0,-0.96920831570677,0.7771242604599936,0.1190981496358549,0.0,-0.6051927796531356,9,-0.7936831087760848,5.0,0.063306972631336,2.017703126393447
0.5704894916756981,1.279242628239439,1.4907018399922456,-1.408827272195561,-0.7366246728015013,10,10.0,11.0,7.0,-0.8350664997514535,2.0,5.0,11.0,4.0,0.0,1.0,0.0,-0.96920831570677,0.7771242604599936,0.1190981496358549,0.0,-0.6051927796531356,9,-0.7936831087760848,6.0,0.09963432073552869,1.2545679764499988
-0.360591326284425,-0.2247581114092542,0.1830757368316622,0.6078352320038396,-0.7017221160437518,10,10.0,11.0,7.0,-0.4901914016183352,6.0,,,,,,,-0.96920831570677,0.7771242604599936,0.1190981496358549,0.0,-0.6051927796531356,9,-0.7936831087760848,,-0.0065229409130280235,
-0.835289907244422,-0.8984336526609917,-0.8181728341462124,0.8793090306460667,1.0434057218437278,10,10.0,11.0,6.0,0.992771520354074,9.0,,,,,,,-0.96920831570677,0.7771242604599936,0.1190981496358549,0.0,-0.6051927796531356,9,-0.7936831087760848,,,
0.2841619383030046,-0.2135219841689951,0.0055353369438998,-0.9046616461457108,-0.0385735376465095,10,10.0,11.0,7.0,-1.5593042058310025,9.0,,,,,,,-0.96920831570677,0.7771242604599936,0.1190981496358549,0.0,-0.6051927796531356,9,-0.7936831087760848,,-0.9017766961209897,
-0.7937189893354983,-0.889904037821671,-0.8202965231400848,0.8405270594114628,0.938698051570479,10,10.0,11.0,6.0,0.8720652360074824,8.0,,,,,,,-0.96920831570677,0.7771242604599936,0.1190981496358549,0.0,-0.6051927796531356,9,-0.7936831087760848,,0.32315471850803434,
-0.7987470053244827,-0.5395337051911108,-0.0996580578859303,0.8599180450287647,-0.2828914349507567,10,10.0,11.0,7.0,0.958284010540762,9.0,,,,,,,-0.96920831570677,0.7771242604599936,0.1190981496358549,0.0,-0.6051927796531356,9,-0.7936831087760848,,1.773895980958438,
-0.6048990317491783,-0.5332185095889215,0.0580612447256857,0.5884442463865377,-0.1781837646775079,10,10.0,11.0,7.0,0.3375088339011489,7.0,,,,,,,-0.96920831570677,0.7771242604599936,0.1190981496358549,0.0,-0.6051927796531356,9,-0.7936831087760848,,-0.4747244660506991,
0.901889616949643,1.237332693788546,-0.0261784186979333,-1.1761354447879375,-1.3125168593043697,10,10.0,11.0,7.0,-1.2661603724178516,11.0,,,,,,,-0.96920831570677,0.7771242604599936,0.1190981496358549,0.0,-0.6051927796531356,9,-0.7936831087760848,,0.6463180821559102,
-0.7442469034438851,0.456872935990696,1.033259230712054,0.801745088176859,-1.190357910652246,10,10.0,11.0,7.0,0.8548214811008266,10.0,,,,,,,-0.96920831570677,0.7771242604599936,0.1190981496358549,0.0,-0.6051927796531356,9,-0.7936831087760848,,-0.9093986995091972,
-0.776929007372283,-0.8661195349043344,-0.8361534009610017,0.8793090306460667,1.008503165085978,10,10.0,11.0,7.0,0.8030902163808588,2.0,9.0,12.0,0.0,0.0,0.0,1.0,-0.96920831570677,0.7771242604599936,0.1190981496358549,0.0,-0.6051927796531356,9,-0.7936831087760848,2.0,1.2196055240966177,-0.8731764688228572
1.119710452472426,2.077909833098146,-0.3277422558278642,-1.4282182578128628,-1.033296405242373,10,10.0,11.0,7.0,-1.5075729411110343,7.0,,,,,,,-0.96920831570677,0.7771242604599936,0.1190981496358549,0.0,-0.6051927796531356,9,-0.7936831087760848,,-0.8187123970149328,
-0.7410437761913161,-0.8941546951704447,-0.6743032009713258,0.7944264394361106,1.06871163629141,10,10.0,11.0,6.0,0.879218111602864,8.0,,,,,,,-0.96920831570677,0.7771242604599936,0.1190981496358549,0.0,-0.6051927796531356,9,-0.7936831087760848,,-0.3805623758137194,
0.5331229048680687,0.6826644477201592,0.3432401249265636,-1.177671910173664,-0.9380323617376548,10,10.0,11.0,7.0,-0.21305804223252,11.0,,,,,,,-0.96920831570677,0.7771242604599936,0.1190981496358549,0.0,-0.6051927796531356,9,-0.7936831087760848,,0.9366840068200383,
0.5912311950445309,0.92537701995911,0.6471314029663205,-1.3151694732953962,-0.8955212130188892,10,10.0,11.0,7.0,-0.639107890502277,8.0,,,,,,,-0.96920831570677,0.7771242604599936,0.1190981496358549,0.0,-0.6051927796531356,9,-0.7936831087760848,,,
-0.8961979661500677,-0.9354442235084623,-1.0272053141697242,0.9242412390399122,1.1159901066914728,10,10.0,11.0,7.0,0.9095309838005148,7.0,,,,,,,-0.96920831570677,0.7771242604599936,0.1190981496358549,0.0,-0.6051927796531356,9,-0.7936831087760848,,-0.022846543106309958,
0.254861501254963,0.2447874380961636,0.2166117833111089,-0.2368155481447298,-0.7481647386055508,10,10.0,11.0,7.0,-1.741026438777484,7.0,,,,,,,-0.96920831570677,0.7771242604599936,0.1190981496358549,0.0,-0.6051927796531356,9,-0.7936831087760848,,-0.5447769179271165,
0.8124627611455661,1.1514624367042294,1.3298677935229497,-1.117962487936032,-1.1380040755156218,11,10.0,11.0,7.0,-1.0937228233512923,2.0,9.0,12.0,0.0,0.0,0.0,1.0,-0.8941254390002805,0.946988666231974,0.3104494468733118,0.0,-0.8919973065020017,34,-0.6775595529837853,3.0,-0.9431764688228572,1.2546055240966176
-0.6675696596118751,-0.6830608779681427,-0.7025025736132765,0.6466172032384435,0.5547699272352334,11,10.0,11.0,7.0,0.5099463829677081,8.0,,,,,,,-0.8941254390002805,0.946988666231974,0.3104494468733118,0.0,-0.8919973065020017,34,-0.6775595529837853,,-0.40883622803690134,
-0.810329399299107,-0.8851471372382037,-0.874946119915744,0.801745088176859,1.0608570002226023,11,10.0,11.0,7.0,0.9065527458207944,13.0,,,,,,,-0.8941254390002805,0.946988666231974,0.3104494468733118,0.0,-0.8919973065020017,34,-0.6775595529837853,,,
1.0802943985587814,1.3099164354500727,0.1621220054254506,-1.5251731858993725,-1.2078091890311209,11,10.0,11.0,7.0,-1.8869355490574649,2.0,6.0,14.0,5.0,1.0,0.0,0.0,-0.8941254390002805,0.946988666231974,0.3104494468733118,0.0,-0.8919973065020017,34,-0.6775595529837853,6.0,0.1938476240445067,1.1994592179144226
-0.3632849062785239,-0.6176945027091176,-0.0294347418218714,0.4527073470654242,0.9037954948127294,11,10.0,11.0,7.0,0.5271901378743641,6.0,10.0,12.0,0.0,0.0,1.0,0.0,-0.8941254390002805,0.946988666231974,0.3104494468733118,0.0,-0.8919973065020017,34,-0.6775595529837853,2.0,,-0.40751614880083864
0.1251392280541819,-0.0124713176496078,0.9073781399345836,-0.9374532645492551,-0.7826861246295697,11,10.0,11.0,7.0,-0.6028458984939905,9.0,,,,,,,-0.8941254390002805,0.946988666231974,0.3104494468733118,0.0,-0.8919973065020017,34,-0.6775595529837853,,-0.3176184385494275,
0.8138095511426156,1.7727300560105252,2.0789636912949985,-1.408827272195561,-1.5917373133663664,11,10.0,11.0,7.0,-1.6972542450842496,7.0,,,,,,,-0.8941254390002805,0.946988666231974,0.3104494468733118,0.0,-0.8919973065020017,34,-0.6775595529837853,,-0.775417518057799,
1.1018430385115714,0.9097626777477078,0.0797228724631881,-0.9240526317630128,-0.5621118890127534,11,10.0,11.0,7.0,-1.7489855098042173,9.0,,,,,,,-0.8941254390002805,0.946988666231974,0.3104494468733118,0.0,-0.8919973065020017,34,-0.6775595529837853,,0.46308921877859843,
-0.6524856116449224,-0.7366170172958009,-0.7493653107447351,0.762963116942255,0.7816365461606058,11,10.0,11.0,7.0,0.4409713633410845,2.0,9.0,13.0,8.0,1.0,0.0,0.0,-0.8941254390002805,0.946988666231974,0.3104494468733118,0.0,-0.8919973065020017,34,-0.6775595529837853,3.0,-0.23078496951449096,-0.7388309892189286
0.3641513284937173,1.015842194332632,0.8342896616519311,-0.9774897054866568,-1.2832462219778444,11,10.0,11.0,7.0,-1.66306886752519,7.0,,,,,,,-0.8941254390002805,0.946988666231974,0.3104494468733118,0.0,-0.8919973065020017,34,-0.6775595529837853,,-1.0105219814640725,
-0.8310042083363416,-0.8350740265020099,-0.6073477483065013,0.86418657763381,1.0987294136794632,11,10.0,11.0,7.0,0.9407140123014324,10.0,,,,,,,-0.8941254390002805,0.946988666231974,0.3104494468733118,0.0,-0.8919973065020017,34,-0.6775595529837853,,1.3329994168869654,
1.951894931691856,1.886625804463692,1.34342896146522,-2.4588380201705102,-1.4558531520979392,11,10.0,11.0,7.0,-2.536193665550884,8.0,,,,,,,-0.8941254390002805,0.946988666231974,0.3104494468733118,0.0,-0.8919973065020017,34,-0.6775595529837853,,-0.28619029802627527,
-0.8890703687214531,-0.937047581288118,-1.0524434513810994,0.9242412390399122,1.1505114927154916,11,10.0,11.0,7.0,0.9563055265518912,10.0,,,,,,,-0.8941254390002805,0.946988666231974,0.3104494468733118,0.0,-0.8919973065020017,34,-0.6775595529837853,,,
-0.8873597453385859,0.4597175484590219,-0.0620289223173676,0.8441683571651093,-0.6100791945094749,11,10.0,11.0,7.0,0.893939469550056,7.0,,,,,,,-0.8941254390002805,0.946988666231974,0.3104494468733118,0.0,-0.8919973065020017,34,-0.6775595529837853,,-0.12104487735913746,
-0.4898824283478627,-0.5292805161258478,-0.5958532362016908,0.5214199095532096,0.2238803032547221,11,10.0,11.0,7.0,0.1909103239818667,7.0,,,,,,,-0.8941254390002805,0.946988666231974,0.3104494468733118,0.0,-0.8919973065020017,34,-0.6775595529837853,,-0.005002428455807728,
0.2787459512308076,-0.0968728904440546,0.0668425188260159,-0.6450625363100941,-0.1562937966117873,11,10.0,11.0,7.0,-1.8537686921863896,8.0,,,,,,,-0.8941254390002805,0.946988666231974,0.3104494468733118,0.0,-0.8919973065020017,34,-0.6775595529837853,,-0.5846211432534696,
1.0713706379282797,1.872135720904771,3.4966199259476043,-3.3999466105830027,-2.0149227292925005,11,10.0,11.0,7.0,-0.355687036775984,11.0,,,,,,,-0.8941254390002805,0.946988666231974,0.3104494468733118,0.0,-0.8919973065020017,34,-0.6775595529837853,,-0.2786789339590623,
-0.7283523959818168,-0.8482362529505677,-0.7551617172909062,0.7696076639922105,0.9842285029877412,11,10.0,11.0,6.0,0.98043984507654,6.0,,,,,,,-0.8941254390002805,0.946988666231974,0.3104494468733118,0.0,-0.8919973065020017,34,-0.6775595529837853,,-0.27822397267229726,
-0.7241930360812244,-0.8523226716961302,-0.7670324356442061,0.7696076639922105,1.0264700696395757,11,10.0,11.0,7.0,1.0006841917712752,6.0,,,,,,,-0.8941254390002805,0.946988666231974,0.3104494468733118,0.0,-0.8919973065020017,34,-0.6775595529837853,,-0.4968178859636168,
-0.7116083061255866,-0.8492040889692537,-0.7713334205548218,0.7447888885483104,1.0264700696395757,11,10.0,11.0,6.0,0.9197068049923344,12.0,,,,,,,-0.8941254390002805,0.946988666231974,0.3104494468733118,0.0,-0.8919973065020017,34,-0.6775595529837853,,-0.2699235597173641,
0.0954141648431657,0.9022564928460568,0.0646060066724953,-0.5954249854222939,-0.3041392798932077,11,10.0,11.0,7.0,-1.6108365318495672,9.0,,,,,,,-0.8941254390002805,0.946988666231974,0.3104494468733118,0.0,-0.8919973065020017,34,-0.6775595529837853,,0.8984229549149516,
-0.7165142178032081,-0.8492040889692537,-0.7776988782225339,0.7696076639922105,0.9208661530099896,11,10.0,11.0,7.0,0.8184850715186583,7.0,,,,,,,-0.8941254390002805,0.946988666231974,0.3104494468733118,0.0,-0.8919973065020017,34,-0.6775595529837853,,-0.11606019890361208,
-0.9012348016662882,-0.5140016311259386,1.282303068450387,0.944259459508613,-1.1796820639057877,11,10.0,11.0,7.0,0.97189704080235,11.0,,,,,,,-0.8941254390002805,0.946988666231974,0.3104494468733118,0.0,-0.8919973065020017,34,-0.6775595529837853,,2.290404609690984,
-0.8753853816585137,-0.8983264909094308,0.1477539754280507,0.8842047981025107,1.1159901066914728,11,10.0,11.0,7.0,0.8783479552995971,7.0,,,,,,,-0.8941254390002805,0.946988666231974,0.3104494468733118,0.0,-0.8919973065020017,34,-0.6775595529837853,,0.2281411412901529,
-0.8872647107062043,-0.8927147386806356,-1.0064896177303295,0.9242412390399122,1.0469473346434348,11,10.0,11.0,7.0,0.9095309838005148,6.0,,,,,,,-0.8941254390002805,0.946988666231974,0.3104494468733118,0.0,-0.8919973065020017,34,-0.6775595529837853,,-0.09548509149002397,
-0.4978127872067145,-0.4201250331270922,-0.2312557383011544,0.1635488612292846,0.6326907023552074,11,10.0,11.0,7.0,-0.0727344139783907,7.0,,,,,,,-0.8941254390002805,0.946988666231974,0.3104494468733118,0.0,-0.8919973065020017,34,-0.6775595529837853,,-0.04993659707984501,
-0.7911846973684825,-0.8081376158037927,-0.9722065989749936,0.86418657763381,0.7707762464512832,11,10.0,11.0,7.0,0.5977006987913385,6.0,,,,,,,-0.8941254390002805,0.946988666231974,0.3104494468733118,0.0,-0.8919973065020017,34,-0.6775595529837853,,-0.26137328587017916,
-0.6766679653487447,-0.5850303807646897,-0.8470371092214684,0.6640043729468028,0.54638723729516,11,10.0,11.0,6.0,0.5977006987913385,6.0,,,,,,,-0.8941254390002805,0.946988666231974,0.3104494468733118,0.0,-0.8919973065020017,34,-0.6775595529837853,,-0.5597838071936414,
0.9153575169201372,1.118246148147259,1.6525269413253494,-1.3506543153436552,-1.3299681376832444,11,10.0,11.0,7.0,-1.835204284337497,10.0,,,,,,,-0.8941254390002805,0.946988666231974,0.3104494468733118,0.0,-0.8919973065020017,34,-0.6775595529837853,,-0.9148374635934904,
-0.3223424903682231,1.1486739087759903,0.5496244571740994,-0.7107517899726915,-0.2654401565718819,11,10.0,11.0,7.0,0.113340020114622,8.0,,,,,,,-0.8941254390002805,0.946988666231974,0.3104494468733118,0.0,-0.8919973065020017,34,-0.6775595529837853,,0.024410622946073567,
-0.7521480714265748,-0.8439753425330212,-0.8137838768922084,0.8405270594114628,1.0259544434648529,11,10.0,11.0,6.0,0.9237965007274502,12.0,,,,,,,-0.8941254390002805,0.946988666231974,0.3104494468733118,0.0,-0.8919973065020017,34,-0.6775595529837853,,-0.2690702143226176,
-0.5324358796385371,-0.5300332774737144,-0.6237236184224827,0.5710574604410098,0.4139673531879769,11,10.0,11.0,7.0,0.3933537909292189,8.0,,,,,,,-0.8941254390002805,0.946988666231974,0.3104494468733118,0.0,-0.8919973065020017,34,-0.6775595529837853,,-0.06773626343358437,
-0.7000900787085619,-0.4058276550756862,-0.3828684634279887,0.7447888885483104,0.0549140366473845,11,10.0,11.0,7.0,0.7982407248239232,6.0,,,,,,,-0.8941254390002805,0.946988666231974,0.3104494468733118,0.0,-0.8919973065020017,34,-0.6775595529837853,,-0.2525876243123323,
-0.7577148034143789,-0.7917314516421815,-0.7428526644968588,0.8793090306460667,0.9736006083282286,11,10.0,11.0,7.0,0.941040255634106,7.0,,,,,,,-0.8941254390002805,0.946988666231974,0.3104494468733118,0.0,-0.8919973065020017,34,-0.6775595529837853,,0.2857704021156868,
-0.7791736573673654,-0.8919544260041999,-0.8191638890100195,0.8793090306460667,1.0434057218437278,11,10.0,11.0,7.0,0.9065527458207944,2.0,10.0,16.0,0.0,0.0,1.0,0.0,-0.8941254390002805,0.946988666231974,0.3104494468733118,0.0,-0.8919973065020017,34,-0.6775595529837853,2.0,0.7382728551718947,-0.7764369510791076
2.9453869786083184,-0.323843398458762,-0.2988005795084764,0.6039497115407007,-0.506515036437418,12,10.0,11.0,7.0,-0.0883259282288495,9.0,,,,,,,-0.8190425622937911,0.946988666231974,0.7569358070938993,0.0,-0.9684785136616992,18,-0.2130653298145874,,-0.40353651359500464,
0.6137122731276018,0.5614505995781822,1.823974764784698,-0.7572892803309487,-1.041596519809712,12,10.0,11.0,7.0,-0.1662834994811436,8.0,,,,,,,-0.8190425622937911,0.946988666231974,0.7569358070938993,0.0,-0.9684785136616992,18,-0.2130653298145874,,-0.6236614571865121,
-0.4536213420350075,-0.5013208089193655,-0.5524993083026821,0.5462386849971097,0.4984504864916457,12,10.0,11.0,7.0,0.1706659772871315,12.0,,,,,,,-0.8190425622937911,0.946988666231974,0.7569358070938993,0.0,-0.9684785136616992,18,-0.2130653298145874,,,
-0.5439541070555618,-0.5593909700405214,-0.630261115486619,0.7696076639922105,0.3294842198843081,12,10.0,11.0,7.0,0.3731094442344836,6.0,,,,,,,-0.8190425622937911,0.946988666231974,0.7569358070938993,0.0,-0.9684785136616992,18,-0.2130653298145874,,-0.2301850063872456,
-0.536808540046852,-0.5655205981588651,-0.611164742483484,0.5462386849971097,0.2238803032547221,12,10.0,11.0,7.0,0.312376404150278,9.0,,,,,,,-0.8190425622937911,0.946988666231974,0.7569358070938993,0.0,-0.9684785136616992,18,-0.2130653298145874,,-0.5085164379046987,
-0.6867587969758945,-0.7944675852457936,-0.7630755295264394,0.7696076639922105,1.0053492863136584,12,10.0,11.0,7.0,0.8994624582975992,9.0,,,,,,,-0.8190425622937911,0.946988666231974,0.7569358070938993,0.0,-0.9684785136616992,18,-0.2130653298145874,,0.1739425415693258,
-0.5036403110959756,-0.5045469289816513,-0.5810578481091722,0.5958762358849099,0.2661218699065565,12,10.0,11.0,7.0,0.4945755244028949,9.0,,,,,,,-0.8190425622937911,0.946988666231974,0.7569358070938993,0.0,-0.9684785136616992,18,-0.2130653298145874,,-0.20478078269223854,
-0.497881197387463,-0.505407227664928,-0.6061755999871695,0.4966011341093095,0.4773297031657285,12,10.0,11.0,7.0,0.3528650975397485,8.0,,,,,,,-0.8190425622937911,0.946988666231974,0.7569358070938993,0.0,-0.9684785136616992,18,-0.2130653298145874,,-0.07820253642996951,
-0.6749573419658772,-0.1224616613339949,0.5136340223998936,0.6239679320094014,-0.575557808485456,12,10.0,11.0,7.0,0.550926156039962,6.0,,,,,,,-0.8190425622937911,0.946988666231974,0.7569358070938993,0.0,-0.9684785136616992,18,-0.2130653298145874,,-0.8562119524376267,
-0.8584692170946021,-0.3842899867517851,2.0693536479611883,0.8041319162277079,-1.0588572128217213,12,10.0,11.0,7.0,0.893939469550056,9.0,,,,,,,-0.8190425622937911,0.946988666231974,0.7569358070938993,0.0,-0.9684785136616992,18,-0.2130653298145874,,-0.8473742448863002,
0.6323390610743805,0.9797666442903772,0.9110252695894064,-0.5771252961126422,-0.7999468176415792,12,10.0,11.0,7.0,-0.9926337547554608,6.0,,,,,,,-0.8190425622937911,0.946988666231974,0.7569358070938993,0.0,-0.9684785136616992,18,-0.2130653298145874,,-0.7817706697016028,
0.7388351463886241,1.698570461553761,2.1559169096103985,-1.4640821259587966,-1.845956462685163,12,10.0,11.0,7.0,-0.6795965838917474,8.0,,,,,,,-0.8190425622937911,0.946988666231974,0.7569358070938993,0.0,-0.9684785136616992,18,-0.2130653298145874,,0.043063990364362814,
0.5220151802885218,1.0614117492521884,0.4434367575995492,-1.8860013085050984,-0.874400429692972,12,10.0,11.0,7.0,-0.1937322632181023,12.0,,,,,,,-0.8190425622937911,0.946988666231974,0.7569358070938993,0.0,-0.9684785136616992,18,-0.2130653298145874,,-0.7060915051793136,
0.0649121922388226,0.2669259152464469,0.1822809538269481,-0.4216935573149933,-0.0929314466340357,12,10.0,11.0,7.0,-0.5176418103338657,6.0,,,,,,,-0.8190425622937911,0.946988666231974,0.7569358070938993,0.0,-0.9684785136616992,18,-0.2130653298145874,,-0.5569424204703071,
1.463416971122561,2.6921079034025754,1.999705137656827,-2.134189062944099,-2.162768212573921,12,10.0,11.0,7.0,-2.623053866586328,9.0,,,,,,,-0.8190425622937911,0.946988666231974,0.7569358070938993,0.0,-0.9684785136616992,18,-0.2130653298145874,,-0.9868169873944772,
-0.672680963466198,-0.8182333363713034,-0.7255709411058683,0.7944264394361106,0.9208661530099896,12,10.0,11.0,7.0,0.8184850715186583,8.0,,,,,,,-0.8190425622937911,0.946988666231974,0.7569358070938993,0.0,-0.9684785136616992,18,-0.2130653298145874,,-0.03523682592107025,
0.8317217198108199,1.8646598028824075,1.6986593898449798,-1.758200303765985,-1.2487248359538254,12,10.0,11.0,7.0,-0.2286495564829788,11.0,,,,,,,-0.8190425622937911,0.946988666231974,0.7569358070938993,0.0,-0.9684785136616992,18,-0.2130653298145874,,-1.0221391696632882,
-0.7564020219168444,-0.7533829476285476,-0.2112694677927243,0.7841136957590071,0.9088617905473588,12,10.0,11.0,7.0,0.550926156039962,6.0,,,,,,,-0.8190425622937911,0.946988666231974,0.7569358070938993,0.0,-0.9684785136616992,18,-0.2130653298145874,,-0.32280637650708177,
-0.7451879352958243,-0.7195520984778107,-0.2874215349854287,0.8241501366964086,0.8052976324753022,12,10.0,11.0,7.0,0.5665176702904208,9.0,,,,,,,-0.8190425622937911,0.946988666231974,0.7569358070938993,0.0,-0.9684785136616992,18,-0.2130653298145874,,-0.7809706354273933,
-0.8446276512239641,-0.9613395621009826,-0.8964661683869876,0.8987000162633686,0.9561493299493538,12,10.0,11.0,7.0,0.8030902163808588,9.0,,,,,,,-0.8190425622937911,0.946988666231974,0.7569358070938993,0.0,-0.9684785136616992,18,-0.2130653298145874,,-0.3248151732323127,
1.1146398204106205,1.386298009322103,1.4042630841076678,-1.1576536897049632,-0.903510975713636,12,10.0,11.0,7.0,-1.9281246097829896,12.0,,,,,,,-0.8190425622937911,0.946988666231974,0.7569358070938993,0.0,-0.9684785136616992,18,-0.2130653298145874,,-0.9863187147884562,
-0.0414020969837272,0.0508960758499481,0.2336195348858337,-0.032067293367124,-0.1083786511620087,12,10.0,11.0,7.0,-0.1625600583918727,12.0,,,,,,,-0.8190425622937911,0.946988666231974,0.7569358070938993,0.0,-0.9684785136616992,18,-0.2130653298145874,,-0.515241972470537,
-0.6618233556244645,-0.6915904928074634,-0.7073162686660546,0.6272262176211416,0.6594775975084822,12,10.0,11.0,7.0,0.4927026280610522,9.0,,,,,,,-0.8190425622937911,0.946988666231974,0.7569358070938993,0.0,-0.9684785136616992,18,-0.2130653298145874,,-0.7368825188403371,
-0.8456152972218003,-0.9496113416969164,-0.8814587661636204,0.8987000162633686,1.0434057218437278,12,10.0,11.0,6.0,0.958284010540762,11.0,,,,,,,-0.8190425622937911,0.946988666231974,0.7569358070938993,0.0,-0.9684785136616992,18,-0.2130653298145874,,1.7122827137531025,
0.2050633538870445,-0.1424234656907091,0.9388893401522544,-0.4169795323630363,-0.1267797901732096,12,10.0,11.0,7.0,-1.2109149542618842,7.0,,,,,,,-0.8190425622937911,0.946988666231974,0.7569358070938993,0.0,-0.9684785136616992,18,-0.2130653298145874,,-0.22738835189340875,
0.2687365575826658,0.1203668743948745,1.5683839185747024,-0.51707063470654,-0.0404763251131622,12,10.0,11.0,7.0,-0.8679016407517903,11.0,,,,,,,-0.8190425622937911,0.946988666231974,0.7569358070938993,0.0,-0.9684785136616992,18,-0.2130653298145874,,-0.6128042545751243,
-0.6980968995449939,-0.7847601318215828,-0.783344334646699,0.8405270594114628,0.938698051570479,12,10.0,11.0,7.0,0.5271901378743641,2.0,6.0,14.0,5.0,1.0,0.0,0.0,-0.8190425622937911,0.946988666231974,0.7569358070938993,0.0,-0.9684785136616992,18,-0.2130653298145874,7.0,0.5194170099395307,-0.7889570974557216
-0.832865685249733,-0.907209314082216,-0.8272339071867362,0.8793090306460667,1.0608570002226023,12,10.0,11.0,6.0,0.975527765447418,12.0,,,,,,,-0.8190425622937911,0.946988666231974,0.7569358070938993,0.0,-0.9684785136616992,18,-0.2130653298145874,,0.20557403726476658,
0.7801398012163816,0.7608224801687989,0.5693039751839873,-1.5057822002820709,-0.9983938484846232,12,10.0,11.0,7.0,-1.162697842977916,14.0,,,,,,,-0.8190425622937911,0.946988666231974,0.7569358070938993,0.0,-0.9684785136616992,18,-0.2130653298145874,,,
0.3734092221074754,0.2447807823898934,0.3348487102604349,0.1036696059539895,-0.5795631673916282,12,10.0,11.0,7.0,0.320265078994493,2.0,9.0,13.0,8.0,1.0,0.0,0.0,-0.8190425622937911,0.946988666231974,0.7569358070938993,0.0,-0.9684785136616992,18,-0.2130653298145874,4.0,-0.8137121832794403,0.3920234383109701
-0.8187447407591247,-0.8361162090587866,-1.008969665895609,0.8041319162277079,1.1159901066914728,12,10.0,11.0,7.0,0.8471649267986795,12.0,,,,,,,-0.8190425622937911,0.946988666231974,0.7569358070938993,0.0,-0.9684785136616992,18,-0.2130653298145874,,0.20877895593030746,
-0.8440239529726102,-0.8983264909094308,-1.02049459560485,0.86418657763381,1.1159901066914728,12,10.0,11.0,7.0,0.8627564410491383,12.0,,,,,,,-0.8190425622937911,0.946988666231974,0.7569358070938993,0.0,-0.9684785136616992,18,-0.2130653298145874,,-0.2326965312034936,
-0.8218220072739282,-0.9075373761914208,-0.8565408153021798,0.8987000162633686,1.0434057218437278,12,10.0,11.0,6.0,0.9237965007274502,12.0,,,,,,,-0.8190425622937911,0.946988666231974,0.7569358070938993,0.0,-0.9684785136616992,18,-0.2130653298145874,,1.515853715885834,
-0.7668729753943145,-0.8125633955766763,-0.7982101576038083,0.8405270594114628,0.9910518867071034,12,10.0,11.0,6.0,0.9065527458207944,3.0,11.0,14.0,10.0,0.0,1.0,0.0,-0.8190425622937911,0.946988666231974,0.7569358070938993,0.0,-0.9684785136616992,18,-0.2130653298145874,2.0,-0.13623999532704212,-0.834389749865099
1.4223790578093185,2.168701021820532,1.4453964747896266,-1.0403985454668243,-1.7487988187762395,12,10.0,11.0,7.0,-0.7660914801248299,2.0,10.0,16.0,0.0,0.0,1.0,0.0,-0.8190425622937911,0.946988666231974,0.7569358070938993,0.0,-0.9684785136616992,18,-0.2130653298145874,3.0,0.007661360341503443,2.1110090282424574
-0.8286457432589783,-0.9118841991383824,-0.8572487116334712,0.8793090306460667,1.0957595569803522,12,10.0,11.0,7.0,0.975527765447418,9.0,,,,,,,-0.8190425622937911,0.946988666231974,0.7569358070938993,0.0,-0.9684785136616992,18,-0.2130653298145874,,0.21257283713981656,
-0.1801214666798106,0.0068537376892246,0.1393277435578833,-0.6137968618861819,-0.8064297863170006,12,10.0,11.0,7.0,-0.8178227448447977,8.0,,,,,,,-0.8190425622937911,0.946988666231974,0.7569358070938993,0.0,-0.9684785136616992,18,-0.2130653298145874,,-0.8692753231825969,
1.369244796962999,0.7520268352789181,-0.3422671658717739,-1.265531922407596,-0.1140522299599529,13,10.0,11.0,7.0,-3.473316427765207,8.0,,,,,,,-1.7951199594781562,-0.581790985715848,1.3947734645519434,0.0,-1.4464860584098094,67,-1.1420537761529832,,0.2517343095396196,
-0.8901157496776501,-0.9171659448203864,-1.0482127809815047,0.9242412390399122,1.1332507997034822,13,10.0,11.0,7.0,0.9095309838005148,9.0,,,,,,,-1.7951199594781562,-0.581790985715848,1.3947734645519434,0.0,-1.4464860584098094,67,-1.1420537761529832,,0.7696688976175559,
0.3336708319693973,0.3908089256382457,0.9373618647346856,-1.3151694732953962,-1.317936879537233,13,10.0,11.0,7.0,-1.874013038881125,9.0,,,,,,,-1.7951199594781562,-0.581790985715848,1.3947734645519434,0.0,-1.4464860584098094,67,-1.1420537761529832,,-1.05388314998316,
2.33460481581075,1.520942387195961,-0.0076315348181112,-1.389436286578259,-0.9111374565902494,13,10.0,11.0,7.0,-2.5939295002303573,2.0,10.0,16.0,0.0,0.0,1.0,0.0,-1.7951199594781562,-0.581790985715848,1.3947734645519434,0.0,-1.4464860584098094,67,-1.1420537761529832,4.0,0.08276604049179881,1.7755903076412758
0.4450584499505007,1.145475303211245,1.5983020823484648,-1.1761354447879375,-2.062921829595986,13,10.0,11.0,7.0,-1.2316728626045397,9.0,,,,,,,-1.7951199594781562,-0.581790985715848,1.3947734645519434,0.0,-1.4464860584098094,67,-1.1420537761529832,,-0.4960138339777919,
-0.8063788153077622,-0.9010581495346291,-0.4749846927363755,0.8793090306460667,0.9910518867071034,13,10.0,11.0,7.0,0.7686027065675469,9.0,,,,,,,-1.7951199594781562,-0.581790985715848,1.3947734645519434,0.0,-1.4464860584098094,67,-1.1420537761529832,,0.6585552580710171,
-0.164408916714235,-0.0201293707928573,0.6630294494469047,-0.0708492646017278,-1.71389626201849,13,10.0,11.0,7.0,0.3375088339011489,2.0,6.0,14.0,5.0,1.0,0.0,0.0,-1.7951199594781562,-0.581790985715848,1.3947734645519434,0.0,-1.4464860584098094,67,-1.1420537761529832,8.0,0.35994589680617367,0.13286958134442062
0.8839324169889853,1.822185418973126,1.8650374199788824,-1.5445641715166745,-1.3125168593043697,13,10.0,11.0,7.0,-0.1108287936719049,12.0,,,,,,,-1.7951199594781562,-0.581790985715848,1.3947734645519434,0.0,-1.4464860584098094,67,-1.1420537761529832,,-0.8841837700614176,
0.8902174369752157,2.05068067803416,1.5909399605030392,-1.6027371283685805,-1.5917373133663664,13,10.0,11.0,7.0,-1.352379146951131,12.0,,,,,,,-1.7951199594781562,-0.581790985715848,1.3947734645519434,0.0,-1.4464860584098094,67,-1.1420537761529832,,-0.04133928690388442,
1.0607210506016644,1.8598305460043585,1.9889192779547933,-1.7384740276896935,-1.5568347566086167,13,10.0,11.0,7.0,-0.5764101761516147,13.0,,,,,,,-1.7951199594781562,-0.581790985715848,1.3947734645519434,0.0,-1.4464860584098094,67,-1.1420537761529832,,-0.8839440844202786,
-0.4599844280666676,-0.6377062913706009,-0.6656919643861485,0.5496622751519339,0.4326109785831099,13,10.0,11.0,6.0,0.5099463829677081,10.0,,,,,,,-1.7951199594781562,-0.581790985715848,1.3947734645519434,0.0,-1.4464860584098094,67,-1.1420537761529832,,-0.7260803885773336,
-0.853907554740289,-0.9007315275789146,-0.9993412436068766,0.9242412390399122,1.1159901066914728,13,10.0,11.0,7.0,0.9563055265518912,8.0,,,,,,,-1.7951199594781562,-0.581790985715848,1.3947734645519434,0.0,-1.4464860584098094,67,-1.1420537761529832,,0.7310135611764653,
0.6046839830513571,0.6502766205711126,2.0385718736744822,-0.8373621622057515,-0.6963826595695223,13,10.0,11.0,7.0,-1.6007028105233547,14.0,,,,,,,-1.7951199594781562,-0.581790985715848,1.3947734645519434,0.0,-1.4464860584098094,67,-1.1420537761529832,,0.23339975956449344,
-0.1884715646615169,-0.8361838674394104,-0.8133591390934338,0.7823541025595571,0.5024160920986092,13,10.0,11.0,7.0,-1.1109665782579483,10.0,,,,,,,-1.7951199594781562,-0.581790985715848,1.3947734645519434,0.0,-1.4464860584098094,67,-1.1420537761529832,,-0.6719534024815796,
-0.4896691278401401,-0.5213227533055415,-0.6053154030050458,0.5462386849971097,0.3928465698620597,13,10.0,11.0,7.0,0.3326207508450132,9.0,,,,,,,-1.7951199594781562,-0.581790985715848,1.3947734645519434,0.0,-1.4464860584098094,67,-1.1420537761529832,,-0.20378608728151343,
-0.4759112450920272,-0.5364855175982876,-0.5721117994950911,0.4966011341093095,0.2872426532324737,13,10.0,11.0,7.0,0.1504216305923963,7.0,,,,,,,-1.7951199594781562,-0.581790985715848,1.3947734645519434,0.0,-1.4464860584098094,67,-1.1420537761529832,,-0.007423253431307453,
-0.681212983775105,-0.8216745311044094,-0.758946584012248,0.7447888885483104,0.9208661530099896,13,10.0,11.0,7.0,0.8387294182133935,13.0,,,,,,,-1.7951199594781562,-0.581790985715848,1.3947734645519434,0.0,-1.4464860584098094,67,-1.1420537761529832,,1.8225080858630456,
-0.507586370488845,-0.5547668646179109,-0.6003262605087314,0.62069501132881,0.4139673531879769,13,10.0,11.0,7.0,0.3528650975397485,11.0,,,,,,,-1.7951199594781562,-0.581790985715848,1.3947734645519434,0.0,-1.4464860584098094,67,-1.1420537761529832,,-0.5356662093480902,
-0.6851590431679744,-0.8382352807574793,-0.7269472562772653,0.7447888885483104,0.9208661530099896,13,10.0,11.0,7.0,0.8387294182133935,12.0,,,,,,,-1.7951199594781562,-0.581790985715848,1.3947734645519434,0.0,-1.4464860584098094,67,-1.1420537761529832,,1.6984882090794309,
-0.5019339070341939,-0.4823942378872848,-0.584842714830514,0.5214199095532096,0.3506050032102253,13,10.0,11.0,7.0,0.4338424843186893,8.0,,,,,,,-1.7951199594781562,-0.581790985715848,1.3947734645519434,0.0,-1.4464860584098094,67,-1.1420537761529832,,-0.08299624925274125,
-0.4624733131054988,-0.4643279655384808,-0.552671347699107,0.4966011341093095,0.4562089198398113,13,10.0,11.0,7.0,0.3528650975397485,15.0,,,,,,,-1.7951199594781562,-0.581790985715848,1.3947734645519434,0.0,-1.4464860584098094,67,-1.1420537761529832,,-0.27774297310479834,
-0.0654144179797337,0.6807295819023881,0.3758252748046662,-0.6698813117539941,-2.0360435126184178,13,10.0,11.0,7.0,-0.1734879165233671,9.0,,,,,,,-1.7951199594781562,-0.581790985715848,1.3947734645519434,0.0,-1.4464860584098094,67,-1.1420537761529832,,-0.24413313274734594,
-0.5213442532369579,-0.581651198470298,-0.5917242906875,0.6951513376605102,0.4562089198398113,13,10.0,11.0,7.0,0.3326207508450132,7.0,,,,,,,-1.7951199594781562,-0.581790985715848,1.3947734645519434,0.0,-1.4464860584098094,67,-1.1420537761529832,,-0.7154170807031677,
-0.5351021359850704,-0.5218604399825887,-0.5879394239661576,0.4469635832215094,0.3928465698620597,13,10.0,11.0,7.0,0.3326207508450132,10.0,,,,,,,-1.7951199594781562,-0.581790985715848,1.3947734645519434,0.0,-1.4464860584098094,67,-1.1420537761529832,,-0.7320513171026116,
-0.454047943050453,-0.4467993798667241,-0.5667785782059269,0.2980509305581089,0.1393971699510533,13,10.0,11.0,7.0,0.2718877107608076,12.0,,,,,,,-1.7951199594781562,-0.581790985715848,1.3947734645519434,0.0,-1.4464860584098094,67,-1.1420537761529832,,0.16722575346268445,
2.437807007058592,-0.5265879896962362,-0.0296424109825397,0.2035853021666861,-0.6791219665575128,13,10.0,11.0,7.0,-0.0103683569765554,11.0,,,,,,,-1.7951199594781562,-0.581790985715848,1.3947734645519434,0.0,-1.4464860584098094,67,-1.1420537761529832,,-0.6221197272175916,
2.2445065647945706,-0.6970249216736464,-0.3803503985903186,0.8441683571651093,0.5291265442831505,13,10.0,11.0,7.0,-0.0727344139783907,7.0,,,,,,,-1.7951199594781562,-0.581790985715848,1.3947734645519434,0.0,-1.4464860584098094,67,-1.1420537761529832,,-0.2813102298522798,
-0.7965921413292036,-0.8680879075595623,-0.8272339071867362,0.8793090306460667,1.0259544434648529,13,10.0,11.0,7.0,0.941040255634106,13.0,,,,,,,-1.7951199594781562,-0.581790985715848,1.3947734645519434,0.0,-1.4464860584098094,67,-1.1420537761529832,,,
-0.3701086422635734,-0.0947635006369137,0.2334779556195753,0.0842786203366875,-0.509758053876129,13,10.0,11.0,7.0,0.4582151182477404,3.0,11.0,14.0,10.0,0.0,1.0,0.0,-1.7951199594781562,-0.581790985715848,1.3947734645519434,0.0,-1.4464860584098094,67,-1.1420537761529832,3.0,-0.904389749865099,-0.10123999532704209
-0.7967717133288101,-0.8858032614566133,-0.8110938708333032,0.8599180450287647,1.0434057218437278,13,10.0,11.0,6.0,0.8375777261941706,3.0,12.0,15.0,0.0,0.0,0.0,1.0,-1.7951199594781562,-0.581790985715848,1.3947734645519434,0.0,-1.4464860584098094,67,-1.1420537761529832,2.0,-0.6213931372952813,-0.8838400004627445
0.6772904421908418,0.3733767320245578,-0.3613853243852387,-2.358746917827007,-0.2648653342692854,13,10.0,11.0,7.0,-0.5404798414921552,12.0,,,,,,,-1.7951199594781562,-0.581790985715848,1.3947734645519434,0.0,-1.4464860584098094,67,-1.1420537761529832,,0.08302274955536554,
-0.8777612474680516,0.6129183843051327,-0.2722494756213647,0.8842047981025107,-1.2832462219778444,13,10.0,11.0,7.0,0.8315734125482207,12.0,,,,,,,-1.7951199594781562,-0.581790985715848,1.3947734645519434,0.0,-1.4464860584098094,67,-1.1420537761529832,,0.4209499117514053,
-0.8652166759936905,-0.8749976352154394,-0.9993412436068766,0.944259459508613,1.0469473346434348,13,10.0,11.0,7.0,0.8315734125482207,9.0,,,,,,,-1.7951199594781562,-0.581790985715848,1.3947734645519434,0.0,-1.4464860584098094,67,-1.1420537761529832,,0.5853768328875073,
-0.6893876575640748,-0.7227563931819049,-0.7013699394832106,0.7823541025595571,0.6071237623718578,13,10.0,11.0,7.0,0.4927026280610522,11.0,,,,,,,-1.7951199594781562,-0.581790985715848,1.3947734645519434,0.0,-1.4464860584098094,67,-1.1420537761529832,,-0.5255121835781869,
-0.7107853983737124,-0.735746012052334,-0.9509073617908272,0.7841136957590071,0.8398190184993211,13,10.0,11.0,7.0,0.4885600990381267,15.0,,,,,,,-1.7951199594781562,-0.581790985715848,1.3947734645519434,0.0,-1.4464860584098094,67,-1.1420537761529832,,-0.22915156029752135,
-0.7907560513419897,-0.9117201680837804,-0.8311981266419651,0.8211360737941609,1.0608570002226023,14,10.0,11.0,7.0,0.9237965007274502,15.0,,,,,,,-0.5187110554678321,-0.2420621741718875,-0.2636044448389136,0.0,-0.853756702922153,12,-1.1420537761529832,,-0.22064757457459683,
-0.8785215245271041,-0.9187693026000424,-1.0181604326257634,0.944259459508613,1.1159901066914728,14,10.0,11.0,7.0,0.893939469550056,7.0,,,,,,,-0.5187110554678321,-0.2420621741718875,-0.2636044448389136,0.0,-0.853756702922153,12,-1.1420537761529832,,-0.6085785408475384,
-0.3834861244517403,-0.3576742476094989,-0.2944240239226886,0.0434395384170803,0.6326907023552074,14,10.0,11.0,7.0,-0.1351004709802259,10.0,,,,,,,-0.5187110554678321,-0.2420621741718875,-0.2636044448389136,0.0,-0.853756702922153,12,-1.1420537761529832,,-0.8991401540684656,
-0.6967501095479445,-0.7703253990165783,-0.7982101576038083,0.8211360737941609,0.6943801542662319,14,10.0,11.0,7.0,0.5099463829677081,11.0,,,,,,,-0.5187110554678321,-0.2420621741718875,-0.2636044448389136,0.0,-0.853756702922153,12,-1.1420537761529832,,-0.5223534878063365,
-0.8713939270984894,-0.9114740247026084,-1.0717002959585646,0.9042230185712116,1.1505114927154916,14,10.0,11.0,7.0,0.9251224980509736,14.0,,,,,,,-0.5187110554678321,-0.2420621741718875,-0.2636044448389136,0.0,-0.853756702922153,12,-1.1420537761529832,,0.5395968754300366,
-0.8846037409995217,-0.9231785364940958,-1.0645519218351116,0.86418657763381,1.1677721857275012,14,10.0,11.0,6.0,0.9407140123014324,10.0,,,,,,,-0.5187110554678321,-0.2420621741718875,-0.2636044448389136,0.0,-0.853756702922153,12,-1.1420537761529832,,-0.6155467171878862,
-0.911498541963493,-0.9392922821796365,-1.085997044205471,0.944259459508613,1.1159901066914728,14,10.0,11.0,7.0,0.9251224980509736,8.0,,,,,,,-0.5187110554678321,-0.2420621741718875,-0.2636044448389136,0.0,-0.853756702922153,12,-1.1420537761529832,,0.5178983867718147,
-0.9115935765958748,-0.956528378310936,-1.078702784895825,0.9642776799773136,1.1677721857275012,14,10.0,11.0,7.0,0.8627564410491383,10.0,,,,,,,-0.5187110554678321,-0.2420621741718875,-0.2636044448389136,0.0,-0.853756702922153,12,-1.1420537761529832,,-0.5805709957360009,
-0.5083329222658746,-0.5211076786347221,-0.5385641171922866,0.5214199095532096,0.3717257865361425,14,10.0,11.0,7.0,0.2921320574555428,8.0,,,,,,,-0.5187110554678321,-0.2420621741718875,-0.2636044448389136,0.0,-0.853756702922153,12,-1.1420537761529832,,-0.36120198699433753,
-0.4454092724876845,-0.4587360240971843,-0.4688881616403078,0.4717823586654094,0.3506050032102253,14,10.0,11.0,7.0,0.3528650975397485,14.0,,,,,,,-0.5187110554678321,-0.2420621741718875,-0.2636044448389136,0.0,-0.853756702922153,12,-1.1420537761529832,,0.4168623363738906,
-0.4841233146393505,-0.4690596082965006,-0.5609292387274893,0.5214199095532096,0.2450010865806393,14,10.0,11.0,7.0,0.2111546706766019,6.0,,,,,,,-0.5187110554678321,-0.2420621741718875,-0.2636044448389136,0.0,-0.853756702922153,12,-1.1420537761529832,,-0.2026076887786935,
-0.5023605080496395,-0.5589608206988826,-0.49641446506825,0.5214199095532096,0.4984504864916457,14,10.0,11.0,7.0,0.312376404150278,11.0,,,,,,,-0.5187110554678321,-0.2420621741718875,-0.2636044448389136,0.0,-0.853756702922153,12,-1.1420537761529832,,-0.5375057966438288,
-0.6924112604305456,-0.831245353955859,-0.7801074297724787,0.7944264394361106,0.9842285029877412,14,10.0,11.0,7.0,0.7577520314344527,10.0,,,,,,,-0.5187110554678321,-0.2420621741718875,-0.2636044448389136,0.0,-0.853756702922153,12,-1.1420537761529832,,-0.4124295095835395,
2.48874557001509,-0.0317116110054769,0.4587811923913551,0.063457758885781,-0.7309040455935413,14,10.0,11.0,7.0,-0.2442410707334376,14.0,,,,,,,-0.5187110554678321,-0.2420621741718875,-0.2636044448389136,0.0,-0.853756702922153,12,-1.1420537761529832,,0.23126864091084828,
-0.4552210958429276,-0.4733611017128824,-0.5488864809777646,0.5462386849971097,0.5618128364693973,14,10.0,11.0,7.0,0.3933537909292189,15.0,,,,,,,-0.5187110554678321,-0.2420621741718875,-0.2636044448389136,0.0,-0.853756702922153,12,-1.1420537761529832,,-0.27778406207185063,
-0.4590605049819359,-0.3998055642927517,-0.5285858321996576,0.2484133796703087,0.0760348199733017,14,10.0,11.0,7.0,0.2516433640660724,12.0,,,,,,,-0.5187110554678321,-0.2420621741718875,-0.2636044448389136,0.0,-0.853756702922153,12,-1.1420537761529832,,0.16455870596492417,
-0.7118341575148975,-0.7884508305501352,-0.8006170051301974,0.8599180450287647,0.5024160920986092,14,10.0,11.0,7.0,0.4064838535277726,10.0,,,,,,,-0.5187110554678321,-0.2420621741718875,-0.2636044448389136,0.0,-0.853756702922153,12,-1.1420537761529832,,-0.6332267597584126,
-0.7713622753844791,-0.8978595439698838,-0.8595139798936018,0.8987000162633686,1.0783082786014773,14,10.0,11.0,6.0,0.8893089909141384,3.0,13.0,20.0,0.0,0.0,0.0,1.0,-0.5187110554678321,-0.2420621741718875,-0.2636044448389136,0.0,-0.853756702922153,12,-1.1420537761529832,2.0,0.27466893339259396,-0.751574815666324
-0.8705386154070557,-0.8850987892272707,-0.976874924933167,0.86418657763381,1.1850328787395106,14,10.0,11.0,7.0,0.9563055265518912,8.0,,,,,,,-0.5187110554678321,-0.2420621741718875,-0.2636044448389136,0.0,-0.853756702922153,12,-1.1420537761529832,,-0.21315694357035922,
-0.5505664227949645,-0.5707899275939337,-0.6273364457473996,0.7447888885483104,0.2450010865806393,14,10.0,11.0,7.0,0.5553085644871006,7.0,,,,,,,-0.5187110554678321,-0.2420621741718875,-0.2636044448389136,0.0,-0.853756702922153,12,-1.1420537761529832,,-0.7108630535215343,
-0.6884652010376762,-0.8076946775011677,-0.09693898657024,0.7447888885483104,0.8997453696840724,14,10.0,11.0,7.0,0.7375076847397175,8.0,,,,,,,-0.5187110554678321,-0.2420621741718875,-0.2636044448389136,0.0,-0.853756702922153,12,-1.1420537761529832,,0.6396894882865418,
-0.7209935284653846,-0.8868421563625957,-0.8096982059575166,0.7199701131044103,0.9842285029877412,14,10.0,11.0,6.0,0.8387294182133935,8.0,,,,,,,-0.5187110554678321,-0.2420621741718875,-0.2636044448389136,0.0,-0.853756702922153,12,-1.1420537761529832,,0.4569903355669747,
-0.424825773492446,-0.4794907298312269,0.3252456922558225,0.2732321551142088,-0.8955212130188892,14,10.0,11.0,7.0,-0.2342209566075727,13.0,,,,,,,-0.5187110554678321,-0.2420621741718875,-0.2636044448389136,0.0,-0.853756702922153,12,-1.1420537761529832,,0.6653412578678953,
0.4102457142418383,0.5929791162081965,0.3261058892379455,-1.0918004943002957,-0.4308639798487109,14,10.0,11.0,7.0,-1.38814871820748,14.0,,,,,,,-0.5187110554678321,-0.2420621741718875,-0.2636044448389136,0.0,-0.853756702922153,12,-1.1420537761529832,,-1.0937337613715676,
-0.8263113072640927,-0.9384572299839584,-0.8623455652187654,0.8793090306460667,0.9910518867071034,14,10.0,11.0,7.0,0.8720652360074824,12.0,,,,,,,-0.5187110554678321,-0.2420621741718875,-0.2636044448389136,0.0,-0.853756702922153,12,-1.1420537761529832,,0.6380243465602888,
0.0804375047493379,0.7548353466758141,-0.0246210467690933,-0.8077067180592011,-0.9111374565902494,14,10.0,11.0,7.0,-1.162697842977916,14.0,,,,,,,-0.5187110554678321,-0.2420621741718875,-0.2636044448389136,0.0,-0.853756702922153,12,-1.1420537761529832,,,
0.4856055886773062,0.9046493323135036,1.6076270336605976,-0.957471485017956,-1.0588572128217213,14,10.0,11.0,7.0,-0.8523101265013315,8.0,,,,,,,-0.5187110554678321,-0.2420621741718875,-0.2636044448389136,0.0,-0.853756702922153,12,-1.1420537761529832,,0.19674669072927642,
0.1887173971174218,1.2165825883455372,1.6328651708719728,-1.177671910173664,-1.3695496870378918,14,10.0,11.0,7.0,0.4261940420362914,15.0,,,,,,,-0.5187110554678321,-0.2420621741718875,-0.2636044448389136,0.0,-0.853756702922153,12,-1.1420537761529832,,-0.5178835842335794,
0.1589715571820042,-0.1838702642948115,0.929406803049714,-0.5370888551752407,-0.575557808485456,14,10.0,11.0,7.0,-1.491562210770143,12.0,,,,,,,-0.5187110554678321,-0.2420621741718875,-0.2636044448389136,0.0,-0.853756702922153,12,-1.1420537761529832,,0.09570605527374104,
1.245859782196049,1.341574428988321,-0.2692700188632343,-1.641519099603184,-1.452127086335368,14,10.0,11.0,7.0,-1.800716774524185,12.0,,,,,,,-0.5187110554678321,-0.2420621741718875,-0.2636044448389136,0.0,-0.853756702922153,12,-1.1420537761529832,,0.01950155430909435,
-0.8139208392912386,-0.8808003142912424,-0.8086870233069141,0.9374819874979724,0.9910518867071034,14,10.0,11.0,6.0,0.8720652360074824,10.0,,,,,,,-0.5187110554678321,-0.2420621741718875,-0.2636044448389136,0.0,-0.853756702922153,12,-1.1420537761529832,,0.47880552013856387,
-0.5518355058654335,-0.7083216603769004,-0.2501568179183798,0.5690532607692358,0.7118314326451066,14,10.0,11.0,7.0,0.113340020114622,3.0,12.0,15.0,0.0,0.0,0.0,1.0,-0.5187110554678321,-0.2420621741718875,-0.2636044448389136,0.0,-0.853756702922153,12,-1.1420537761529832,3.0,-0.9538400004627443,-0.5863931372952814
0.4373279954274912,1.029230231792758,-0.0696149519993993,-1.0575625873614596,-1.162421370893778,14,10.0,11.0,7.0,0.9251224980509736,13.0,,,,,,,-0.5187110554678321,-0.2420621741718875,-0.2636044448389136,0.0,-0.853756702922153,12,-1.1420537761529832,,-0.3140675040491668,
-0.0572322314859649,0.9282186916744436,-0.2897556979645152,-0.9374532645492551,-0.972553747761674,14,10.0,11.0,7.0,-0.7587610409985787,10.0,,,,,,,-0.5187110554678321,-0.2420621741718875,-0.2636044448389136,0.0,-0.853756702922153,12,-1.1420537761529832,,0.34773563784749795,
-0.8004529393207451,-0.9131144320478998,-0.8607881932899255,0.8599180450287647,1.0608570002226023,14,10.0,11.0,7.0,0.941040255634106,14.0,,,,,,,-0.5187110554678321,-0.2420621741718875,-0.2636044448389136,0.0,-0.853756702922153,12,-1.1420537761529832,,0.4663864204087171,
-0.7719009913832986,-0.8827686869464704,-0.8229865291989905,0.8405270594114628,1.0608570002226023,14,10.0,11.0,7.0,0.958284010540762,2.0,10.0,16.0,0.0,0.0,1.0,0.0,-0.5187110554678321,-0.2420621741718875,-0.2636044448389136,0.0,-0.853756702922153,12,-1.1420537761529832,5.0,0.7367146278371929,-0.8752040417403004
3.260426784953073,-0.2114480181048912,-0.0453980110913746,-0.2568337686134305,0.3047375351270273,15,10.0,11.0,7.0,-0.0727344139783907,9.0,,,,,,,-0.3685453020548533,1.116853072003954,-0.2636044448389136,0.0,-0.853756702922153,32,-1.1420537761529832,,-0.46950364232754216,
2.5998410552690925,-0.4304666908058718,0.1406056013045977,-0.0366333434577225,-0.178561869209238,15,10.0,11.0,7.0,0.0987722427766562,12.0,,,,,,,-0.3685453020548533,1.116853072003954,-0.2636044448389136,0.0,-0.853756702922153,32,-1.1420537761529832,,0.03437191367639001,
2.1673384433007725,-0.4691877811845589,-0.5476807071535973,0.4438039477910948,0.8570797115113306,15,10.0,11.0,7.0,0.0675892142757386,15.0,,,,,,,-0.3685453020548533,1.116853072003954,-0.2636044448389136,0.0,-0.853756702922153,32,-1.1420537761529832,,-0.43296569677698293,
0.0394950888390378,0.3748574086895349,0.2585374857472738,-0.032067293367124,-0.5272093322550038,15,10.0,11.0,7.0,-1.3351353920444753,2.0,10.0,16.0,0.0,0.0,1.0,0.0,-0.3685453020548533,1.116853072003954,-0.2636044448389136,0.0,-0.853756702922153,32,-1.1420537761529832,6.0,0.43623958576608124,0.2916961265441461
0.0213583168787732,0.3653436075226002,0.906687366677238,-0.9046616461457108,-0.5621118890127534,15,10.0,11.0,7.0,-0.0590975289519371,14.0,,,,,,,-0.3685453020548533,1.116853072003954,-0.2636044448389136,0.0,-0.853756702922153,32,-1.1420537761529832,,0.31108518203047236,
-0.6961216075493216,-0.7731139269448176,-0.7819285419841174,0.7823541025595571,0.6245750407507327,15,10.0,11.0,7.0,0.5616776476876759,11.0,,,,,,,-0.3685453020548533,1.116853072003954,-0.2636044448389136,0.0,-0.853756702922153,32,-1.1420537761529832,,-0.5225599998627428,
-0.5794895938048469,-0.805838122337981,-0.3833829074673304,0.491489318300028,0.9037954948127294,15,10.0,11.0,7.0,0.3892400986211167,15.0,,,,,,,-0.3685453020548533,1.116853072003954,-0.2636044448389136,0.0,-0.853756702922153,32,-1.1420537761529832,,-0.25715997893712744,
-0.7893194753451371,-0.8678418609776588,-0.8235528462640235,0.801745088176859,1.0259544434648529,15,10.0,11.0,6.0,0.9065527458207944,4.0,14.0,17.0,0.0,0.0,1.0,0.0,-0.3685453020548533,1.116853072003954,-0.2636044448389136,0.0,-0.853756702922153,32,-1.1420537761529832,2.0,0.9981870519824853,-0.8758048040862099
0.0252578294211989,-0.2540171671547522,0.2125269980977069,-1.0375443668927589,-0.575557808485456,15,10.0,11.0,7.0,-1.4291961537683078,15.0,,,,,,,-0.3685453020548533,1.116853072003954,-0.2636044448389136,0.0,-0.853756702922153,32,-1.1420537761529832,,-0.46129923580349286,
-0.8284661712593718,-0.94493645664075,-0.8568239738346966,0.8599180450287647,1.008503165085978,15,10.0,11.0,7.0,0.941040255634106,14.0,,,,,,,-0.3685453020548533,1.116853072003954,-0.2636044448389136,0.0,-0.853756702922153,32,-1.1420537761529832,,-0.3183146804336172,
0.4482569781513668,0.6590950883592194,0.7002211755406373,-1.097599028298861,-0.6100791945094749,15,10.0,11.0,7.0,-1.0082252690059197,15.0,,,,,,,-0.3685453020548533,1.116853072003954,-0.2636044448389136,0.0,-0.853756702922153,32,-1.1420537761529832,,0.03488823469419877,
-0.8748151738642245,-0.9281489456110286,-1.073013262634301,0.9242412390399122,1.1332507997034822,15,10.0,11.0,7.0,0.8783479552995971,14.0,,,,,,,-0.3685453020548533,1.116853072003954,-0.2636044448389136,0.0,-0.853756702922153,32,-1.1420537761529832,,-0.29397389833710974,
-0.1078856905453179,0.1294258458499297,0.3576827583596621,-0.7773075007996494,-0.8172075106535887,15,10.0,11.0,7.0,-0.2910156134848141,10.0,,,,,,,-0.3685453020548533,1.116853072003954,-0.2636044448389136,0.0,-0.853756702922153,32,-1.1420537761529832,,-0.8304139331591086,
-0.5046552807381846,-0.5010946009997094,-0.0898929928802151,0.4037675068536934,0.1321306050069325,15,10.0,11.0,7.0,0.0831807285261974,7.0,,,,,,,-0.3685453020548533,1.116853072003954,-0.2636044448389136,0.0,-0.853756702922153,32,-1.1420537761529832,,-0.7606364716546333,
-0.8093417533012709,-0.8820305472007599,-0.8067049135792996,0.8793090306460667,0.9910518867071034,15,10.0,11.0,6.0,0.8375777261941706,3.0,14.0,17.0,0.0,0.0,0.0,1.0,-0.3685453020548533,1.116853072003954,-0.2636044448389136,0.0,-0.853756702922153,32,-1.1420537761529832,2.0,1.3877438856579345,-0.8862055021997617
-0.6855268595725331,-0.7528560917014309,-0.7819285419841174,0.8211360737941609,0.5547699272352334,15,10.0,11.0,7.0,0.4754588731543963,10.0,,,,,,,-0.3685453020548533,1.116853072003954,-0.2636044448389136,0.0,-0.853756702922153,32,-1.1420537761529832,,-0.6396774454476117,
0.2431297363929007,0.629351589905038,-0.2498736593858631,-0.6719698187380877,-0.6144657241493778,15,10.0,11.0,7.0,-1.852448039244153,3.0,13.0,20.0,0.0,0.0,0.0,1.0,-0.3685453020548533,1.116853072003954,-0.2636044448389136,0.0,-0.853756702922153,32,-1.1420537761529832,3.0,0.06048464119378386,0.49853093752653654
-0.8108681152979268,-0.8774376776718945,-0.8565408153021798,0.8793090306460667,1.008503165085978,15,10.0,11.0,7.0,0.8548214811008266,9.0,14.0,20.0,0.0,0.0,0.0,1.0,-0.3685453020548533,1.116853072003954,-0.2636044448389136,0.0,-0.853756702922153,32,-1.1420537761529832,2.0,0.8033372946161841,-0.7929579155916083
1.245692578464743,0.1174808303914939,-0.0912059595559514,-2.258655815483503,-0.0922584041491906,15,10.0,11.0,7.0,-1.086182840258214,8.0,,,,,,,-0.3685453020548533,1.116853072003954,-0.2636044448389136,0.0,-0.853756702922153,32,-1.1420537761529832,,-0.7471786700006415,
1.233243041622763,1.857605028651921,1.3679376727456305,-1.7782185242346855,-1.231464142941816,15,10.0,11.0,7.0,-0.977042240505002,8.0,,,,,,,-0.3685453020548533,1.116853072003954,-0.2636044448389136,0.0,-0.853756702922153,32,-1.1420537761529832,,-0.45322492756438465,
-0.4231193694306643,-0.5599286567175686,-0.5810578481091722,0.5958762358849099,0.5406920531434801,15,10.0,11.0,7.0,0.1706659772871315,11.0,,,,,,,-0.3685453020548533,1.116853072003954,-0.2636044448389136,0.0,-0.853756702922153,32,-1.1420537761529832,,-0.5382308457082731,
-0.0691471768648802,-0.4697048323089579,-0.5057045924751808,0.5462386849971097,0.4773297031657285,15,10.0,11.0,7.0,0.5755529111818358,14.0,,,,,,,-0.3685453020548533,1.116853072003954,-0.2636044448389136,0.0,-0.853756702922153,32,-1.1420537761529832,,0.3997541079441761,
-0.4598070567589651,-0.5068052130252519,-0.544929574859998,0.4966011341093095,0.2450010865806393,15,10.0,11.0,7.0,0.1706659772871315,6.0,,,,,,,-0.3685453020548533,1.116853072003954,-0.2636044448389136,0.0,-0.853756702922153,32,-1.1420537761529832,,-0.20242792454783956,
-0.4312247887241262,-0.4226034793995764,-0.5208440593605486,0.5462386849971097,0.0126724699955501,15,10.0,11.0,7.0,0.3528650975397485,10.0,,,,,,,-0.3685453020548533,1.116853072003954,-0.2636044448389136,0.0,-0.853756702922153,32,-1.1420537761529832,,0.43573121043891955,
-0.4772976983922248,-0.5311086508278097,-0.553187465888381,0.4469635832215094,0.4773297031657285,15,10.0,11.0,7.0,0.3731094442344836,12.0,,,,,,,-0.3685453020548533,1.116853072003954,-0.2636044448389136,0.0,-0.853756702922153,32,-1.1420537761529832,,0.5384089355630233,
-0.3944304511419647,-0.4063653417527342,0.0952290192360811,0.322869706002009,0.4773297031657285,15,10.0,11.0,7.0,0.3933537909292189,11.0,,,,,,,-0.3685453020548533,1.116853072003954,-0.2636044448389136,0.0,-0.853756702922153,32,-1.1420537761529832,,,
0.6075486838853156,0.5386727618263745,0.7173234767075731,-1.166256820631996,-0.7476757297374689,15,10.0,11.0,7.0,-0.7200852772812179,8.0,,,,,,,-0.3685453020548533,1.116853072003954,-0.2636044448389136,0.0,-0.853756702922153,32,-1.1420537761529832,,-0.0957087738558718,
-0.5073730699811224,-0.4964816288259356,-0.5870792269840346,0.5462386849971097,0.3928465698620597,15,10.0,11.0,7.0,0.4135981376239541,7.0,,,,,,,-0.3685453020548533,1.116853072003954,-0.2636044448389136,0.0,-0.853756702922153,32,-1.1420537761529832,,-0.3207402550919046,
-0.4527681400041168,-0.4934705834344685,-0.546305890031395,0.4221448077776093,0.3928465698620597,15,10.0,11.0,7.0,0.2718877107608076,8.0,,,,,,,-0.3685453020548533,1.116853072003954,-0.2636044448389136,0.0,-0.853756702922153,32,-1.1420537761529832,,-0.3729146253246432,
-0.5033203603343915,-0.5445508177540032,-0.5807137693163231,0.5214199095532096,0.2872426532324737,15,10.0,11.0,7.0,0.3933537909292189,10.0,,,,,,,-0.3685453020548533,1.116853072003954,-0.2636044448389136,0.0,-0.853756702922153,32,-1.1420537761529832,,-0.6812636065832534,
-0.5009740547494419,-0.5106765570999958,-0.6053154030050458,0.7199701131044103,0.3506050032102253,15,10.0,11.0,7.0,0.2718877107608076,7.0,,,,,,,-0.3685453020548533,1.116853072003954,-0.2636044448389136,0.0,-0.853756702922153,32,-1.1420537761529832,,-0.7246689464511171,
-0.328307293747934,-0.4207753446976137,-0.3783954391209481,0.3725072568898092,0.2872426532324737,15,10.0,11.0,7.0,0.4540868310134245,10.0,,,,,,,-0.3685453020548533,1.116853072003954,-0.2636044448389136,0.0,-0.853756702922153,32,-1.1420537761529832,,-0.7811509206898518,
-0.4397568090330335,-0.3457142845817491,-0.2270007702672666,0.5214199095532096,0.5829336197953144,15,10.0,11.0,7.0,0.3731094442344836,15.0,,,,,,,-0.3685453020548533,1.116853072003954,-0.2636044448389136,0.0,-0.853756702922153,32,-1.1420537761529832,,-0.29971872231661933,
-0.4583139532049064,-0.4035693710320856,-0.535811486849492,0.3476884814459091,0.3717257865361425,15,10.0,11.0,7.0,0.3326207508450132,12.0,,,,,,,-0.3685453020548533,1.116853072003954,-0.2636044448389136,0.0,-0.853756702922153,32,-1.1420537761529832,,0.1648637604172824,
-0.8117659752959598,-0.8865414012023237,0.2045957853029058,0.8405270594114628,1.0259544434648529,15,10.0,11.0,7.0,0.941040255634106,12.0,,,,,,,-0.3685453020548533,1.116853072003954,-0.2636044448389136,0.0,-0.853756702922153,32,-1.1420537761529832,,0.17903467794974692,
0.1062273362102579,0.571311249923065,1.4996719958778375,-1.2777630125171675,-0.4719936504133991,15,10.0,11.0,7.0,0.8783479552995971,10.0,,,,,,,-0.3685453020548533,1.116853072003954,-0.2636044448389136,0.0,-0.853756702922153,32,-1.1420537761529832,,0.3103403889324315,
0.6373758965906018,1.0903181631976435,1.603396363261003,-1.5179816581415762,-1.4213317660739202,15,10.0,11.0,7.0,-1.242097982762802,12.0,,,,,,,-0.3685453020548533,1.116853072003954,-0.2636044448389136,0.0,-0.853756702922153,32,-1.1420537761529832,,0.08015069944724718,
-0.8051218113105162,-0.905076910372386,-0.2610584214202597,0.8987000162633686,1.0434057218437278,15,10.0,11.0,7.0,0.9065527458207944,11.0,,,,,,,-0.3685453020548533,1.116853072003954,-0.2636044448389136,0.0,-0.853756702922153,32,-1.1420537761529832,,-0.5775299607887049,
0.7657740412478548,2.1576289256348744,2.8562338630524264,-1.4282182578128628,-1.71389626201849,15,10.0,11.0,7.0,-1.438597921484411,12.0,,,,,,,-0.3685453020548533,1.116853072003954,-0.2636044448389136,0.0,-0.853756702922153,32,-1.1420537761529832,,-0.12932752048710783,
-0.7925517713380554,-0.9081114848825288,-0.8630534615500567,0.8599180450287647,0.9910518867071034,15,10.0,11.0,7.0,0.8893089909141384,15.0,,,,,,,-0.3685453020548533,1.116853072003954,-0.2636044448389136,0.0,-0.853756702922153,32,-1.1420537761529832,,0.3692496993393487,
1.5725910354802235,2.5057028235010024,1.94007443109572,-1.69969205645509,-2.010567994459361,15,10.0,11.0,7.0,-1.7144979999909054,10.0,,,,,,,-0.3685453020548533,1.116853072003954,-0.2636044448389136,0.0,-0.853756702922153,32,-1.1420537761529832,,0.1510671318571637,
-0.6271659597003945,-0.6213852014376694,-0.6675324948475051,0.6466172032384435,0.5198673704774839,15,10.0,11.0,7.0,0.4927026280610522,10.0,,,,,,,-0.3685453020548533,1.116853072003954,-0.2636044448389136,0.0,-0.853756702922153,32,-1.1420537761529832,,-0.7103479246438384,
-0.4866829207320224,-0.4605641587991462,-0.5507789143384355,0.62069501132881,0.3083634365583909,15,10.0,11.0,7.0,0.2516433640660724,11.0,,,,,,,-0.3685453020548533,1.116853072003954,-0.2636044448389136,0.0,-0.853756702922153,32,-1.1420537761529832,,-0.8202830214378214,
-0.5036403110959756,-0.560573880730026,-0.6080680333478404,0.6455137867727101,0.5829336197953144,16,10.0,11.0,7.0,0.4540868310134245,11.0,,,,,,,-0.0682137952288943,1.2867174777759345,-0.1360369133473482,0.0,-0.853756702922153,2,-1.374300887737582,,-0.5354804529762077,
-0.7797123733661852,-0.8092827744846299,-0.8091117611056887,0.8793090306460667,0.5024160920986092,16,10.0,11.0,7.0,0.9065527458207944,3.0,13.0,20.0,0.0,0.0,0.0,1.0,-0.0682137952288943,1.2867174777759345,-0.1360369133473482,0.0,-0.853756702922153,2,-1.374300887737582,4.0,0.2662645184909695,-0.771148326256577
0.8683096530232128,1.4319555400742006,0.5680297617876636,-1.5639551571339765,-1.3299681376832444,16,10.0,11.0,7.0,-1.2489166175111956,9.0,14.0,20.0,0.0,0.0,0.0,1.0,-0.0682137952288943,1.2867174777759345,-0.1360369133473482,0.0,-0.853756702922153,2,-1.374300887737582,3.0,0.3758798664431929,1.3093292252733475
-0.6993539035422398,-0.7719657095626017,-0.7742832616061752,0.801745088176859,0.6943801542662319,16,10.0,11.0,7.0,0.4927026280610522,4.0,15.0,20.0,8.0,0.0,1.0,0.0,-0.0682137952288943,1.2867174777759345,-0.1360369133473482,0.0,-0.853756702922153,2,-1.374300887737582,2.0,0.27993811980150507,-0.7112222822521415
-0.4897757780940012,-0.5646602994755893,-0.1423573872263444,0.3973260323337093,0.5829336197953144,16,10.0,11.0,7.0,0.1099329372029258,14.0,,,,,,,-0.0682137952288943,1.2867174777759345,-0.1360369133473482,0.0,-0.853756702922153,2,-1.374300887737582,,-0.4420080623263165,
-0.2820285764565458,0.1014176406674634,0.2572632723509501,-0.6719698187380877,-0.4399529403606299,16,10.0,11.0,7.0,0.4409713633410845,14.0,,,,,,,-0.0682137952288943,1.2867174777759345,-0.1360369133473482,0.0,-0.853756702922153,2,-1.374300887737582,,-0.5690672514690938,
-0.6225868737104268,-0.4794983392066608,0.1826509990328877,0.491489318300028,-0.2130863214352575,16,10.0,11.0,7.0,0.7341151967542351,16.0,,,,,,,-0.0682137952288943,1.2867174777759345,-0.1360369133473482,0.0,-0.853756702922153,2,-1.374300887737582,,-0.5796871315589525,
-0.6494328876516106,-0.661244747706034,-0.7104310125237343,0.7435721313249531,0.6420263191296075,16,10.0,11.0,7.0,0.4409713633410845,15.0,,,,,,,-0.0682137952288943,1.2867174777759345,-0.1360369133473482,0.0,-0.853756702922153,2,-1.374300887737582,,-0.39711680454170695,
-0.5015073060187488,-0.5736934356499909,-0.6123690182584561,0.7447888885483104,0.3928465698620597,16,10.0,11.0,7.0,0.2111546706766019,8.0,,,,,,,-0.0682137952288943,1.2867174777759345,-0.1360369133473482,0.0,-0.853756702922153,2,-1.374300887737582,,-0.08434905466551249,
-0.45383464254273,-0.4093763871442014,-0.5077690652322759,0.4717823586654094,0.2872426532324737,16,10.0,11.0,7.0,0.1706659772871315,12.0,,,,,,,-0.0682137952288943,1.2867174777759345,-0.1360369133473482,0.0,-0.853756702922153,2,-1.374300887737582,,-0.028333334431452334,
-0.7362559494613924,-0.7775427654190805,-0.772584310411077,0.801745088176859,0.5722212056141083,16,10.0,11.0,7.0,0.7341151967542351,11.0,,,,,,,-0.0682137952288943,1.2867174777759345,-0.1360369133473482,0.0,-0.853756702922153,2,-1.374300887737582,,-0.07328575455935604,
0.3036455002603185,1.1086503314530238,1.3712089392703384,-1.8160379701589016,-1.2078091890311209,16,10.0,11.0,7.0,-0.1625600583918727,4.0,14.0,17.0,0.0,0.0,1.0,0.0,-0.0682137952288943,1.2867174777759345,-0.1360369133473482,0.0,-0.853756702922153,2,-1.374300887737582,3.0,-0.9458048040862098,1.0331870519824853
-0.6837311395764674,-0.7661426071242189,-0.7950954137461285,0.8211360737941609,0.7467339894028563,16,10.0,11.0,7.0,0.4754588731543963,11.0,,,,,,,-0.0682137952288943,1.2867174777759345,-0.1360369133473482,0.0,-0.853756702922153,2,-1.374300887737582,,-0.5228650744915248,
0.3624407051108498,0.6069057926314232,-0.3768491541216884,-1.2177083511110651,-1.5248959241459772,16,10.0,11.0,7.0,0.2546873852812444,14.0,,,,,,,-0.0682137952288943,1.2867174777759345,-0.1360369133473482,0.0,-0.853756702922153,2,-1.374300887737582,,-0.6561888919582664,
-0.4599137070128266,-0.4206678073622044,-0.535811486849492,0.4717823586654094,0.0760348199733017,16,10.0,11.0,7.0,0.2921320574555428,10.0,,,,,,,-0.0682137952288943,1.2867174777759345,-0.1360369133473482,0.0,-0.853756702922153,2,-1.374300887737582,,0.4373514853730164,
-0.4763378461074727,-0.4723932656941965,-0.5423489839136283,0.4469635832215094,0.3083634365583909,16,10.0,11.0,7.0,0.2516433640660724,9.0,,,,,,,-0.0682137952288943,1.2867174777759345,-0.1360369133473482,0.0,-0.853756702922153,2,-1.374300887737582,,0.5211965759265602,
-0.4565008988892637,-0.4979871515216689,-0.5473381264099428,0.3476884814459091,0.5618128364693973,16,10.0,11.0,7.0,0.2921320574555428,16.0,,,,,,,-0.0682137952288943,1.2867174777759345,-0.1360369133473482,0.0,-0.853756702922153,2,-1.374300887737582,,-0.43143959304813906,
-0.4549011450813436,-0.4712103550046919,-0.5108657743679196,0.4717823586654094,0.5406920531434801,16,10.0,11.0,7.0,0.3528650975397485,15.0,,,,,,,-0.0682137952288943,1.2867174777759345,-0.1360369133473482,0.0,-0.853756702922153,2,-1.374300887737582,,-0.5047865276157172,
-0.4875361227629134,-0.4819640885456469,-0.5382200383994374,0.4717823586654094,0.4350881365138941,16,10.0,11.0,7.0,0.4743311777081597,11.0,,,,,,,-0.0682137952288943,1.2867174777759345,-0.1360369133473482,0.0,-0.853756702922153,2,-1.374300887737582,,,
-0.4731383384916325,-0.4874484926515333,-0.5633377902774341,0.4966011341093095,0.3083634365583909,16,10.0,11.0,7.0,0.3528650975397485,9.0,,,,,,,-0.0682137952288943,1.2867174777759345,-0.1360369133473482,0.0,-0.853756702922153,2,-1.374300887737582,,0.43895726695856707,
0.974167346791292,1.3524824941193758,1.361864707697299,-0.8270977036765031,-1.1554553538944965,16,10.0,11.0,7.0,-1.8869355490574649,3.0,14.0,17.0,0.0,0.0,0.0,1.0,-0.0682137952288943,1.2867174777759345,-0.1360369133473482,0.0,-0.853756702922153,2,-1.374300887737582,3.0,-0.9562055021997616,1.4227438856579344
-0.4686590278294564,-0.4198075086789277,-0.526349320046137,0.3725072568898092,0.2238803032547221,16,10.0,11.0,7.0,0.3528650975397485,13.0,,,,,,,-0.0682137952288943,1.2867174777759345,-0.1360369133473482,0.0,-0.853756702922153,2,-1.374300887737582,,-0.3767034331432317,
-0.4657794709752001,-0.4345401236300358,-0.5210160987569734,0.5710574604410098,0.5195712698175629,16,10.0,11.0,7.0,0.4338424843186893,16.0,,,,,,,-0.0682137952288943,1.2867174777759345,-0.1360369133473482,0.0,-0.853756702922153,2,-1.374300887737582,,,
-0.4938284877407321,-0.4805661031853221,-0.5662624600166536,0.5710574604410098,0.3083634365583909,16,10.0,11.0,7.0,0.4338424843186893,7.0,,,,,,,-0.0682137952288943,1.2867174777759345,-0.1360369133473482,0.0,-0.853756702922153,2,-1.374300887737582,,-0.32548603078644867,
-0.3524102511205966,-0.3855030986832816,-0.4798986830114847,0.4469635832215094,0.4984504864916457,16,10.0,11.0,7.0,0.2921320574555428,15.0,,,,,,,-0.0682137952288943,1.2867174777759345,-0.1360369133473482,0.0,-0.853756702922153,2,-1.374300887737582,,-0.42427640228290353,
1.8807139920380933,-0.2549791818225458,0.2005644128298879,0.5438950501345985,-0.575557808485456,16,10.0,11.0,7.0,-1.1329573830095905,15.0,,,,,,,-0.0682137952288943,1.2867174777759345,-0.1360369133473482,0.0,-0.853756702922153,2,-1.374300887737582,,-0.5305813921453644,
1.7954679267918656,-0.5806211468706363,0.4768709554792775,0.8241501366964086,-0.7654254316175602,16,10.0,11.0,7.0,0.0987722427766562,13.0,,,,,,,-0.0682137952288943,1.2867174777759345,-0.1360369133473482,0.0,-0.853756702922153,2,-1.374300887737582,,0.1324264966836053,
0.508603969713635,0.2455089490970088,1.1768280788329064,-0.6772163984561458,-0.575557808485456,16,10.0,11.0,6.0,-1.3356470682655548,12.0,,,,,,,-0.0682137952288943,1.2867174777759345,-0.1360369133473482,0.0,-0.853756702922153,2,-1.374300887737582,,0.15486345668912146,
2.14348475057301,0.3417905837653389,0.133165456808759,-0.1567426662699269,-0.3856901853533517,17,10.0,11.0,7.0,0.1143637570271151,12.0,,,,,,,-0.2183795486418731,0.6072598546880135,-0.1360369133473482,0.0,-0.9875988154516238,17,-0.2130653298145874,,0.12334494022964573,
-0.665325009616793,-0.7297277130025037,-0.7381805487103386,0.7047901600903493,0.6420263191296075,17,10.0,11.0,7.0,0.3892400986211167,4.0,15.0,20.0,8.0,0.0,1.0,0.0,-0.2183795486418731,0.6072598546880135,-0.1360369133473482,0.0,-0.9875988154516238,17,-0.2130653298145874,3.0,0.26915255831010526,-0.7030800362865424
0.7452130472929013,1.296383873445382,1.304949842661509,-1.408827272195561,-1.452127086335368,17,10.0,11.0,7.0,-0.6798727055915502,9.0,14.0,20.0,0.0,0.0,0.0,1.0,-0.2183795486418731,0.6072598546880135,-0.1360369133473482,0.0,-0.9875988154516238,17,-0.2130653298145874,4.0,0.35950158298784524,1.3562206425500856
-0.4822036100698464,-0.4633601295197948,-0.0912616864882267,0.4966011341093095,0.4984504864916457,17,10.0,11.0,7.0,0.7982407248239232,13.0,,,,,,,-0.2183795486418731,0.6072598546880135,-0.1360369133473482,0.0,-0.9875988154516238,17,-0.2130653298145874,,0.6493726245933285,
-0.4618334115823307,-0.3896970547642541,-0.5167151138463577,0.2980509305581089,0.3294842198843081,17,10.0,11.0,7.0,0.3933537909292189,13.0,,,,,,,-0.2183795486418731,0.6072598546880135,-0.1360369133473482,0.0,-0.9875988154516238,17,-0.2130653298145874,,-0.3784466014424215,
-0.4734582892532165,-0.3434560005381484,0.0496385791835518,0.3973260323337093,-0.6420718131078829,17,10.0,11.0,7.0,0.4338424843186893,9.0,,,,,,,-0.2183795486418731,0.6072598546880135,-0.1360369133473482,0.0,-0.9875988154516238,17,-0.2130653298145874,,0.3215352713647717,
-0.4759112450920272,-0.5319689495110863,0.3902765841043358,0.4469635832215094,0.5618128364693973,17,10.0,11.0,7.0,0.1909103239818667,10.0,,,,,,,-0.2183795486418731,0.6072598546880135,-0.1360369133473482,0.0,-0.9875988154516238,17,-0.2130653298145874,,-0.35022190376392887,
-0.4214129653688831,-0.4557249787057171,-0.5079411046287008,0.3973260323337093,0.4350881365138941,17,10.0,11.0,7.0,0.3326207508450132,15.0,,,,,,,-0.2183795486418731,0.6072598546880135,-0.1360369133473482,0.0,-0.9875988154516238,17,-0.2130653298145874,,-0.5104790615927588,
-0.4405033608100626,-0.4373360943506837,-0.5106937349714953,0.4966011341093095,0.5618128364693973,17,10.0,11.0,7.0,0.3933537909292189,17.0,,,,,,,-0.2183795486418731,0.6072598546880135,-0.1360369133473482,0.0,-0.9875988154516238,17,-0.2130653298145874,,-0.4487032806145949,
-0.4714319344298512,-0.4702425189860059,-0.5669506176023517,0.5214199095532096,0.4139673531879769,17,10.0,11.0,7.0,0.4135981376239541,9.0,,,,,,,-0.2183795486418731,0.6072598546880135,-0.1360369133473482,0.0,-0.9875988154516238,17,-0.2130653298145874,,-0.2089932578352493,
-0.4795373537233131,-0.4554023666994885,-0.5156828774678098,0.4469635832215094,0.5829336197953144,17,10.0,11.0,7.0,0.6970189913502471,17.0,,,,,,,-0.2183795486418731,0.6072598546880135,-0.1360369133473482,0.0,-0.9875988154516238,17,-0.2130653298145874,,-0.014021778057688838,
-0.4286651826314543,-0.41217235786485,-0.4900490074005385,0.5462386849971097,0.5195712698175629,17,10.0,11.0,7.0,0.3326207508450132,15.0,,,,,,,-0.2183795486418731,0.6072598546880135,-0.1360369133473482,0.0,-0.9875988154516238,17,-0.2130653298145874,,-0.4198226072784737,
-0.4411432623332307,-0.4415300504316563,-0.506392750060879,0.3973260323337093,0.4562089198398113,17,10.0,11.0,7.0,0.3528650975397485,12.0,,,,,,,-0.2183795486418731,0.6072598546880135,-0.1360369133473482,0.0,-0.9875988154516238,17,-0.2130653298145874,,-0.3576706699099343,
0.3290549382046498,1.018433251421746,0.1757136149862362,-0.4586689769477664,-0.7191733944226266,17,10.0,11.0,7.0,-1.835204284337497,3.0,13.0,20.0,0.0,0.0,0.0,1.0,-0.2183795486418731,0.6072598546880135,-0.1360369133473482,0.0,-0.9875988154516238,17,-0.2130653298145874,5.0,0.0059967480080467634,0.7554582966409591
-0.5138787354666642,-0.5103539450937671,0.2547095397217208,0.5462386849971097,0.6040544031212317,17,10.0,11.0,7.0,0.3933537909292189,11.0,,,,,,,-0.2183795486418731,0.6072598546880135,-0.1360369133473482,0.0,-0.9875988154516238,17,-0.2130653298145874,,-0.5516172887658634,
-0.6356956296817069,-0.67863203949388,-0.6767351471542867,0.762963116942255,0.6420263191296075,17,10.0,11.0,7.0,0.5099463829677081,12.0,,,,,,,-0.2183795486418731,0.6072598546880135,-0.1360369133473482,0.0,-0.9875988154516238,17,-0.2130653298145874,,-0.009330127746093939,
-0.648355455653971,-0.7037287908480356,-0.6964146651641742,0.7241811457076512,0.6943801542662319,17,10.0,11.0,7.0,0.5271901378743641,3.0,16.0,26.0,6.0,0.0,1.0,0.0,-0.2183795486418731,0.6072598546880135,-0.1360369133473482,0.0,-0.9875988154516238,17,-0.2130653298145874,2.0,0.09683702106238924,-0.4630043713444665
-0.803236305314647,-0.8858032614566133,-0.8214291572701506,0.8987000162633686,1.0259544434648529,17,10.0,11.0,7.0,0.8720652360074824,10.0,,,,,,,-0.2183795486418731,0.6072598546880135,-0.1360369133473482,0.0,-0.9875988154516238,17,-0.2130653298145874,,0.47892567260774566,
-0.6875021515682057,-0.7236585639822174,-0.7990596332013574,0.8599180450287647,0.5896724839929831,17,10.0,11.0,7.0,0.2857775691811812,11.0,,,,,,,-0.2183795486418731,0.6072598546880135,-0.1360369133473482,0.0,-0.9875988154516238,17,-0.2130653298145874,,-0.08279469606569897,
-0.6552689776388242,-0.646974045955632,-0.6930167627739782,0.7241811457076512,0.3802571434464855,17,10.0,11.0,7.0,0.5616776476876759,13.0,,,,,,,-0.2183795486418731,0.6072598546880135,-0.1360369133473482,0.0,-0.9875988154516238,17,-0.2130653298145874,,-0.35765269833930974,
-0.507586370488845,-0.5808984371224306,-0.6226913820439348,0.7199701131044103,0.3083634365583909,17,10.0,11.0,7.0,0.2313990173713371,8.0,,,,,,,-0.2183795486418731,0.6072598546880135,-0.1360369133473482,0.0,-0.9875988154516238,17,-0.2130653298145874,,-0.08214394676703732,
0.1207514186610158,1.622395594467497,-0.300417457440035,-2.1069027544184302,-1.6615424268818657,17,10.0,11.0,7.0,0.8720652360074824,13.0,,,,,,,-0.2183795486418731,0.6072598546880135,-0.1360369133473482,0.0,-0.9875988154516238,17,-0.2130653298145874,,0.06822323066889657,
-0.8018895153175979,-0.9276311803802052,-0.8531429129119837,0.8793090306460667,1.0783082786014773,17,10.0,11.0,6.0,0.9237965007274502,15.0,,,,,,,-0.2183795486418731,0.6072598546880135,-0.1360369133473482,0.0,-0.9875988154516238,17,-0.2130653298145874,,-0.39743350046089765,
-0.6929790975562065,-0.7230844552911094,-0.7742832616061752,0.801745088176859,0.6420263191296075,17,10.0,11.0,7.0,0.5099463829677081,11.0,,,,,,,-0.2183795486418731,0.6072598546880135,-0.1360369133473482,0.0,-0.9875988154516238,17,-0.2130653298145874,,-0.5242003626744243,
-0.903705702108208,-0.8458165236257037,-1.0684908218623206,0.9242412390399122,0.8916010975353496,17,10.0,11.0,7.0,0.9407140123014324,10.0,,,,,,,-0.2183795486418731,0.6072598546880135,-0.1360369133473482,0.0,-0.9875988154516238,17,-0.2130653298145874,,-0.1672767676636771,
-0.4731383384916325,-0.4713178923401012,-0.5609292387274893,0.5462386849971097,0.3083634365583909,17,10.0,11.0,7.0,0.5350642177923653,7.0,,,,,,,-0.2183795486418731,0.6072598546880135,-0.1360369133473482,0.0,-0.9875988154516238,17,-0.2130653298145874,,-0.32921314250615386,
-0.4822036100698464,-0.4884163286702192,-0.5323706989209993,0.4966011341093095,0.4350881365138941,17,10.0,11.0,7.0,0.2921320574555428,12.0,,,,,,,-0.2183795486418731,0.6072598546880135,-0.1360369133473482,0.0,-0.9875988154516238,17,-0.2130653298145874,,0.24266622784467712,
0.3650066401851511,0.4608398989047812,1.4756009401560062,-0.5771252961126422,-0.7481647386055508,17,10.0,11.0,7.0,-1.6162943247738135,17.0,,,,,,,-0.2183795486418731,0.6072598546880135,-0.1360369133473482,0.0,-0.9875988154516238,17,-0.2130653298145874,,-0.18090798240852726,
-0.4984780296333856,0.8136587783180372,1.2602744053352557,-1.177671910173664,-0.9207716687256456,17,10.0,11.0,7.0,0.9563055265518912,16.0,,,,,,,-0.2183795486418731,0.6072598546880135,-0.1360369133473482,0.0,-0.9875988154516238,17,-0.2130653298145874,,-0.1422997487886699,
-0.8816576673956942,-0.928710120833908,1.499963766250223,0.86418657763381,1.1850328787395106,17,10.0,11.0,7.0,0.9095309838005148,12.0,,,,,,,-0.2183795486418731,0.6072598546880135,-0.1360369133473482,0.0,-0.9875988154516238,17,-0.2130653298145874,,-0.3879779571341942,
-0.2162251714602558,-0.3118983830003263,0.3451366323470712,-0.1367244458012262,-0.5928185014974654,17,10.0,11.0,6.0,-1.3668300967664724,8.0,,,,,,,-0.2183795486418731,0.6072598546880135,-0.1360369133473482,0.0,-0.9875988154516238,17,-0.2130653298145874,,-0.21003350331421683,
0.2202688950680882,0.5977666532873854,0.521365937268118,-1.017526146424058,-0.7826861246295697,17,10.0,11.0,7.0,-0.5404798414921552,9.0,,,,,,,-0.2183795486418731,0.6072598546880135,-0.1360369133473482,0.0,-0.9875988154516238,17,-0.2130653298145874,,-0.028480515404127216,
-0.0741483960498761,-0.0201674349919553,0.5423734040798982,-0.2568337686134305,-0.1267797901732096,17,10.0,11.0,7.0,-0.899084669252708,11.0,,,,,,,-0.2183795486418731,0.6072598546880135,-0.1360369133473482,0.0,-0.9875988154516238,17,-0.2130653298145874,,-0.31681348215690225,
-0.4670592740215363,-0.4918575234033251,-0.4843717073185252,0.5214199095532096,0.3717257865361425,17,10.0,11.0,7.0,0.2111546706766019,6.0,,,,,,,-0.2183795486418731,0.6072598546880135,-0.1360369133473482,0.0,-0.9875988154516238,17,-0.2130653298145874,,-0.20496260020288015,
-0.7833935993581198,-0.8527510039542454,-0.8204381024063432,0.8793090306460667,0.9561493299493538,18,10.0,11.0,7.0,0.9065527458207944,3.0,13.0,20.0,0.0,0.0,0.0,1.0,-0.8190425622937911,1.6264462893198948,-0.0722531476015293,0.0,-1.178801833350868,38,-2.0710422224913785,6.0,0.27033843814916564,-0.8655918442057544
-0.5393552518927764,0.6189356179377904,1.9927419181437644,-0.8077067180592011,-1.033296405242373,18,10.0,11.0,7.0,0.7341151967542351,12.0,,,,,,,-0.8190425622937911,1.6264462893198948,-0.0722531476015293,0.0,-1.178801833350868,38,-2.0710422224913785,,0.15915962688308466,
-0.7969512853284166,-0.8598863548294461,-0.849603431255529,0.8793090306460667,1.008503165085978,18,10.0,11.0,7.0,0.8203339712875147,9.0,14.0,20.0,0.0,0.0,0.0,1.0,-0.8190425622937911,1.6264462893198948,-0.0722531476015293,0.0,-1.178801833350868,38,-2.0710422224913785,5.0,0.8001983113588089,-0.8822629993047328
-0.4734582892532165,-0.4666937869174907,-0.5538756234740791,0.5462386849971097,0.2238803032547221,18,10.0,11.0,7.0,0.4338424843186893,11.0,,,,,,,-0.8190425622937911,1.6264462893198948,-0.0722531476015293,0.0,-1.178801833350868,38,-2.0710422224913785,,-0.14667975248881043,
-0.8123944772945827,-0.8719426373427167,-0.8183144134124704,0.8793090306460667,0.9910518867071034,18,10.0,11.0,7.0,0.8893089909141384,4.0,17.0,19.0,0.0,0.0,0.0,1.0,-0.8190425622937911,1.6264462893198948,-0.0722531476015293,0.0,-1.178801833350868,38,-2.0710422224913785,2.0,0.3421545702497186,-0.920942668673426
-0.4601270075205491,-0.4631450548489755,0.3247295740665485,0.4469635832215094,0.6251751864471489,18,10.0,11.0,7.0,0.312376404150278,12.0,,,,,,,-0.8190425622937911,1.6264462893198948,-0.0722531476015293,0.0,-1.178801833350868,38,-2.0710422224913785,,-0.41102469362738464,
-0.6224073017108199,-0.6746132786561231,-0.6705056594389266,0.6466172032384435,0.6594775975084822,18,10.0,11.0,7.0,0.6134089124076436,17.0,,,,,,,-0.8190425622937911,1.6264462893198948,-0.0722531476015293,0.0,-1.178801833350868,38,-2.0710422224913785,,-0.4063626698349087,
3.090599896887288,-0.7173875654752753,0.6145865712453941,0.86418657763381,0.5291265442831505,18,10.0,11.0,7.0,0.0519977000252798,8.0,,,,,,,-0.8190425622937911,1.6264462893198948,-0.0722531476015293,0.0,-1.178801833350868,38,-2.0710422224913785,,-0.5197484542745631,
0.2710531823317241,-0.0731934169567085,-0.2099483063010553,-1.4670002290474669,0.764185267781731,18,10.0,11.0,7.0,-0.3349976074584319,15.0,,,,,,,-0.8190425622937911,1.6264462893198948,-0.0722531476015293,0.0,-1.178801833350868,38,-2.0710422224913785,,-0.6500446800040306,
1.800884900837612,-0.6455571369466959,-0.415216958090426,0.1635488612292846,-0.2303439482452664,18,10.0,11.0,7.0,-0.041551385477473,12.0,,,,,,,-0.8190425622937911,1.6264462893198948,-0.0722531476015293,0.0,-1.178801833350868,38,-2.0710422224913785,,-0.5706690842939918,
2.034955200393308,-0.4756813801921651,-0.328415272305639,0.6840225934155035,-0.7309040455935413,18,10.0,11.0,7.0,-0.0571428997279318,9.0,,,,,,,-0.8190425622937911,1.6264462893198948,-0.0722531476015293,0.0,-1.178801833350868,38,-2.0710422224913785,,-0.02612713284181961,
-0.837803915238914,-0.9464127361321713,-0.0421768757851079,0.8599180450287647,1.008503165085978,18,10.0,11.0,7.0,0.9065527458207944,14.0,,,,,,,-0.8190425622937911,1.6264462893198948,-0.0722531476015293,0.0,-1.178801833350868,38,-2.0710422224913785,,0.29542911280215445,
2.389339344544016,-0.1187739384407867,0.2952438986690929,-0.3369066504882334,-0.4029508783653612,18,10.0,11.0,7.0,-0.3533816704866494,11.0,,,,,,,-0.8190425622937911,1.6264462893198948,-0.0722531476015293,0.0,-1.178801833350868,38,-2.0710422224913785,,-0.5423263661900206,
-0.6202524377155408,-0.6532072260305204,-0.6261913491001153,0.6853991744730473,0.6245750407507327,18,10.0,11.0,7.0,0.4064838535277726,15.0,,,,,,,-0.8190425622937911,1.6264462893198948,-0.0722531476015293,0.0,-1.178801833350868,38,-2.0710422224913785,,-0.40059166856520406,
0.7786134392197254,1.3715100964532452,1.3142940742345497,-2.242639653739544,-0.597014445770503,18,10.0,11.0,7.0,-0.3522413623650878,5.0,17.0,20.0,3.0,0.0,1.0,0.0,-0.8190425622937911,1.6264462893198948,-0.0722531476015293,0.0,-1.178801833350868,38,-2.0710422224913785,2.0,-0.3783284469051104,1.372060156072646
-0.6377607076771825,-0.6375422603159984,-0.6874951713899088,0.6272262176211416,0.4675135353408595,18,10.0,11.0,7.0,0.4409713633410845,13.0,,,,,,,-0.8190425622937911,1.6264462893198948,-0.0722531476015293,0.0,-1.178801833350868,38,-2.0710422224913785,,-0.3588439827638682,
-0.6840004975758772,-0.7679469487248449,-0.7943875174148373,0.8211360737941609,0.6943801542662319,18,10.0,11.0,7.0,0.5271901378743641,11.0,,,,,,,-0.8190425622937911,1.6264462893198948,-0.0722531476015293,0.0,-1.178801833350868,38,-2.0710422224913785,,-0.5228181399332505,
0.3110977382439915,0.3872417533120099,0.8305177214303359,-1.137353473553334,-1.1729066322733712,18,10.0,11.0,7.0,-1.5248166960176903,10.0,,,,,,,-0.8190425622937911,1.6264462893198948,-0.0722531476015293,0.0,-1.178801833350868,38,-2.0710422224913785,,0.33023323723057485,
-0.6359649876811168,-0.7129965454330668,-0.7030688906783089,0.5884442463865377,0.5373186488563587,18,10.0,11.0,7.0,0.096096265207966,16.0,,,,,,,-0.8190425622937911,1.6264462893198948,-0.0722531476015293,0.0,-1.178801833350868,38,-2.0710422224913785,,-0.06042294432701625,
-0.6438661556638064,-0.7115202659416459,-0.7012283602169528,0.6660081888557454,0.6594775975084822,18,10.0,11.0,7.0,0.4927026280610522,3.0,16.0,26.0,6.0,0.0,1.0,0.0,-0.8190425622937911,1.6264462893198948,-0.0722531476015293,0.0,-1.178801833350868,38,-2.0710422224913785,3.0,0.09733139840954369,-0.5009706354273932
-0.4993743009415221,-0.4899218513659532,-0.6269923669545505,0.7447888885483104,0.646295969773066,18,10.0,11.0,7.0,0.4540868310134245,8.0,,,,,,,-0.8190425622937911,1.6264462893198948,-0.0722531476015293,0.0,-1.178801833350868,38,-2.0710422224913785,,-0.09290583205416014,
-0.8312495372532738,-0.9524818851524576,-0.8484707971254636,0.8599180450287647,1.0957595569803522,18,10.0,11.0,7.0,0.8893089909141384,12.0,,,,,,,-0.8190425622937911,1.6264462893198948,-0.0722531476015293,0.0,-1.178801833350868,38,-2.0710422224913785,,-0.23954843093064448,
-0.6277944616990175,-0.5666808447277953,-0.6346861050756061,0.7047901600903493,0.4849648137197343,18,10.0,11.0,7.0,0.4064838535277726,12.0,,,,,,,-0.8190425622937911,1.6264462893198948,-0.0722531476015293,0.0,-1.178801833350868,38,-2.0710422224913785,,-0.014805826211411502,
-0.825872338187739,-0.1927688999719009,0.9674828366460664,0.8441683571651093,-1.2832462219778444,18,10.0,11.0,7.0,0.5665176702904208,10.0,,,,,,,-0.8190425622937911,1.6264462893198948,-0.0722531476015293,0.0,-1.178801833350868,38,-2.0710422224913785,,-0.3920346081247219,
-0.0817319068205185,-0.237746799830563,-0.5497466779598883,-0.8436127398612947,0.4139673531879769,18,10.0,11.0,7.0,0.4945755244028949,9.0,,,,,,,-0.8190425622937911,1.6264462893198948,-0.0722531476015293,0.0,-1.178801833350868,38,-2.0710422224913785,,-0.24444276415964677,
-0.4355974491324411,-0.4162587766104125,-0.5081131440251256,0.4469635832215094,0.5195712698175629,18,10.0,11.0,7.0,0.3933537909292189,15.0,,,,,,,-0.8190425622937911,1.6264462893198948,-0.0722531476015293,0.0,-1.178801833350868,38,-2.0710422224913785,,-0.5132713993120233,
-0.4697255303680696,-0.476587221775169,-0.5065647894573039,0.4717823586654094,0.3928465698620597,18,10.0,11.0,7.0,0.1504216305923963,6.0,,,,,,,-0.8190425622937911,1.6264462893198948,-0.0722531476015293,0.0,-1.178801833350868,38,-2.0710422224913785,,-0.2048906945105386,
0.8752408210772763,-0.4845449845954753,-0.5213601775498224,0.4717823586654094,0.4984504864916457,18,10.0,11.0,7.0,-3.615026854628353,12.0,,,,,,,-0.8190425622937911,1.6264462893198948,-0.0722531476015293,0.0,-1.178801833350868,38,-2.0710422224913785,,0.1987421220657366,
-0.4856164181934092,-0.514225289168511,-0.5779611389735285,0.5214199095532096,0.5195712698175629,18,10.0,11.0,7.0,0.2718877107608076,10.0,,,,,,,-0.8190425622937911,1.6264462893198948,-0.0722531476015293,0.0,-1.178801833350868,38,-2.0710422224913785,,-0.2836612012197423,
-0.488709275555388,-0.4616395321532422,-0.5370157626244647,0.4221448077776093,0.6040544031212317,18,10.0,11.0,7.0,0.879218111602864,17.0,,,,,,,-0.8190425622937911,1.6264462893198948,-0.0722531476015293,0.0,-1.178801833350868,38,-2.0710422224913785,,-0.012415884262060292,
-0.5093994248044877,-0.5055147650003373,-0.52497300487474,0.4221448077776093,0.5618128364693973,18,10.0,11.0,6.0,0.7375076847397175,16.0,,,,,,,-0.8190425622937911,1.6264462893198948,-0.0722531476015293,0.0,-1.178801833350868,38,-2.0710422224913785,,-0.07156311308350716,
-0.4215196156227446,-0.4357230343195412,-0.5191236653963025,0.5214199095532096,0.646295969773066,18,10.0,11.0,7.0,0.3326207508450132,17.0,,,,,,,-0.8190425622937911,1.6264462893198948,-0.0722531476015293,0.0,-1.178801833350868,38,-2.0710422224913785,,-0.45008386990755317,
-0.4267454780619501,-0.4114195965169827,-0.4919414407612094,0.5214199095532096,0.5829336197953144,18,10.0,11.0,7.0,0.312376404150278,15.0,,,,,,,-0.8190425622937911,1.6264462893198948,-0.0722531476015293,0.0,-1.178801833350868,38,-2.0710422224913785,,-0.4198836181689453,
-0.682384349579418,-0.7227563931819049,-0.7243057806170368,0.8405270594114628,0.5547699272352334,18,10.0,11.0,7.0,0.6134089124076436,4.0,15.0,20.0,8.0,0.0,1.0,0.0,-0.8190425622937911,1.6264462893198948,-0.0722531476015293,0.0,-1.178801833350868,38,-2.0710422224913785,4.0,0.26921826669168913,-0.7383428698128778
-0.4501018836575831,-0.4520687093017919,-0.4898769680041137,0.5214199095532096,0.5195712698175629,18,10.0,11.0,7.0,0.1909103239818667,12.0,,,,,,,-0.8190425622937911,1.6264462893198948,-0.0722531476015293,0.0,-1.178801833350868,38,-2.0710422224913785,,-0.02730268617455635,
-0.4739915405225231,-0.4571229640660411,-0.5180914290177546,0.4469635832215094,0.5195712698175629,19,10.0,11.0,6.0,0.3326207508450132,12.0,,,,,,,-0.8941254390002805,1.6264462893198948,0.4380169783648771,0.0,-1.2361627387206413,22,-1.6065479993221807,,0.24112196749962703,
3.1324432100627893,0.0937901966284557,0.0900581589000356,0.2781884765097068,-0.3177939917085063,19,10.0,11.0,7.0,-0.0418537740452812,12.0,,,,,,,-0.8941254390002805,1.6264462893198948,0.4380169783648771,0.0,-1.2361627387206413,22,-1.6065479993221807,,0.10269601229190235,
-0.5177181446056721,-0.5751989583457248,-0.6245838154046057,0.5710574604410098,0.4350881365138941,19,10.0,11.0,7.0,0.2921320574555428,15.0,,,,,,,-0.8941254390002805,1.6264462893198948,0.4380169783648771,0.0,-1.2361627387206413,22,-1.6065479993221807,,-0.3051978862829275,
-0.6784337655880734,-0.7588432251944156,-0.7727258896773354,0.8211360737941609,0.6594775975084822,19,10.0,11.0,7.0,0.4409713633410845,8.0,,,,,,,-0.8941254390002805,1.6264462893198948,0.4380169783648771,0.0,-1.2361627387206413,22,-1.6065479993221807,,-0.3872715717068376,
-0.7833935993581198,-0.8488962741710905,-0.821004419471376,0.8405270594114628,1.0434057218437278,19,10.0,11.0,7.0,0.9065527458207944,5.0,17.0,20.0,3.0,0.0,1.0,0.0,-0.8941254390002805,1.6264462893198948,0.4380169783648771,0.0,-1.2361627387206413,22,-1.6065479993221807,3.0,0.7396902788317743,-0.8989772954011234
-0.6489839576525939,-0.6943790207357029,-0.6952820310341088,0.6272262176211416,0.5722212056141083,19,10.0,11.0,7.0,0.2857775691811812,16.0,,,,,,,-0.8941254390002805,1.6264462893198948,0.4380169783648771,0.0,-1.2361627387206413,22,-1.6065479993221807,,-0.060744446051194174,
1.7062304069856136,-0.5024574551124165,-0.0058631256330938,0.1435306407605839,-0.1613011761972285,19,10.0,11.0,7.0,0.0831807285261974,10.0,,,,,,,-0.8941254390002805,1.6264462893198948,0.4380169783648771,0.0,-1.2361627387206413,22,-1.6065479993221807,,-0.5499956068589379,
-0.2110986647543228,-0.2773205392612761,-0.0176288248184819,-0.2231433537637927,0.3083634365583909,19,10.0,11.0,7.0,-1.1249722111759222,5.0,,,,,,,-0.8941254390002805,1.6264462893198948,0.4380169783648771,0.0,-1.2361627387206413,22,-1.6065479993221807,,,
-0.6221379437114101,-0.6512388533752924,-0.6763104093555121,0.7241811457076512,0.6594775975084822,19,10.0,11.0,7.0,0.5789214025943318,3.0,16.0,26.0,6.0,0.0,1.0,0.0,-0.8941254390002805,1.6264462893198948,0.4380169783648771,0.0,-1.2361627387206413,22,-1.6065479993221807,4.0,0.09011599231753091,-0.4926781988753165
-0.6002301597594072,-0.6131836487075537,-0.6329871538805083,0.6660081888557454,0.5024160920986092,19,10.0,11.0,7.0,0.3719963437144608,12.0,,,,,,,-0.8941254390002805,1.6264462893198948,0.4380169783648771,0.0,-1.2361627387206413,22,-1.6065479993221807,,-0.014029841514612201,
1.5405374335504485,1.8835330333943936,0.8991836655655548,-1.932383883862713,-1.1729066322733712,19,10.0,11.0,7.0,-1.9386668137774323,13.0,,,,,,,-0.8941254390002805,1.6264462893198948,0.4380169783648771,0.0,-1.2361627387206413,22,-1.6065479993221807,,0.5151338418732936,
-0.6731363915996792,-0.7251348434736383,-0.7655053470981682,0.801745088176859,0.4500622569619847,19,10.0,11.0,7.0,0.6478964222209556,11.0,,,,,,,-0.8941254390002805,1.6264462893198948,0.4380169783648771,0.0,-1.2361627387206413,22,-1.6065479993221807,,-0.5248058184761608,
-0.6418010776683308,-0.6381983845344079,-0.675460933757963,0.6853991744730473,0.7118314326451066,19,10.0,11.0,7.0,0.5099463829677081,17.0,,,,,,,-0.8941254390002805,1.6264462893198948,0.4380169783648771,0.0,-1.2361627387206413,22,-1.6065479993221807,,-0.4078120089944145,
0.3682016341188845,-0.0137321596633665,0.7332527655109631,-1.0403985454668243,-1.2078091890311209,19,10.0,11.0,7.0,-0.8178227448447977,4.0,17.0,19.0,0.0,0.0,0.0,1.0,-0.8941254390002805,1.6264462893198948,0.4380169783648771,0.0,-1.2361627387206413,22,-1.6065479993221807,3.0,-0.955942668673426,0.3421545702497187
-0.6376709216773795,-0.5592174317433897,-0.658896159605756,0.7241811457076512,0.5722212056141083,19,10.0,11.0,7.0,0.5271901378743641,13.0,,,,,,,-0.8941254390002805,1.6264462893198948,0.4380169783648771,0.0,-1.2361627387206413,22,-1.6065479993221807,,-0.36279672592615664,
-0.4459425237569911,-0.4035693710320856,-0.5172312320356316,0.3725072568898092,0.3294842198843081,19,10.0,11.0,7.0,0.312376404150278,13.0,,,,,,,-0.8941254390002805,1.6264462893198948,0.4380169783648771,0.0,-1.2361627387206413,22,-1.6065479993221807,,-0.37852068609513706,
0.5897934816334053,0.8794169326462784,2.4957730511590914,-1.2924813584917494,-1.2078091890311209,19,10.0,11.0,7.0,-1.197185352791228,3.0,13.0,20.0,0.0,0.0,0.0,1.0,-0.8941254390002805,1.6264462893198948,0.4380169783648771,0.0,-1.2361627387206413,22,-1.6065479993221807,7.0,-0.10411798364421358,1.346146686554521
-0.4456225729954071,-0.4424978864503422,-0.5014036075645645,0.4717823586654094,0.5618128364693973,19,10.0,11.0,7.0,0.4743311777081597,15.0,,,,,,,-0.8941254390002805,1.6264462893198948,0.4380169783648771,0.0,-1.2361627387206413,22,-1.6065479993221807,,-0.4176131414592507,
0.1415817706153792,0.2892331981871223,1.9342696811791351,-0.6137968618861819,-0.4574042187395046,19,10.0,11.0,7.0,-0.9730165390047008,9.0,14.0,20.0,0.0,0.0,0.0,1.0,-0.8941254390002805,1.6264462893198948,0.4380169783648771,0.0,-1.2361627387206413,22,-1.6065479993221807,6.0,0.46882531088465845,0.7396020030660194
0.0800783607501249,1.4146502638136558,1.6002841920760795,-1.156744459170636,-0.9634912917268738,19,10.0,11.0,7.0,-0.7833352350314858,4.0,15.0,20.0,8.0,0.0,1.0,0.0,-0.8941254390002805,1.6264462893198948,0.4380169783648771,0.0,-1.2361627387206413,22,-1.6065479993221807,5.0,-0.2092513941783109,1.1405357736671222
-0.4229060689229418,-0.4512084106185159,-0.5294460291817805,0.3476884814459091,0.6040544031212317,19,10.0,11.0,7.0,0.3528650975397485,17.0,,,,,,,-0.8941254390002805,1.6264462893198948,0.4380169783648771,0.0,-1.2361627387206413,22,-1.6065479993221807,,-0.01695792716163655,
-0.4448760212183776,-0.273879344528171,-0.4805868405971835,0.3725072568898092,-0.0295690966562841,19,10.0,11.0,7.0,0.4338424843186893,11.0,,,,,,,-0.8941254390002805,1.6264462893198948,0.4380169783648771,0.0,-1.2361627387206413,22,-1.6065479993221807,,-0.25039599768139853,
-0.4368772521787772,-0.4340024369529878,-0.5031240015288111,0.3973260323337093,0.5195712698175629,19,10.0,11.0,7.0,0.3528650975397485,16.0,,,,,,,-0.8941254390002805,1.6264462893198948,0.4380169783648771,0.0,-1.2361627387206413,22,-1.6065479993221807,,-0.025149933075487043,
-0.4378371044635293,-0.4841148352538374,-0.5215322169462473,0.5462386849971097,0.4773297031657285,19,10.0,11.0,7.0,0.2718877107608076,6.0,,,,,,,-0.8941254390002805,1.6264462893198948,0.4380169783648771,0.0,-1.2361627387206413,22,-1.6065479993221807,,-0.20574157853658065,
-0.4960681430718203,-0.4313140035677493,0.1719585900414694,0.5214199095532096,0.4562089198398113,19,10.0,11.0,7.0,0.8387294182133935,16.0,,,,,,,-0.8941254390002805,1.6264462893198948,0.4380169783648771,0.0,-1.2361627387206413,22,-1.6065479993221807,,-0.08614199220576192,
-0.4787908019462835,-0.4469069172021341,-0.5571443720061475,0.4717823586654094,0.4350881365138941,19,10.0,11.0,7.0,0.4135981376239541,9.0,,,,,,,-0.8941254390002805,1.6264462893198948,0.4380169783648771,0.0,-1.2361627387206413,22,-1.6065479993221807,,-0.21022164674608457,
-0.4606602587898557,-0.4675540856007674,-0.5578325295918457,0.4717823586654094,0.3294842198843081,19,10.0,11.0,7.0,0.3528650975397485,10.0,,,,,,,-0.8941254390002805,1.6264462893198948,0.4380169783648771,0.0,-1.2361627387206413,22,-1.6065479993221807,,0.39281338879676414,
-0.4746314420456912,-0.4550797546932598,-0.5230805715140692,0.5710574604410098,0.3717257865361425,19,10.0,11.0,7.0,0.4540868310134245,8.0,,,,,,,-0.8941254390002805,1.6264462893198948,0.4380169783648771,0.0,-1.2361627387206413,22,-1.6065479993221807,,-0.41772742047386424,
-0.4411432623332307,-0.4855128206141613,-0.5420049051207793,0.5462386849971097,0.5829336197953144,19,10.0,11.0,7.0,0.4540868310134245,11.0,,,,,,,-0.8941254390002805,1.6264462893198948,0.4380169783648771,0.0,-1.2361627387206413,22,-1.6065479993221807,,-0.5404778985939473,
-0.4385836562405588,-0.4383039303693697,-0.4998552529967426,0.3476884814459091,0.4562089198398113,20,10.0,11.0,7.0,0.3326207508450132,16.0,,,,,,,0.8327807252489826,0.267531043144053,0.6293682756023339,0.0,0.5037847241624805,10,-0.6775595529837853,,-0.024896551111997733,
-0.4386903064944199,-0.4892766273534959,-0.5471660870135185,0.3725072568898092,0.4773297031657285,20,10.0,11.0,7.0,0.3326207508450132,9.0,,,,,,,0.8327807252489826,0.267531043144053,0.6293682756023339,0.0,0.5037847241624805,10,-0.6775595529837853,,0.1321723744614854,
-0.4203464628302695,-0.449272738581144,-0.5213601775498224,0.4469635832215094,0.6251751864471489,20,10.0,11.0,7.0,0.3731094442344836,17.0,,,,,,,0.8327807252489826,0.267531043144053,0.6293682756023339,0.0,0.5037847241624805,10,-0.6775595529837853,,-0.017491227713169896,
-0.4595937562512425,-0.4341099742883979,-0.4998552529967426,0.5958762358849099,0.2661218699065565,20,10.0,11.0,7.0,0.4135981376239541,11.0,,,,,,,0.8327807252489826,0.267531043144053,0.6293682756023339,0.0,0.5037847241624805,10,-0.6775595529837853,,-0.23848019723622293,
-0.4684457273217335,-0.4795982671666362,-0.5093174198000977,0.4221448077776093,0.5829336197953144,20,10.0,11.0,7.0,0.3528650975397485,16.0,,,,,,,0.8327807252489826,0.267531043144053,0.6293682756023339,0.0,0.5037847241624805,10,-0.6775595529837853,,-0.07370829957169753,
-0.4615134608207467,-0.4762646097689403,-0.5272095170282606,0.4717823586654094,0.5195712698175629,20,10.0,11.0,7.0,0.312376404150278,12.0,,,,,,,0.8327807252489826,0.267531043144053,0.6293682756023339,0.0,0.5037847241624805,10,-0.6775595529837853,,0.24151231268662418,
2.008861208524412,-0.1540607268756531,1.6593227461057425,0.8405270594114628,-0.597014445770503,20,10.0,11.0,7.0,-0.1798038132985286,3.0,13.0,20.0,0.0,0.0,0.0,1.0,0.8327807252489826,0.267531043144053,0.6293682756023339,0.0,0.5037847241624805,10,-0.6775595529837853,8.0,-0.08719651090110643,1.2096178500958783
3.787252506628188,-0.0790985349223923,1.1169325770706406,-0.3811050344785587,-1.1554553538944965,20,10.0,11.0,7.0,-0.1625600583918727,9.0,14.0,20.0,0.0,0.0,0.0,1.0,0.8327807252489826,0.267531043144053,0.6293682756023339,0.0,0.5037847241624805,10,-0.6775595529837853,7.0,0.2409861911986222,1.8437976014962008
-0.4876427730167745,-0.4089462378025634,-0.5306503049567532,0.5958762358849099,0.4139673531879769,20,10.0,11.0,7.0,0.4945755244028949,8.0,,,,,,,0.8327807252489826,0.267531043144053,0.6293682756023339,0.0,0.5037847241624805,10,-0.6775595529837853,,-0.4191282498876298,
-0.3778996617934571,-0.3404449551466812,-0.4924575589504834,0.3476884814459091,0.2661218699065565,20,10.0,11.0,7.0,0.2516433640660724,7.0,,,,,,,0.8327807252489826,0.267531043144053,0.6293682756023339,0.0,0.5037847241624805,10,-0.6775595529837853,,0.1252642918758125,
-0.5068398187118155,-0.5412171603563073,-0.6051433636086216,0.5462386849971097,0.3717257865361425,20,10.0,11.0,7.0,0.3731094442344836,15.0,,,,,,,0.8327807252489826,0.267531043144053,0.6293682756023339,0.0,0.5037847241624805,10,-0.6775595529837853,,-0.3102888093007112,
2.2211153120593914,1.391439869587427,0.2442379798551973,-0.6719698187380877,-1.2427117457888703,20,10.0,11.0,7.0,-0.0073662642319694,4.0,15.0,20.0,8.0,0.0,1.0,0.0,0.8327807252489826,0.267531043144053,0.6293682756023339,0.0,0.5037847241624805,10,-0.6775595529837853,6.0,-0.3405273536711098,1.630639611638318
-0.6550894056392178,-0.6374602447886974,-0.661303007132145,0.6272262176211416,0.7292827110239815,20,10.0,11.0,7.0,0.6651401771276114,17.0,,,,,,,0.8327807252489826,0.267531043144053,0.6293682756023339,0.0,0.5037847241624805,10,-0.6775595529837853,,-0.4075191373507837,
-0.6058866777470147,-0.6137577573986617,-0.6547903608842686,0.5690532607692358,0.6245750407507327,20,10.0,11.0,7.0,0.4582151182477404,17.0,,,,,,,0.8327807252489826,0.267531043144053,0.6293682756023339,0.0,0.5037847241624805,10,-0.6775595529837853,,0.0042004145875599586,
-0.6523060396453159,-0.7037287908480356,-0.686787275058618,0.7241811457076512,0.6594775975084822,20,10.0,11.0,7.0,0.4754588731543963,16.0,,,,,,,0.8327807252489826,0.267531043144053,0.6293682756023339,0.0,0.5037847241624805,10,-0.6775595529837853,,0.010147061368879582,
0.7809478752146112,0.4109442407020456,0.2937907230455618,-0.59440587626888,-0.4748554971183794,20,10.0,11.0,7.0,-1.438597921484411,13.0,,,,,,,0.8327807252489826,0.267531043144053,0.6293682756023339,0.0,0.5037847241624805,10,-0.6775595529837853,,0.659180694672489,
-0.6045398877499653,-0.6012913972488851,-0.6072197274215186,0.7047901600903493,0.6769288758873571,20,10.0,11.0,7.0,0.54443389278102,3.0,16.0,26.0,6.0,0.0,1.0,0.0,0.8327807252489826,0.267531043144053,0.6293682756023339,0.0,0.5037847241624805,10,-0.6775595529837853,5.0,0.08202447447106732,-0.479129091796535
-0.478684151692422,-0.4721781910233779,-0.5260052412532878,0.4717823586654094,0.6251751864471489,20,10.0,11.0,7.0,0.4135981376239541,13.0,,,,,,,0.8327807252489826,0.267531043144053,0.6293682756023339,0.0,0.5037847241624805,10,-0.6775595529837853,,0.8047861772228182,
-0.5870316177883236,-0.6020295369945956,-0.6209529162485626,0.7047901600903493,0.6594775975084822,20,10.0,11.0,7.0,0.4237276084344286,15.0,,,,,,,0.8327807252489826,0.267531043144053,0.6293682756023339,0.0,0.5037847241624805,10,-0.6775595529837853,,-0.40411090708016034,
-0.6765482595922042,-0.7026625889931201,-0.7204831404280656,0.6853991744730473,0.4849648137197343,20,10.0,11.0,7.0,0.54443389278102,15.0,,,,,,,0.8327807252489826,0.267531043144053,0.6293682756023339,0.0,0.5037847241624805,10,-0.6775595529837853,,-0.278689158063176,
-0.6156733517255736,-0.6149059747808776,-0.6702225009064103,0.6466172032384435,0.5198673704774839,20,10.0,11.0,7.0,0.5099463829677081,13.0,,,,,,,0.8327807252489826,0.267531043144053,0.6293682756023339,0.0,0.5037847241624805,10,-0.6775595529837853,,-0.3610422268023084,
-0.4305848872009581,-0.4221733300579376,-0.5032960409252354,0.3476884814459091,0.4350881365138941,20,10.0,11.0,7.0,0.3933537909292189,13.0,,,,,,,0.8327807252489826,0.267531043144053,0.6293682756023339,0.0,0.5037847241624805,10,-0.6775595529837853,,-0.37874729797403167,
-0.4379437547173908,-0.4331421382697119,-0.4919414407612094,0.4966011341093095,0.5406920531434801,20,10.0,11.0,7.0,0.4540868310134245,15.0,,,,,,,0.8327807252489826,0.267531043144053,0.6293682756023339,0.0,0.5037847241624805,10,-0.6775595529837853,,-0.41854573649931726,
-0.6840902835756806,-0.7742621443270341,-0.7681953531570734,0.7823541025595571,0.6943801542662319,20,10.0,11.0,7.0,0.6134089124076436,8.0,,,,,,,0.8327807252489826,0.267531043144053,0.6293682756023339,0.0,0.5037847241624805,10,-0.6775595529837853,,-0.3863579123057675,
-0.6187260757188853,-0.6306529560227006,-0.6423313854535483,0.7047901600903493,0.6769288758873571,20,10.0,11.0,7.0,0.4064838535277726,12.0,,,,,,,0.8327807252489826,0.267531043144053,0.6293682756023339,0.0,0.5037847241624805,10,-0.6775595529837853,,-0.012512290797081336,
-0.6977377555457809,-0.7267751540196618,-0.6941493969040434,0.8405270594114628,0.7292827110239815,20,10.0,11.0,7.0,0.6134089124076436,11.0,,,,,,,0.8327807252489826,0.267531043144053,0.6293682756023339,0.0,0.5037847241624805,10,-0.6775595529837853,,-0.5252986313380394,
-0.6559872656372508,-0.7020884803020121,-0.5974507580497042,0.762963116942255,0.4500622569619847,20,10.0,11.0,7.0,0.5271901378743641,11.0,,,,,,,0.8327807252489826,0.267531043144053,0.6293682756023339,0.0,0.5037847241624805,10,-0.6775595529837853,,-0.20779060342645492,
-0.0989549228576363,0.284312266549053,0.3338576553966275,-1.2149174160225418,-0.0560248160253843,20,10.0,11.0,7.0,0.4237276084344286,5.0,17.0,20.0,3.0,0.0,1.0,0.0,0.8327807252489826,0.267531043144053,0.6293682756023339,0.0,0.5037847241624805,10,-0.6775595529837853,4.0,0.18404143033576126,0.1773204015909026
-0.6346181976840674,-0.6856853748417803,-0.6593208974045305,0.5884442463865377,0.6420263191296075,20,10.0,11.0,7.0,0.3547525888078048,16.0,,,,,,,0.8327807252489826,0.267531043144053,0.6293682756023339,0.0,0.5037847241624805,10,-0.6775595529837853,,-0.06196474456632208,
-0.6295901816950833,-0.6868335922239961,-0.6596040559370467,0.5690532607692358,0.7118314326451066,21,10.0,11.0,7.0,0.4064838535277726,16.0,,,,,,,1.35836086219441,-0.581790985715848,0.2466656811274928,0.0,1.268596795759457,5,1.1804173396930056,,-0.0620586136828704,
-0.5042802126191437,-0.4664787122466713,-0.5514670719241342,0.4221448077776093,0.3928465698620597,21,10.0,11.0,7.0,0.8387294182133935,8.0,,,,,,,1.35836086219441,-0.581790985715848,0.2466656811274928,0.0,1.268596795759457,5,1.1804173396930056,,-0.4148032556519734,
-0.468872328337179,-0.4535742319975258,-0.0551334132390531,0.5710574604410098,0.6674167530989833,21,10.0,11.0,7.0,0.4945755244028949,11.0,,,,,,,1.35836086219441,-0.581790985715848,0.2466656811274928,0.0,1.268596795759457,5,1.1804173396930056,,-0.5490676327582515,
-0.439330208017588,-0.4530365453204778,-0.5137904441071383,0.4469635832215094,0.6040544031212317,21,10.0,11.0,7.0,0.1504216305923963,16.0,,,,,,,1.35836086219441,-0.581790985715848,0.2466656811274928,0.0,1.268596795759457,5,1.1804173396930056,,-0.07518835840572832,
-0.814998271288878,-0.8858852769839142,0.1322487802449741,0.8599180450287647,0.851441659676105,21,10.0,11.0,7.0,0.9237965007274502,13.0,,,,,,,1.35836086219441,-0.581790985715848,0.2466656811274928,0.0,1.268596795759457,5,1.1804173396930056,,0.8221750286469589,
-0.4296250349162064,-0.4472295292083628,-0.4635549403511442,0.3973260323337093,0.6040544031212317,21,10.0,11.0,7.0,0.3528650975397485,16.0,,,,,,,1.35836086219441,-0.581790985715848,0.2466656811274928,0.0,1.268596795759457,5,1.1804173396930056,,-0.02634836128117998,
-0.433997695324521,-0.4330346009343019,-0.5093174198000977,0.4221448077776093,0.6251751864471489,21,10.0,11.0,7.0,0.3326207508450132,17.0,,,,,,,1.35836086219441,-0.581790985715848,0.2466656811274928,0.0,1.268596795759457,5,1.1804173396930056,,-0.018048496828817137,
-0.2518604805226397,0.3503347660264878,1.725440263448314,-0.4780599625650684,-0.8936861782113745,21,10.0,11.0,7.0,-0.2832663427384641,17.0,,,,,,,1.35836086219441,-0.581790985715848,0.2466656811274928,0.0,1.268596795759457,5,1.1804173396930056,,-0.6582848500625771,
-0.5823627457985525,-0.5572490590881617,-0.6242092393725008,0.5496622751519339,0.5722212056141083,21,10.0,11.0,7.0,0.54443389278102,15.0,,,,,,,1.35836086219441,-0.581790985715848,0.2466656811274928,0.0,1.268596795759457,5,1.1804173396930056,,-0.4060736249716248,
-0.6365934896797399,-0.6358199342426739,-0.6576219462094323,0.7047901600903493,0.3628058650676107,21,10.0,11.0,7.0,0.54443389278102,11.0,,,,,,,1.35836086219441,-0.581790985715848,0.2466656811274928,0.0,1.268596795759457,5,1.1804173396930056,,-0.21100360918716535,
-0.4376238039558067,-0.3949663841993219,0.027273457648349,0.5710574604410098,0.2661218699065565,21,10.0,11.0,7.0,0.2313990173713371,12.0,,,,,,,1.35836086219441,-0.581790985715848,0.2466656811274928,0.0,1.268596795759457,5,1.1804173396930056,,-0.04189954171989655,
-0.4710053334144057,-0.4586284867617743,-0.5414887869315053,0.3973260323337093,0.4984504864916457,21,10.0,11.0,7.0,0.3731094442344836,9.0,,,,,,,1.35836086219441,-0.581790985715848,0.2466656811274928,0.0,1.268596795759457,5,1.1804173396930056,,0.13206965204385454,
-0.3874981846409772,-0.4576606507430883,-0.5022638045466875,0.4469635832215094,0.6885375364249005,21,10.0,11.0,7.0,-0.072266183049691,12.0,,,,,,,1.35836086219441,-0.581790985715848,0.2466656811274928,0.0,1.268596795759457,5,1.1804173396930056,,0.23804714313187772,
-0.3834454749942466,-0.4117422085232113,-0.4738773041366223,0.4469635832215094,0.4562089198398113,21,10.0,11.0,7.0,0.4540868310134245,13.0,,,,,,,1.35836086219441,-0.581790985715848,0.2466656811274928,0.0,1.268596795759457,5,1.1804173396930056,,-0.38184142170509344,
-0.4406100110639241,-0.39303071216195,-0.05650972841045,0.4717823586654094,0.5195712698175629,21,10.0,11.0,7.0,0.4945755244028949,15.0,,,,,,,1.35836086219441,-0.581790985715848,0.2466656811274928,0.0,1.268596795759457,5,1.1804173396930056,,-0.43109219033273544,
-0.625819169703345,-0.6106411673612173,-0.6642761717235669,0.6660081888557454,0.5722212056141083,21,10.0,11.0,7.0,0.54443389278102,13.0,,,,,,,1.35836086219441,-0.581790985715848,0.2466656811274928,0.0,1.268596795759457,5,1.1804173396930056,,-0.3609773717763296,
-0.6599378496285954,-0.6756794805110385,-0.6587545803394975,0.6466172032384435,0.6245750407507327,21,10.0,11.0,7.0,0.6823839320342674,16.0,,,,,,,1.35836086219441,-0.581790985715848,0.2466656811274928,0.0,1.268596795759457,5,1.1804173396930056,,0.007706464338623764,
-0.4587405542203519,-0.410129148492068,-0.4979628196360718,0.3476884814459091,0.5618128364693973,21,10.0,11.0,7.0,0.3933537909292189,13.0,,,,,,,1.35836086219441,-0.581790985715848,0.2466656811274928,0.0,1.268596795759457,5,1.1804173396930056,,0.7992314624894314,
-0.4778309496615314,-0.4522837839726112,1.0287147842361684,0.4469635832215094,0.5406920531434801,22,10.0,11.0,7.0,0.6767746446555118,6.0,,,,,,,1.808858122433349,-1.431113014575749,-0.3273882105847325,0.0,1.7083637369277187,359,2.6900235649928983,,-0.25926338220282785,
-0.4382637054789748,-0.4034618336966763,-0.5129302471250152,0.4221448077776093,0.3506050032102253,22,10.0,11.0,7.0,0.3326207508450132,7.0,,,,,,,1.808858122433349,-1.431113014575749,-0.3273882105847325,0.0,1.7083637369277187,359,2.6900235649928983,,0.1404963143701699,
-0.4374105034480838,-0.4615319948178322,-0.5239407684961921,0.4717823586654094,0.6040544031212317,22,10.0,11.0,7.0,0.2921320574555428,16.0,,,,,,,1.808858122433349,-1.431113014575749,-0.3273882105847325,0.0,1.7083637369277187,359,2.6900235649928983,,-0.07482882994402043,
-0.2748456964722821,-0.2918468127416044,-0.4822052353155426,0.1812335484231972,0.5896724839929831,22,10.0,11.0,7.0,-0.9212852742847332,12.0,,,,,,,1.808858122433349,-1.431113014575749,-0.3273882105847325,0.0,1.7083637369277187,359,2.6900235649928983,,-0.040960891052319766,
-0.4169336547067067,-0.4263672861389102,-0.5265213594425618,0.322869706002009,0.3083634365583909,22,10.0,11.0,7.0,0.3528650975397485,10.0,,,,,,,1.808858122433349,-1.431113014575749,-0.3273882105847325,0.0,1.7083637369277187,359,2.6900235649928983,,0.38502360545976,
-0.4640730669134186,-0.4736837137191111,-0.5239407684961921,0.4966011341093095,0.646295969773066,22,10.0,11.0,7.0,0.3528650975397485,9.0,,,,,,,1.808858122433349,-1.431113014575749,-0.3273882105847325,0.0,1.7083637369277187,359,2.6900235649928983,,0.13188475169211916,
0.1094383826858008,0.2102522453961046,1.13335577195659,-0.7689247468245973,-0.6319170025282526,22,10.0,11.0,7.0,-0.1970475682051845,13.0,,,,,,,1.808858122433349,-1.431113014575749,-0.3273882105847325,0.0,1.7083637369277187,359,2.6900235649928983,,-0.4664350574403209,
-0.6441355136632163,-0.6826508003316367,-0.6158560626632679,0.5690532607692358,0.6420263191296075,22,10.0,11.0,7.0,0.5616776476876759,15.0,,,,,,,1.808858122433349,-1.431113014575749,-0.3273882105847325,0.0,1.7083637369277187,359,2.6900235649928983,,-0.28878196547444934,
-0.003691977066345,0.1484945533383303,1.3979674205931352,-0.9628346029976166,-0.6144657241493778,22,10.0,11.0,7.0,0.3375088339011489,16.0,,,,,,,1.808858122433349,-1.431113014575749,-0.3273882105847325,0.0,1.7083637369277187,359,2.6900235649928983,,0.7270556922356987,
0.6585695574827256,0.6954561049097737,2.890920783285681,-1.2343084016398436,-0.422501661981755,22,10.0,11.0,7.0,-1.317891637137819,16.0,,,,,,,1.808858122433349,-1.431113014575749,-0.3273882105847325,0.0,1.7083637369277187,359,2.6900235649928983,,-0.2952225846365363,
-0.6292310376958701,0.8886846872313096,0.8227308617861359,0.762963116942255,-1.1729066322733712,22,10.0,11.0,7.0,0.3547525888078048,11.0,,,,,,,1.808858122433349,-1.431113014575749,-0.3273882105847325,0.0,1.7083637369277187,359,2.6900235649928983,,-0.36723400282064045,
2.259992649974216,0.183187121386721,-0.1031975395423852,0.220015519657801,-0.5272093322550038,22,10.0,11.0,7.0,-0.1625600583918727,18.0,,,,,,,1.808858122433349,-1.431113014575749,-0.3273882105847325,0.0,1.7083637369277187,359,2.6900235649928983,,1.2095422109765102,
-0.2257327545798824,-0.158899642986422,1.802317805026508,0.4527073470654242,-0.5795631673916282,22,10.0,11.0,7.0,0.8720652360074824,13.0,,,,,,,1.808858122433349,-1.431113014575749,-0.3273882105847325,0.0,1.7083637369277187,359,2.6900235649928983,,0.6944050806572389,
0.3608391821350146,0.7330192164137054,2.256079353383986,-1.2730903728744474,-0.9634912917268738,22,10.0,11.0,7.0,-0.8695540095647654,16.0,,,,,,,1.808858122433349,-1.431113014575749,-0.3273882105847325,0.0,1.7083637369277187,359,2.6900235649928983,,-0.17690043759597562,
-0.3109396683932049,-0.2141781083874046,0.2443795591214557,-0.4004960200958606,-0.4574042187395046,22,10.0,11.0,7.0,-0.4384601368983674,8.0,,,,,,,1.808858122433349,-1.431113014575749,-0.3273882105847325,0.0,1.7083637369277187,359,2.6900235649928983,,-0.46202476416516913,
0.4249463859945639,0.6248407359034742,0.9777601583388468,-0.8852706605284089,-1.0507476836212477,22,10.0,11.0,7.0,-0.938529029191389,17.0,,,,,,,1.808858122433349,-1.431113014575749,-0.3273882105847325,0.0,1.7083637369277187,359,2.6900235649928983,,-0.17468596081853727,
-0.60795175574249,-0.6094929499790014,-0.6580466840082068,0.7241811457076512,0.6594775975084822,22,10.0,11.0,7.0,0.5789214025943318,3.0,16.0,26.0,6.0,0.0,1.0,0.0,1.808858122433349,-1.431113014575749,-0.3273882105847325,0.0,1.7083637369277187,359,2.6900235649928983,7.0,0.08513467119936778,-0.5677902721663377
-0.4222661673997737,-0.4090537751379727,-0.4971026226539488,0.5462386849971097,0.4139673531879769,22,10.0,11.0,7.0,0.3731094442344836,11.0,,,,,,,1.808858122433349,-1.431113014575749,-0.3273882105847325,0.0,1.7083637369277187,359,2.6900235649928983,,-0.24258224578028045,
-0.4570341501585703,-0.4517460972955632,-0.487812495247018,0.4717823586654094,0.4984504864916457,22,10.0,11.0,7.0,0.3326207508450132,12.0,,,,,,,1.808858122433349,-1.431113014575749,-0.3273882105847325,0.0,1.7083637369277187,359,2.6900235649928983,,0.2398036964733648,
-0.4510617359423352,-0.3928156374911314,-0.0547893344462034,0.5462386849971097,0.5195712698175629,22,10.0,11.0,7.0,0.4743311777081597,7.0,,,,,,,1.808858122433349,-1.431113014575749,-0.3273882105847325,0.0,1.7083637369277187,359,2.6900235649928983,,-0.3757001726049835,
-0.4627932638670828,-0.4346476609654451,-0.4984789378253457,0.5462386849971097,0.4139673531879769,22,10.0,11.0,7.0,0.3933537909292189,8.0,,,,,,,1.808858122433349,-1.431113014575749,-0.3273882105847325,0.0,1.7083637369277187,359,2.6900235649928983,,-0.420092318799765,
-0.4600203572666876,-0.4093763871442014,-0.5198118229820007,0.5958762358849099,0.5829336197953144,22,10.0,11.0,7.0,0.3326207508450132,12.0,,,,,,,1.808858122433349,-1.431113014575749,-0.3273882105847325,0.0,1.7083637369277187,359,2.6900235649928983,,-0.027822005063689998,
1.045667926747696,1.4218768975449934,3.630122497573125,-2.134189062944099,-1.4657823628186537,22,10.0,11.0,7.0,-2.501587786417917,13.0,,,,,,,1.808858122433349,-1.431113014575749,-0.3273882105847325,0.0,1.7083637369277187,359,2.6900235649928983,,0.46884278260297013,
-0.4297316851700675,-0.4181944486477844,-0.4890167710219906,0.4469635832215094,0.4562089198398113,23,10.0,11.0,7.0,0.3528650975397485,12.0,,,,,,,1.808858122433349,-1.431113014575749,-0.8376583365512115,0.0,1.9760479619866609,21,0.5997995607315083,,0.23788278726366838,
-0.5421410527399191,-0.6114390403787429,-0.6693140584750114,0.5958762358849099,0.4773297031657285,23,10.0,11.0,7.0,0.3326207508450132,13.0,,,,,,,1.808858122433349,-1.431113014575749,-0.8376583365512115,0.0,1.9760479619866609,21,0.5997995607315083,,-0.2796407010371556,
-0.4344242963399665,-0.4119572831940307,-0.4659634919010891,0.5710574604410098,0.4562089198398113,23,10.0,11.0,7.0,0.4540868310134245,11.0,,,,,,,1.808858122433349,-1.431113014575749,-0.8376583365512115,0.0,1.9760479619866609,21,0.5997995607315083,,-0.24285617222729602,
-0.4305848872009581,-0.4176567619707364,-0.4809309193900326,0.4221448077776093,0.5618128364693973,23,10.0,11.0,7.0,0.3326207508450132,16.0,,,,,,,1.808858122433349,-1.431113014575749,-0.8376583365512115,0.0,1.9760479619866609,21,0.5997995607315083,,-0.0274783078751191,
-0.2946058135277514,-0.3899121294350735,0.0014675481846529,0.3725072568898092,0.5195712698175629,23,10.0,11.0,7.0,0.3933537909292189,9.0,,,,,,,1.808858122433349,-1.431113014575749,-0.8376583365512115,0.0,1.9760479619866609,21,0.5997995607315083,,0.09475402179916374,
-0.4352774983708571,-0.4345401236300358,-0.4907371649862373,0.4966011341093095,0.6251751864471489,23,10.0,11.0,7.0,0.2718877107608076,6.0,,,,,,,1.808858122433349,-1.431113014575749,-0.8376583365512115,0.0,1.9760479619866609,21,0.5997995607315083,,-0.20972036017948126,
-0.4262122267926436,-0.3175395027044474,-0.4774901314615398,0.5462386849971097,0.3294842198843081,23,10.0,11.0,7.0,0.3933537909292189,9.0,,,,,,,1.808858122433349,-1.431113014575749,-0.8376583365512115,0.0,1.9760479619866609,21,0.5997995607315083,,-0.22315867922654,
-0.4424230653795668,-0.3947513095285033,-0.5091453804036735,0.4469635832215094,0.2238803032547221,23,10.0,11.0,7.0,0.3933537909292189,10.0,,,,,,,1.808858122433349,-1.431113014575749,-0.8376583365512115,0.0,1.9760479619866609,21,0.5997995607315083,,0.3837772401258393,
-0.458527253712629,-0.466371174911262,-0.5260052412532878,0.5958762358849099,0.4984504864916457,23,10.0,11.0,7.0,0.3731094442344836,8.0,,,,,,,1.808858122433349,-1.431113014575749,-0.8376583365512115,0.0,1.9760479619866609,21,0.5997995607315083,,-0.4178818845537091,
-0.4316513897395717,-0.4328195262634833,-0.4688881616403078,0.3973260323337093,0.6040544031212317,23,10.0,11.0,7.0,0.3933537909292189,16.0,,,,,,,1.808858122433349,-1.431113014575749,-0.8376583365512115,0.0,1.9760479619866609,21,0.5997995607315083,,-0.07674931114364339,
3.273407229753956,0.2560989251574535,0.3076654911388636,-0.0902402502190297,0.2930007515521116,23,10.0,11.0,7.0,-0.2142913231118404,16.0,,,,,,,1.808858122433349,-1.431113014575749,-0.8376583365512115,0.0,1.9760479619866609,21,0.5997995607315083,,-0.324831585970629,
2.796194640799467,-0.1484016554918734,-0.0059325836230129,-0.555623905034276,-0.5446606106338786,23,10.0,11.0,7.0,-0.2832663427384641,13.0,,,,,,,1.808858122433349,-1.431113014575749,-0.8376583365512115,0.0,1.9760479619866609,21,0.5997995607315083,,-0.5261836034789195,
3.4747972273127363,-0.6639512601069725,0.4867632629554655,0.5884442463865377,0.6594775975084822,23,10.0,11.0,7.0,-0.3867288721783996,17.0,,,,,,,1.808858122433349,-1.431113014575749,-0.8376583365512115,0.0,1.9760479619866609,21,0.5997995607315083,,-0.24408339868269624,
2.296355979894548,-0.1260114165386561,-0.1744119104702516,0.4527073470654242,0.2755494731732367,23,10.0,11.0,7.0,-0.2660225878318082,8.0,,,,,,,1.808858122433349,-1.431113014575749,-0.8376583365512115,0.0,1.9760479619866609,21,0.5997995607315083,,-0.5753185298978652,
2.8549146846708187,-0.1694796460082716,-0.1844640383745823,-0.3811050344785587,0.4849648137197343,23,10.0,11.0,7.0,-1.438597921484411,16.0,,,,,,,1.808858122433349,-1.431113014575749,-0.8376583365512115,0.0,1.9760479619866609,21,0.5997995607315083,,0.56950576702103,
2.694018173023322,-0.4794163236793599,0.6467478338272133,0.8599180450287647,0.4326109785831099,23,10.0,11.0,7.0,-0.1280725485785608,13.0,,,,,,,1.808858122433349,-1.431113014575749,-0.8376583365512115,0.0,1.9760479619866609,21,0.5997995607315083,,0.5984286024424286,
-0.483376762862321,-0.4988474502049455,-0.5578325295918457,0.4966011341093095,0.4984504864916457,23,10.0,11.0,7.0,0.4135981376239541,15.0,,,,,,,1.808858122433349,-1.431113014575749,-0.8376583365512115,0.0,1.9760479619866609,21,0.5997995607315083,,-0.31881203069959946,
0.1979673784918456,0.1650616898531647,1.139585259671951,-0.7301427755899934,-0.7366246728015013,23,10.0,11.0,7.0,-1.386866656764443,12.0,,,,,,,1.808858122433349,-1.431113014575749,-0.8376583365512115,0.0,1.9760479619866609,21,0.5997995607315083,,-0.1107119025888107,
-0.5008674044955808,-0.3848578746708243,-0.505016434889482,0.3973260323337093,0.4984504864916457,23,10.0,11.0,7.0,0.5553085644871006,16.0,,,,,,,1.808858122433349,-1.431113014575749,-0.8376583365512115,0.0,1.9760479619866609,21,0.5997995607315083,,0.9707042543120296,
3.8593149241175415,-0.1905379095857713,0.6645073820052094,-0.2479621292076928,0.2661218699065565,23,10.0,11.0,7.0,-0.5581305037233362,13.0,,,,,,,1.808858122433349,-1.431113014575749,-0.8376583365512115,0.0,1.9760479619866609,21,0.5997995607315083,,0.503896807619489,
0.3244989101373223,1.4324155564151289,1.6000576197623917,-1.8860013085050984,-1.4235407961668192,23,10.0,11.0,7.0,-1.7120582653232432,18.0,,,,,,,1.808858122433349,-1.431113014575749,-0.8376583365512115,0.0,1.9760479619866609,21,0.5997995607315083,,1.0952306139855468,
0.1422336262882935,0.4603855816482239,2.2409043714441697,-1.0173441679685953,-1.296816096211316,23,10.0,11.0,7.0,-0.2747096499970431,12.0,,,,,,,1.808858122433349,-1.431113014575749,-0.8376583365512115,0.0,1.9760479619866609,21,0.5997995607315083,,-0.14679396780351492,
2.820526646746159,-0.6860954524782856,1.3111793303768686,0.7241811457076512,0.5896724839929831,23,10.0,11.0,7.0,-0.30051009764512,16.0,,,,,,,1.808858122433349,-1.431113014575749,-0.8376583365512115,0.0,1.9760479619866609,21,0.5997995607315083,,-0.18492155360502788,
2.896485602579742,-0.6935588654626914,0.1366377374989776,0.6272262176211416,0.5547699272352334,23,10.0,11.0,7.0,-0.3349976074584319,11.0,,,,,,,1.808858122433349,-1.431113014575749,-0.8376583365512115,0.0,1.9760479619866609,21,0.5997995607315083,,-0.44839055901354297,
3.290825713715795,-0.0992743546384775,-0.3131595914032716,-1.1761354447879375,0.5896724839929831,24,10.0,11.0,7.0,-0.1970475682051845,15.0,,,,,,,1.7337752457268585,-1.431113014575749,-1.411712228263437,0.0,1.7848449440874168,14,1.064293783900706,,-0.6873652533971834,
3.24906217152296,0.5391029111680131,0.8470411816117507,0.1739570533386085,-0.8321588630411376,24,10.0,11.0,7.0,-0.6188635438075418,12.0,,,,,,,1.7337752457268585,-1.431113014575749,-1.411712228263437,0.0,1.7848449440874168,14,1.064293783900706,,-0.23372395508379595,
-0.439650158779172,-0.4317441529093873,-0.493661834725456,0.4717823586654094,0.5406920531434801,24,10.0,11.0,7.0,0.3528650975397485,14.0,,,,,,,1.7337752457268585,-1.431113014575749,-1.411712228263437,0.0,1.7848449440874168,14,1.064293783900706,,0.4160047944133725,
-0.4882826745399425,-0.5001378982298602,-0.5478542445992167,0.5710574604410098,0.751899886402652,24,10.0,11.0,7.0,0.5148198710976302,9.0,,,,,,,1.7337752457268585,-1.431113014575749,-1.411712228263437,0.0,1.7848449440874168,14,1.064293783900706,,0.13607582633145673,
-0.4079750333823543,-0.3682971250177542,-0.4881565740398676,0.4469635832215094,0.5618128364693973,24,10.0,11.0,7.0,0.312376404150278,15.0,,,,,,,1.7337752457268585,-1.431113014575749,-1.411712228263437,0.0,1.7848449440874168,14,1.064293783900706,,0.27075069577954775,
-0.4245058227308619,-0.3713081704092215,-0.4967585438610991,0.3973260323337093,0.3506050032102253,24,10.0,11.0,7.0,0.312376404150278,7.0,,,,,,,1.7337752457268585,-1.431113014575749,-1.411712228263437,0.0,1.7848449440874168,14,1.064293783900706,,0.13424051913645263,
-0.454687844573621,-0.4365833330028171,-0.5032960409252354,0.5214199095532096,0.6040544031212317,24,10.0,11.0,7.0,0.3326207508450132,12.0,,,,,,,1.7337752457268585,-1.431113014575749,-1.411712228263437,0.0,1.7848449440874168,14,1.064293783900706,,0.2395537385904631,
-0.4378371044635293,-0.3795885452357564,-0.467339807072486,0.4469635832215094,0.6251751864471489,24,10.0,11.0,7.0,0.6565302979607767,16.0,,,,,,,1.7337752457268585,-1.431113014575749,-1.411712228263437,0.0,1.7848449440874168,14,1.064293783900706,,-0.07808555859299103,
-0.4288784831391768,-0.4399169904005129,-0.5189516259998777,0.5214199095532096,0.5406920531434801,24,10.0,11.0,7.0,0.3933537909292189,8.0,,,,,,,1.7337752457268585,-1.431113014575749,-1.411712228263437,0.0,1.7848449440874168,14,1.064293783900706,,-0.4208912709368936,
0.457491776702412,0.7810619158394965,2.718485735918966,0.3973260323337093,-1.4869031461445708,24,10.0,11.0,6.0,-0.5176418103338657,12.0,,,,,,,1.7337752457268585,-1.431113014575749,-1.411712228263437,0.0,1.7848449440874168,14,1.064293783900706,,-0.0029989888739423228,
0.5030314351012037,0.3893034029425125,1.9112768878945632,-1.3896257996270964,0.5195712698175629,24,10.0,11.0,7.0,-1.6513252252390376,16.0,,,,,,,1.7337752457268585,-1.431113014575749,-1.411712228263437,0.0,1.7848449440874168,14,1.064293783900706,,0.6033021192927414,
0.408219359418473,1.6123255185553031,4.224862691013099,-1.563357227734397,-1.951560379314749,24,10.0,11.0,7.0,-1.6108365318495672,9.0,,,,,,,1.7337752457268585,-1.431113014575749,-1.411712228263437,0.0,1.7848449440874168,14,1.064293783900706,,1.275144170956143,
2.108793026305474,-0.1986771737274851,0.972663304753552,0.3363614333616126,-0.597014445770503,24,10.0,11.0,7.0,-1.2489166175111956,12.0,,,,,,,1.7337752457268585,-1.431113014575749,-1.411712228263437,0.0,1.7848449440874168,14,1.064293783900706,,-0.15973661319143664,
-0.7447856194427048,-0.2916007661597009,1.2869692758467193,0.8405270594114628,-0.2305375998141323,24,10.0,11.0,7.0,0.5616776476876759,13.0,,,,,,,1.7337752457268585,-1.431113014575749,-1.411712228263437,0.0,1.7848449440874168,14,1.064293783900706,,-0.3794895513134943,
3.001313631803069,-0.5620794034257599,0.3243854952736995,0.5710574604410098,0.5618128364693973,24,10.0,11.0,7.0,-0.639107890502277,18.0,,,,,,,1.7337752457268585,-1.431113014575749,-1.411712228263437,0.0,1.7848449440874168,14,1.064293783900706,,1.1159154848158068,
-0.5345688847157638,-0.5418623843687647,-0.5602410811417912,0.5462386849971097,0.5618128364693973,24,10.0,11.0,7.0,0.4743311777081597,13.0,,,,,,,1.7337752457268585,-1.431113014575749,-1.411712228263437,0.0,1.7848449440874168,14,1.064293783900706,,-0.29044253393113467,
-0.4288784831391768,-0.3357133123886615,-0.1069172715628689,0.4717823586654094,0.4139673531879769,24,10.0,11.0,7.0,0.4945755244028949,9.0,,,,,,,1.7337752457268585,-1.431113014575749,-1.411712228263437,0.0,1.7848449440874168,14,1.064293783900706,,-0.23490327564233088,
-0.4245058227308619,-0.3346379390345654,-0.4422220551944893,0.5214199095532096,0.1182763866251361,25,10.0,11.0,7.0,0.3731094442344836,10.0,,,,,,,1.5836094923138797,-1.6009774203477292,-1.66684729124664,0.0,1.3833186064990035,5,2.8061471207851976,,0.42931722268205086,
-0.4187467090223498,-0.418947209995651,-0.4723289495688005,0.5214199095532096,0.5195712698175629,25,10.0,11.0,7.0,0.4135981376239541,14.0,,,,,,,1.5836094923138797,-1.6009774203477292,-1.66684729124664,0.0,1.3833186064990035,5,2.8061471207851976,,0.413666527825376,
-0.3801393171245452,0.8354758075567278,1.1830341228290686,0.4966011341093095,-1.4657823628186537,25,10.0,11.0,7.0,0.4135981376239541,10.0,,,,,,,1.5836094923138797,-1.6009774203477292,-1.66684729124664,0.0,1.3833186064990035,5,2.8061471207851976,,0.20912630294951987,
-0.4312247887241262,-0.4000206389635711,-0.4654473737118151,0.4221448077776093,0.6040544031212317,25,10.0,11.0,7.0,0.6970189913502471,16.0,,,,,,,1.5836094923138797,-1.6009774203477292,-1.66684729124664,0.0,1.3833186064990035,5,2.8061471207851976,,-0.07773501834282587,
-0.3914442440338466,-0.3779754852046132,-0.4883286134362918,0.4966011341093095,0.5618128364693973,25,10.0,11.0,7.0,0.2516433640660724,15.0,,,,,,,1.5836094923138797,-1.6009774203477292,-1.66684729124664,0.0,1.3833186064990035,5,2.8061471207851976,,0.27013710053823303,
2.6518187531157755,-0.2760998314997815,0.1111534695725046,-0.303541092009351,0.4326109785831099,25,10.0,11.0,7.0,-0.093585038765249,13.0,,,,,,,1.5836094923138797,-1.6009774203477292,-1.66684729124664,0.0,1.3833186064990035,5,2.8061471207851976,,-0.5654380132545754,
-0.4437028684259029,-0.4314215409031586,-0.5060486712680299,0.4717823586654094,0.646295969773066,25,10.0,11.0,7.0,0.2921320574555428,12.0,,,,,,,1.5836094923138797,-1.6009774203477292,-1.66684729124664,0.0,1.3833186064990035,5,2.8061471207851976,,0.23909148771112446,
-0.4657794709752001,-0.4709952803338725,-0.546305890031395,0.4717823586654094,0.5829336197953144,25,10.0,11.0,7.0,0.3326207508450132,9.0,,,,,,,1.5836094923138797,-1.6009774203477292,-1.66684729124664,0.0,1.3833186064990035,5,2.8061471207851976,,0.1327133791943411,
-0.5232639578064617,-0.5425076083812219,-0.5483703627884907,0.5710574604410098,0.5406920531434801,25,10.0,11.0,7.0,0.777996378129188,13.0,,,,,,,1.5836094923138797,-1.6009774203477292,-1.66684729124664,0.0,1.3833186064990035,5,2.8061471207851976,,-0.2917927630428822,
-0.2930060597198313,-0.2151639593945578,-0.3687612329211682,-0.3224184555393931,0.5829336197953144,25,10.0,11.0,7.0,0.1301772838976611,6.0,,,,,,,1.5836094923138797,-1.6009774203477292,-1.66684729124664,0.0,1.3833186064990035,5,2.8061471207851976,,-0.23418627199870284,
0.4797158458745711,0.2415001612978465,1.3496888907990954,-1.156744459170636,-0.8762348998324997,25,10.0,11.0,7.0,-1.14545408807126,3.0,16.0,26.0,6.0,0.0,1.0,0.0,1.5836094923138797,-1.6009774203477292,-1.66684729124664,0.0,1.3833186064990035,5,2.8061471207851976,10.0,-0.14435028699681549,0.7041194770107618
3.330649615726885,-0.1664495464540321,0.0831862614863564,0.2732321551142088,0.0337932533214673,25,10.0,11.0,7.0,-1.7930356521021842,16.0,,,,,,,1.5836094923138797,-1.6009774203477292,-1.66684729124664,0.0,1.3833186064990035,5,2.8061471207851976,,0.47484259992451394,
3.1442249719772635,-0.3784056345462519,0.1096803285357506,0.6455137867727101,-0.2618977132413733,25,10.0,11.0,7.0,-0.2342209566075727,9.0,,,,,,,1.5836094923138797,-1.6009774203477292,-1.66684729124664,0.0,1.3833186064990035,5,2.8061471207851976,,2.0794333083607963,
-0.5443807080710069,-0.5846622438617651,-0.6304331548830432,0.5462386849971097,0.5829336197953144,26,10.0,11.0,7.0,0.7577520314344527,13.0,,,,,,,1.058029355368452,-1.2612486088037689,-1.4754959940092556,0.0,0.6949877420617246,24,0.5997995607315083,,-0.2832679437397196,
-0.4592738054896585,-0.4494878132519634,-0.5077690652322759,0.5214199095532096,0.5406920531434801,26,10.0,11.0,7.0,0.4338424843186893,14.0,,,,,,,1.058029355368452,-1.2612486088037689,-1.4754959940092556,0.0,0.6949877420617246,24,0.5997995607315083,,0.1721604105720917,
2.0573456484181887,0.0798475569872581,7.279453299490599,-0.2647591207747471,-1.0507476836212477,26,10.0,11.0,7.0,-0.1108287936719049,3.0,16.0,26.0,6.0,0.0,1.0,0.0,1.058029355368452,-1.2612486088037689,-1.4754959940092556,0.0,0.6949877420617246,24,0.5997995607315083,11.0,-0.5040755154332145,2.827470847629156
-0.2147247733856082,1.0722730201285526,3.1623473786945326,-1.166256820631996,-1.2334537462335644,26,10.0,11.0,7.0,0.4540868310134245,12.0,,,,,,,1.058029355368452,-1.2612486088037689,-1.4754959940092556,0.0,0.6949877420617246,24,0.5997995607315083,,0.1108493974602155,
0.5867518843823545,1.3566017349513977,3.0407155254223133,-1.6129947786221972,-1.6981109794037426,26,10.0,11.0,7.0,-0.3354426900812488,14.0,,,,,,,1.058029355368452,-1.2612486088037689,-1.4754959940092556,0.0,0.6949877420617246,24,0.5997995607315083,,0.16674238032440028,
1.1952982329151551,1.2243308123976535,2.6766801625877785,-1.8860013085050984,-1.2334537462335644,26,10.0,11.0,7.0,-1.590592185154832,9.0,,,,,,,1.058029355368452,-1.2612486088037689,-1.4754959940092556,0.0,0.6949877420617246,24,0.5997995607315083,,-0.21020144350205225,
0.5118834061716947,1.3917664436303196,1.9572114067399409,-1.6874511049538974,-1.7192317627296598,26,10.0,11.0,7.0,-0.3961757301654544,10.0,,,,,,,1.058029355368452,-1.2612486088037689,-1.4754959940092556,0.0,0.6949877420617246,24,0.5997995607315083,,0.2434122457021374,
0.4408543371000425,1.2012102852846005,1.2563229057059648,-1.7619074312855976,-1.296816096211316,26,10.0,11.0,7.0,-0.8213070107548939,16.0,,,,,,,1.058029355368452,-1.2612486088037689,-1.4754959940092556,0.0,0.6949877420617246,24,0.5997995607315083,,-0.1768300506010618,
0.7060935184531928,1.0224832338339318,2.524941414941248,-1.7619074312855976,-1.5502654961223223,26,10.0,11.0,7.0,0.3933537909292189,10.0,,,,,,,1.058029355368452,-1.2612486088037689,-1.4754959940092556,0.0,0.6949877420617246,24,0.5997995607315083,,,
-0.2976986708897298,0.8261200593760968,1.4441899266016696,-1.935638859392898,-1.740352546055577,26,10.0,11.0,7.0,0.595797257876571,7.0,,,,,,,1.058029355368452,-1.2612486088037689,-1.4754959940092556,0.0,0.6949877420617246,24,0.5997995607315083,,-0.1486604430994254,
0.698308049921315,0.3081127147083033,1.5487898796278503,-1.0173441679685953,-1.0222459129743924,26,10.0,11.0,7.0,-1.9145017322705955,15.0,,,,,,,1.058029355368452,-1.2612486088037689,-1.4754959940092556,0.0,0.6949877420617246,24,0.5997995607315083,,-0.0025196973953817816,
-0.4094681369364133,-0.3779754852046132,-0.4933177559326064,0.2732321551142088,0.4139673531879769,26,10.0,11.0,7.0,0.4540868310134245,10.0,,,,,,,1.058029355368452,-1.2612486088037689,-1.4754959940092556,0.0,0.6949877420617246,24,0.5997995607315083,,0.37932707672203275,
3.382481639103496,0.513186413334312,0.7548280651281444,-0.7691564135295945,-1.7192317627296598,27,10.0,11.0,7.0,-1.6310808785443025,10.0,,,,,,,0.6826149718360038,-0.9215197972598084,-1.411712228263437,0.0,0.0640177829942189,26,0.8320466723161074,,0.18705256404480938,
2.3961800913938323,-0.4263672861389102,-0.0296715825682061,0.4966011341093095,0.6040544031212317,27,10.0,11.0,7.0,-0.6188635438075418,7.0,,,,,,,0.6826149718360038,-0.9215197972598084,-1.411712228263437,0.0,0.0640177829942189,26,0.8320466723161074,,-0.2091211460766348,
0.1027730323595984,1.0618418985938265,3.532920238593203,-1.5137196768465968,-1.5925070627741569,27,10.0,11.0,7.0,-1.205949597954863,10.0,,,,,,,0.6826149718360038,-0.9215197972598084,-1.411712228263437,0.0,0.0640177829942189,26,0.8320466723161074,,0.0470029352833774,
3.791911963677176,-0.1682776811559948,0.2590105246323365,0.1491382778947084,0.3928465698620597,27,10.0,11.0,7.0,-0.4973974636391305,9.0,,,,,,,0.6826149718360038,-0.9215197972598084,-1.411712228263437,0.0,0.0640177829942189,26,0.8320466723161074,,-0.19201272742022094,
3.84001122816864,-0.4317441529093873,0.0291658910090199,0.5958762358849099,0.5195712698175629,27,10.0,11.0,7.0,-0.537886157028601,16.0,,,,,,,0.6826149718360038,-0.9215197972598084,-1.411712228263437,0.0,0.0640177829942189,26,0.8320466723161074,,-0.20545450829403794,
3.030109200345632,-0.3576509288122086,0.1050352648322852,0.4717823586654094,0.4350881365138941,27,10.0,11.0,7.0,-0.537886157028601,15.0,,,,,,,0.6826149718360038,-0.9215197972598084,-1.411712228263437,0.0,0.0640177829942189,26,0.8320466723161074,,-0.07232574352058489,
3.2348776877594028,0.4332861731250176,0.4236522270107155,-1.0173441679685953,-0.6843133797597173,27,10.0,11.0,7.0,-0.8617957041443643,14.0,,,,,,,0.6826149718360038,-0.9215197972598084,-1.411712228263437,0.0,0.0640177829942189,26,0.8320466723161074,,0.1612455896209554,
3.5446966752265925,-0.0210590689803234,0.1891625296839335,0.1739570533386085,0.3506050032102253,27,10.0,11.0,7.0,-1.5501034917653616,6.0,,,,,,,0.6826149718360038,-0.9215197972598084,-1.411712228263437,0.0,0.0640177829942189,26,0.8320466723161074,,-0.4800558026786687,
3.80822945251796,0.8411752863334335,0.3415894349161629,0.4966011341093095,-0.2618977132413733,27,10.0,11.0,7.0,-0.2949539966917783,12.0,,,,,,,0.6826149718360038,-0.9215197972598084,-1.411712228263437,0.0,0.0640177829942189,26,0.8320466723161074,,0.04518922811059262,
-0.0104895372411441,0.1477745476126671,1.0218332083791828,-0.3968747818710933,-1.4235407961668192,27,10.0,11.0,7.0,-1.4286374115969502,12.0,,,,,,,0.6826149718360038,-0.9215197972598084,-1.411712228263437,0.0,0.0640177829942189,26,0.8320466723161074,,1.537216450977077,
-0.5155851395284454,-0.5740160476562195,-0.5378759596065877,0.5710574604410098,0.6885375364249005,27,10.0,11.0,7.0,0.4135981376239541,13.0,,,,,,,0.6826149718360038,-0.9215197972598084,-1.411712228263437,0.0,0.0640177829942189,26,0.8320466723161074,,-0.2905144396234763,
2.7152776509469585,0.420274155540462,0.464425563963355,-0.9677066170807952,-0.3886224131968765,28,10.0,11.0,7.0,-0.740329623975953,12.0,,,,,,,0.3822834650100434,-1.0913842030317886,-1.539279759755002,0.0,-0.356628856384118,23,0.7159231165238079,,0.3458829402618282,
3.80897600429499,0.0100192209530361,0.4883390400663797,-0.3720560064271932,-0.4519847631746281,28,10.0,11.0,7.0,-0.3759313834707192,10.0,,,,,,,0.3822834650100434,-1.0913842030317886,-1.539279759755002,0.0,-0.356628856384118,23,0.7159231165238079,,-0.011104853649988181,
3.0198707759749426,-0.4513159479539252,-0.0611547921139155,0.4717823586654094,0.4773297031657285,29,10.0,11.0,7.0,-0.6998409305864827,14.0,,,,,,,0.2321177115970646,-0.7516553914878282,-1.411712228263437,0.0,-0.5669521760732869,34,-0.3291888856068869,,-0.6715570147998597,
