air_temperature,date,humidity,pressure,rainfall,track_temperature,wind_direction,wind_speed
-1.0442911924132594,2025-02-26 06:46:42.313000+00:00,0.267531043144053,2.670448779468032,0.0,0.17873959373376563,76,-0.6775595529837853
-0.96920831570677,2025-02-26 06:47:42.314000+00:00,0.267531043144053,2.670448779468032,0.0,0.236100499103539,30,-1.9549186666990792
-0.96920831570677,2025-02-26 06:48:42.317000+00:00,0.09766663737207283,2.670448779468032,0.0,0.236100499103539,45,-0.5614359971914861
-0.96920831570677,2025-02-26 06:49:42.317000+00:00,-0.07219776839990738,2.670448779468032,0.0,0.21698019731361434,23,-0.44531244139918646
-0.96920831570677,2025-02-26 06:50:42.315000+00:00,-0.07219776839990738,2.670448779468032,0.0,0.19785989552368966,49,0.1353053375623107
-0.96920831570677,2025-02-26 06:51:42.316000+00:00,-0.07219776839990738,2.6066650137222855,0.0,0.17873959373376563,330,-0.9098066645683841
-0.8941254390002805,2025-02-26 06:52:42.318000+00:00,-0.07219776839990738,2.670448779468032,0.0,0.15961929194384095,28,-0.32918888560688697
-0.8941254390002805,2025-02-26 06:53:42.319000+00:00,-0.07219776839990738,2.6066650137222855,0.0,0.10225838657406759,60,-0.09694177402228839
-0.8941254390002805,2025-02-26 06:54:42.319000+00:00,-0.07219776839990738,2.542881247976467,0.0,0.10225838657406759,37,-0.32918888560688697
-0.8941254390002805,2025-02-26 06:55:42.330000+00:00,-0.07219776839990738,2.542881247976467,0.0,0.14049899015391695,21,-0.32918888560688697
-0.8190425622937911,2025-02-26 06:56:42.320000+00:00,-0.07219776839990738,2.542881247976467,0.0,0.15961929194384095,10,-0.6775595529837853
-0.8941254390002805,2025-02-26 06:57:42.320000+00:00,-0.24206217417188758,2.542881247976467,0.0,0.19785989552368966,15,-0.9098066645683841
-0.8190425622937911,2025-02-26 06:58:42.323000+00:00,-0.24206217417188758,2.542881247976467,0.0,0.236100499103539,16,0.1353053375623107
-0.8190425622937911,2025-02-26 06:59:42.323000+00:00,-0.4119265799438678,2.542881247976467,0.0,0.255220800893463,15,-0.6775595529837853
-0.8190425622937911,2025-02-26 07:00:42.322000+00:00,-0.4119265799438678,2.6066650137222855,0.0,0.3317020080531611,61,-0.6775595529837853
-0.8190425622937911,2025-02-26 07:01:42.323000+00:00,-0.4119265799438678,2.4790974822306477,0.0,0.3317020080531611,69,0.36755244914690977
-0.8941254390002805,2025-02-26 07:02:42.324000+00:00,-0.4119265799438678,2.542881247976467,0.0,0.3317020080531611,5,1.4126644512776045
-0.8941254390002805,2025-02-26 07:03:42.325000+00:00,-0.24206217417188758,2.542881247976467,0.0,0.38906291342293375,48,0.4836760049392088
-0.8941254390002805,2025-02-26 07:04:42.323000+00:00,-0.24206217417188758,2.542881247976467,0.0,0.42730351700278313,21,-0.5614359971914861
-0.7439596855873017,2025-02-26 07:05:42.326000+00:00,-0.4119265799438678,2.542881247976467,0.0,0.46554412058263184,50,-0.9098066645683841
-0.7439596855873017,2025-02-26 07:05:56.184000+00:00,-0.4119265799438678,2.4790974822306477,0.0,0.5420253277423293,31,0.019181781770011154
-0.668876808880811,2025-02-26 07:06:53.825000+00:00,-0.4119265799438678,2.542881247976467,0.0,0.5802659313221779,9,-0.09694177402228839
-0.7439596855873017,2025-02-26 07:07:53.827000+00:00,-0.4119265799438678,2.6066650137222855,0.0,0.5802659313221779,61,0.36755244914690977
-0.7439596855873017,2025-02-26 07:08:53.827000+00:00,-0.4119265799438678,2.542881247976467,0.0,0.5420253277423293,59,0.2514288933546102
-0.8190425622937911,2025-02-26 07:09:53.831000+00:00,-0.24206217417188758,2.4790974822306477,0.0,0.5420253277423293,33,0.8320466723161074
-0.8190425622937911,2025-02-26 07:10:53.828000+00:00,-0.24206217417188758,2.4790974822306477,0.0,0.6376268366919513,8,0.2514288933546102
-0.8190425622937911,2025-02-26 07:11:53.829000+00:00,-0.24206217417188758,2.4790974822306477,0.0,0.6376268366919513,8,0.2514288933546102
-0.7439596855873017,2025-02-26 07:12:53.829000+00:00,-0.4119265799438678,2.4153137164848286,0.0,0.6376268366919513,75,-0.6775595529837853
-0.668876808880811,2025-02-26 07:13:53.830000+00:00,-0.4119265799438678,2.4153137164848286,0.0,0.6185065349020272,34,0.4836760049392088
-0.7439596855873017,2025-02-26 07:14:53.846000+00:00,-0.4119265799438678,2.4153137164848286,0.0,0.48466442237255586,87,0.1353053375623107
-0.8190425622937911,2025-02-26 07:15:53.831000+00:00,-0.24206217417188758,2.35152995073901,0.0,0.46554412058263184,64,-0.44531244139918646
-0.8190425622937911,2025-02-26 07:16:53.832000+00:00,-0.07219776839990738,2.35152995073901,0.0,0.46554412058263184,26,-0.5614359971914861
-0.8190425622937911,2025-02-26 07:17:53.833000+00:00,-0.07219776839990738,2.35152995073901,0.0,0.48466442237255586,20,0.2514288933546102
-0.8190425622937911,2025-02-26 07:18:53.833000+00:00,-0.24206217417188758,2.2877461849932637,0.0,0.5611456295322539,38,0.36755244914690977
-0.7439596855873017,2025-02-26 07:19:53.836000+00:00,-0.07219776839990738,2.35152995073901,0.0,0.5229050259524052,13,-0.5614359971914861
-0.7439596855873017,2025-02-26 07:20:53.835000+00:00,-0.07219776839990738,2.2877461849932637,0.0,0.48466442237255586,12,1.1804173396930056
-0.7439596855873017,2025-02-26 07:21:53.836000+00:00,-0.24206217417188758,2.2877461849932637,0.0,0.46554412058263184,38,-0.32918888560688697
-0.7439596855873017,2025-02-26 07:22:53.837000+00:00,-0.24206217417188758,2.4153137164848286,0.0,0.46554412058263184,25,0.2514288933546102
-0.7439596855873017,2025-02-26 07:23:53.839000+00:00,-0.24206217417188758,2.35152995073901,0.0,0.46554412058263184,25,-0.5614359971914861
-0.7439596855873017,2025-02-26 07:24:53.839000+00:00,-0.24206217417188758,2.35152995073901,0.0,0.46554412058263184,6,-0.44531244139918646
-0.7439596855873017,2025-02-26 07:25:53.838000+00:00,-0.24206217417188758,2.2877461849932637,0.0,0.46554412058263184,14,0.1353053375623107
-0.668876808880811,2025-02-26 07:26:53.855000+00:00,-0.24206217417188758,2.35152995073901,0.0,0.48466442237255586,40,-0.2130653298145874
-0.668876808880811,2025-02-26 07:27:53.871000+00:00,-0.24206217417188758,2.2877461849932637,0.0,0.5037847241624805,15,-0.44531244139918646
-0.668876808880811,2025-02-26 07:28:53.874000+00:00,-0.24206217417188758,2.2239624192474445,0.0,0.5229050259524052,44,1.1804173396930056
-0.668876808880811,2025-02-26 07:29:53.873000+00:00,-0.07219776839990738,2.35152995073901,0.0,0.5611456295322539,44,0.019181781770011154
-0.7439596855873017,2025-02-26 07:30:53.889000+00:00,-0.07219776839990738,2.2877461849932637,0.0,0.5993862331121026,47,-0.2130653298145874
-0.668876808880811,2025-02-26 07:31:53.892000+00:00,-0.07219776839990738,2.2239624192474445,0.0,0.6758674402718,24,-1.0259302203606837
-0.5937939321743216,2025-02-26 07:32:53.890000+00:00,-0.07219776839990738,2.2239624192474445,0.0,0.7905892510113467,72,0.2514288933546102
-0.5937939321743216,2025-02-26 07:33:53.892000+00:00,-0.07219776839990738,2.2239624192474445,0.0,0.8097095528012714,27,0.8320466723161074
-0.5187110554678321,2025-02-26 07:34:53.894000+00:00,-0.07219776839990738,2.1601786535016254,0.0,0.7905892510113467,3,-0.6775595529837853
-0.5187110554678321,2025-02-26 07:35:53.893000+00:00,-0.07219776839990738,2.1601786535016254,0.0,0.84795015638112,13,0.019181781770011154
-0.5187110554678321,2025-02-26 07:36:53.909000+00:00,-0.24206217417188758,2.1601786535016254,0.0,0.9053110617508935,12,-0.44531244139918646
-0.44362817876134275,2025-02-26 07:37:53.924000+00:00,-0.24206217417188758,2.0963948877558067,0.0,0.9053110617508935,40,0.5997995607315083
-0.44362817876134275,2025-02-26 07:38:53.946000+00:00,-0.07219776839990738,2.2239624192474445,0.0,0.8861907599609687,76,0.2514288933546102
-0.36854530205485336,2025-02-26 07:39:53.941000+00:00,0.09766663737207283,2.1601786535016254,0.0,0.8861907599609687,38,-0.09694177402228839
-0.21837954864187317,2025-02-26 07:40:53.945000+00:00,0.09766663737207283,2.0326111220099876,0.0,0.9626719671206662,51,1.7610351186545026
-0.21837954864187317,2025-02-26 07:41:53.943000+00:00,0.09766663737207283,2.0326111220099876,0.0,0.9626719671206662,37,0.7159231165238079
-0.2934624253483626,2025-02-26 07:42:53.945000+00:00,0.09766663737207283,2.0326111220099876,0.0,0.9435516653307422,48,1.1804173396930056
-0.36854530205485336,2025-02-26 07:43:53.960000+00:00,0.09766663737207283,2.0963948877558067,0.0,0.9244313635408175,16,0.4836760049392088
-0.2934624253483626,2025-02-26 07:44:53.979000+00:00,0.09766663737207283,2.0963948877558067,0.0,0.9244313635408175,33,0.36755244914690977
-0.2934624253483626,2025-02-26 07:46:53.982000+00:00,0.09766663737207283,2.0326111220099876,0.0,0.8288298545911954,43,-1.0259302203606837
-0.21837954864187317,2025-02-26 07:47:53.982000+00:00,0.09766663737207283,1.9688273562642413,0.0,0.7905892510113467,49,0.8320466723161074
-0.2934624253483626,2025-02-26 07:48:53.983000+00:00,0.09766663737207283,1.9688273562642413,0.0,0.7714689492214221,45,-0.09694177402228839
-0.2934624253483626,2025-02-26 07:49:53.986000+00:00,0.267531043144053,2.0326111220099876,0.0,0.7714689492214221,26,0.2514288933546102
-0.2934624253483626,2025-02-26 07:50:53.989000+00:00,0.09766663737207283,2.0326111220099876,0.0,0.752348647431498,84,0.36755244914690977
-0.21837954864187317,2025-02-26 07:51:53.985000+00:00,0.09766663737207283,2.0326111220099876,0.0,0.6949877420617246,43,-0.7936831087760848
-0.2934624253483626,2025-02-26 07:52:53.991000+00:00,0.267531043144053,1.9688273562642413,0.0,0.6949877420617246,9,-0.6775595529837853
-0.2934624253483626,2025-02-26 07:53:53.992000+00:00,0.09766663737207283,2.0326111220099876,0.0,0.7332283456415734,26,-0.5614359971914861
-0.2934624253483626,2025-02-26 07:54:53.990000+00:00,0.09766663737207283,2.0326111220099876,0.0,0.7714689492214221,27,-0.32918888560688697
-0.2934624253483626,2025-02-26 07:55:53.983000+00:00,0.09766663737207283,2.0326111220099876,0.0,0.7905892510113467,7,0.1353053375623107
-0.2934624253483626,2025-02-26 07:56:53.994000+00:00,0.09766663737207283,1.9688273562642413,0.0,0.8288298545911954,29,0.019181781770011154
-0.21837954864187317,2025-02-26 07:57:53.994000+00:00,0.09766663737207283,2.0326111220099876,0.0,0.84795015638112,7,-0.44531244139918646
-0.21837954864187317,2025-02-26 07:58:53.984000+00:00,0.09766663737207283,2.0326111220099876,0.0,0.8288298545911954,29,-0.44531244139918646
-0.21837954864187317,2025-02-26 07:59:53.994000+00:00,0.09766663737207283,2.0326111220099876,0.0,0.7905892510113467,40,-0.5614359971914861
-0.2934624253483626,2025-02-26 08:00:53.992000+00:00,0.09766663737207283,2.0326111220099876,0.0,0.7714689492214221,1,-0.32918888560688697
-0.2934624253483626,2025-02-26 08:01:54.003000+00:00,0.09766663737207283,2.0326111220099876,0.0,0.7905892510113467,8,-0.9098066645683841
-0.2934624253483626,2025-02-26 08:02:53.999000+00:00,0.09766663737207283,1.9688273562642413,0.0,0.8288298545911954,41,0.019181781770011154
-0.2934624253483626,2025-02-26 08:03:53.994000+00:00,0.267531043144053,2.0963948877558067,0.0,0.8670704581710441,30,-0.44531244139918646
-0.36854530205485336,2025-02-26 08:04:53.993000+00:00,0.09766663737207283,1.9688273562642413,0.0,0.8670704581710441,54,0.1353053375623107
-0.36854530205485336,2025-02-26 08:05:53.993000+00:00,0.267531043144053,1.9688273562642413,0.0,0.9053110617508935,37,-1.1420537761529832
-0.44362817876134275,2025-02-26 08:06:53.993000+00:00,0.267531043144053,1.9050435905184224,0.0,0.9053110617508935,33,-0.2130653298145874
-0.2934624253483626,2025-02-26 08:07:53.997000+00:00,0.267531043144053,1.9688273562642413,0.0,0.9244313635408175,90,-1.374300887737582
-0.2934624253483626,2025-02-26 08:08:53.984000+00:00,0.267531043144053,1.8412598247726035,0.0,0.9435516653307422,140,-1.2581773319452825
-0.21837954864187317,2025-02-26 08:09:53.993000+00:00,0.267531043144053,1.9050435905184224,0.0,0.9435516653307422,60,-0.9098066645683841
-0.2934624253483626,2025-02-26 08:10:54.019000+00:00,0.43739544891603327,1.8412598247726035,0.0,0.9435516653307422,354,-1.374300887737582
-0.2934624253483626,2025-02-26 08:11:54.024000+00:00,0.267531043144053,1.8412598247726035,0.0,0.9435516653307422,18,-0.5614359971914861
-0.2934624253483626,2025-02-26 08:12:54.025000+00:00,0.09766663737207283,1.8412598247726035,0.0,0.9435516653307422,110,0.2514288933546102
-0.21837954864187317,2025-02-26 08:13:54.042000+00:00,0.267531043144053,1.8412598247726035,0.0,0.9053110617508935,38,-0.7936831087760848
-0.21837954864187317,2025-02-26 08:14:54.042000+00:00,0.267531043144053,1.8412598247726035,0.0,0.8861907599609687,44,-0.6775595529837853
-0.21837954864187317,2025-02-26 08:15:54.044000+00:00,0.267531043144053,1.9050435905184224,0.0,0.8670704581710441,31,-0.7936831087760848
-0.21837954864187317,2025-02-26 08:16:54.046000+00:00,0.267531043144053,1.8412598247726035,0.0,0.8097095528012714,39,-0.7936831087760848
-0.2934624253483626,2025-02-26 08:17:54.046000+00:00,0.267531043144053,1.9050435905184224,0.0,0.7905892510113467,73,-0.09694177402228839
-0.44362817876134275,2025-02-26 08:18:54.053000+00:00,0.43739544891603327,1.9050435905184224,0.0,0.7905892510113467,30,0.1353053375623107
-0.44362817876134275,2025-02-26 08:19:54.055000+00:00,0.6072598546880135,1.9050435905184224,0.0,0.7905892510113467,43,-0.32918888560688697
-0.36854530205485336,2025-02-26 08:20:54.048000+00:00,0.43739544891603327,1.9050435905184224,0.0,0.7905892510113467,1,-0.6775595529837853
-0.2934624253483626,2025-02-26 08:21:54.069000+00:00,0.43739544891603327,1.9688273562642413,0.0,0.8097095528012714,27,0.36755244914690977
-0.2934624253483626,2025-02-26 08:22:54.064000+00:00,0.43739544891603327,1.9050435905184224,0.0,0.8097095528012714,30,0.2514288933546102
-0.2934624253483626,2025-02-26 08:23:54.081000+00:00,0.43739544891603327,1.9050435905184224,0.0,0.8288298545911954,34,-1.0259302203606837
-0.2934624253483626,2025-02-26 08:24:54.096000+00:00,0.267531043144053,1.7774760590267846,0.0,0.84795015638112,11,0.1353053375623107
-0.2934624253483626,2025-02-26 08:25:54.097000+00:00,0.43739544891603327,1.7774760590267846,0.0,0.84795015638112,38,0.4836760049392088
-0.36854530205485336,2025-02-26 08:26:54.098000+00:00,0.6072598546880135,1.7774760590267846,0.0,0.7905892510113467,42,2.3416528976160005
-0.44362817876134275,2025-02-26 08:27:54.099000+00:00,0.7771242604599936,1.7774760590267846,0.0,0.7905892510113467,45,-1.0259302203606837
-0.44362817876134275,2025-02-26 08:28:54.101000+00:00,0.6072598546880135,1.7774760590267846,0.0,0.8097095528012714,32,-1.1420537761529832
-0.36854530205485336,2025-02-26 08:29:54.100000+00:00,0.43739544891603327,1.7774760590267846,0.0,0.8097095528012714,40,-0.32918888560688697
-0.36854530205485336,2025-02-26 08:30:54.106000+00:00,0.43739544891603327,1.7136922932809657,0.0,0.7714689492214221,30,-0.44531244139918646
-0.36854530205485336,2025-02-26 08:31:54.100000+00:00,0.43739544891603327,1.7136922932809657,0.0,0.752348647431498,60,-0.2130653298145874
-0.36854530205485336,2025-02-26 08:32:54.109000+00:00,0.6072598546880135,1.7136922932809657,0.0,0.7332283456415734,28,-0.6775595529837853
-0.44362817876134275,2025-02-26 08:33:54.105000+00:00,0.6072598546880135,1.7136922932809657,0.0,0.7332283456415734,30,1.1804173396930056
-0.44362817876134275,2025-02-26 08:34:54.104000+00:00,0.7771242604599936,1.7136922932809657,0.0,0.7332283456415734,34,0.8320466723161074
-0.36854530205485336,2025-02-26 08:35:54.105000+00:00,0.7771242604599936,1.6499085275352192,0.0,0.7332283456415734,56,-0.6775595529837853
-0.44362817876134275,2025-02-26 08:36:54.105000+00:00,0.6072598546880135,1.6499085275352192,0.0,0.6758674402718,39,-0.09694177402228839
-0.44362817876134275,2025-02-26 08:37:54.105000+00:00,0.6072598546880135,1.5223409960435814,0.0,0.6567471384818759,87,0.019181781770011154
-0.44362817876134275,2025-02-26 08:38:54.107000+00:00,0.6072598546880135,1.5223409960435814,0.0,0.6185065349020272,58,-0.6775595529837853
-0.44362817876134275,2025-02-26 08:39:54.119000+00:00,0.6072598546880135,1.5223409960435814,0.0,0.5993862331121026,27,-1.2581773319452825
-0.36854530205485336,2025-02-26 08:40:54.114000+00:00,0.6072598546880135,1.5223409960435814,0.0,0.5993862331121026,3,-1.0259302203606837
-0.36854530205485336,2025-02-26 08:41:54.109000+00:00,0.6072598546880135,1.4585572302977625,0.0,0.6185065349020272,72,-0.32918888560688697
-0.21837954864187317,2025-02-26 08:42:54.133000+00:00,0.6072598546880135,1.4585572302977625,0.0,0.6185065349020272,98,-1.1420537761529832
-0.2934624253483626,2025-02-26 08:43:54.142000+00:00,0.6072598546880135,1.4585572302977625,0.0,0.5993862331121026,71,-1.6065479993221807
-0.2934624253483626,2025-02-26 08:44:54.145000+00:00,0.6072598546880135,1.5861247617894003,0.0,0.5420253277423293,61,0.1353053375623107
-0.36854530205485336,2025-02-26 08:45:54.173000+00:00,0.7771242604599936,1.3947734645519434,0.0,0.5420253277423293,44,-0.6775595529837853
-0.36854530205485336,2025-02-26 08:46:54.173000+00:00,0.7771242604599936,1.4585572302977625,0.0,0.5611456295322539,359,-1.374300887737582
-0.36854530205485336,2025-02-26 08:47:54.191000+00:00,0.6072598546880135,1.3947734645519434,0.0,0.5802659313221779,34,-0.44531244139918646
-0.36854530205485336,2025-02-26 08:48:54.205000+00:00,0.6072598546880135,1.3947734645519434,0.0,0.5802659313221779,62,-1.1420537761529832
-0.36854530205485336,2025-02-26 08:49:54.222000+00:00,0.43739544891603327,1.3947734645519434,0.0,0.5802659313221779,23,-1.0259302203606837
-0.2934624253483626,2025-02-26 08:50:54.230000+00:00,0.43739544891603327,1.3947734645519434,0.0,0.5802659313221779,23,-1.0259302203606837
-0.44362817876134275,2025-02-26 08:51:54.240000+00:00,0.43739544891603327,1.3947734645519434,0.0,0.5611456295322539,66,0.4836760049392088
-0.36854530205485336,2025-02-26 08:52:54.256000+00:00,0.43739544891603327,1.3947734645519434,0.0,0.5802659313221779,80,-0.44531244139918646
-0.36854530205485336,2025-02-26 08:53:54.270000+00:00,0.43739544891603327,1.3947734645519434,0.0,0.5802659313221779,62,0.019181781770011154
-0.36854530205485336,2025-02-26 08:54:54.286000+00:00,0.6072598546880135,1.330989698806197,0.0,0.5802659313221779,19,-0.7936831087760848
-0.2934624253483626,2025-02-26 08:55:54.310000+00:00,0.43739544891603327,1.3947734645519434,0.0,0.5802659313221779,36,-0.6775595529837853
-0.2934624253483626,2025-02-26 08:56:54.273000+00:00,0.43739544891603327,1.330989698806197,0.0,0.5802659313221779,38,-0.44531244139918646
-0.21837954864187317,2025-02-26 08:57:54.273000+00:00,0.6072598546880135,1.330989698806197,0.0,0.5611456295322539,19,-0.2130653298145874
-0.21837954864187317,2025-02-26 08:58:54.275000+00:00,0.6072598546880135,1.330989698806197,0.0,0.5420253277423293,27,0.36755244914690977
-0.21837954864187317,2025-02-26 08:59:54.276000+00:00,0.6072598546880135,1.2672059330603782,0.0,0.5037847241624805,19,0.9481702281084069
-0.21837954864187317,2025-02-26 09:00:54.278000+00:00,0.7771242604599936,1.2672059330603782,0.0,0.46554412058263184,31,0.4836760049392088
-0.21837954864187317,2025-02-26 09:01:54.276000+00:00,0.7771242604599936,1.2034221673145593,0.0,0.44642381879270715,47,0.5997995607315083
-0.2934624253483626,2025-02-26 09:02:54.276000+00:00,0.7771242604599936,1.2034221673145593,0.0,0.44642381879270715,33,-0.5614359971914861
-0.2934624253483626,2025-02-26 09:03:54.280000+00:00,0.7771242604599936,1.2034221673145593,0.0,0.44642381879270715,46,-0.09694177402228839
-0.44362817876134275,2025-02-26 09:04:54.279000+00:00,0.7771242604599936,1.2034221673145593,0.0,0.42730351700278313,41,-0.6775595529837853
-0.44362817876134275,2025-02-26 09:05:54.280000+00:00,0.7771242604599936,1.2034221673145593,0.0,0.40818321521285844,39,-0.2130653298145874
-0.36854530205485336,2025-02-26 09:06:54.285000+00:00,0.7771242604599936,1.1396384015687402,0.0,0.40818321521285844,30,-0.2130653298145874
-0.36854530205485336,2025-02-26 09:07:54.282000+00:00,0.7771242604599936,1.2672059330603782,0.0,0.42730351700278313,22,-1.4904244435298812
-0.36854530205485336,2025-02-26 09:08:54.282000+00:00,0.7771242604599936,1.1396384015687402,0.0,0.42730351700278313,55,0.1353053375623107
-0.36854530205485336,2025-02-26 09:09:54.283000+00:00,0.7771242604599936,1.1396384015687402,0.0,0.44642381879270715,46,1.1804173396930056
-0.36854530205485336,2025-02-26 09:10:54.283000+00:00,0.7771242604599936,1.2672059330603782,0.0,0.44642381879270715,41,0.2514288933546102
-0.2934624253483626,2025-02-26 09:11:54.284000+00:00,0.7771242604599936,1.0758546358229213,0.0,0.44642381879270715,66,0.5997995607315083
-0.2934624253483626,2025-02-26 09:12:54.284000+00:00,0.6072598546880135,1.1396384015687402,0.0,0.48466442237255586,6,-0.44531244139918646
-0.21837954864187317,2025-02-26 09:13:54.284000+00:00,0.43739544891603327,1.0758546358229213,0.0,0.48466442237255586,43,0.8320466723161074
-0.21837954864187317,2025-02-26 09:14:54.285000+00:00,0.267531043144053,1.1396384015687402,0.0,0.5229050259524052,349,-0.44531244139918646
-0.14329667193538376,2025-02-26 09:15:54.287000+00:00,0.267531043144053,1.2034221673145593,0.0,0.5229050259524052,25,-0.5614359971914861
-0.06821379522889436,2025-02-26 09:16:54.286000+00:00,0.09766663737207283,1.2672059330603782,0.0,0.5229050259524052,24,-0.09694177402228839
-0.06821379522889436,2025-02-26 09:17:54.290000+00:00,-0.24206217417188758,1.2672059330603782,0.0,0.5611456295322539,27,-0.09694177402228839
-0.06821379522889436,2025-02-26 09:18:54.294000+00:00,-0.07219776839990738,1.2672059330603782,0.0,0.5611456295322539,11,0.9481702281084069
-0.06821379522889436,2025-02-26 09:19:54.291000+00:00,0.09766663737207283,1.2672059330603782,0.0,0.5420253277423293,60,0.2514288933546102
-0.06821379522889436,2025-02-26 09:20:54.290000+00:00,0.09766663737207283,1.2672059330603782,0.0,0.5229050259524052,27,-0.32918888560688697
-0.06821379522889436,2025-02-26 09:21:54.290000+00:00,0.09766663737207283,1.2034221673145593,0.0,0.5229050259524052,21,-0.5614359971914861
-0.06821379522889436,2025-02-26 09:22:54.295000+00:00,0.09766663737207283,1.2034221673145593,0.0,0.5420253277423293,32,-0.09694177402228839
-0.06821379522889436,2025-02-26 09:23:54.292000+00:00,0.09766663737207283,1.0758546358229213,0.0,0.5229050259524052,61,0.7159231165238079
-0.21837954864187317,2025-02-26 09:24:54.299000+00:00,0.09766663737207283,1.0758546358229213,0.0,0.5229050259524052,66,0.5997995607315083
-0.21837954864187317,2025-02-26 09:25:54.298000+00:00,0.267531043144053,1.0758546358229213,0.0,0.5037847241624805,31,0.36755244914690977
-0.21837954864187317,2025-02-26 09:26:54.296000+00:00,0.267531043144053,1.2034221673145593,0.0,0.5420253277423293,29,0.8320466723161074
-0.21837954864187317,2025-02-26 09:27:54.296000+00:00,0.267531043144053,1.1396384015687402,0.0,0.5229050259524052,37,1.7610351186545026
-0.21837954864187317,2025-02-26 09:28:54.296000+00:00,0.267531043144053,1.1396384015687402,0.0,0.5229050259524052,37,1.7610351186545026
-0.21837954864187317,2025-02-26 09:29:54.299000+00:00,0.267531043144053,1.1396384015687402,0.0,0.5229050259524052,37,1.7610351186545026
-0.21837954864187317,2025-02-26 09:30:54.319000+00:00,-0.07219776839990738,1.012070870077175,0.0,0.5037847241624805,7,0.4836760049392088
-0.21837954864187317,2025-02-26 09:31:54.297000+00:00,0.09766663737207283,0.948287104331356,0.0,0.5037847241624805,30,-0.6775595529837853
-0.21837954864187317,2025-02-26 09:32:54.304000+00:00,0.09766663737207283,0.8845033385855371,0.0,0.46554412058263184,36,0.8320466723161074
-0.2934624253483626,2025-02-26 09:33:54.298000+00:00,0.09766663737207283,0.948287104331356,0.0,0.46554412058263184,34,-0.32918888560688697
-0.2934624253483626,2025-02-26 09:34:54.300000+00:00,0.09766663737207283,0.948287104331356,0.0,0.46554412058263184,33,0.2514288933546102
-0.36854530205485336,2025-02-26 09:35:54.299000+00:00,0.09766663737207283,1.012070870077175,0.0,0.46554412058263184,23,-0.32918888560688697
-0.36854530205485336,2025-02-26 09:36:54.300000+00:00,0.09766663737207283,0.8845033385855371,0.0,0.46554412058263184,22,0.36755244914690977
-0.36854530205485336,2025-02-26 09:37:54.303000+00:00,-0.07219776839990738,0.8845033385855371,0.0,0.42730351700278313,357,-0.2130653298145874
-0.36854530205485336,2025-02-26 09:38:54.301000+00:00,-0.07219776839990738,0.948287104331356,0.0,0.42730351700278313,14,-0.09694177402228839
-0.2934624253483626,2025-02-26 09:39:54.297000+00:00,-0.07219776839990738,0.8845033385855371,0.0,0.3699426116330098,26,-0.32918888560688697
-0.2934624253483626,2025-02-26 09:40:54.304000+00:00,-0.07219776839990738,0.948287104331356,0.0,0.3508223098430851,23,-0.09694177402228839
-0.2934624253483626,2025-02-26 09:41:54.304000+00:00,0.09766663737207283,0.948287104331356,0.0,0.3317020080531611,40,-0.6775595529837853
-0.36854530205485336,2025-02-26 09:42:54.304000+00:00,0.09766663737207283,0.948287104331356,0.0,0.3125817062632364,18,-0.6775595529837853
-0.36854530205485336,2025-02-26 09:43:54.305000+00:00,0.09766663737207283,0.948287104331356,0.0,0.3125817062632364,80,0.019181781770011154
-0.44362817876134275,2025-02-26 09:44:54.307000+00:00,0.09766663737207283,0.8845033385855371,0.0,0.2743411026833877,34,0.5997995607315083
-0.44362817876134275,2025-02-26 09:45:54.307000+00:00,0.267531043144053,0.8207195728397182,0.0,0.2934614044733117,32,0.4836760049392088
-0.44362817876134275,2025-02-26 09:46:54.307000+00:00,0.267531043144053,0.8207195728397182,0.0,0.3125817062632364,27,0.1353053375623107
-0.44362817876134275,2025-02-26 09:47:54.307000+00:00,0.09766663737207283,0.8207195728397182,0.0,0.3125817062632364,73,0.019181781770011154
-0.44362817876134275,2025-02-26 09:48:54.309000+00:00,0.09766663737207283,0.8207195728397182,0.0,0.2743411026833877,25,-0.09694177402228839
-0.44362817876134275,2025-02-26 09:49:54.312000+00:00,0.09766663737207283,0.7569358070938993,0.0,0.2743411026833877,64,-0.32918888560688697
-0.44362817876134275,2025-02-26 09:50:54.310000+00:00,0.09766663737207283,0.8207195728397182,0.0,0.255220800893463,27,-0.6775595529837853
-0.44362817876134275,2025-02-26 09:51:54.365000+00:00,0.09766663737207283,0.8207195728397182,0.0,0.255220800893463,23,-0.2130653298145874
-0.44362817876134275,2025-02-26 09:52:54.310000+00:00,0.09766663737207283,0.6931520413481528,0.0,0.2934614044733117,44,-0.2130653298145874
-0.44362817876134275,2025-02-26 09:53:54.311000+00:00,0.09766663737207283,0.7569358070938993,0.0,0.2743411026833877,29,-1.0259302203606837
-0.44362817876134275,2025-02-26 09:54:54.312000+00:00,-0.24206217417188758,0.6931520413481528,0.0,0.255220800893463,30,0.5997995607315083
-0.44362817876134275,2025-02-26 09:55:54.318000+00:00,-0.07219776839990738,0.7569358070938993,0.0,0.255220800893463,61,-0.32918888560688697
-0.44362817876134275,2025-02-26 09:56:54.313000+00:00,-0.24206217417188758,0.6931520413481528,0.0,0.255220800893463,55,-0.09694177402228839
-0.44362817876134275,2025-02-26 09:57:54.314000+00:00,-0.24206217417188758,0.7569358070938993,0.0,0.255220800893463,36,1.528788007069904
-0.44362817876134275,2025-02-26 09:58:54.325000+00:00,-0.07219776839990738,0.6293682756023339,0.0,0.255220800893463,34,0.9481702281084069
-0.36854530205485336,2025-02-26 09:59:54.317000+00:00,-0.07219776839990738,0.6293682756023339,0.0,0.2743411026833877,41,1.296540895485305
-0.44362817876134275,2025-02-26 10:00:54.316000+00:00,-0.07219776839990738,0.6931520413481528,0.0,0.255220800893463,19,-0.2130653298145874
-0.44362817876134275,2025-02-26 10:01:54.317000+00:00,0.09766663737207283,0.6931520413481528,0.0,0.236100499103539,57,-0.32918888560688697
-0.44362817876134275,2025-02-26 10:02:54.318000+00:00,0.09766663737207283,0.6931520413481528,0.0,0.236100499103539,44,0.4836760049392088
-0.5187110554678321,2025-02-26 10:03:54.319000+00:00,0.09766663737207283,0.6931520413481528,0.0,0.236100499103539,0,0.5997995607315083
-0.5187110554678321,2025-02-26 10:04:54.320000+00:00,0.267531043144053,0.7569358070938993,0.0,0.21698019731361434,37,0.5997995607315083
-0.44362817876134275,2025-02-26 10:05:54.320000+00:00,0.267531043144053,0.7569358070938993,0.0,0.21698019731361434,41,-0.09694177402228839
-0.44362817876134275,2025-02-26 10:06:54.320000+00:00,0.267531043144053,0.6931520413481528,0.0,0.255220800893463,65,-0.7936831087760848
-0.44362817876134275,2025-02-26 10:07:54.322000+00:00,0.267531043144053,0.6931520413481528,0.0,0.255220800893463,22,0.1353053375623107
-0.44362817876134275,2025-02-26 10:08:54.322000+00:00,0.267531043144053,0.6931520413481528,0.0,0.255220800893463,36,-0.09694177402228839
-0.44362817876134275,2025-02-26 10:09:54.322000+00:00,0.267531043144053,0.7569358070938993,0.0,0.21698019731361434,73,-0.6775595529837853
-0.44362817876134275,2025-02-26 10:10:54.324000+00:00,0.267531043144053,0.6931520413481528,0.0,0.21698019731361434,18,-0.09694177402228839
-0.36854530205485336,2025-02-26 10:11:54.324000+00:00,0.267531043144053,0.7569358070938993,0.0,0.236100499103539,28,-0.09694177402228839
-0.36854530205485336,2025-02-26 10:12:54.361000+00:00,0.09766663737207283,0.8207195728397182,0.0,0.236100499103539,44,-0.5614359971914861
-0.36854530205485336,2025-02-26 10:13:54.325000+00:00,0.09766663737207283,0.6931520413481528,0.0,0.21698019731361434,35,-0.32918888560688697
-0.36854530205485336,2025-02-26 10:14:54.325000+00:00,0.09766663737207283,0.6931520413481528,0.0,0.19785989552368966,18,0.9481702281084069
-0.44362817876134275,2025-02-26 10:15:54.326000+00:00,0.09766663737207283,0.6931520413481528,0.0,0.19785989552368966,30,1.296540895485305
-0.44362817876134275,2025-02-26 10:16:54.330000+00:00,0.09766663737207283,0.6293682756023339,0.0,0.21698019731361434,24,0.36755244914690977
-0.44362817876134275,2025-02-26 10:17:54.328000+00:00,0.09766663737207283,0.6293682756023339,0.0,0.21698019731361434,11,0.1353053375623107
-0.44362817876134275,2025-02-26 10:18:54.340000+00:00,-0.07219776839990738,0.6293682756023339,0.0,0.17873959373376563,22,0.4836760049392088
-0.44362817876134275,2025-02-26 10:19:54.330000+00:00,0.09766663737207283,0.6293682756023339,0.0,0.15961929194384095,19,0.7159231165238079
-0.44362817876134275,2025-02-26 10:20:54.337000+00:00,0.09766663737207283,0.565584509856515,0.0,0.17873959373376563,11,0.1353053375623107
-0.44362817876134275,2025-02-26 10:21:54.330000+00:00,0.09766663737207283,0.6293682756023339,0.0,0.15961929194384095,27,2.2255293418237003
-0.5937939321743216,2025-02-26 10:22:54.331000+00:00,0.267531043144053,0.6293682756023339,0.0,0.15961929194384095,30,2.5739000092005986
-0.5937939321743216,2025-02-26 10:23:54.331000+00:00,0.267531043144053,0.6293682756023339,0.0,0.14049899015391695,24,1.296540895485305
-0.5937939321743216,2025-02-26 10:24:54.331000+00:00,0.267531043144053,0.5018007441106961,0.0,0.14049899015391695,31,-0.09694177402228839
-0.5937939321743216,2025-02-26 10:25:54.324000+00:00,0.267531043144053,0.5018007441106961,0.0,0.14049899015391695,47,0.8320466723161074
-0.5187110554678321,2025-02-26 10:26:54.333000+00:00,0.267531043144053,0.43801697836487713,0.0,0.15961929194384095,37,2.2255293418237003
-0.5187110554678321,2025-02-26 10:27:54.333000+00:00,0.267531043144053,0.3742332126191307,0.0,0.15961929194384095,38,1.644911562862203
-0.5187110554678321,2025-02-26 10:28:54.336000+00:00,0.43739544891603327,0.43801697836487713,0.0,0.12137868836399227,33,0.9481702281084069
-0.5937939321743216,2025-02-26 10:29:54.336000+00:00,0.43739544891603327,0.43801697836487713,0.0,0.12137868836399227,62,-0.5614359971914861
-0.5937939321743216,2025-02-26 10:30:54.336000+00:00,0.43739544891603327,0.3742332126191307,0.0,0.14049899015391695,32,0.9481702281084069
-0.5937939321743216,2025-02-26 10:31:54.337000+00:00,0.43739544891603327,0.43801697836487713,0.0,0.14049899015391695,14,0.8320466723161074
-0.5187110554678321,2025-02-26 10:32:54.338000+00:00,0.43739544891603327,0.3742332126191307,0.0,0.14049899015391695,48,-0.5614359971914861
-0.44362817876134275,2025-02-26 10:33:54.339000+00:00,0.267531043144053,0.43801697836487713,0.0,0.15961929194384095,20,-0.32918888560688697
-0.44362817876134275,2025-02-26 10:34:54.376000+00:00,0.267531043144053,0.3104494468733118,0.0,0.15961929194384095,30,0.36755244914690977
-0.36854530205485336,2025-02-26 10:35:54.386000+00:00,0.09766663737207283,0.3742332126191307,0.0,0.15961929194384095,32,0.8320466723161074
-0.44362817876134275,2025-02-26 10:36:54.341000+00:00,0.267531043144053,0.3742332126191307,0.0,0.15961929194384095,40,0.36755244914690977
-0.44362817876134275,2025-02-26 10:37:54.341000+00:00,0.267531043144053,0.43801697836487713,0.0,0.15961929194384095,14,0.2514288933546102
-0.44362817876134275,2025-02-26 10:38:54.342000+00:00,0.267531043144053,0.3742332126191307,0.0,0.19785989552368966,19,-0.5614359971914861
-0.36854530205485336,2025-02-26 10:39:54.343000+00:00,0.09766663737207283,0.3104494468733118,0.0,0.21698019731361434,69,-0.5614359971914861
-0.44362817876134275,2025-02-26 10:40:54.352000+00:00,0.09766663737207283,0.3742332126191307,0.0,0.19785989552368966,40,1.064293783900706
-0.36854530205485336,2025-02-26 10:41:54.344000+00:00,0.09766663737207283,0.3104494468733118,0.0,0.19785989552368966,4,0.2514288933546102
-0.2934624253483626,2025-02-26 10:42:54.343000+00:00,0.09766663737207283,0.3104494468733118,0.0,0.21698019731361434,37,-0.2130653298145874
-0.2934624253483626,2025-02-26 10:43:54.345000+00:00,-0.07219776839990738,0.3104494468733118,0.0,0.236100499103539,17,0.36755244914690977
-0.2934624253483626,2025-02-26 10:44:54.347000+00:00,-0.07219776839990738,0.3104494468733118,0.0,0.19785989552368966,70,-0.5614359971914861
-0.2934624253483626,2025-02-26 10:45:54.346000+00:00,-0.07219776839990738,0.24666568112749285,0.0,0.19785989552368966,34,-1.1420537761529832
-0.36854530205485336,2025-02-26 10:46:54.350000+00:00,-0.07219776839990738,0.1828819153816739,0.0,0.236100499103539,340,-0.6775595529837853
-0.44362817876134275,2025-02-26 10:47:54.348000+00:00,-0.07219776839990738,0.05531438389010856,0.0,0.2934614044733117,20,0.019181781770011154
-0.44362817876134275,2025-02-26 10:48:54.349000+00:00,-0.07219776839990738,0.05531438389010856,0.0,0.2934614044733117,20,0.019181781770011154
-0.2934624253483626,2025-02-26 10:49:54.350000+00:00,-0.07219776839990738,0.1828819153816739,0.0,0.2743411026833877,70,0.9481702281084069
-0.2934624253483626,2025-02-26 10:50:54.351000+00:00,-0.07219776839990738,0.11909814963585498,0.0,0.2743411026833877,11,0.36755244914690977
-0.2934624253483626,2025-02-26 10:51:54.352000+00:00,-0.07219776839990738,0.11909814963585498,0.0,0.2743411026833877,11,0.36755244914690977
-0.2934624253483626,2025-02-26 10:52:54.352000+00:00,-0.07219776839990738,0.1828819153816739,0.0,0.3508223098430851,9,0.1353053375623107
-0.21837954864187317,2025-02-26 10:53:54.358000+00:00,-0.07219776839990738,0.11909814963585498,0.0,0.3125817062632364,16,0.8320466723161074
-0.21837954864187317,2025-02-26 10:54:54.354000+00:00,-0.07219776839990738,0.11909814963585498,0.0,0.3125817062632364,16,0.8320466723161074
-0.21837954864187317,2025-02-26 10:55:54.363000+00:00,-0.07219776839990738,0.11909814963585498,0.0,0.2743411026833877,17,0.4836760049392088
-0.2934624253483626,2025-02-26 10:56:54.358000+00:00,-0.07219776839990738,0.11909814963585498,0.0,0.2743411026833877,28,1.7610351186545026
-0.36854530205485336,2025-02-26 10:57:54.355000+00:00,-0.07219776839990738,0.11909814963585498,0.0,0.2743411026833877,28,1.7610351186545026
-0.36854530205485336,2025-02-26 10:58:54.356000+00:00,-0.07219776839990738,0.05531438389010856,0.0,0.255220800893463,45,0.4836760049392088
-0.36854530205485336,2025-02-26 10:59:54.356000+00:00,-0.07219776839990738,0.05531438389010856,0.0,0.2743411026833877,29,1.064293783900706
-0.2934624253483626,2025-02-26 11:00:54.358000+00:00,-0.07219776839990738,0.05531438389010856,0.0,0.2743411026833877,29,1.064293783900706
-0.2934624253483626,2025-02-26 11:01:54.358000+00:00,-0.07219776839990738,0.1828819153816739,0.0,0.2934614044733117,20,0.7159231165238079
-0.36854530205485336,2025-02-26 11:02:54.359000+00:00,-0.07219776839990738,0.05531438389010856,0.0,0.2743411026833877,20,0.7159231165238079
-0.2934624253483626,2025-02-26 11:03:54.359000+00:00,-0.07219776839990738,0.05531438389010856,0.0,0.2743411026833877,20,0.7159231165238079
-0.36854530205485336,2025-02-26 11:04:54.360000+00:00,-0.07219776839990738,0.1828819153816739,0.0,0.236100499103539,17,0.4836760049392088
-0.36854530205485336,2025-02-26 11:05:54.362000+00:00,-0.07219776839990738,0.05531438389010856,0.0,0.236100499103539,12,0.5997995607315083
-0.44362817876134275,2025-02-26 11:06:33.271000+00:00,-0.07219776839990738,0.05531438389010856,0.0,0.236100499103539,12,0.5997995607315083
-0.44362817876134275,2025-02-26 11:06:54.361000+00:00,-0.07219776839990738,0.05531438389010856,0.0,0.236100499103539,12,0.5997995607315083
-0.44362817876134275,2025-02-26 11:07:54.363000+00:00,-0.07219776839990738,0.11909814963585498,0.0,0.236100499103539,17,1.4126644512776045
-0.44362817876134275,2025-02-26 11:08:54.371000+00:00,-0.07219776839990738,0.11909814963585498,0.0,0.236100499103539,17,1.4126644512776045
-0.44362817876134275,2025-02-26 11:09:54.366000+00:00,-0.07219776839990738,0.11909814963585498,0.0,0.236100499103539,17,1.4126644512776045
-0.44362817876134275,2025-02-26 11:09:58.362000+00:00,-0.07219776839990738,0.11909814963585498,0.0,0.236100499103539,17,1.4126644512776045
-0.44362817876134275,2025-02-26 11:11:52.447000+00:00,0.09766663737207283,0.1828819153816739,0.0,0.17873959373376563,24,-0.44531244139918646
-0.44362817876134275,2025-02-26 11:12:02.579000+00:00,0.09766663737207283,0.1828819153816739,0.0,0.17873959373376563,24,-0.44531244139918646
-0.44362817876134275,2025-02-26 11:13:02.585000+00:00,0.09766663737207283,0.1828819153816739,0.0,0.17873959373376563,24,-0.44531244139918646
-0.44362817876134275,2025-02-26 11:14:02.586000+00:00,-0.07219776839990738,0.1828819153816739,0.0,0.17873959373376563,15,0.1353053375623107
-0.44362817876134275,2025-02-26 11:15:02.578000+00:00,-0.07219776839990738,0.24666568112749285,0.0,0.15961929194384095,9,0.9481702281084069
-0.36854530205485336,2025-02-26 11:16:02.585000+00:00,-0.07219776839990738,0.24666568112749285,0.0,0.15961929194384095,9,0.9481702281084069
-0.44362817876134275,2025-02-26 11:17:02.597000+00:00,-0.24206217417188758,0.1828819153816739,0.0,0.15961929194384095,10,0.5997995607315083
-0.36854530205485336,2025-02-26 11:18:02.620000+00:00,-0.07219776839990738,0.1828819153816739,0.0,0.14049899015391695,17,-0.09694177402228839
-0.36854530205485336,2025-02-26 11:19:02.627000+00:00,-0.07219776839990738,0.1828819153816739,0.0,0.14049899015391695,17,-0.09694177402228839
-0.2934624253483626,2025-02-26 11:20:02.627000+00:00,-0.07219776839990738,0.24666568112749285,0.0,0.12137868836399227,25,0.5997995607315083
-0.36854530205485336,2025-02-26 11:21:02.654000+00:00,-0.07219776839990738,0.24666568112749285,0.0,0.12137868836399227,18,-0.2130653298145874
-0.36854530205485336,2025-02-26 11:22:02.669000+00:00,-0.07219776839990738,0.24666568112749285,0.0,0.12137868836399227,18,-0.2130653298145874
-0.2934624253483626,2025-02-26 11:23:02.672000+00:00,-0.07219776839990738,0.1828819153816739,0.0,0.12137868836399227,16,0.8320466723161074
-0.36854530205485336,2025-02-26 11:24:02.660000+00:00,-0.07219776839990738,0.1828819153816739,0.0,0.12137868836399227,2,0.2514288933546102
-0.2934624253483626,2025-02-26 11:25:02.674000+00:00,-0.07219776839990738,0.1828819153816739,0.0,0.12137868836399227,2,0.2514288933546102
-0.36854530205485336,2025-02-26 11:26:02.667000+00:00,-0.07219776839990738,0.11909814963585498,0.0,0.08313808478414358,44,1.644911562862203
-0.44362817876134275,2025-02-26 11:27:02.688000+00:00,0.09766663737207283,0.1828819153816739,0.0,0.08313808478414358,44,0.1353053375623107
-0.44362817876134275,2025-02-26 11:28:02.689000+00:00,0.09766663737207283,0.1828819153816739,0.0,0.08313808478414358,44,0.1353053375623107
-0.5187110554678321,2025-02-26 11:29:02.690000+00:00,0.09766663737207283,0.1828819153816739,0.0,0.0640177829942189,41,0.1353053375623107
-0.5187110554678321,2025-02-26 11:30:02.690000+00:00,0.09766663737207283,0.24666568112749285,0.0,0.0640177829942189,30,-0.09694177402228839
-0.5187110554678321,2025-02-26 11:31:02.698000+00:00,0.09766663737207283,0.24666568112749285,0.0,0.0640177829942189,30,-0.09694177402228839
-0.5187110554678321,2025-02-26 11:32:02.694000+00:00,0.09766663737207283,0.11909814963585498,0.0,0.08313808478414358,17,0.019181781770011154
-0.44362817876134275,2025-02-26 11:33:02.697000+00:00,0.09766663737207283,0.11909814963585498,0.0,0.0640177829942189,20,0.8320466723161074
-0.44362817876134275,2025-02-26 11:34:02.692000+00:00,0.09766663737207283,0.11909814963585498,0.0,0.0640177829942189,20,0.8320466723161074
-0.44362817876134275,2025-02-26 11:35:02.701000+00:00,0.267531043144053,-0.008469381855710369,0.0,0.04489748120429489,10,0.8320466723161074
-0.44362817876134275,2025-02-26 11:36:02.711000+00:00,-0.07219776839990738,-0.008469381855710369,0.0,0.0640177829942189,15,0.5997995607315083
-0.44362817876134275,2025-02-26 11:37:02.728000+00:00,-0.4119265799438678,-0.008469381855710369,0.0,0.0640177829942189,12,1.4126644512776045
-0.44362817876134275,2025-02-26 11:38:02.730000+00:00,-0.4119265799438678,-0.0722531476015293,0.0,0.0640177829942189,12,1.064293783900706
-0.44362817876134275,2025-02-26 11:39:02.728000+00:00,-0.4119265799438678,-0.0722531476015293,0.0,0.0640177829942189,21,1.528788007069904
-0.5187110554678321,2025-02-26 11:40:02.729000+00:00,-0.4119265799438678,-0.13603691334734822,0.0,0.0640177829942189,23,0.9481702281084069
-0.5187110554678321,2025-02-26 11:41:02.732000+00:00,-0.24206217417188758,-0.0722531476015293,0.0,0.0640177829942189,30,0.9481702281084069
-0.5187110554678321,2025-02-26 11:42:02.734000+00:00,-0.07219776839990738,-0.13603691334734822,0.0,0.08313808478414358,32,1.296540895485305
-0.44362817876134275,2025-02-26 11:43:02.745000+00:00,-0.07219776839990738,-0.0722531476015293,0.0,0.08313808478414358,26,-0.09694177402228839
-0.44362817876134275,2025-02-26 11:44:02.750000+00:00,0.09766663737207283,-0.0722531476015293,0.0,0.08313808478414358,25,1.1804173396930056
-0.44362817876134275,2025-02-26 11:45:02.767000+00:00,0.09766663737207283,-0.0722531476015293,0.0,0.08313808478414358,30,1.296540895485305
-0.5187110554678321,2025-02-26 11:46:02.767000+00:00,-0.07219776839990738,-0.008469381855710369,0.0,0.0640177829942189,17,1.4126644512776045
-0.44362817876134275,2025-02-26 11:47:02.764000+00:00,-0.07219776839990738,-0.008469381855710369,0.0,0.0640177829942189,29,1.1804173396930056
-0.44362817876134275,2025-02-26 11:48:02.764000+00:00,-0.07219776839990738,-0.008469381855710369,0.0,0.0640177829942189,34,1.4126644512776045
-0.44362817876134275,2025-02-26 11:49:02.765000+00:00,-0.07219776839990738,-0.008469381855710369,0.0,0.0640177829942189,34,1.4126644512776045
-0.44362817876134275,2025-02-26 11:50:02.766000+00:00,-0.24206217417188758,-0.0722531476015293,0.0,0.04489748120429489,41,1.296540895485305
-0.44362817876134275,2025-02-26 11:51:02.767000+00:00,-0.07219776839990738,-0.13603691334734822,0.0,0.04489748120429489,11,1.4126644512776045
-0.44362817876134275,2025-02-26 11:52:02.767000+00:00,-0.07219776839990738,-0.0722531476015293,0.0,0.04489748120429489,31,0.36755244914690977
-0.5187110554678321,2025-02-26 11:53:02.770000+00:00,-0.07219776839990738,-0.19982067909316717,0.0,0.0640177829942189,12,0.1353053375623107
-0.44362817876134275,2025-02-26 11:54:02.770000+00:00,-0.07219776839990738,-0.19982067909316717,0.0,0.0640177829942189,33,0.7159231165238079
-0.44362817876134275,2025-02-26 11:55:02.772000+00:00,-0.07219776839990738,-0.2636044448389136,0.0,0.04489748120429489,36,1.1804173396930056
-0.44362817876134275,2025-02-26 11:56:02.771000+00:00,0.09766663737207283,-0.19982067909316717,0.0,0.04489748120429489,10,0.4836760049392088
-0.44362817876134275,2025-02-26 11:57:02.786000+00:00,0.09766663737207283,-0.19982067909316717,0.0,0.0640177829942189,11,0.36755244914690977
-0.44362817876134275,2025-02-26 11:58:02.788000+00:00,-0.07219776839990738,-0.19982067909316717,0.0,0.04489748120429489,30,0.2514288933546102
-0.36854530205485336,2025-02-26 11:59:02.787000+00:00,-0.07219776839990738,-0.13603691334734822,0.0,0.025777179414370206,28,0.1353053375623107
-0.44362817876134275,2025-02-26 12:00:02.788000+00:00,-0.24206217417188758,-0.19982067909316717,0.0,0.025777179414370206,14,0.1353053375623107
-0.44362817876134275,2025-02-26 12:01:02.805000+00:00,-0.24206217417188758,-0.13603691334734822,0.0,0.025777179414370206,15,0.019181781770011154
-0.44362817876134275,2025-02-26 12:02:02.821000+00:00,-0.24206217417188758,-0.19982067909316717,0.0,0.025777179414370206,11,-0.5614359971914861
-0.44362817876134275,2025-02-26 12:03:02.821000+00:00,-0.24206217417188758,-0.13603691334734822,0.0,0.0066568776244455225,28,0.019181781770011154
-0.36854530205485336,2025-02-26 12:04:02.839000+00:00,-0.24206217417188758,-0.13603691334734822,0.0,-0.012463424165478482,10,0.2514288933546102
-0.36854530205485336,2025-02-26 12:05:02.839000+00:00,-0.24206217417188758,-0.19982067909316717,0.0,-0.012463424165478482,20,1.064293783900706
-0.36854530205485336,2025-02-26 12:06:02.828000+00:00,-0.24206217417188758,-0.13603691334734822,0.0,-0.031583725955403166,24,0.9481702281084069
-0.44362817876134275,2025-02-26 12:07:02.857000+00:00,-0.24206217417188758,-0.13603691334734822,0.0,-0.031583725955403166,24,0.9481702281084069
-0.44362817876134275,2025-02-26 12:08:02.873000+00:00,-0.07219776839990738,-0.19982067909316717,0.0,-0.06982432953525186,26,1.064293783900706
-0.5187110554678321,2025-02-26 12:09:02.873000+00:00,0.09766663737207283,-0.13603691334734822,0.0,-0.06982432953525186,9,0.8320466723161074
-0.5937939321743216,2025-02-26 12:10:02.876000+00:00,0.09766663737207283,-0.19982067909316717,0.0,-0.08894463132517653,359,-0.2130653298145874
-0.5187110554678321,2025-02-26 12:11:02.875000+00:00,0.09766663737207283,-0.13603691334734822,0.0,-0.050704027745327174,14,-0.09694177402228839
-0.5187110554678321,2025-02-26 12:12:02.877000+00:00,0.09766663737207283,-0.13603691334734822,0.0,-0.050704027745327174,54,0.36755244914690977
-0.5187110554678321,2025-02-26 12:13:02.876000+00:00,0.09766663737207283,-0.19982067909316717,0.0,-0.050704027745327174,14,-0.2130653298145874
-0.5187110554678321,2025-02-26 12:14:02.876000+00:00,0.09766663737207283,-0.13603691334734822,0.0,-0.050704027745327174,32,0.1353053375623107
-0.44362817876134275,2025-02-26 12:15:02.893000+00:00,0.09766663737207283,-0.13603691334734822,0.0,-0.050704027745327174,47,1.1804173396930056
-0.44362817876134275,2025-02-26 12:16:02.908000+00:00,0.09766663737207283,-0.19982067909316717,0.0,-0.06982432953525186,32,0.2514288933546102
-0.5187110554678321,2025-02-26 12:17:02.912000+00:00,0.09766663737207283,-0.0722531476015293,0.0,-0.06982432953525186,18,0.5997995607315083
-0.5187110554678321,2025-02-26 12:18:02.911000+00:00,0.09766663737207283,-0.0722531476015293,0.0,-0.050704027745327174,32,0.36755244914690977
-0.5187110554678321,2025-02-26 12:19:02.912000+00:00,0.09766663737207283,-0.13603691334734822,0.0,-0.050704027745327174,40,1.064293783900706
-0.5187110554678321,2025-02-26 12:20:02.912000+00:00,0.09766663737207283,-0.0722531476015293,0.0,-0.050704027745327174,4,0.8320466723161074
-0.5187110554678321,2025-02-26 12:21:02.938000+00:00,0.09766663737207283,-0.0722531476015293,0.0,-0.050704027745327174,30,0.2514288933546102
-0.44362817876134275,2025-02-26 12:22:02.949000+00:00,0.09766663737207283,-0.0722531476015293,0.0,-0.050704027745327174,35,0.4836760049392088
-0.44362817876134275,2025-02-26 12:23:02.961000+00:00,0.09766663737207283,-0.13603691334734822,0.0,-0.050704027745327174,9,1.1804173396930056
-0.44362817876134275,2025-02-26 12:24:02.978000+00:00,0.09766663737207283,-0.13603691334734822,0.0,-0.08894463132517653,11,1.644911562862203
-0.44362817876134275,2025-02-26 12:25:02.996000+00:00,0.09766663737207283,-0.0722531476015293,0.0,-0.08894463132517653,22,0.1353053375623107
-0.44362817876134275,2025-02-26 12:26:03.013000+00:00,0.09766663737207283,-0.13603691334734822,0.0,-0.08894463132517653,24,0.36755244914690977
-0.44362817876134275,2025-02-26 12:27:03.013000+00:00,0.09766663737207283,-0.0722531476015293,0.0,-0.08894463132517653,19,1.1804173396930056
-0.44362817876134275,2025-02-26 12:28:03.010000+00:00,0.267531043144053,-0.13603691334734822,0.0,-0.06982432953525186,30,0.5997995607315083
-0.5187110554678321,2025-02-26 12:29:03.018000+00:00,0.267531043144053,-0.0722531476015293,0.0,-0.06982432953525186,28,0.1353053375623107
-0.44362817876134275,2025-02-26 12:30:03.042000+00:00,0.267531043144053,-0.19982067909316717,0.0,-0.06982432953525186,28,-0.32918888560688697
-0.44362817876134275,2025-02-26 12:31:03.043000+00:00,0.43739544891603327,-0.19982067909316717,0.0,-0.06982432953525186,2,0.4836760049392088
-0.5187110554678321,2025-02-26 12:32:03.046000+00:00,0.43739544891603327,-0.0722531476015293,0.0,-0.08894463132517653,16,0.36755244914690977
-0.5187110554678321,2025-02-26 12:33:03.045000+00:00,0.43739544891603327,-0.13603691334734822,0.0,-0.08894463132517653,26,1.064293783900706
-0.44362817876134275,2025-02-26 12:34:03.046000+00:00,0.6072598546880135,-0.13603691334734822,0.0,-0.08894463132517653,31,0.019181781770011154
-0.44362817876134275,2025-02-26 12:35:03.046000+00:00,0.6072598546880135,-0.13603691334734822,0.0,-0.10806493311510054,6,-0.5614359971914861
-0.44362817876134275,2025-02-26 12:36:03.047000+00:00,0.43739544891603327,-0.19982067909316717,0.0,-0.08894463132517653,52,0.2514288933546102
-0.44362817876134275,2025-02-26 12:37:03.047000+00:00,0.43739544891603327,-0.13603691334734822,0.0,-0.10806493311510054,38,0.019181781770011154
-0.44362817876134275,2025-02-26 12:38:03.048000+00:00,0.6072598546880135,-0.13603691334734822,0.0,-0.10806493311510054,28,0.7159231165238079
-0.5187110554678321,2025-02-26 12:39:03.052000+00:00,0.6072598546880135,-0.008469381855710369,0.0,-0.14630553669494922,36,0.1353053375623107
-0.5187110554678321,2025-02-26 12:40:03.052000+00:00,0.6072598546880135,-0.0722531476015293,0.0,-0.14630553669494922,13,0.2514288933546102
-0.5187110554678321,2025-02-26 12:41:03.055000+00:00,0.6072598546880135,-0.0722531476015293,0.0,-0.14630553669494922,358,-0.09694177402228839
-0.5187110554678321,2025-02-26 12:42:03.054000+00:00,0.43739544891603327,-0.0722531476015293,0.0,-0.14630553669494922,17,0.5997995607315083
-0.5187110554678321,2025-02-26 12:43:03.055000+00:00,0.43739544891603327,-0.0722531476015293,0.0,-0.1654258384848739,3,0.36755244914690977
-0.5187110554678321,2025-02-26 12:44:03.057000+00:00,0.43739544891603327,-0.008469381855710369,0.0,-0.1845461402747986,17,0.36755244914690977
-0.5187110554678321,2025-02-26 12:45:03.055000+00:00,0.43739544891603327,-0.008469381855710369,0.0,-0.1845461402747986,23,1.4126644512776045
-0.5187110554678321,2025-02-26 12:46:03.057000+00:00,0.43739544891603327,-0.0722531476015293,0.0,-0.20366644206472262,12,1.644911562862203
-0.5187110554678321,2025-02-26 12:47:03.057000+00:00,0.43739544891603327,-0.0722531476015293,0.0,-0.1845461402747986,8,0.5997995607315083
-0.5187110554678321,2025-02-26 12:48:03.056000+00:00,0.43739544891603327,-0.008469381855710369,0.0,-0.20366644206472262,12,0.4836760049392088
-0.5187110554678321,2025-02-26 12:49:03.056000+00:00,0.43739544891603327,-0.008469381855710369,0.0,-0.22278674385464728,41,0.2514288933546102
-0.5187110554678321,2025-02-26 12:50:03.063000+00:00,0.43739544891603327,-0.008469381855710369,0.0,-0.22278674385464728,2,-0.09694177402228839
-0.5187110554678321,2025-02-26 12:51:03.059000+00:00,0.43739544891603327,-0.008469381855710369,0.0,-0.22278674385464728,45,0.1353053375623107
-0.5187110554678321,2025-02-26 12:52:03.235000+00:00,0.43739544891603327,-0.0722531476015293,0.0,-0.26102734743449596,48,1.064293783900706
-0.5187110554678321,2025-02-26 12:53:03.232000+00:00,0.6072598546880135,-0.008469381855710369,0.0,-0.28014764922442065,47,0.5997995607315083
-0.5937939321743216,2025-02-26 12:54:03.232000+00:00,0.6072598546880135,-0.008469381855710369,0.0,-0.28014764922442065,16,0.36755244914690977
-0.5937939321743216,2025-02-26 12:55:03.234000+00:00,0.6072598546880135,-0.0722531476015293,0.0,-0.29926795101434467,16,0.8320466723161074
-0.5937939321743216,2025-02-26 12:56:03.235000+00:00,0.6072598546880135,-0.0722531476015293,0.0,-0.28014764922442065,11,0.4836760049392088
-0.5937939321743216,2025-02-26 12:57:03.241000+00:00,0.43739544891603327,-0.13603691334734822,0.0,-0.29926795101434467,20,0.2514288933546102
-0.5937939321743216,2025-02-26 12:58:03.235000+00:00,0.43739544891603327,-0.0722531476015293,0.0,-0.31838825280426936,32,1.4126644512776045
-0.5937939321743216,2025-02-26 12:59:03.236000+00:00,0.43739544891603327,-0.13603691334734822,0.0,-0.31838825280426936,24,1.644911562862203
-0.5937939321743216,2025-02-26 13:00:03.251000+00:00,0.43739544891603327,-0.13603691334734822,0.0,-0.3375085545941934,24,1.7610351186545026
-0.5937939321743216,2025-02-26 13:01:03.270000+00:00,0.6072598546880135,-0.13603691334734822,0.0,-0.3375085545941934,19,1.1804173396930056
-0.668876808880811,2025-02-26 13:02:03.284000+00:00,0.6072598546880135,-0.19982067909316717,0.0,-0.3375085545941934,16,1.528788007069904
-0.668876808880811,2025-02-26 13:03:03.286000+00:00,0.6072598546880135,-0.13603691334734822,0.0,-0.35662885638411806,23,0.9481702281084069
-0.668876808880811,2025-02-26 13:04:03.285000+00:00,0.6072598546880135,-0.0722531476015293,0.0,-0.35662885638411806,21,0.4836760049392088
-0.668876808880811,2025-02-26 13:05:03.288000+00:00,0.6072598546880135,-0.0722531476015293,0.0,-0.37574915817404275,6,1.4126644512776045
-0.668876808880811,2025-02-26 13:06:03.288000+00:00,0.6072598546880135,-0.0722531476015293,0.0,-0.37574915817404275,2,1.296540895485305
-0.668876808880811,2025-02-26 13:07:03.290000+00:00,0.6072598546880135,-0.0722531476015293,0.0,-0.37574915817404275,17,0.4836760049392088
-0.668876808880811,2025-02-26 13:08:03.305000+00:00,0.6072598546880135,-0.008469381855710369,0.0,-0.37574915817404275,25,0.019181781770011154
-0.668876808880811,2025-02-26 13:09:03.329000+00:00,0.6072598546880135,-0.0722531476015293,0.0,-0.37574915817404275,35,0.36755244914690977
-0.668876808880811,2025-02-26 13:10:03.321000+00:00,0.6072598546880135,-0.0722531476015293,0.0,-0.35662885638411806,12,0.7159231165238079
-0.668876808880811,2025-02-26 13:11:03.322000+00:00,0.7771242604599936,-0.008469381855710369,0.0,-0.37574915817404275,2,-0.09694177402228839
-0.668876808880811,2025-02-26 13:12:03.323000+00:00,0.7771242604599936,-0.008469381855710369,0.0,-0.3948694599639667,25,-0.09694177402228839
-0.668876808880811,2025-02-26 13:13:03.323000+00:00,0.7771242604599936,-0.008469381855710369,0.0,-0.3948694599639667,18,0.5997995607315083
-0.668876808880811,2025-02-26 13:14:03.323000+00:00,0.7771242604599936,-0.008469381855710369,0.0,-0.3948694599639667,8,0.5997995607315083
-0.668876808880811,2025-02-26 13:15:03.326000+00:00,0.6072598546880135,0.05531438389010856,0.0,-0.3948694599639667,12,0.2514288933546102
-0.668876808880811,2025-02-26 13:16:03.326000+00:00,0.6072598546880135,-0.008469381855710369,0.0,-0.3948694599639667,19,1.4126644512776045
-0.668876808880811,2025-02-26 13:17:03.325000+00:00,0.6072598546880135,-0.0722531476015293,0.0,-0.4331100635438154,26,1.1804173396930056
-0.668876808880811,2025-02-26 13:18:03.327000+00:00,0.6072598546880135,-0.0722531476015293,0.0,-0.4331100635438154,18,0.8320466723161074
-0.7439596855873017,2025-02-26 13:19:03.325000+00:00,0.7771242604599936,-0.0722531476015293,0.0,-0.4331100635438154,28,1.528788007069904
-0.7439596855873017,2025-02-26 13:20:03.328000+00:00,0.7771242604599936,-0.0722531476015293,0.0,-0.4713506671236648,9,1.1804173396930056
-0.7439596855873017,2025-02-26 13:21:03.332000+00:00,0.7771242604599936,-0.0722531476015293,0.0,-0.4713506671236648,19,0.9481702281084069
-0.7439596855873017,2025-02-26 13:22:03.329000+00:00,0.7771242604599936,-0.0722531476015293,0.0,-0.4713506671236648,20,1.1804173396930056
-0.7439596855873017,2025-02-26 13:23:03.331000+00:00,0.7771242604599936,-0.0722531476015293,0.0,-0.4713506671236648,14,1.064293783900706
-0.7439596855873017,2025-02-26 13:24:03.332000+00:00,0.7771242604599936,-0.0722531476015293,0.0,-0.4713506671236648,22,0.5997995607315083
-0.8190425622937911,2025-02-26 13:25:03.338000+00:00,0.7771242604599936,-0.0722531476015293,0.0,-0.4713506671236648,45,0.7159231165238079
-0.8190425622937911,2025-02-26 13:26:03.332000+00:00,0.9469886662319739,-0.0722531476015293,0.0,-0.4713506671236648,14,0.36755244914690977
-0.8190425622937911,2025-02-26 13:27:03.331000+00:00,0.9469886662319739,-0.0722531476015293,0.0,-0.4713506671236648,18,0.2514288933546102
-0.7439596855873017,2025-02-26 13:28:03.335000+00:00,0.7771242604599936,-0.0722531476015293,0.0,-0.4522303653337401,21,1.1804173396930056
-0.668876808880811,2025-02-26 13:29:03.334000+00:00,0.7771242604599936,-0.0722531476015293,0.0,-0.4522303653337401,28,0.7159231165238079
-0.7439596855873017,2025-02-26 13:30:03.334000+00:00,0.7771242604599936,-0.008469381855710369,0.0,-0.4522303653337401,14,0.36755244914690977
-0.7439596855873017,2025-02-26 13:31:03.335000+00:00,0.7771242604599936,-0.008469381855710369,0.0,-0.4522303653337401,9,0.5997995607315083
-0.668876808880811,2025-02-26 13:32:03.340000+00:00,0.7771242604599936,-0.0722531476015293,0.0,-0.4713506671236648,11,0.4836760049392088
-0.668876808880811,2025-02-26 13:33:03.327000+00:00,0.6072598546880135,-0.0722531476015293,0.0,-0.5095912707035135,347,0.7159231165238079
-0.668876808880811,2025-02-26 13:34:03.336000+00:00,0.7771242604599936,-0.008469381855710369,0.0,-0.5095912707035135,1,1.064293783900706
-0.668876808880811,2025-02-26 13:35:03.336000+00:00,0.7771242604599936,-0.008469381855710369,0.0,-0.5287115724934375,29,1.4126644512776045
-0.668876808880811,2025-02-26 13:36:03.340000+00:00,0.7771242604599936,-0.0722531476015293,0.0,-0.5095912707035135,16,0.5997995607315083
-0.7439596855873017,2025-02-26 13:37:03.339000+00:00,0.7771242604599936,-0.008469381855710369,0.0,-0.5287115724934375,22,1.296540895485305
-0.7439596855873017,2025-02-26 13:38:03.342000+00:00,0.9469886662319739,-0.0722531476015293,0.0,-0.5287115724934375,25,0.8320466723161074
-0.7439596855873017,2025-02-26 13:39:03.342000+00:00,0.9469886662319739,-0.0722531476015293,0.0,-0.5478318742833622,46,1.1804173396930056
-0.7439596855873017,2025-02-26 13:40:03.341000+00:00,0.9469886662319739,-0.008469381855710369,0.0,-0.5478318742833622,19,0.5997995607315083
-0.7439596855873017,2025-02-26 13:41:03.341000+00:00,0.9469886662319739,-0.0722531476015293,0.0,-0.5478318742833622,17,0.36755244914690977
-0.8190425622937911,2025-02-26 13:42:03.342000+00:00,0.9469886662319739,-0.008469381855710369,0.0,-0.5287115724934375,3,-0.09694177402228839
-0.8190425622937911,2025-02-26 13:43:03.343000+00:00,0.9469886662319739,-0.008469381855710369,0.0,-0.5287115724934375,1,0.1353053375623107
-0.8190425622937911,2025-02-26 13:44:03.344000+00:00,0.9469886662319739,-0.0722531476015293,0.0,-0.5287115724934375,16,-0.32918888560688697
-0.8190425622937911,2025-02-26 13:45:03.355000+00:00,0.9469886662319739,-0.13603691334734822,0.0,-0.5287115724934375,22,-0.32918888560688697
-0.8190425622937911,2025-02-26 13:46:03.345000+00:00,0.9469886662319739,-0.0722531476015293,0.0,-0.5287115724934375,20,-0.5614359971914861
-0.8190425622937911,2025-02-26 13:47:03.366000+00:00,0.7771242604599936,-0.008469381855710369,0.0,-0.5478318742833622,28,-0.09694177402228839
-0.8190425622937911,2025-02-26 13:48:03.361000+00:00,0.7771242604599936,-0.0722531476015293,0.0,-0.5478318742833622,11,0.2514288933546102
-0.8190425622937911,2025-02-26 13:49:03.362000+00:00,0.7771242604599936,-0.008469381855710369,0.0,-0.5478318742833622,11,-0.44531244139918646
-0.8190425622937911,2025-02-26 13:50:03.378000+00:00,0.7771242604599936,-0.008469381855710369,0.0,-0.5669521760732869,358,-0.6775595529837853
-0.8190425622937911,2025-02-26 13:51:03.395000+00:00,0.7771242604599936,-0.008469381855710369,0.0,-0.5669521760732869,19,-0.09694177402228839
-0.8190425622937911,2025-02-26 13:52:03.395000+00:00,0.6072598546880135,-0.0722531476015293,0.0,-0.5669521760732869,21,1.4126644512776045
-0.8190425622937911,2025-02-26 13:53:03.397000+00:00,0.6072598546880135,-0.008469381855710369,0.0,-0.5860724778632108,15,0.36755244914690977
-0.8190425622937911,2025-02-26 13:54:03.412000+00:00,0.7771242604599936,-0.008469381855710369,0.0,-0.5860724778632108,347,-0.32918888560688697
-0.8190425622937911,2025-02-26 13:55:03.429000+00:00,0.7771242604599936,-0.008469381855710369,0.0,-0.5669521760732869,13,-0.44531244139918646
-0.8190425622937911,2025-02-26 13:56:03.445000+00:00,0.7771242604599936,0.05531438389010856,0.0,-0.5860724778632108,29,-0.2130653298145874
-0.8190425622937911,2025-02-26 13:57:03.446000+00:00,0.7771242604599936,0.05531438389010856,0.0,-0.6051927796531356,10,0.019181781770011154
-0.8190425622937911,2025-02-26 13:58:03.450000+00:00,0.7771242604599936,0.05531438389010856,0.0,-0.6051927796531356,21,-0.9098066645683841
-0.8190425622937911,2025-02-26 13:59:03.448000+00:00,0.7771242604599936,0.05531438389010856,0.0,-0.5669521760732869,0,-0.6775595529837853
-0.8190425622937911,2025-02-26 14:00:03.450000+00:00,0.7771242604599936,0.11909814963585498,0.0,-0.5860724778632108,35,-1.0259302203606837
-0.8190425622937911,2025-02-26 14:01:03.465000+00:00,0.7771242604599936,0.11909814963585498,0.0,-0.5860724778632108,35,-1.0259302203606837
-0.8190425622937911,2025-02-26 14:02:03.470000+00:00,0.7771242604599936,0.11909814963585498,0.0,-0.6051927796531356,9,-0.7936831087760848
-0.8190425622937911,2025-02-26 14:03:03.481000+00:00,0.7771242604599936,0.11909814963585498,0.0,-0.6051927796531356,9,-0.7936831087760848
-0.8190425622937911,2025-02-26 14:04:03.481000+00:00,0.7771242604599936,0.11909814963585498,0.0,-0.6051927796531356,9,-0.7936831087760848
-0.8190425622937911,2025-02-26 14:05:03.485000+00:00,0.7771242604599936,0.11909814963585498,0.0,-0.6051927796531356,9,-0.7936831087760848
-0.8941254390002805,2025-02-26 14:06:03.483000+00:00,0.7771242604599936,0.11909814963585498,0.0,-0.6051927796531356,9,-0.7936831087760848
-0.8941254390002805,2025-02-26 14:07:03.483000+00:00,0.7771242604599936,0.11909814963585498,0.0,-0.6051927796531356,9,-0.7936831087760848
-0.8941254390002805,2025-02-26 14:08:03.492000+00:00,0.7771242604599936,0.11909814963585498,0.0,-0.6051927796531356,9,-0.7936831087760848
-0.8941254390002805,2025-02-26 14:09:03.485000+00:00,0.7771242604599936,0.11909814963585498,0.0,-0.6051927796531356,9,-0.7936831087760848
-0.8941254390002805,2025-02-26 14:10:03.485000+00:00,0.7771242604599936,0.11909814963585498,0.0,-0.6051927796531356,9,-0.7936831087760848
-0.96920831570677,2025-02-26 14:11:03.503000+00:00,0.7771242604599936,0.11909814963585498,0.0,-0.6051927796531356,9,-0.7936831087760848
-0.96920831570677,2025-02-26 14:12:03.518000+00:00,0.7771242604599936,0.11909814963585498,0.0,-0.6051927796531356,9,-0.7936831087760848
-0.8941254390002805,2025-02-26 14:13:03.542000+00:00,0.7771242604599936,0.11909814963585498,0.0,-0.6051927796531356,9,-0.7936831087760848
-0.8941254390002805,2025-02-26 14:14:03.537000+00:00,0.7771242604599936,0.11909814963585498,0.0,-0.6051927796531356,9,-0.7936831087760848
-0.8941254390002805,2025-02-26 14:15:03.551000+00:00,0.7771242604599936,0.11909814963585498,0.0,-0.6051927796531356,9,-0.7936831087760848
-0.96920831570677,2025-02-26 14:16:03.569000+00:00,0.7771242604599936,0.11909814963585498,0.0,-0.6051927796531356,9,-0.7936831087760848
-0.96920831570677,2025-02-26 14:17:03.584000+00:00,0.7771242604599936,0.11909814963585498,0.0,-0.6051927796531356,9,-0.7936831087760848
-0.96920831570677,2025-02-26 14:18:03.601000+00:00,0.7771242604599936,0.11909814963585498,0.0,-0.6051927796531356,9,-0.7936831087760848
-0.96920831570677,2025-02-26 14:19:03.616000+00:00,0.7771242604599936,0.11909814963585498,0.0,-0.6051927796531356,9,-0.7936831087760848
-0.96920831570677,2025-02-26 14:20:03.619000+00:00,0.7771242604599936,0.11909814963585498,0.0,-0.6051927796531356,9,-0.7936831087760848
-0.96920831570677,2025-02-26 14:21:03.618000+00:00,0.7771242604599936,0.11909814963585498,0.0,-0.6051927796531356,9,-0.7936831087760848
-0.96920831570677,2025-02-26 14:22:03.620000+00:00,0.7771242604599936,0.11909814963585498,0.0,-0.6051927796531356,9,-0.7936831087760848
-0.96920831570677,2025-02-26 14:23:03.620000+00:00,0.7771242604599936,0.11909814963585498,0.0,-0.6051927796531356,9,-0.7936831087760848
-0.96920831570677,2025-02-26 14:24:03.622000+00:00,0.7771242604599936,0.11909814963585498,0.0,-0.6051927796531356,9,-0.7936831087760848
-0.96920831570677,2025-02-26 14:25:03.623000+00:00,0.7771242604599936,0.11909814963585498,0.0,-0.6051927796531356,9,-0.7936831087760848
-0.96920831570677,2025-02-26 14:26:03.623000+00:00,0.7771242604599936,0.11909814963585498,0.0,-0.6051927796531356,9,-0.7936831087760848
-0.96920831570677,2025-02-26 14:27:03.623000+00:00,0.7771242604599936,0.11909814963585498,0.0,-0.6051927796531356,9,-0.7936831087760848
-1.0442911924132594,2025-02-26 14:28:03.630000+00:00,0.7771242604599936,0.11909814963585498,0.0,-0.6051927796531356,9,-0.7936831087760848
-0.96920831570677,2025-02-26 14:29:03.632000+00:00,0.7771242604599936,0.11909814963585498,0.0,-0.6051927796531356,9,-0.7936831087760848
-0.96920831570677,2025-02-26 14:30:03.626000+00:00,0.7771242604599936,0.11909814963585498,0.0,-0.6051927796531356,9,-0.7936831087760848
-0.96920831570677,2025-02-26 14:31:03.626000+00:00,0.7771242604599936,0.11909814963585498,0.0,-0.6051927796531356,9,-0.7936831087760848
-0.96920831570677,2025-02-26 14:32:03.643000+00:00,0.7771242604599936,0.11909814963585498,0.0,-0.6051927796531356,9,-0.7936831087760848
-0.96920831570677,2025-02-26 14:33:03.644000+00:00,0.7771242604599936,0.24666568112749285,0.0,-0.7390348921826063,33,0.019181781770011154
-0.96920831570677,2025-02-26 14:34:03.659000+00:00,0.7771242604599936,0.24666568112749285,0.0,-0.7390348921826063,33,0.019181781770011154
-0.96920831570677,2025-02-26 14:35:03.676000+00:00,0.7771242604599936,0.24666568112749285,0.0,-0.7390348921826063,33,0.019181781770011154
-1.0442911924132594,2025-02-26 14:36:03.677000+00:00,0.7771242604599936,0.24666568112749285,0.0,-0.7390348921826063,33,0.019181781770011154
-1.0442911924132594,2025-02-26 14:37:03.676000+00:00,0.7771242604599936,0.24666568112749285,0.0,-0.7390348921826063,33,0.019181781770011154
-1.0442911924132594,2025-02-26 14:38:03.676000+00:00,0.7771242604599936,0.24666568112749285,0.0,-0.7390348921826063,33,0.019181781770011154
-1.0442911924132594,2025-02-26 14:39:03.684000+00:00,0.7771242604599936,0.1828819153816739,0.0,-0.7963957975523797,31,-0.09694177402228839
-0.96920831570677,2025-02-26 14:40:03.693000+00:00,0.7771242604599936,0.24666568112749285,0.0,-0.777275495762455,16,-0.09694177402228839
-0.96920831570677,2025-02-26 14:41:03.713000+00:00,0.7771242604599936,0.24666568112749285,0.0,-0.777275495762455,16,-0.09694177402228839
-0.96920831570677,2025-02-26 14:42:03.724000+00:00,0.6072598546880135,0.24666568112749285,0.0,-0.7963957975523797,38,0.4836760049392088
-0.96920831570677,2025-02-26 14:43:03.741000+00:00,0.7771242604599936,0.3104494468733118,0.0,-0.7963957975523797,16,-0.2130653298145874
-0.96920831570677,2025-02-26 14:44:03.741000+00:00,0.7771242604599936,0.3104494468733118,0.0,-0.7963957975523797,29,0.36755244914690977
-0.96920831570677,2025-02-26 14:45:03.758000+00:00,0.7771242604599936,0.3104494468733118,0.0,-0.7963957975523797,15,0.019181781770011154
-0.96920831570677,2025-02-26 14:46:03.784000+00:00,0.7771242604599936,0.3104494468733118,0.0,-0.7963957975523797,33,-0.09694177402228839
-0.96920831570677,2025-02-26 14:47:03.778000+00:00,0.7771242604599936,0.3104494468733118,0.0,-0.8155160993423036,9,0.4836760049392088
-0.96920831570677,2025-02-26 14:48:03.792000+00:00,0.7771242604599936,0.43801697836487713,0.0,-0.8155160993423036,7,-0.32918888560688697
-0.96920831570677,2025-02-26 14:49:03.811000+00:00,0.7771242604599936,0.43801697836487713,0.0,-0.8155160993423036,6,0.2514288933546102
-0.96920831570677,2025-02-26 14:50:03.809000+00:00,0.7771242604599936,0.3742332126191307,0.0,-0.7963957975523797,24,-0.44531244139918646
-0.96920831570677,2025-02-26 14:51:03.811000+00:00,0.7771242604599936,0.43801697836487713,0.0,-0.8155160993423036,31,0.36755244914690977
-0.96920831570677,2025-02-26 14:52:03.853000+00:00,0.7771242604599936,0.5018007441106961,0.0,-0.8155160993423036,28,0.4836760049392088
-0.96920831570677,2025-02-26 14:53:03.828000+00:00,0.7771242604599936,0.565584509856515,0.0,-0.8155160993423036,20,0.5997995607315083
-0.96920831570677,2025-02-26 14:54:03.830000+00:00,0.7771242604599936,0.565584509856515,0.0,-0.8155160993423036,16,0.2514288933546102
-0.96920831570677,2025-02-26 14:55:03.830000+00:00,0.7771242604599936,0.5018007441106961,0.0,-0.8155160993423036,31,0.019181781770011154
-0.96920831570677,2025-02-26 14:56:03.848000+00:00,0.7771242604599936,0.565584509856515,0.0,-0.8346364011322284,39,0.019181781770011154
-0.96920831570677,2025-02-26 14:57:03.865000+00:00,0.7771242604599936,0.6293682756023339,0.0,-0.8346364011322284,31,0.019181781770011154
-0.96920831570677,2025-02-26 14:58:03.868000+00:00,0.7771242604599936,0.6293682756023339,0.0,-0.8155160993423036,24,-0.44531244139918646
-0.96920831570677,2025-02-26 14:59:03.884000+00:00,0.7771242604599936,0.565584509856515,0.0,-0.8155160993423036,26,-0.44531244139918646
-0.96920831570677,2025-02-26 15:00:03.896000+00:00,0.7771242604599936,0.5018007441106961,0.0,-0.8155160993423036,25,-1.1420537761529832
-0.96920831570677,2025-02-26 15:01:03.898000+00:00,0.7771242604599936,0.5018007441106961,0.0,-0.8155160993423036,20,-0.32918888560688697
-0.8941254390002805,2025-02-26 15:02:03.897000+00:00,0.7771242604599936,0.5018007441106961,0.0,-0.8155160993423036,15,-0.32918888560688697
-0.8941254390002805,2025-02-26 15:03:03.903000+00:00,0.7771242604599936,0.3742332126191307,0.0,-0.8346364011322284,19,-0.32918888560688697
-0.8941254390002805,2025-02-26 15:04:03.897000+00:00,0.7771242604599936,0.24666568112749285,0.0,-0.8346364011322284,356,1.4126644512776045
-0.96920831570677,2025-02-26 15:05:03.898000+00:00,0.6072598546880135,0.1828819153816739,0.0,-0.853756702922153,17,1.1804173396930056
-0.96920831570677,2025-02-26 15:06:03.899000+00:00,0.7771242604599936,0.11909814963585498,0.0,-0.853756702922153,22,1.528788007069904
-0.96920831570677,2025-02-26 15:07:03.899000+00:00,0.7771242604599936,0.11909814963585498,0.0,-0.853756702922153,20,0.36755244914690977
-0.96920831570677,2025-02-26 15:08:03.900000+00:00,0.7771242604599936,0.11909814963585498,0.0,-0.853756702922153,15,0.1353053375623107
-0.96920831570677,2025-02-26 15:09:03.901000+00:00,0.6072598546880135,0.11909814963585498,0.0,-0.853756702922153,14,0.9481702281084069
-0.96920831570677,2025-02-26 15:10:03.901000+00:00,0.7771242604599936,0.3104494468733118,0.0,-0.853756702922153,13,0.36755244914690977
-0.96920831570677,2025-02-26 15:11:03.903000+00:00,0.7771242604599936,0.1828819153816739,0.0,-0.853756702922153,20,0.4836760049392088
-0.96920831570677,2025-02-26 15:12:03.904000+00:00,0.7771242604599936,0.1828819153816739,0.0,-0.8728770047120771,18,1.064293783900706
-0.96920831570677,2025-02-26 15:13:03.904000+00:00,0.7771242604599936,0.1828819153816739,0.0,-0.8728770047120771,14,0.2514288933546102
-0.96920831570677,2025-02-26 15:14:03.904000+00:00,0.6072598546880135,0.1828819153816739,0.0,-0.8728770047120771,40,1.296540895485305
-0.96920831570677,2025-02-26 15:15:03.905000+00:00,0.7771242604599936,0.11909814963585498,0.0,-0.8728770047120771,18,0.8320466723161074
-0.96920831570677,2025-02-26 15:16:03.905000+00:00,0.7771242604599936,0.11909814963585498,0.0,-0.8728770047120771,26,0.5997995607315083
-0.8941254390002805,2025-02-26 15:17:03.906000+00:00,0.7771242604599936,0.11909814963585498,0.0,-0.8728770047120771,34,0.5997995607315083
-0.96920831570677,2025-02-26 15:18:03.907000+00:00,0.7771242604599936,0.24666568112749285,0.0,-0.8728770047120771,354,-0.6775595529837853
-0.96920831570677,2025-02-26 15:19:03.907000+00:00,0.7771242604599936,0.3104494468733118,0.0,-0.8728770047120771,343,-0.5614359971914861
-0.8941254390002805,2025-02-26 15:20:03.909000+00:00,0.7771242604599936,0.3104494468733118,0.0,-0.8728770047120771,7,-0.6775595529837853
-0.8941254390002805,2025-02-26 15:21:03.909000+00:00,0.7771242604599936,0.3742332126191307,0.0,-0.8346364011322284,356,-1.2581773319452825
-0.8941254390002805,2025-02-26 15:22:03.911000+00:00,0.7771242604599936,0.43801697836487713,0.0,-0.8346364011322284,26,-1.2581773319452825
-0.8941254390002805,2025-02-26 15:23:03.911000+00:00,0.7771242604599936,0.3742332126191307,0.0,-0.853756702922153,31,-0.5614359971914861
-0.8941254390002805,2025-02-26 15:24:03.917000+00:00,0.7771242604599936,0.3742332126191307,0.0,-0.853756702922153,356,0.4836760049392088
-0.8941254390002805,2025-02-26 15:25:03.912000+00:00,0.7771242604599936,0.3742332126191307,0.0,-0.8728770047120771,27,1.528788007069904
-0.8941254390002805,2025-02-26 15:26:03.913000+00:00,0.7771242604599936,0.3104494468733118,0.0,-0.8919973065020017,11,0.4836760049392088
-0.8941254390002805,2025-02-26 15:27:03.915000+00:00,0.9469886662319739,0.3104494468733118,0.0,-0.8919973065020017,18,0.2514288933546102
-0.8941254390002805,2025-02-26 15:28:03.914000+00:00,0.9469886662319739,0.3104494468733118,0.0,-0.8919973065020017,26,-0.09694177402228839
-0.8941254390002805,2025-02-26 15:29:03.915000+00:00,0.9469886662319739,0.3104494468733118,0.0,-0.8919973065020017,34,-0.6775595529837853
-0.8941254390002805,2025-02-26 15:30:03.915000+00:00,0.9469886662319739,0.24666568112749285,0.0,-0.8919973065020017,27,0.019181781770011154
-0.8941254390002805,2025-02-26 15:31:03.916000+00:00,0.9469886662319739,0.24666568112749285,0.0,-0.9111176082919258,18,-0.2130653298145874
-0.8941254390002805,2025-02-26 15:32:03.917000+00:00,0.9469886662319739,0.24666568112749285,0.0,-0.9111176082919258,17,0.2514288933546102
-0.8941254390002805,2025-02-26 15:33:03.921000+00:00,0.9469886662319739,0.24666568112749285,0.0,-0.9302379100818504,32,-0.2130653298145874
-0.96920831570677,2025-02-26 15:34:03.928000+00:00,0.9469886662319739,0.24666568112749285,0.0,-0.9302379100818504,40,-0.5614359971914861
-0.96920831570677,2025-02-26 15:35:03.919000+00:00,1.116853072003954,0.3104494468733118,0.0,-0.9111176082919258,60,-1.374300887737582
-0.96920831570677,2025-02-26 15:36:03.919000+00:00,0.9469886662319739,0.3104494468733118,0.0,-0.8919973065020017,25,-0.5614359971914861
-0.96920831570677,2025-02-26 15:37:03.920000+00:00,0.9469886662319739,0.3742332126191307,0.0,-0.8919973065020017,52,-0.2130653298145874
-0.96920831570677,2025-02-26 15:38:03.921000+00:00,0.9469886662319739,0.3104494468733118,0.0,-0.9111176082919258,14,0.1353053375623107
-0.96920831570677,2025-02-26 15:39:03.921000+00:00,0.9469886662319739,0.3104494468733118,0.0,-0.9111176082919258,9,-0.44531244139918646
-0.96920831570677,2025-02-26 15:40:03.922000+00:00,0.9469886662319739,0.24666568112749285,0.0,-0.9302379100818504,23,-0.2130653298145874
-0.96920831570677,2025-02-26 15:41:03.923000+00:00,1.116853072003954,0.3104494468733118,0.0,-0.9111176082919258,14,-0.7936831087760848
-0.96920831570677,2025-02-26 15:42:03.924000+00:00,1.116853072003954,0.3104494468733118,0.0,-0.9111176082919258,14,-0.7936831087760848
-0.96920831570677,2025-02-26 15:43:03.924000+00:00,0.9469886662319739,0.24666568112749285,0.0,-0.9302379100818504,29,0.7159231165238079
-0.96920831570677,2025-02-26 15:44:03.926000+00:00,1.116853072003954,0.3104494468733118,0.0,-0.9302379100818504,26,0.8320466723161074
-0.96920831570677,2025-02-26 15:45:03.926000+00:00,1.116853072003954,0.24666568112749285,0.0,-0.949358211871775,358,0.4836760049392088
-0.96920831570677,2025-02-26 15:48:03.928000+00:00,1.116853072003954,0.1828819153816739,0.0,-0.949358211871775,9,-0.32918888560688697
-0.96920831570677,2025-02-26 15:52:03.942000+00:00,1.116853072003954,0.1828819153816739,0.0,-0.9684785136616991,354,-0.32918888560688697
-0.96920831570677,2025-02-26 15:57:03.964000+00:00,1.116853072003954,0.1828819153816739,0.0,-0.949358211871775,20,-0.44531244139918646
-0.96920831570677,2025-02-26 15:58:03.981000+00:00,0.9469886662319739,0.3104494468733118,0.0,-0.949358211871775,28,-0.44531244139918646
-0.96920831570677,2025-02-26 16:01:04.009000+00:00,0.9469886662319739,0.1828819153816739,0.0,-0.9684785136616991,6,0.019181781770011154
-0.96920831570677,2025-02-26 16:02:03.998000+00:00,0.9469886662319739,0.3104494468733118,0.0,-0.949358211871775,14,-0.5614359971914861
-0.96920831570677,2025-02-26 16:03:04.016000+00:00,0.9469886662319739,0.3104494468733118,0.0,-0.949358211871775,37,0.019181781770011154
-0.96920831570677,2025-02-26 16:04:04.032000+00:00,0.9469886662319739,0.24666568112749285,0.0,-0.9684785136616991,51,0.2514288933546102
-0.96920831570677,2025-02-26 16:05:04.033000+00:00,0.9469886662319739,0.3104494468733118,0.0,-0.949358211871775,15,-0.32918888560688697
-0.96920831570677,2025-02-26 16:06:04.051000+00:00,0.9469886662319739,0.1828819153816739,0.0,-0.949358211871775,14,0.019181781770011154
-0.96920831570677,2025-02-26 16:07:04.066000+00:00,0.9469886662319739,0.24666568112749285,0.0,-0.9684785136616991,10,-0.09694177402228839
-0.96920831570677,2025-02-26 16:08:04.066000+00:00,0.9469886662319739,0.3104494468733118,0.0,-0.9684785136616991,6,0.5997995607315083
-0.96920831570677,2025-02-26 16:09:04.068000+00:00,0.9469886662319739,0.24666568112749285,0.0,-0.9684785136616991,4,-0.2130653298145874
-0.96920831570677,2025-02-26 16:10:04.072000+00:00,0.9469886662319739,0.24666568112749285,0.0,-0.9684785136616991,8,-0.44531244139918646
-0.96920831570677,2025-02-26 16:11:04.072000+00:00,0.9469886662319739,0.3104494468733118,0.0,-0.949358211871775,24,-0.09694177402228839
-0.96920831570677,2025-02-26 16:12:04.076000+00:00,0.9469886662319739,0.3742332126191307,0.0,-0.9684785136616991,10,-0.9098066645683841
-0.96920831570677,2025-02-26 16:13:04.070000+00:00,0.9469886662319739,0.3742332126191307,0.0,-0.9684785136616991,8,-0.7936831087760848
-0.96920831570677,2025-02-26 16:14:04.072000+00:00,0.9469886662319739,0.3104494468733118,0.0,-0.9684785136616991,17,-0.2130653298145874
-0.96920831570677,2025-02-26 16:15:04.070000+00:00,0.9469886662319739,0.3742332126191307,0.0,-0.9875988154516238,16,0.5997995607315083
-0.96920831570677,2025-02-26 16:16:04.073000+00:00,0.9469886662319739,0.43801697836487713,0.0,-0.9875988154516238,19,0.019181781770011154
-0.96920831570677,2025-02-26 16:17:04.072000+00:00,1.116853072003954,0.5018007441106961,0.0,-0.9875988154516238,24,0.4836760049392088
-0.96920831570677,2025-02-26 16:18:04.073000+00:00,1.116853072003954,0.43801697836487713,0.0,-0.9684785136616991,17,0.019181781770011154
-0.96920831570677,2025-02-26 16:19:04.073000+00:00,0.9469886662319739,0.5018007441106961,0.0,-0.9684785136616991,18,-0.6775595529837853
-0.96920831570677,2025-02-26 16:20:04.081000+00:00,0.9469886662319739,0.5018007441106961,0.0,-0.9684785136616991,16,-0.32918888560688697
-0.96920831570677,2025-02-26 16:21:04.076000+00:00,0.9469886662319739,0.565584509856515,0.0,-0.949358211871775,2,-0.5614359971914861
-0.96920831570677,2025-02-26 16:22:04.077000+00:00,0.9469886662319739,0.565584509856515,0.0,-0.9684785136616991,29,-1.1420537761529832
-0.8941254390002805,2025-02-26 16:23:04.077000+00:00,0.9469886662319739,0.565584509856515,0.0,-0.9684785136616991,7,-0.44531244139918646
-0.8941254390002805,2025-02-26 16:24:04.077000+00:00,0.9469886662319739,0.6293682756023339,0.0,-0.9684785136616991,16,0.36755244914690977
-0.8941254390002805,2025-02-26 16:25:04.079000+00:00,0.9469886662319739,0.6931520413481528,0.0,-0.9684785136616991,13,-0.7936831087760848
-0.8941254390002805,2025-02-26 16:26:04.079000+00:00,0.9469886662319739,0.6293682756023339,0.0,-0.9684785136616991,21,-0.44531244139918646
-0.8941254390002805,2025-02-26 16:27:04.078000+00:00,0.9469886662319739,0.565584509856515,0.0,-0.949358211871775,30,-0.7936831087760848
-0.8941254390002805,2025-02-26 16:28:04.078000+00:00,0.9469886662319739,0.6293682756023339,0.0,-0.949358211871775,22,-0.7936831087760848
-0.8941254390002805,2025-02-26 16:29:04.078000+00:00,0.9469886662319739,0.565584509856515,0.0,-0.9875988154516238,53,-0.44531244139918646
-0.8941254390002805,2025-02-26 16:30:04.078000+00:00,0.9469886662319739,0.6293682756023339,0.0,-1.0067191172415477,29,-0.2130653298145874
-0.8941254390002805,2025-02-26 16:31:04.082000+00:00,0.9469886662319739,0.565584509856515,0.0,-0.9684785136616991,16,-0.5614359971914861
-0.8941254390002805,2025-02-26 16:32:04.080000+00:00,0.9469886662319739,0.6293682756023339,0.0,-0.9684785136616991,32,-0.44531244139918646
-0.8941254390002805,2025-02-26 16:33:04.081000+00:00,0.9469886662319739,0.565584509856515,0.0,-0.9684785136616991,20,-0.2130653298145874
-0.8941254390002805,2025-02-26 16:34:04.081000+00:00,0.9469886662319739,0.6293682756023339,0.0,-0.9684785136616991,37,-0.5614359971914861
-0.8941254390002805,2025-02-26 16:35:04.085000+00:00,0.9469886662319739,0.6293682756023339,0.0,-0.9684785136616991,7,-0.9098066645683841
-0.8941254390002805,2025-02-26 16:36:04.083000+00:00,0.9469886662319739,0.565584509856515,0.0,-0.9684785136616991,0,-1.0259302203606837
-0.8941254390002805,2025-02-26 16:37:04.089000+00:00,0.9469886662319739,0.6931520413481528,0.0,-0.9684785136616991,14,-0.5614359971914861
-0.8941254390002805,2025-02-26 16:38:04.085000+00:00,0.9469886662319739,0.6931520413481528,0.0,-0.9875988154516238,27,-0.09694177402228839
-0.8190425622937911,2025-02-26 16:39:04.085000+00:00,0.9469886662319739,0.7569358070938993,0.0,-0.9684785136616991,18,-0.2130653298145874
-0.8941254390002805,2025-02-26 16:40:04.086000+00:00,0.9469886662319739,0.7569358070938993,0.0,-0.949358211871775,10,-1.2581773319452825
-0.8941254390002805,2025-02-26 16:41:04.088000+00:00,0.9469886662319739,0.7569358070938993,0.0,-0.949358211871775,23,-0.9098066645683841
-0.8190425622937911,2025-02-26 16:42:04.089000+00:00,0.9469886662319739,0.8207195728397182,0.0,-0.949358211871775,43,0.019181781770011154
-0.8941254390002805,2025-02-26 16:43:04.090000+00:00,0.9469886662319739,0.8207195728397182,0.0,-0.949358211871775,6,-0.32918888560688697
-0.8190425622937911,2025-02-26 16:44:04.091000+00:00,0.9469886662319739,0.7569358070938993,0.0,-0.949358211871775,27,0.1353053375623107
-0.8190425622937911,2025-02-26 16:45:04.101000+00:00,0.9469886662319739,0.7569358070938993,0.0,-0.949358211871775,0,-0.44531244139918646
-0.8190425622937911,2025-02-26 16:46:04.090000+00:00,0.9469886662319739,0.7569358070938993,0.0,-0.9684785136616991,30,-0.7936831087760848
-0.8190425622937911,2025-02-26 16:47:04.093000+00:00,0.9469886662319739,0.7569358070938993,0.0,-0.9684785136616991,16,-1.0259302203606837
-0.8190425622937911,2025-02-26 16:48:04.095000+00:00,0.9469886662319739,0.7569358070938993,0.0,-0.9684785136616991,358,-1.0259302203606837
-0.8190425622937911,2025-02-26 16:49:04.093000+00:00,0.9469886662319739,0.8207195728397182,0.0,-0.9684785136616991,69,-1.0259302203606837
-0.8190425622937911,2025-02-26 16:50:04.097000+00:00,0.9469886662319739,0.8207195728397182,0.0,-0.9684785136616991,27,-1.2581773319452825
-0.8190425622937911,2025-02-26 16:51:04.094000+00:00,0.7771242604599936,0.6931520413481528,0.0,-0.9684785136616991,24,0.019181781770011154
-0.8190425622937911,2025-02-26 16:52:04.096000+00:00,0.7771242604599936,0.6931520413481528,0.0,-0.9875988154516238,36,-0.9098066645683841
-0.8190425622937911,2025-02-26 16:53:04.096000+00:00,0.9469886662319739,0.6293682756023339,0.0,-0.9875988154516238,14,-1.0259302203606837
-0.8190425622937911,2025-02-26 16:54:04.097000+00:00,0.7771242604599936,0.6293682756023339,0.0,-0.9875988154516238,57,-0.09694177402228839
-0.8190425622937911,2025-02-26 16:55:04.118000+00:00,0.9469886662319739,0.6931520413481528,0.0,-0.9875988154516238,38,-0.5614359971914861
-0.8190425622937911,2025-02-26 16:56:04.098000+00:00,0.9469886662319739,0.7569358070938993,0.0,-0.9684785136616991,11,-0.9098066645683841
-0.8190425622937911,2025-02-26 16:57:04.099000+00:00,0.9469886662319739,0.7569358070938993,0.0,-0.9684785136616991,3,-1.0259302203606837
-0.8190425622937911,2025-02-26 16:58:04.100000+00:00,0.9469886662319739,0.6931520413481528,0.0,-0.9684785136616991,357,-0.9098066645683841
-0.8190425622937911,2025-02-26 16:59:04.100000+00:00,0.9469886662319739,0.6931520413481528,0.0,-0.9684785136616991,39,-0.2130653298145874
-0.8190425622937911,2025-02-26 17:00:04.104000+00:00,0.9469886662319739,0.6931520413481528,0.0,-0.9875988154516238,1,-0.32918888560688697
-0.8190425622937911,2025-02-26 17:01:04.105000+00:00,0.9469886662319739,0.6931520413481528,0.0,-0.9684785136616991,17,-1.2581773319452825
-0.8190425622937911,2025-02-26 17:02:04.108000+00:00,0.9469886662319739,0.6931520413481528,0.0,-0.9684785136616991,3,-0.5614359971914861
-0.8190425622937911,2025-02-26 17:03:04.103000+00:00,0.9469886662319739,0.7569358070938993,0.0,-0.9684785136616991,51,-0.32918888560688697
-0.8190425622937911,2025-02-26 17:04:04.103000+00:00,0.9469886662319739,0.7569358070938993,0.0,-0.9875988154516238,332,-0.6775595529837853
-0.8190425622937911,2025-02-26 17:05:04.106000+00:00,0.9469886662319739,0.8207195728397182,0.0,-0.9684785136616991,13,-1.0259302203606837
-0.8190425622937911,2025-02-26 17:06:04.154000+00:00,0.9469886662319739,0.8207195728397182,0.0,-0.9684785136616991,29,-0.09694177402228839
-2.0203685895976258,2025-02-27 06:45:07.660000+00:00,-0.24206217417188758,1.5861247617894003,0.0,-1.5994484727292049,57,-1.374300887737582
-2.0203685895976258,2025-02-27 06:46:07.660000+00:00,-0.24206217417188758,1.5861247617894003,0.0,-1.5994484727292049,0,-1.4904244435298812
-2.0203685895976258,2025-02-27 06:47:07.663000+00:00,-0.24206217417188758,1.5861247617894003,0.0,-1.5994484727292049,61,-2.0710422224913785
-1.9452857128911363,2025-02-27 06:48:07.662000+00:00,-0.24206217417188758,1.5223409960435814,0.0,-1.5994484727292049,82,-0.7936831087760848
-1.9452857128911363,2025-02-27 06:49:07.663000+00:00,-0.4119265799438678,1.5223409960435814,0.0,-1.6185687745191293,60,-2.0710422224913785
-1.9452857128911363,2025-02-27 06:50:07.679000+00:00,-0.24206217417188758,1.4585572302977625,0.0,-1.6185687745191293,351,-1.8387951109067797
-1.9452857128911363,2025-02-27 06:51:07.697000+00:00,-0.24206217417188758,1.4585572302977625,0.0,-1.6185687745191293,107,-1.9549186666990792
-1.9452857128911363,2025-02-27 06:52:07.714000+00:00,-0.24206217417188758,1.4585572302977625,0.0,-1.6185687745191293,31,-2.0710422224913785
-1.9452857128911363,2025-02-27 06:53:07.713000+00:00,-0.24206217417188758,1.5223409960435814,0.0,-1.6185687745191293,50,-1.6065479993221807
-1.9452857128911363,2025-02-27 06:54:07.712000+00:00,-0.24206217417188758,1.4585572302977625,0.0,-1.6185687745191293,46,-1.374300887737582
-1.9452857128911363,2025-02-27 06:55:07.714000+00:00,-0.4119265799438678,1.5223409960435814,0.0,-1.6185687745191293,33,-1.1420537761529832
-1.9452857128911363,2025-02-27 06:56:07.714000+00:00,-0.4119265799438678,1.4585572302977625,0.0,-1.6376890763090535,89,-1.374300887737582
-1.9452857128911363,2025-02-27 06:57:07.737000+00:00,-0.4119265799438678,1.4585572302977625,0.0,-1.6376890763090535,48,-1.7226715551144804
-1.9452857128911363,2025-02-27 06:58:07.747000+00:00,-0.4119265799438678,1.3947734645519434,0.0,-1.6376890763090535,51,-1.0259302203606837
-1.9452857128911363,2025-02-27 06:59:07.763000+00:00,-0.4119265799438678,1.4585572302977625,0.0,-1.6185687745191293,80,-1.9549186666990792
-1.9452857128911363,2025-02-27 07:00:07.754000+00:00,-0.24206217417188758,1.4585572302977625,0.0,-1.6185687745191293,349,-1.8387951109067797
-1.9452857128911363,2025-02-27 07:01:07.764000+00:00,-0.4119265799438678,1.3947734645519434,0.0,-1.6185687745191293,0,-2.0710422224913785
-1.9452857128911363,2025-02-27 07:02:07.765000+00:00,-0.24206217417188758,1.4585572302977625,0.0,-1.6185687745191293,29,-2.767783557245175
-1.9452857128911363,2025-02-27 07:09:07.805000+00:00,-0.07219776839990738,1.6499085275352192,0.0,-1.5994484727292049,57,-1.1420537761529832
-1.9452857128911363,2025-02-27 07:10:07.809000+00:00,-0.24206217417188758,1.7136922932809657,0.0,-1.5994484727292049,37,-1.0259302203606837
-1.9452857128911363,2025-02-27 07:11:07.820000+00:00,-0.07219776839990738,1.7774760590267846,0.0,-1.5803281709392805,66,-1.0259302203606837
-1.870202836184647,2025-02-27 07:15:07.852000+00:00,-0.24206217417188758,1.7136922932809657,0.0,-1.5420875673594314,37,-0.9098066645683841
-1.870202836184647,2025-02-27 07:16:07.853000+00:00,-0.24206217417188758,1.6499085275352192,0.0,-1.5420875673594314,32,-1.374300887737582
-1.7951199594781562,2025-02-27 07:17:07.854000+00:00,-0.24206217417188758,1.5861247617894003,0.0,-1.5229672655695072,18,-1.4904244435298812
-1.7951199594781562,2025-02-27 07:18:07.853000+00:00,-0.4119265799438678,1.5861247617894003,0.0,-1.5229672655695072,32,-1.374300887737582
-1.7951199594781562,2025-02-27 07:19:07.854000+00:00,-0.4119265799438678,1.5861247617894003,0.0,-1.5229672655695072,25,-0.7936831087760848
-1.7951199594781562,2025-02-27 07:20:07.855000+00:00,-0.4119265799438678,1.5861247617894003,0.0,-1.5038469637795828,343,-1.0259302203606837
-1.7951199594781562,2025-02-27 07:21:07.856000+00:00,-0.4119265799438678,1.5861247617894003,0.0,-1.5038469637795828,338,-1.7226715551144804
-1.7951199594781562,2025-02-27 07:22:07.857000+00:00,-0.4119265799438678,1.5223409960435814,0.0,-1.5038469637795828,48,-1.7226715551144804
-1.7951199594781562,2025-02-27 07:26:07.891000+00:00,-0.581790985715848,1.3947734645519434,0.0,-1.465606360199734,349,-1.2581773319452825
-1.7951199594781562,2025-02-27 07:27:07.910000+00:00,-0.581790985715848,1.3947734645519434,0.0,-1.4464860584098094,67,-1.1420537761529832
-1.720037082771667,2025-02-27 07:28:07.923000+00:00,-0.4119265799438678,1.3947734645519434,0.0,-1.4464860584098094,43,-1.6065479993221807
-1.720037082771667,2025-02-27 07:29:07.939000+00:00,-0.581790985715848,1.330989698806197,0.0,-1.427365756619885,78,-1.0259302203606837
-1.720037082771667,2025-02-27 07:30:07.940000+00:00,-0.581790985715848,1.330989698806197,0.0,-1.427365756619885,53,-0.44531244139918646
-1.720037082771667,2025-02-27 07:31:07.941000+00:00,-0.581790985715848,1.3947734645519434,0.0,-1.4082454548299608,25,-1.1420537761529832
-1.720037082771667,2025-02-27 07:36:07.945000+00:00,-0.7516553914878282,1.330989698806197,0.0,-1.370004851250112,76,-1.374300887737582
-1.720037082771667,2025-02-27 07:39:07.950000+00:00,-0.581790985715848,1.2672059330603782,0.0,-1.3508845494601873,38,-1.2581773319452825
-1.720037082771667,2025-02-27 07:40:07.947000+00:00,-0.7516553914878282,1.330989698806197,0.0,-1.3126439458803387,39,-1.0259302203606837
-1.720037082771667,2025-02-27 07:41:07.949000+00:00,-0.7516553914878282,1.330989698806197,0.0,-1.3126439458803387,74,-1.2581773319452825
-1.720037082771667,2025-02-27 07:42:07.954000+00:00,-0.7516553914878282,1.3947734645519434,0.0,-1.3126439458803387,6,-1.0259302203606837
-1.720037082771667,2025-02-27 07:43:07.951000+00:00,-0.7516553914878282,1.3947734645519434,0.0,-1.3126439458803387,0,-0.32918888560688697
-1.720037082771667,2025-02-27 07:44:07.951000+00:00,-0.7516553914878282,1.330989698806197,0.0,-1.2935236440904139,11,-1.374300887737582
-1.720037082771667,2025-02-27 07:45:07.951000+00:00,-0.7516553914878282,1.3947734645519434,0.0,-1.2935236440904139,19,-1.374300887737582
-1.720037082771667,2025-02-27 07:50:07.955000+00:00,-0.9215197972598084,1.3947734645519434,0.0,-1.2935236440904139,53,-1.0259302203606837
-1.6449542060651774,2025-02-27 08:50:08.121000+00:00,0.7771242604599936,0.8845033385855371,0.0,-1.1788018333508679,23,-1.2581773319452825
-1.569871329358688,2025-02-27 08:51:08.113000+00:00,0.6072598546880135,0.8207195728397182,0.0,-1.1405612297710193,48,-1.0259302203606837
-1.569871329358688,2025-02-27 08:52:08.120000+00:00,0.7771242604599936,0.8207195728397182,0.0,-1.1214409279810946,10,-1.374300887737582
-1.569871329358688,2025-02-27 08:53:08.132000+00:00,0.7771242604599936,0.8845033385855371,0.0,-1.1023206261911698,22,-2.0710422224913785
-1.569871329358688,2025-02-27 08:54:08.121000+00:00,0.9469886662319739,0.8207195728397182,0.0,-1.1023206261911698,358,-1.6065479993221807
-1.4947884526521986,2025-02-27 08:55:08.123000+00:00,0.7771242604599936,0.8207195728397182,0.0,-1.0832003244012458,15,-1.4904244435298812
-1.4197055759457078,2025-02-27 08:56:08.140000+00:00,0.6072598546880135,0.8207195728397182,0.0,-1.0832003244012458,113,-1.8387951109067797
-1.4197055759457078,2025-02-27 08:57:08.155000+00:00,0.43739544891603327,0.8207195728397182,0.0,-1.1023206261911698,61,-1.4904244435298812
-1.1944569458262395,2025-02-27 09:11:08.227000+00:00,-0.07219776839990738,0.6293682756023339,0.0,-1.1405612297710193,86,-0.32918888560688697
-1.1944569458262395,2025-02-27 09:12:08.244000+00:00,0.09766663737207283,0.565584509856515,0.0,-1.1405612297710193,32,-0.7936831087760848
-1.1944569458262395,2025-02-27 09:13:08.246000+00:00,0.09766663737207283,0.565584509856515,0.0,-1.1405612297710193,55,-1.2581773319452825
-1.1944569458262395,2025-02-27 09:14:08.246000+00:00,-0.24206217417188758,0.5018007441106961,0.0,-1.1405612297710193,61,-0.7936831087760848
-1.1193740691197502,2025-02-27 09:15:08.265000+00:00,-0.07219776839990738,0.5018007441106961,0.0,-1.1596815315609432,59,-2.0710422224913785
-1.1193740691197502,2025-02-27 09:16:08.263000+00:00,-0.07219776839990738,0.5018007441106961,0.0,-1.1596815315609432,91,-1.1420537761529832
-1.1193740691197502,2025-02-27 09:17:08.264000+00:00,-0.07219776839990738,0.565584509856515,0.0,-1.1596815315609432,42,-0.9098066645683841
-1.1193740691197502,2025-02-27 09:18:08.265000+00:00,-0.07219776839990738,0.5018007441106961,0.0,-1.1979221351407918,81,-0.9098066645683841
-1.1193740691197502,2025-02-27 09:19:08.266000+00:00,-0.07219776839990738,0.43801697836487713,0.0,-1.1788018333508679,38,-1.4904244435298812
-1.1193740691197502,2025-02-27 09:20:08.276000+00:00,-0.07219776839990738,0.43801697836487713,0.0,-1.1788018333508679,122,-0.9098066645683841
-1.0442911924132594,2025-02-27 09:21:08.266000+00:00,-0.07219776839990738,0.3742332126191307,0.0,-1.1788018333508679,47,-1.4904244435298812
-1.0442911924132594,2025-02-27 09:22:08.268000+00:00,-0.24206217417188758,0.3104494468733118,0.0,-1.1979221351407918,70,-1.374300887737582
-1.0442911924132594,2025-02-27 09:23:08.269000+00:00,-0.24206217417188758,0.24666568112749285,0.0,-1.1788018333508679,53,-1.374300887737582
-1.0442911924132594,2025-02-27 09:24:08.268000+00:00,-0.24206217417188758,0.11909814963585498,0.0,-1.1596815315609432,36,-0.6775595529837853
-1.0442911924132594,2025-02-27 09:25:08.275000+00:00,-0.4119265799438678,0.11909814963585498,0.0,-1.1405612297710193,13,-0.9098066645683841
-0.96920831570677,2025-02-27 09:26:08.269000+00:00,-0.24206217417188758,-0.008469381855710369,0.0,-1.1214409279810946,13,-1.1420537761529832
-0.8941254390002805,2025-02-27 09:42:08.282000+00:00,0.267531043144053,-0.19982067909316717,0.0,-1.0640800226113212,32,-2.187165778283678
-0.8190425622937911,2025-02-27 09:43:08.283000+00:00,-0.07219776839990738,-0.13603691334734822,0.0,-1.0640800226113212,46,-1.6065479993221807
-0.8190425622937911,2025-02-27 09:44:08.285000+00:00,-0.24206217417188758,-0.19982067909316717,0.0,-1.0640800226113212,75,-1.6065479993221807
-0.8190425622937911,2025-02-27 09:45:08.282000+00:00,0.09766663737207283,-0.19982067909316717,0.0,-1.0449597208213972,42,-1.8387951109067797
-0.8190425622937911,2025-02-27 09:46:08.282000+00:00,-0.24206217417188758,-0.2636044448389136,0.0,-1.0258394190314726,62,-1.8387951109067797
-0.7439596855873017,2025-02-27 09:47:08.283000+00:00,-0.07219776839990738,-0.2636044448389136,0.0,-1.0258394190314726,354,-1.2581773319452825
-0.7439596855873017,2025-02-27 09:48:08.284000+00:00,-0.24206217417188758,-0.2636044448389136,0.0,-1.0258394190314726,357,-1.8387951109067797
-0.7439596855873017,2025-02-27 09:49:08.285000+00:00,-0.07219776839990738,-0.3273882105847325,0.0,-1.0258394190314726,63,-1.7226715551144804
-0.668876808880811,2025-02-27 09:50:08.289000+00:00,-0.24206217417188758,-0.19982067909316717,0.0,-1.0258394190314726,57,-1.374300887737582
-0.7439596855873017,2025-02-27 09:57:08.291000+00:00,-0.4119265799438678,-0.13603691334734822,0.0,-0.9684785136616991,65,-1.6065479993221807
-0.668876808880811,2025-02-27 09:58:08.295000+00:00,-0.24206217417188758,-0.13603691334734822,0.0,-0.9302379100818504,70,-1.1420537761529832
-0.5187110554678321,2025-02-27 10:03:08.315000+00:00,-0.4119265799438678,-0.2636044448389136,0.0,-0.8346364011322284,82,-1.7226715551144804
-0.5187110554678321,2025-02-27 10:04:08.327000+00:00,-0.24206217417188758,-0.2636044448389136,0.0,-0.8346364011322284,19,-1.374300887737582
-0.5187110554678321,2025-02-27 10:05:08.347000+00:00,-0.4119265799438678,-0.19982067909316717,0.0,-0.8346364011322284,62,-1.374300887737582
-0.5187110554678321,2025-02-27 10:06:08.343000+00:00,-0.4119265799438678,-0.19982067909316717,0.0,-0.8155160993423036,40,-2.0710422224913785
-0.44362817876134275,2025-02-27 10:07:08.343000+00:00,-0.4119265799438678,-0.2636044448389136,0.0,-0.8155160993423036,29,-0.7936831087760848
-0.5187110554678321,2025-02-27 10:08:08.347000+00:00,-0.4119265799438678,-0.2636044448389136,0.0,-0.8346364011322284,57,-1.374300887737582
-0.5187110554678321,2025-02-27 10:09:08.359000+00:00,-0.4119265799438678,-0.19982067909316717,0.0,-0.853756702922153,67,-1.9549186666990792
-0.5187110554678321,2025-02-27 10:10:08.346000+00:00,-0.4119265799438678,-0.2636044448389136,0.0,-0.853756702922153,63,-1.8387951109067797
-0.44362817876134275,2025-02-27 10:11:08.372000+00:00,-0.24206217417188758,-0.19982067909316717,0.0,-0.853756702922153,355,-0.7936831087760848
-0.5187110554678321,2025-02-27 10:12:08.381000+00:00,-0.24206217417188758,-0.2636044448389136,0.0,-0.853756702922153,12,-1.1420537761529832
-0.5187110554678321,2025-02-27 10:13:08.379000+00:00,-0.24206217417188758,-0.19982067909316717,0.0,-0.8919973065020017,110,-1.8387951109067797
-0.5187110554678321,2025-02-27 10:14:08.396000+00:00,-0.24206217417188758,-0.19982067909316717,0.0,-0.8919973065020017,71,-1.9549186666990792
-0.5187110554678321,2025-02-27 10:15:08.396000+00:00,-0.24206217417188758,-0.19982067909316717,0.0,-0.8728770047120771,73,-1.2581773319452825
-0.5187110554678321,2025-02-27 10:16:08.413000+00:00,-0.24206217417188758,-0.19982067909316717,0.0,-0.8728770047120771,16,-1.1420537761529832
-0.44362817876134275,2025-02-27 10:17:08.419000+00:00,-0.24206217417188758,-0.13603691334734822,0.0,-0.8919973065020017,190,-1.4904244435298812
-0.5187110554678321,2025-02-27 10:18:08.429000+00:00,-0.07219776839990738,-0.19982067909316717,0.0,-0.9111176082919258,99,-2.187165778283678
-0.5937939321743216,2025-02-27 10:19:08.430000+00:00,-0.07219776839990738,-0.2636044448389136,0.0,-0.9111176082919258,53,-1.2581773319452825
-0.5937939321743216,2025-02-27 10:20:08.429000+00:00,-0.07219776839990738,-0.2636044448389136,0.0,-0.9111176082919258,62,-1.4904244435298812
-0.5937939321743216,2025-02-27 10:21:08.448000+00:00,-0.07219776839990738,-0.3273882105847325,0.0,-0.8919973065020017,30,-1.2581773319452825
-0.5937939321743216,2025-02-27 10:22:08.464000+00:00,-0.07219776839990738,-0.3273882105847325,0.0,-0.8919973065020017,2,-0.5614359971914861
-0.5937939321743216,2025-02-27 10:23:08.469000+00:00,0.09766663737207283,-0.3273882105847325,0.0,-0.853756702922153,37,-1.374300887737582
-0.5187110554678321,2025-02-27 10:24:08.470000+00:00,0.09766663737207283,-0.2636044448389136,0.0,-0.853756702922153,32,-1.6065479993221807
-0.5187110554678321,2025-02-27 10:25:08.480000+00:00,0.09766663737207283,-0.2636044448389136,0.0,-0.8728770047120771,8,-0.9098066645683841
-0.5187110554678321,2025-02-27 10:26:08.482000+00:00,0.09766663737207283,-0.2636044448389136,0.0,-0.853756702922153,32,-0.9098066645683841
-0.5187110554678321,2025-02-27 10:27:08.482000+00:00,0.09766663737207283,-0.2636044448389136,0.0,-0.853756702922153,99,-1.2581773319452825
-0.5937939321743216,2025-02-27 10:28:08.482000+00:00,0.09766663737207283,-0.2636044448389136,0.0,-0.8728770047120771,31,-1.0259302203606837
-0.5187110554678321,2025-02-27 10:29:08.484000+00:00,0.267531043144053,-0.2636044448389136,0.0,-0.8728770047120771,63,-0.9098066645683841
-0.5187110554678321,2025-02-27 10:30:08.486000+00:00,0.267531043144053,-0.2636044448389136,0.0,-0.8728770047120771,34,-1.4904244435298812
-0.5187110554678321,2025-02-27 10:31:08.484000+00:00,0.267531043144053,-0.19982067909316717,0.0,-0.8728770047120771,46,-1.2581773319452825
-0.5187110554678321,2025-02-27 10:32:08.485000+00:00,0.267531043144053,-0.19982067909316717,0.0,-0.8728770047120771,39,0.019181781770011154
-0.5187110554678321,2025-02-27 10:33:08.487000+00:00,0.267531043144053,-0.19982067909316717,0.0,-0.8919973065020017,45,-0.9098066645683841
-0.5187110554678321,2025-02-27 10:34:08.487000+00:00,0.267531043144053,-0.19982067909316717,0.0,-0.8919973065020017,16,-0.6775595529837853
-0.5187110554678321,2025-02-27 10:35:08.490000+00:00,0.43739544891603327,-0.2636044448389136,0.0,-0.8919973065020017,42,-0.9098066645683841
-0.5187110554678321,2025-02-27 10:36:08.488000+00:00,0.43739544891603327,-0.19982067909316717,0.0,-0.8919973065020017,35,-0.9098066645683841
-0.5187110554678321,2025-02-27 10:37:08.504000+00:00,0.43739544891603327,-0.19982067909316717,0.0,-0.8919973065020017,88,-1.2581773319452825
-0.5187110554678321,2025-02-27 10:38:08.512000+00:00,0.43739544891603327,-0.19982067909316717,0.0,-0.8919973065020017,61,-1.374300887737582
-0.5187110554678321,2025-02-27 10:39:08.538000+00:00,0.43739544891603327,-0.19982067909316717,0.0,-0.8919973065020017,94,-1.7226715551144804
-0.5937939321743216,2025-02-27 10:40:08.538000+00:00,0.6072598546880135,-0.19982067909316717,0.0,-0.8919973065020017,53,-1.4904244435298812
-0.5937939321743216,2025-02-27 10:41:08.539000+00:00,0.6072598546880135,-0.2636044448389136,0.0,-0.8728770047120771,44,-0.7936831087760848
-0.5937939321743216,2025-02-27 10:42:08.556000+00:00,0.6072598546880135,-0.2636044448389136,0.0,-0.853756702922153,62,-1.2581773319452825
-0.5937939321743216,2025-02-27 10:43:08.572000+00:00,0.7771242604599936,-0.19982067909316717,0.0,-0.853756702922153,37,-1.2581773319452825
-0.5187110554678321,2025-02-27 10:44:08.575000+00:00,0.7771242604599936,-0.19982067909316717,0.0,-0.8346364011322284,0,-1.374300887737582
-0.44362817876134275,2025-02-27 10:45:08.575000+00:00,0.7771242604599936,-0.19982067909316717,0.0,-0.8346364011322284,109,-1.4904244435298812
-0.44362817876134275,2025-02-27 10:46:08.580000+00:00,0.7771242604599936,-0.2636044448389136,0.0,-0.853756702922153,326,-0.5614359971914861
-0.44362817876134275,2025-02-27 10:47:08.574000+00:00,0.7771242604599936,-0.13603691334734822,0.0,-0.853756702922153,106,-1.7226715551144804
-0.44362817876134275,2025-02-27 10:48:08.575000+00:00,0.7771242604599936,-0.19982067909316717,0.0,-0.853756702922153,56,-1.2581773319452825
-0.44362817876134275,2025-02-27 10:49:08.574000+00:00,0.7771242604599936,-0.13603691334734822,0.0,-0.8346364011322284,59,-0.9098066645683841
-0.44362817876134275,2025-02-27 10:50:08.573000+00:00,0.7771242604599936,-0.13603691334734822,0.0,-0.8346364011322284,50,-1.0259302203606837
-0.44362817876134275,2025-02-27 10:51:08.575000+00:00,0.7771242604599936,-0.0722531476015293,0.0,-0.853756702922153,77,-1.0259302203606837
-0.44362817876134275,2025-02-27 10:52:08.576000+00:00,0.7771242604599936,-0.0722531476015293,0.0,-0.8728770047120771,37,-0.44531244139918646
-0.44362817876134275,2025-02-27 10:53:08.579000+00:00,0.7771242604599936,-0.0722531476015293,0.0,-0.8728770047120771,39,-0.2130653298145874
-0.36854530205485336,2025-02-27 10:54:08.581000+00:00,0.7771242604599936,-0.0722531476015293,0.0,-0.8728770047120771,73,-0.09694177402228839
-0.44362817876134275,2025-02-27 10:55:08.578000+00:00,0.7771242604599936,-0.13603691334734822,0.0,-0.8728770047120771,33,-1.1420537761529832
-0.44362817876134275,2025-02-27 10:56:08.580000+00:00,0.7771242604599936,-0.13603691334734822,0.0,-0.8919973065020017,55,-1.1420537761529832
-0.44362817876134275,2025-02-27 10:57:08.579000+00:00,0.7771242604599936,-0.2636044448389136,0.0,-0.8919973065020017,57,-0.2130653298145874
-0.44362817876134275,2025-02-27 10:58:08.581000+00:00,0.7771242604599936,-0.2636044448389136,0.0,-0.8919973065020017,24,-0.09694177402228839
-0.44362817876134275,2025-02-27 10:59:08.581000+00:00,0.9469886662319739,-0.3273882105847325,0.0,-0.8919973065020017,62,-0.7936831087760848
-0.44362817876134275,2025-02-27 11:00:08.584000+00:00,0.9469886662319739,-0.2636044448389136,0.0,-0.8919973065020017,26,-1.6065479993221807
-0.44362817876134275,2025-02-27 11:01:08.582000+00:00,0.9469886662319739,-0.3273882105847325,0.0,-0.8919973065020017,27,-1.2581773319452825
-0.36854530205485336,2025-02-27 11:02:08.584000+00:00,0.9469886662319739,-0.39117197633055145,0.0,-0.9111176082919258,54,-1.1420537761529832
-0.44362817876134275,2025-02-27 11:03:08.584000+00:00,0.9469886662319739,-0.45495574207637035,0.0,-0.8919973065020017,55,-1.2581773319452825
-0.44362817876134275,2025-02-27 11:04:08.585000+00:00,0.9469886662319739,-0.45495574207637035,0.0,-0.8919973065020017,41,-1.2581773319452825
-0.44362817876134275,2025-02-27 11:05:08.585000+00:00,1.116853072003954,-0.45495574207637035,0.0,-0.8919973065020017,88,-1.0259302203606837
-0.44362817876134275,2025-02-27 11:06:08.586000+00:00,1.116853072003954,-0.45495574207637035,0.0,-0.8919973065020017,67,-1.7226715551144804
-0.36854530205485336,2025-02-27 11:07:08.586000+00:00,1.116853072003954,-0.45495574207637035,0.0,-0.8919973065020017,355,-1.4904244435298812
-0.36854530205485336,2025-02-27 11:08:08.605000+00:00,1.116853072003954,-0.39117197633055145,0.0,-0.8919973065020017,34,-1.374300887737582
-0.36854530205485336,2025-02-27 11:09:08.604000+00:00,1.116853072003954,-0.3273882105847325,0.0,-0.8919973065020017,357,-1.6065479993221807
-0.36854530205485336,2025-02-27 11:10:08.604000+00:00,1.116853072003954,-0.2636044448389136,0.0,-0.853756702922153,32,-1.1420537761529832
-0.36854530205485336,2025-02-27 11:11:08.597000+00:00,1.116853072003954,-0.19982067909316717,0.0,-0.853756702922153,67,-0.44531244139918646
-0.2934624253483626,2025-02-27 11:12:08.614000+00:00,1.2867174777759343,-0.13603691334734822,0.0,-0.8728770047120771,86,-1.0259302203606837
-0.2934624253483626,2025-02-27 11:13:08.628000+00:00,1.2867174777759343,-0.19982067909316717,0.0,-0.853756702922153,62,-1.2581773319452825
-0.2934624253483626,2025-02-27 11:14:08.640000+00:00,1.2867174777759343,-0.2636044448389136,0.0,-0.8346364011322284,354,-1.0259302203606837
-0.2934624253483626,2025-02-27 11:15:08.642000+00:00,1.2867174777759343,-0.19982067909316717,0.0,-0.8155160993423036,77,-1.8387951109067797
-0.2934624253483626,2025-02-27 11:16:08.657000+00:00,1.2867174777759343,-0.13603691334734822,0.0,-0.8155160993423036,89,-1.374300887737582
-0.2934624253483626,2025-02-27 11:17:08.663000+00:00,1.2867174777759343,-0.13603691334734822,0.0,-0.8155160993423036,32,-1.374300887737582
-0.21837954864187317,2025-02-27 11:18:08.690000+00:00,1.2867174777759343,-0.0722531476015293,0.0,-0.7963957975523797,356,-1.374300887737582
-0.21837954864187317,2025-02-27 11:19:08.706000+00:00,1.2867174777759343,0.11909814963585498,0.0,-0.7963957975523797,341,-1.374300887737582
-0.21837954864187317,2025-02-27 11:20:08.704000+00:00,1.2867174777759343,0.11909814963585498,0.0,-0.8155160993423036,37,-0.6775595529837853
-0.21837954864187317,2025-02-27 11:21:08.700000+00:00,1.2867174777759343,0.1828819153816739,0.0,-0.8155160993423036,81,-0.09694177402228839
-0.21837954864187317,2025-02-27 11:22:08.715000+00:00,1.4565818835479145,0.24666568112749285,0.0,-0.8346364011322284,43,-0.7936831087760848
-0.21837954864187317,2025-02-27 11:23:08.725000+00:00,1.4565818835479145,0.1828819153816739,0.0,-0.853756702922153,103,0.1353053375623107
-0.21837954864187317,2025-02-27 11:24:08.725000+00:00,1.6264462893198948,0.24666568112749285,0.0,-0.853756702922153,30,-0.9098066645683841
-0.21837954864187317,2025-02-27 11:25:08.726000+00:00,1.6264462893198948,0.1828819153816739,0.0,-0.853756702922153,71,-0.2130653298145874
-0.21837954864187317,2025-02-27 11:26:08.718000+00:00,1.6264462893198948,0.1828819153816739,0.0,-0.853756702922153,33,-0.7936831087760848
-0.21837954864187317,2025-02-27 11:27:08.719000+00:00,1.6264462893198948,0.11909814963585498,0.0,-0.853756702922153,33,-0.9098066645683841
-0.21837954864187317,2025-02-27 11:28:08.725000+00:00,1.6264462893198948,0.05531438389010856,0.0,-0.8728770047120771,28,-0.5614359971914861
-0.21837954864187317,2025-02-27 11:29:08.727000+00:00,1.6264462893198948,0.05531438389010856,0.0,-0.8728770047120771,44,0.36755244914690977
-0.21837954864187317,2025-02-27 11:30:08.730000+00:00,1.6264462893198948,-0.008469381855710369,0.0,-0.853756702922153,35,0.5997995607315083
-0.21837954864187317,2025-02-27 11:31:08.721000+00:00,1.6264462893198948,-0.0722531476015293,0.0,-0.853756702922153,32,-0.5614359971914861
-0.21837954864187317,2025-02-27 11:32:08.733000+00:00,1.6264462893198948,-0.0722531476015293,0.0,-0.853756702922153,18,-1.1420537761529832
-0.21837954864187317,2025-02-27 11:33:08.739000+00:00,1.6264462893198948,-0.13603691334734822,0.0,-0.853756702922153,33,-0.7936831087760848
-0.21837954864187317,2025-02-27 11:34:08.730000+00:00,1.6264462893198948,-0.19982067909316717,0.0,-0.853756702922153,7,-0.5614359971914861
-0.21837954864187317,2025-02-27 11:35:08.740000+00:00,1.6264462893198948,-0.13603691334734822,0.0,-0.8346364011322284,20,-1.1420537761529832
-0.21837954864187317,2025-02-27 11:36:08.748000+00:00,1.6264462893198948,-0.0722531476015293,0.0,-0.853756702922153,44,-1.1420537761529832
-0.21837954864187317,2025-02-27 11:37:08.752000+00:00,1.6264462893198948,-0.13603691334734822,0.0,-0.8346364011322284,44,-0.6775595529837853
-0.14329667193538376,2025-02-27 11:38:08.764000+00:00,1.4565818835479145,-0.13603691334734822,0.0,-0.8346364011322284,54,-0.6775595529837853
-0.14329667193538376,2025-02-27 11:39:08.757000+00:00,1.4565818835479145,-0.19982067909316717,0.0,-0.853756702922153,64,-0.44531244139918646
-0.14329667193538376,2025-02-27 11:40:08.787000+00:00,1.4565818835479145,-0.19982067909316717,0.0,-0.853756702922153,38,-0.7936831087760848
-0.21837954864187317,2025-02-27 11:41:08.781000+00:00,1.4565818835479145,-0.19982067909316717,0.0,-0.8728770047120771,33,-0.44531244139918646
-0.14329667193538376,2025-02-27 11:42:08.783000+00:00,1.4565818835479145,-0.19982067909316717,0.0,-0.8728770047120771,15,-0.32918888560688697
-0.14329667193538376,2025-02-27 11:43:08.793000+00:00,1.6264462893198948,-0.13603691334734822,0.0,-0.8728770047120771,359,-1.4904244435298812
-0.14329667193538376,2025-02-27 11:44:08.815000+00:00,1.6264462893198948,-0.19982067909316717,0.0,-0.8728770047120771,7,-0.7936831087760848
-0.14329667193538376,2025-02-27 11:45:08.831000+00:00,1.4565818835479145,-0.19982067909316717,0.0,-0.8728770047120771,43,-0.44531244139918646
-0.14329667193538376,2025-02-27 11:46:08.821000+00:00,1.6264462893198948,-0.19982067909316717,0.0,-0.8728770047120771,25,-0.7936831087760848
-0.14329667193538376,2025-02-27 11:47:08.832000+00:00,1.4565818835479145,-0.2636044448389136,0.0,-0.8728770047120771,44,-0.32918888560688697
-0.14329667193538376,2025-02-27 11:48:08.848000+00:00,1.4565818835479145,-0.2636044448389136,0.0,-0.8728770047120771,19,0.019181781770011154
-0.14329667193538376,2025-02-27 11:49:08.851000+00:00,1.4565818835479145,-0.19982067909316717,0.0,-0.8919973065020017,29,0.4836760049392088
-0.14329667193538376,2025-02-27 11:50:08.851000+00:00,1.4565818835479145,-0.2636044448389136,0.0,-0.8919973065020017,12,0.1353053375623107
-0.14329667193538376,2025-02-27 11:51:08.842000+00:00,1.4565818835479145,-0.3273882105847325,0.0,-0.8728770047120771,13,0.019181781770011154
-0.14329667193538376,2025-02-27 11:52:08.851000+00:00,1.4565818835479145,-0.2636044448389136,0.0,-0.853756702922153,14,-0.09694177402228839
-0.14329667193538376,2025-02-27 11:53:08.867000+00:00,1.4565818835479145,-0.3273882105847325,0.0,-0.853756702922153,2,-0.44531244139918646
-0.14329667193538376,2025-02-27 11:54:08.867000+00:00,1.4565818835479145,-0.3273882105847325,0.0,-0.8346364011322284,5,-0.9098066645683841
-0.06821379522889436,2025-02-27 11:55:08.870000+00:00,1.4565818835479145,-0.3273882105847325,0.0,-0.8346364011322284,36,-1.1420537761529832
-0.06821379522889436,2025-02-27 11:56:08.885000+00:00,1.4565818835479145,-0.3273882105847325,0.0,-0.8155160993423036,13,-0.2130653298145874
-0.06821379522889436,2025-02-27 11:57:08.901000+00:00,1.4565818835479145,-0.39117197633055145,0.0,-0.8155160993423036,19,-0.2130653298145874
-0.06821379522889436,2025-02-27 11:58:08.918000+00:00,1.4565818835479145,-0.3273882105847325,0.0,-0.8155160993423036,19,-1.7226715551144804
-0.06821379522889436,2025-02-27 11:59:08.920000+00:00,1.4565818835479145,-0.39117197633055145,0.0,-0.8155160993423036,15,-1.2581773319452825
-0.06821379522889436,2025-02-27 12:00:08.918000+00:00,1.2867174777759343,-0.39117197633055145,0.0,-0.7963957975523797,0,-0.7936831087760848
-0.06821379522889436,2025-02-27 12:01:08.921000+00:00,1.2867174777759343,-0.3273882105847325,0.0,-0.7963957975523797,20,-0.6775595529837853
-0.06821379522889436,2025-02-27 12:02:08.938000+00:00,1.116853072003954,-0.3273882105847325,0.0,-0.8155160993423036,19,-0.9098066645683841
-0.06821379522889436,2025-02-27 12:03:08.954000+00:00,1.116853072003954,-0.3273882105847325,0.0,-0.8155160993423036,11,-0.32918888560688697
-0.06821379522889436,2025-02-27 12:04:08.954000+00:00,1.116853072003954,-0.19982067909316717,0.0,-0.8346364011322284,107,-0.9098066645683841
-0.06821379522889436,2025-02-27 12:05:08.971000+00:00,1.116853072003954,-0.3273882105847325,0.0,-0.8346364011322284,8,-0.7936831087760848
-0.06821379522889436,2025-02-27 12:06:08.987000+00:00,1.116853072003954,-0.2636044448389136,0.0,-0.853756702922153,41,-0.09694177402228839
-0.06821379522889436,2025-02-27 12:07:09.004000+00:00,1.116853072003954,-0.2636044448389136,0.0,-0.853756702922153,19,0.2514288933546102
-0.06821379522889436,2025-02-27 12:08:09.004000+00:00,1.116853072003954,-0.19982067909316717,0.0,-0.853756702922153,45,-0.32918888560688697
-0.06821379522889436,2025-02-27 12:09:09.006000+00:00,1.2867174777759343,-0.13603691334734822,0.0,-0.853756702922153,2,-1.374300887737582
-0.06821379522889436,2025-02-27 12:10:09.005000+00:00,1.2867174777759343,-0.0722531476015293,0.0,-0.853756702922153,38,-1.374300887737582
-0.06821379522889436,2025-02-27 12:11:09.006000+00:00,1.2867174777759343,-0.0722531476015293,0.0,-0.853756702922153,54,-0.32918888560688697
-0.06821379522889436,2025-02-27 12:12:09.008000+00:00,1.2867174777759343,-0.0722531476015293,0.0,-0.8728770047120771,88,-0.7936831087760848
-0.06821379522889436,2025-02-27 12:13:09.008000+00:00,1.2867174777759343,-0.13603691334734822,0.0,-0.8728770047120771,30,-0.44531244139918646
-0.06821379522889436,2025-02-27 12:14:09.008000+00:00,1.4565818835479145,-0.19982067909316717,0.0,-0.8919973065020017,39,-0.6775595529837853
-0.14329667193538376,2025-02-27 12:15:09.010000+00:00,1.4565818835479145,-0.19982067909316717,0.0,-0.8728770047120771,2,-1.374300887737582
-0.14329667193538376,2025-02-27 12:16:09.009000+00:00,1.4565818835479145,-0.2636044448389136,0.0,-0.8919973065020017,13,-1.6065479993221807
-0.14329667193538376,2025-02-27 12:17:09.013000+00:00,1.4565818835479145,-0.2636044448389136,0.0,-0.8919973065020017,14,-1.0259302203606837
-0.06821379522889436,2025-02-27 12:18:09.011000+00:00,1.4565818835479145,-0.19982067909316717,0.0,-0.9111176082919258,40,-0.7936831087760848
-0.14329667193538376,2025-02-27 12:19:09.016000+00:00,1.4565818835479145,-0.19982067909316717,0.0,-0.9111176082919258,29,-0.6775595529837853
-0.14329667193538376,2025-02-27 12:20:09.015000+00:00,1.4565818835479145,-0.2636044448389136,0.0,-0.9111176082919258,91,-0.7936831087760848
-0.14329667193538376,2025-02-27 12:21:09.016000+00:00,1.4565818835479145,-0.19982067909316717,0.0,-0.9302379100818504,36,-1.1420537761529832
-0.14329667193538376,2025-02-27 12:22:09.016000+00:00,1.4565818835479145,-0.2636044448389136,0.0,-0.949358211871775,45,-0.09694177402228839
-0.14329667193538376,2025-02-27 12:23:09.017000+00:00,1.2867174777759343,-0.2636044448389136,0.0,-0.9302379100818504,49,-0.44531244139918646
-0.14329667193538376,2025-02-27 12:24:09.015000+00:00,1.4565818835479145,-0.2636044448389136,0.0,-0.9302379100818504,12,-1.1420537761529832
-0.14329667193538376,2025-02-27 12:25:09.024000+00:00,1.4565818835479145,-0.2636044448389136,0.0,-0.9302379100818504,21,-0.09694177402228839
-0.14329667193538376,2025-02-27 12:26:09.018000+00:00,1.2867174777759343,-0.2636044448389136,0.0,-0.9302379100818504,29,-0.6775595529837853
-0.06821379522889436,2025-02-27 12:27:09.016000+00:00,1.2867174777759343,-0.19982067909316717,0.0,-0.9302379100818504,30,0.2514288933546102
-0.06821379522889436,2025-02-27 12:28:09.018000+00:00,1.116853072003954,-0.19982067909316717,0.0,-0.9302379100818504,44,-0.32918888560688697
-0.14329667193538376,2025-02-27 12:29:09.019000+00:00,1.2867174777759343,-0.2636044448389136,0.0,-0.949358211871775,41,-0.9098066645683841
-0.06821379522889436,2025-02-27 12:30:09.020000+00:00,1.116853072003954,-0.19982067909316717,0.0,-0.949358211871775,48,-0.09694177402228839
-0.06821379522889436,2025-02-27 12:31:09.022000+00:00,1.116853072003954,-0.2636044448389136,0.0,-0.949358211871775,36,-0.32918888560688697
-0.06821379522889436,2025-02-27 12:36:09.027000+00:00,1.116853072003954,-0.0722531476015293,0.0,-1.0067191172415477,28,-0.7936831087760848
-0.14329667193538376,2025-02-27 12:40:09.027000+00:00,0.7771242604599936,-0.13603691334734822,0.0,-0.9875988154516238,32,-0.7936831087760848
-0.14329667193538376,2025-02-27 12:41:09.026000+00:00,0.7771242604599936,-0.2636044448389136,0.0,-0.9684785136616991,19,-0.09694177402228839
-0.14329667193538376,2025-02-27 12:42:09.032000+00:00,0.7771242604599936,-0.3273882105847325,0.0,-0.949358211871775,15,0.2514288933546102
-0.14329667193538376,2025-02-27 12:43:09.027000+00:00,0.6072598546880135,-0.39117197633055145,0.0,-0.949358211871775,24,-0.32918888560688697
-0.14329667193538376,2025-02-27 12:44:09.029000+00:00,0.6072598546880135,-0.3273882105847325,0.0,-0.9302379100818504,11,-0.09694177402228839
-0.14329667193538376,2025-02-27 12:45:09.028000+00:00,0.6072598546880135,-0.3273882105847325,0.0,-0.9302379100818504,5,-1.1420537761529832
-0.14329667193538376,2025-02-27 12:46:09.030000+00:00,0.6072598546880135,-0.39117197633055145,0.0,-0.9302379100818504,26,-0.5614359971914861
-0.14329667193538376,2025-02-27 12:47:09.029000+00:00,0.6072598546880135,-0.45495574207637035,0.0,-0.9302379100818504,18,-0.5614359971914861
-0.06821379522889436,2025-02-27 12:48:09.025000+00:00,0.6072598546880135,-0.3273882105847325,0.0,-0.8919973065020017,358,-1.6065479993221807
-0.06821379522889436,2025-02-27 12:49:09.033000+00:00,0.6072598546880135,-0.3273882105847325,0.0,-0.8919973065020017,39,-0.09694177402228839
-0.06821379522889436,2025-02-27 12:50:09.032000+00:00,0.6072598546880135,-0.19982067909316717,0.0,-0.9111176082919258,40,0.019181781770011154
-0.06821379522889436,2025-02-27 12:51:09.034000+00:00,0.6072598546880135,-0.0722531476015293,0.0,-0.9302379100818504,20,-0.09694177402228839
-0.06821379522889436,2025-02-27 12:52:09.034000+00:00,0.7771242604599936,-0.008469381855710369,0.0,-0.9302379100818504,70,-0.5614359971914861
-0.06821379522889436,2025-02-27 12:53:09.034000+00:00,0.7771242604599936,-0.0722531476015293,0.0,-0.9302379100818504,355,-0.9098066645683841
-0.06821379522889436,2025-02-27 12:54:09.036000+00:00,0.7771242604599936,-0.0722531476015293,0.0,-0.9302379100818504,29,-1.2581773319452825
-0.14329667193538376,2025-02-27 12:55:09.036000+00:00,0.7771242604599936,-0.008469381855710369,0.0,-0.949358211871775,35,-0.9098066645683841
-0.14329667193538376,2025-02-27 12:56:09.038000+00:00,0.7771242604599936,-0.008469381855710369,0.0,-0.949358211871775,38,-0.9098066645683841
-0.06821379522889436,2025-02-27 12:57:09.037000+00:00,0.7771242604599936,-0.008469381855710369,0.0,-0.949358211871775,20,-0.5614359971914861
-0.14329667193538376,2025-02-27 12:58:09.038000+00:00,0.7771242604599936,0.05531438389010856,0.0,-0.949358211871775,49,-0.6775595529837853
-0.06821379522889436,2025-02-27 12:59:09.039000+00:00,0.7771242604599936,-0.008469381855710369,0.0,-0.949358211871775,41,-1.374300887737582
-0.14329667193538376,2025-02-27 13:00:09.040000+00:00,0.7771242604599936,-0.008469381855710369,0.0,-0.9302379100818504,28,-0.6775595529837853
-0.14329667193538376,2025-02-27 13:01:09.041000+00:00,0.7771242604599936,0.05531438389010856,0.0,-0.949358211871775,1,-0.9098066645683841
-0.14329667193538376,2025-02-27 13:02:09.041000+00:00,0.7771242604599936,-0.008469381855710369,0.0,-0.949358211871775,18,-0.6775595529837853
-0.14329667193538376,2025-02-27 13:03:09.041000+00:00,0.6072598546880135,-0.0722531476015293,0.0,-0.949358211871775,20,0.019181781770011154
-0.14329667193538376,2025-02-27 13:04:09.041000+00:00,0.6072598546880135,-0.0722531476015293,0.0,-0.949358211871775,12,0.019181781770011154
-0.14329667193538376,2025-02-27 13:05:09.047000+00:00,0.6072598546880135,-0.13603691334734822,0.0,-0.949358211871775,19,-0.09694177402228839
-0.14329667193538376,2025-02-27 13:06:09.043000+00:00,0.6072598546880135,-0.13603691334734822,0.0,-0.949358211871775,9,-0.2130653298145874
-0.21837954864187317,2025-02-27 13:07:09.047000+00:00,0.6072598546880135,-0.19982067909316717,0.0,-0.949358211871775,35,0.9481702281084069
-0.21837954864187317,2025-02-27 13:08:09.046000+00:00,0.6072598546880135,-0.13603691334734822,0.0,-0.949358211871775,27,-0.5614359971914861
-0.21837954864187317,2025-02-27 13:09:09.046000+00:00,0.7771242604599936,-0.13603691334734822,0.0,-0.949358211871775,20,-0.6775595529837853
-0.21837954864187317,2025-02-27 13:10:09.045000+00:00,0.6072598546880135,-0.19982067909316717,0.0,-0.949358211871775,39,0.4836760049392088
-0.21837954864187317,2025-02-27 13:11:09.046000+00:00,0.43739544891603327,-0.19982067909316717,0.0,-0.9684785136616991,8,0.019181781770011154
-0.21837954864187317,2025-02-27 13:12:09.047000+00:00,0.43739544891603327,-0.19982067909316717,0.0,-0.9684785136616991,16,-0.7936831087760848
-0.21837954864187317,2025-02-27 13:13:09.050000+00:00,0.6072598546880135,-0.19982067909316717,0.0,-0.9684785136616991,9,0.2514288933546102
-0.21837954864187317,2025-02-27 13:14:09.050000+00:00,0.6072598546880135,-0.13603691334734822,0.0,-0.9875988154516238,17,-0.2130653298145874
-0.21837954864187317,2025-02-27 13:15:09.051000+00:00,0.7771242604599936,-0.0722531476015293,0.0,-0.9875988154516238,25,-0.7936831087760848
-0.21837954864187317,2025-02-27 13:16:09.053000+00:00,0.7771242604599936,-0.13603691334734822,0.0,-0.9875988154516238,24,-0.09694177402228839
-0.21837954864187317,2025-02-27 13:17:09.051000+00:00,0.7771242604599936,-0.0722531476015293,0.0,-0.9875988154516238,59,-0.5614359971914861
-0.21837954864187317,2025-02-27 13:18:09.051000+00:00,0.7771242604599936,-0.13603691334734822,0.0,-0.9875988154516238,359,-0.32918888560688697
-0.21837954864187317,2025-02-27 13:19:09.060000+00:00,0.9469886662319739,-0.0722531476015293,0.0,-0.9875988154516238,351,-0.6775595529837853
-0.2934624253483626,2025-02-27 13:20:09.055000+00:00,0.9469886662319739,-0.13603691334734822,0.0,-0.9875988154516238,21,-0.5614359971914861
-0.2934624253483626,2025-02-27 13:21:09.053000+00:00,0.7771242604599936,-0.0722531476015293,0.0,-0.9875988154516238,4,0.019181781770011154
-0.2934624253483626,2025-02-27 13:22:09.054000+00:00,0.7771242604599936,-0.13603691334734822,0.0,-0.9875988154516238,11,-0.09694177402228839
-0.2934624253483626,2025-02-27 13:23:09.061000+00:00,0.7771242604599936,-0.19982067909316717,0.0,-0.9875988154516238,25,0.36755244914690977
-0.2934624253483626,2025-02-27 13:24:09.058000+00:00,0.7771242604599936,-0.19982067909316717,0.0,-1.0067191172415477,32,0.4836760049392088
-0.36854530205485336,2025-02-27 13:25:09.058000+00:00,0.7771242604599936,-0.19982067909316717,0.0,-1.0067191172415477,33,0.2514288933546102
-0.36854530205485336,2025-02-27 13:26:09.062000+00:00,0.7771242604599936,-0.19982067909316717,0.0,-1.0449597208213972,43,0.5997995607315083
-0.44362817876134275,2025-02-27 13:27:09.059000+00:00,0.7771242604599936,-0.19982067909316717,0.0,-1.0449597208213972,40,-0.44531244139918646
-0.5937939321743216,2025-02-27 13:41:09.068000+00:00,1.2867174777759343,0.3104494468733118,0.0,-1.1596815315609432,17,-0.09694177402228839
-0.5937939321743216,2025-02-27 13:42:09.068000+00:00,1.2867174777759343,0.24666568112749285,0.0,-1.1405612297710193,11,0.4836760049392088
-0.5937939321743216,2025-02-27 13:43:09.070000+00:00,1.116853072003954,0.24666568112749285,0.0,-1.1405612297710193,27,0.36755244914690977
-0.5937939321743216,2025-02-27 13:44:09.075000+00:00,0.9469886662319739,0.24666568112749285,0.0,-1.1405612297710193,14,0.2514288933546102
-0.5937939321743216,2025-02-27 13:45:09.072000+00:00,0.9469886662319739,0.1828819153816739,0.0,-1.1405612297710193,6,0.1353053375623107
-0.668876808880811,2025-02-27 13:46:09.071000+00:00,0.9469886662319739,0.11909814963585498,0.0,-1.1405612297710193,27,-0.44531244139918646
-0.668876808880811,2025-02-27 13:47:09.071000+00:00,0.7771242604599936,0.05531438389010856,0.0,-1.1405612297710193,22,-0.32918888560688697
-0.668876808880811,2025-02-27 13:48:09.071000+00:00,0.7771242604599936,0.05531438389010856,0.0,-1.1405612297710193,23,0.8320466723161074
-0.668876808880811,2025-02-27 13:49:09.074000+00:00,0.7771242604599936,0.05531438389010856,0.0,-1.1405612297710193,13,0.36755244914690977
-0.7439596855873017,2025-02-27 13:50:09.072000+00:00,0.7771242604599936,-0.008469381855710369,0.0,-1.1214409279810946,6,0.019181781770011154
-0.668876808880811,2025-02-27 13:51:09.075000+00:00,0.7771242604599936,0.05531438389010856,0.0,-1.1405612297710193,13,0.019181781770011154
-0.668876808880811,2025-02-27 13:52:09.075000+00:00,0.7771242604599936,-0.008469381855710369,0.0,-1.1405612297710193,10,-0.2130653298145874
-0.668876808880811,2025-02-27 13:53:09.075000+00:00,0.9469886662319739,0.05531438389010856,0.0,-1.1405612297710193,9,-0.2130653298145874
-0.7439596855873017,2025-02-27 13:54:09.078000+00:00,0.9469886662319739,0.05531438389010856,0.0,-1.1405612297710193,26,-0.32918888560688697
-0.7439596855873017,2025-02-27 13:55:09.076000+00:00,1.116853072003954,0.11909814963585498,0.0,-1.1214409279810946,34,-0.09694177402228839
-0.8190425622937911,2025-02-27 14:03:09.082000+00:00,1.6264462893198948,0.11909814963585498,0.0,-1.1788018333508679,31,-0.9098066645683841
-0.8190425622937911,2025-02-27 14:04:09.096000+00:00,1.4565818835479145,0.11909814963585498,0.0,-1.1788018333508679,52,-1.0259302203606837
-0.8190425622937911,2025-02-27 14:05:09.083000+00:00,1.4565818835479145,0.05531438389010856,0.0,-1.1788018333508679,47,-0.32918888560688697
-0.8190425622937911,2025-02-27 14:06:09.092000+00:00,1.2867174777759343,0.05531438389010856,0.0,-1.1788018333508679,37,-0.6775595529837853
-0.8190425622937911,2025-02-27 14:07:09.087000+00:00,1.2867174777759343,0.1828819153816739,0.0,-1.1788018333508679,29,-0.6775595529837853
-0.8190425622937911,2025-02-27 14:08:09.085000+00:00,1.2867174777759343,0.11909814963585498,0.0,-1.1596815315609432,15,-0.44531244139918646
-0.8190425622937911,2025-02-27 14:09:09.085000+00:00,1.116853072003954,0.11909814963585498,0.0,-1.1596815315609432,53,0.019181781770011154
-0.8190425622937911,2025-02-27 14:10:09.088000+00:00,1.116853072003954,0.1828819153816739,0.0,-1.1596815315609432,68,-1.0259302203606837
-0.8190425622937911,2025-02-27 14:11:09.089000+00:00,0.9469886662319739,0.11909814963585498,0.0,-1.1788018333508679,42,-0.2130653298145874
-0.8190425622937911,2025-02-27 14:12:09.088000+00:00,0.9469886662319739,0.24666568112749285,0.0,-1.1788018333508679,36,0.019181781770011154
-0.8190425622937911,2025-02-27 14:13:09.090000+00:00,0.9469886662319739,0.3104494468733118,0.0,-1.1788018333508679,36,-0.5614359971914861
-0.8190425622937911,2025-02-27 14:14:09.091000+00:00,0.9469886662319739,0.3742332126191307,0.0,-1.1788018333508679,59,-0.32918888560688697
-0.8190425622937911,2025-02-27 14:15:09.090000+00:00,0.9469886662319739,0.3742332126191307,0.0,-1.1596815315609432,30,-0.2130653298145874
-0.8190425622937911,2025-02-27 14:16:09.091000+00:00,0.9469886662319739,0.24666568112749285,0.0,-1.1788018333508679,25,-0.7936831087760848
-0.8190425622937911,2025-02-27 14:17:09.092000+00:00,1.116853072003954,0.24666568112749285,0.0,-1.1788018333508679,50,-0.09694177402228839
-0.7439596855873017,2025-02-27 14:18:09.092000+00:00,1.116853072003954,0.1828819153816739,0.0,-1.1788018333508679,55,-1.2581773319452825
-0.7439596855873017,2025-02-27 14:19:09.094000+00:00,1.2867174777759343,0.11909814963585498,0.0,-1.1596815315609432,36,-0.5614359971914861
-0.8190425622937911,2025-02-27 14:20:09.095000+00:00,1.2867174777759343,0.1828819153816739,0.0,-1.1596815315609432,19,-1.1420537761529832
-0.8190425622937911,2025-02-27 14:21:09.101000+00:00,1.2867174777759343,0.11909814963585498,0.0,-1.1788018333508679,14,-1.374300887737582
-0.8190425622937911,2025-02-27 14:22:09.100000+00:00,1.4565818835479145,0.1828819153816739,0.0,-1.1788018333508679,14,-0.7936831087760848
-0.8190425622937911,2025-02-27 14:23:09.100000+00:00,1.4565818835479145,0.05531438389010856,0.0,-1.1596815315609432,17,-0.7936831087760848
-0.8190425622937911,2025-02-27 14:24:09.096000+00:00,1.4565818835479145,0.05531438389010856,0.0,-1.1788018333508679,81,-1.1420537761529832
-0.8190425622937911,2025-02-27 14:25:09.101000+00:00,1.4565818835479145,-0.008469381855710369,0.0,-1.1788018333508679,24,-0.9098066645683841
-0.8190425622937911,2025-02-27 14:26:09.100000+00:00,1.6264462893198948,0.05531438389010856,0.0,-1.1788018333508679,91,-0.09694177402228839
-0.8190425622937911,2025-02-27 14:27:09.099000+00:00,1.6264462893198948,-0.008469381855710369,0.0,-1.1788018333508679,73,-1.7226715551144804
-0.8190425622937911,2025-02-27 14:28:09.100000+00:00,1.6264462893198948,-0.008469381855710369,0.0,-1.1596815315609432,62,-1.1420537761529832
-0.8190425622937911,2025-02-27 14:29:09.106000+00:00,1.6264462893198948,-0.008469381855710369,0.0,-1.1596815315609432,57,-0.6775595529837853
-0.8190425622937911,2025-02-27 14:30:09.105000+00:00,1.6264462893198948,-0.0722531476015293,0.0,-1.1788018333508679,38,-1.1420537761529832
-0.8190425622937911,2025-02-27 14:31:09.109000+00:00,1.6264462893198948,-0.0722531476015293,0.0,-1.1788018333508679,72,-1.2581773319452825
-0.8190425622937911,2025-02-27 14:32:09.102000+00:00,1.6264462893198948,-0.0722531476015293,0.0,-1.1788018333508679,38,-2.0710422224913785
-0.8190425622937911,2025-02-27 14:33:09.110000+00:00,1.6264462893198948,-0.0722531476015293,0.0,-1.1788018333508679,350,-1.1420537761529832
-0.8190425622937911,2025-02-27 14:34:09.103000+00:00,1.6264462893198948,-0.0722531476015293,0.0,-1.1788018333508679,1,-1.0259302203606837
-0.8190425622937911,2025-02-27 14:35:09.105000+00:00,1.7963106950918748,0.05531438389010856,0.0,-1.1788018333508679,45,-0.7936831087760848
-0.8190425622937911,2025-02-27 14:36:09.106000+00:00,1.7963106950918748,0.05531438389010856,0.0,-1.1788018333508679,7,-1.374300887737582
-0.8190425622937911,2025-02-27 14:37:09.113000+00:00,1.7963106950918748,-0.008469381855710369,0.0,-1.1596815315609432,92,-0.9098066645683841
-0.8190425622937911,2025-02-27 14:38:09.106000+00:00,1.7963106950918748,-0.008469381855710369,0.0,-1.1788018333508679,53,-0.7936831087760848
-0.8190425622937911,2025-02-27 14:39:09.111000+00:00,1.7963106950918748,-0.0722531476015293,0.0,-1.1979221351407918,19,-0.44531244139918646
-0.8190425622937911,2025-02-27 14:40:09.112000+00:00,1.7963106950918748,0.05531438389010856,0.0,-1.1979221351407918,57,-0.9098066645683841
-0.8190425622937911,2025-02-27 14:41:09.112000+00:00,1.7963106950918748,-0.008469381855710369,0.0,-1.2170424369307167,15,-0.2130653298145874
-0.8190425622937911,2025-02-27 14:42:09.109000+00:00,1.7963106950918748,0.05531438389010856,0.0,-1.2170424369307167,73,-0.5614359971914861
-0.8190425622937911,2025-02-27 14:43:09.112000+00:00,1.7963106950918748,-0.008469381855710369,0.0,-1.1979221351407918,17,-0.7936831087760848
-0.8190425622937911,2025-02-27 14:44:09.110000+00:00,1.7963106950918748,0.05531438389010856,0.0,-1.1979221351407918,10,-0.9098066645683841
-0.8941254390002805,2025-02-27 14:45:09.111000+00:00,1.7963106950918748,0.05531438389010856,0.0,-1.1979221351407918,28,-1.374300887737582
-0.8190425622937911,2025-02-27 14:46:09.111000+00:00,1.7963106950918748,0.11909814963585498,0.0,-1.2170424369307167,68,-1.1420537761529832
-0.8190425622937911,2025-02-27 14:47:09.112000+00:00,1.7963106950918748,0.11909814963585498,0.0,-1.2170424369307167,26,-1.2581773319452825
-0.8941254390002805,2025-02-27 14:48:09.113000+00:00,1.966175100863855,0.1828819153816739,0.0,-1.1979221351407918,66,-1.7226715551144804
-0.8190425622937911,2025-02-27 14:49:09.115000+00:00,1.7963106950918748,0.11909814963585498,0.0,-1.1979221351407918,48,-1.0259302203606837
-0.8190425622937911,2025-02-27 14:50:09.113000+00:00,1.7963106950918748,0.11909814963585498,0.0,-1.1979221351407918,15,-0.7936831087760848
-0.8190425622937911,2025-02-27 14:51:09.115000+00:00,1.7963106950918748,0.05531438389010856,0.0,-1.2170424369307167,35,-1.1420537761529832
-0.8190425622937911,2025-02-27 14:52:09.117000+00:00,1.7963106950918748,-0.008469381855710369,0.0,-1.2170424369307167,9,-1.0259302203606837
-0.8941254390002805,2025-02-27 14:53:09.118000+00:00,1.7963106950918748,-0.008469381855710369,0.0,-1.2170424369307167,37,-1.374300887737582
-0.8941254390002805,2025-02-27 14:54:09.117000+00:00,1.7963106950918748,0.05531438389010856,0.0,-1.1979221351407918,35,-1.1420537761529832
-0.8941254390002805,2025-02-27 14:55:09.118000+00:00,1.7963106950918748,0.05531438389010856,0.0,-1.2170424369307167,28,-1.0259302203606837
-0.8941254390002805,2025-02-27 14:56:09.118000+00:00,1.7963106950918748,0.1828819153816739,0.0,-1.2170424369307167,12,-1.8387951109067797
-0.8941254390002805,2025-02-27 14:57:09.118000+00:00,1.7963106950918748,0.1828819153816739,0.0,-1.2170424369307167,12,-1.0259302203606837
-0.8190425622937911,2025-02-27 14:58:09.120000+00:00,1.7963106950918748,0.24666568112749285,0.0,-1.2170424369307167,70,-1.6065479993221807
-0.8190425622937911,2025-02-27 14:59:09.120000+00:00,1.7963106950918748,0.24666568112749285,0.0,-1.2170424369307167,72,-1.374300887737582
-0.8190425622937911,2025-02-27 15:00:09.121000+00:00,1.7963106950918748,0.24666568112749285,0.0,-1.2170424369307167,3,-1.4904244435298812
-0.8190425622937911,2025-02-27 15:01:09.170000+00:00,1.6264462893198948,0.24666568112749285,0.0,-1.2170424369307167,46,-1.4904244435298812
-0.8190425622937911,2025-02-27 15:02:09.171000+00:00,1.6264462893198948,0.1828819153816739,0.0,-1.2170424369307167,52,-1.2581773319452825
-0.8190425622937911,2025-02-27 15:03:09.170000+00:00,1.6264462893198948,0.24666568112749285,0.0,-1.2170424369307167,81,-1.0259302203606837
-0.8190425622937911,2025-02-27 15:04:09.170000+00:00,1.7963106950918748,0.24666568112749285,0.0,-1.2170424369307167,134,-1.374300887737582
-0.8190425622937911,2025-02-27 15:05:09.173000+00:00,1.7963106950918748,0.24666568112749285,0.0,-1.2170424369307167,83,-2.0710422224913785
-0.8190425622937911,2025-02-27 15:06:09.175000+00:00,1.7963106950918748,0.3104494468733118,0.0,-1.2170424369307167,95,-2.0710422224913785
-0.8190425622937911,2025-02-27 15:07:09.172000+00:00,1.7963106950918748,0.24666568112749285,0.0,-1.2170424369307167,88,-1.2581773319452825
-0.8190425622937911,2025-02-27 15:08:09.174000+00:00,1.7963106950918748,0.3742332126191307,0.0,-1.2170424369307167,63,-1.6065479993221807
-0.8190425622937911,2025-02-27 15:09:09.182000+00:00,1.7963106950918748,0.3742332126191307,0.0,-1.2170424369307167,46,-1.2581773319452825
-0.8190425622937911,2025-02-27 15:10:09.175000+00:00,1.6264462893198948,0.43801697836487713,0.0,-1.1979221351407918,69,-0.6775595529837853
-0.8190425622937911,2025-02-27 15:11:09.180000+00:00,1.6264462893198948,0.43801697836487713,0.0,-1.1979221351407918,40,-0.32918888560688697
-0.8190425622937911,2025-02-27 15:12:09.179000+00:00,1.6264462893198948,0.5018007441106961,0.0,-1.2170424369307167,60,-0.9098066645683841
-0.8190425622937911,2025-02-27 15:13:09.178000+00:00,1.4565818835479145,0.43801697836487713,0.0,-1.2170424369307167,44,-1.0259302203606837
-0.8190425622937911,2025-02-27 15:14:09.179000+00:00,1.4565818835479145,0.43801697836487713,0.0,-1.2170424369307167,27,-0.44531244139918646
-0.7439596855873017,2025-02-27 15:15:09.178000+00:00,1.4565818835479145,0.43801697836487713,0.0,-1.2170424369307167,66,-0.32918888560688697
-0.7439596855873017,2025-02-27 15:16:09.199000+00:00,1.6264462893198948,0.3742332126191307,0.0,-1.2170424369307167,36,-0.9098066645683841
-0.7439596855873017,2025-02-27 15:17:09.213000+00:00,1.6264462893198948,0.3104494468733118,0.0,-1.2170424369307167,67,0.7159231165238079
-0.7439596855873017,2025-02-27 15:18:09.212000+00:00,1.6264462893198948,0.3742332126191307,0.0,-1.2361627387206413,15,-0.6775595529837853
-0.8190425622937911,2025-02-27 15:19:09.228000+00:00,1.6264462893198948,0.43801697836487713,0.0,-1.2170424369307167,54,-1.0259302203606837
-0.8190425622937911,2025-02-27 15:20:09.229000+00:00,1.6264462893198948,0.5018007441106961,0.0,-1.2170424369307167,70,-1.1420537761529832
-0.8190425622937911,2025-02-27 15:21:09.229000+00:00,1.6264462893198948,0.5018007441106961,0.0,-1.2361627387206413,56,-0.32918888560688697
-0.8190425622937911,2025-02-27 15:22:09.231000+00:00,1.6264462893198948,0.565584509856515,0.0,-1.2361627387206413,356,0.36755244914690977
-0.8190425622937911,2025-02-27 15:23:09.231000+00:00,1.6264462893198948,0.565584509856515,0.0,-1.2361627387206413,26,-0.44531244139918646
-0.8190425622937911,2025-02-27 15:24:09.232000+00:00,1.6264462893198948,0.565584509856515,0.0,-1.2361627387206413,40,-0.32918888560688697
-0.8190425622937911,2025-02-27 15:25:09.253000+00:00,1.6264462893198948,0.565584509856515,0.0,-1.2170424369307167,75,-0.6775595529837853
-0.8190425622937911,2025-02-27 15:26:09.248000+00:00,1.6264462893198948,0.43801697836487713,0.0,-1.2361627387206413,48,-0.5614359971914861
-0.8190425622937911,2025-02-27 15:27:09.248000+00:00,1.6264462893198948,0.5018007441106961,0.0,-1.2361627387206413,24,-0.6775595529837853
-0.8190425622937911,2025-02-27 15:28:09.266000+00:00,1.6264462893198948,0.43801697836487713,0.0,-1.2361627387206413,28,-0.5614359971914861
-0.8190425622937911,2025-02-27 15:29:09.269000+00:00,1.6264462893198948,0.3742332126191307,0.0,-1.2361627387206413,61,-1.0259302203606837
-0.8941254390002805,2025-02-27 15:30:09.267000+00:00,1.6264462893198948,0.43801697836487713,0.0,-1.2361627387206413,22,-1.6065479993221807
-0.8941254390002805,2025-02-27 15:31:09.268000+00:00,1.4565818835479145,0.43801697836487713,0.0,-1.2552830405105653,31,-1.1420537761529832
-0.8941254390002805,2025-02-27 15:32:09.267000+00:00,1.4565818835479145,0.3742332126191307,0.0,-1.2552830405105653,69,-1.7226715551144804
-0.8941254390002805,2025-02-27 15:33:09.269000+00:00,1.4565818835479145,0.43801697836487713,0.0,-1.2552830405105653,60,-0.9098066645683841
-0.8941254390002805,2025-02-27 15:34:09.270000+00:00,1.4565818835479145,0.565584509856515,0.0,-1.2552830405105653,68,-1.1420537761529832
-0.96920831570677,2025-02-27 15:35:09.271000+00:00,1.4565818835479145,0.565584509856515,0.0,-1.27440334230049,36,-1.6065479993221807
-0.96920831570677,2025-02-27 15:36:09.271000+00:00,1.4565818835479145,0.565584509856515,0.0,-1.27440334230049,68,-0.32918888560688697
-0.96920831570677,2025-02-27 15:37:09.273000+00:00,1.2867174777759343,0.5018007441106961,0.0,-1.27440334230049,58,-0.7936831087760848
-0.96920831570677,2025-02-27 15:38:09.273000+00:00,1.2867174777759343,0.3742332126191307,0.0,-1.2552830405105653,25,-1.0259302203606837
-0.96920831570677,2025-02-27 15:39:09.264000+00:00,1.2867174777759343,0.24666568112749285,0.0,-1.2552830405105653,40,-0.44531244139918646
-0.96920831570677,2025-02-27 15:40:09.276000+00:00,1.2867174777759343,0.11909814963585498,0.0,-1.2552830405105653,27,-1.0259302203606837
-0.96920831570677,2025-02-27 15:41:09.274000+00:00,1.2867174777759343,0.11909814963585498,0.0,-1.27440334230049,39,-0.32918888560688697
-0.96920831570677,2025-02-27 15:42:09.275000+00:00,1.2867174777759343,0.1828819153816739,0.0,-1.27440334230049,51,-0.6775595529837853
-0.96920831570677,2025-02-27 15:43:09.277000+00:00,1.2867174777759343,0.1828819153816739,0.0,-1.2935236440904139,10,-1.1420537761529832
-0.96920831570677,2025-02-27 15:44:09.281000+00:00,1.2867174777759343,0.24666568112749285,0.0,-1.2935236440904139,22,-1.374300887737582
-0.96920831570677,2025-02-27 15:45:09.277000+00:00,1.2867174777759343,0.3104494468733118,0.0,-1.2935236440904139,6,-1.2581773319452825
-0.96920831570677,2025-02-27 15:46:09.278000+00:00,1.2867174777759343,0.24666568112749285,0.0,-1.3126439458803387,44,-1.2581773319452825
-1.0442911924132594,2025-02-27 15:47:09.278000+00:00,1.2867174777759343,0.3104494468733118,0.0,-1.3126439458803387,41,-1.2581773319452825
-1.0442911924132594,2025-02-27 15:48:09.281000+00:00,1.2867174777759343,0.3104494468733118,0.0,-1.3126439458803387,32,-1.4904244435298812
-1.0442911924132594,2025-02-27 15:49:09.282000+00:00,1.2867174777759343,0.3742332126191307,0.0,-1.331764247670263,76,-1.374300887737582
-1.0442911924132594,2025-02-27 15:50:09.284000+00:00,1.116853072003954,0.3742332126191307,0.0,-1.331764247670263,31,-0.9098066645683841
-1.0442911924132594,2025-02-27 15:51:09.281000+00:00,1.116853072003954,0.3742332126191307,0.0,-1.331764247670263,54,-0.7936831087760848
-1.0442911924132594,2025-02-27 15:52:09.284000+00:00,1.116853072003954,0.24666568112749285,0.0,-1.331764247670263,47,-0.9098066645683841
-1.0442911924132594,2025-02-27 15:53:09.284000+00:00,1.116853072003954,0.3104494468733118,0.0,-1.3508845494601873,8,-0.5614359971914861
-1.0442911924132594,2025-02-27 15:54:09.285000+00:00,1.116853072003954,0.3104494468733118,0.0,-1.3508845494601873,49,-1.7226715551144804
-1.0442911924132594,2025-02-27 15:55:09.285000+00:00,1.116853072003954,0.3742332126191307,0.0,-1.3508845494601873,77,-1.2581773319452825
-1.0442911924132594,2025-02-27 15:56:09.285000+00:00,1.2867174777759343,0.3104494468733118,0.0,-1.3508845494601873,21,-1.7226715551144804
-1.0442911924132594,2025-02-27 15:57:09.286000+00:00,1.116853072003954,0.3104494468733118,0.0,-1.3508845494601873,8,-1.7226715551144804
-1.0442911924132594,2025-02-27 15:58:09.285000+00:00,1.116853072003954,0.24666568112749285,0.0,-1.3508845494601873,0,-1.0259302203606837
-1.0442911924132594,2025-02-27 15:59:09.287000+00:00,1.116853072003954,0.3104494468733118,0.0,-1.3508845494601873,38,-1.7226715551144804
-1.1193740691197502,2025-02-27 16:00:09.287000+00:00,1.116853072003954,0.3104494468733118,0.0,-1.3508845494601873,46,-1.374300887737582
-1.1193740691197502,2025-02-27 16:01:09.288000+00:00,1.116853072003954,0.3742332126191307,0.0,-1.3508845494601873,51,-1.1420537761529832
-1.1193740691197502,2025-02-27 16:02:09.291000+00:00,1.116853072003954,0.3104494468733118,0.0,-1.370004851250112,39,-1.4904244435298812
-1.1944569458262395,2025-02-27 16:03:09.296000+00:00,1.116853072003954,0.24666568112749285,0.0,-1.370004851250112,40,-1.1420537761529832
-1.1193740691197502,2025-02-27 16:04:09.291000+00:00,1.116853072003954,0.1828819153816739,0.0,-1.3891251530400364,30,-0.7936831087760848
-1.1944569458262395,2025-02-27 16:05:09.292000+00:00,1.116853072003954,0.1828819153816739,0.0,-1.3891251530400364,58,-1.2581773319452825
-1.1944569458262395,2025-02-27 16:06:09.296000+00:00,1.116853072003954,0.24666568112749285,0.0,-1.3891251530400364,98,-0.9098066645683841
-1.1944569458262395,2025-02-27 16:07:09.293000+00:00,1.116853072003954,0.3104494468733118,0.0,-1.3891251530400364,7,-1.1420537761529832
0.3072005883035554,2025-02-28 06:45:13.153000+00:00,1.116853072003954,0.7569358070938993,0.0,0.17873959373376563,40,-0.6775595529837853
0.45736634171653423,2025-02-28 06:46:13.143000+00:00,0.7771242604599936,0.6931520413481528,0.0,0.236100499103539,19,-0.09694177402228839
0.5324492184230223,2025-02-28 06:47:13.151000+00:00,0.6072598546880135,0.6931520413481528,0.0,0.3508223098430851,47,0.019181781770011154
0.607532095129513,2025-02-28 06:48:13.153000+00:00,0.43739544891603327,0.6931520413481528,0.0,0.3699426116330098,32,-0.6775595529837853
0.607532095129513,2025-02-28 06:49:13.153000+00:00,0.267531043144053,0.6293682756023339,0.0,0.38906291342293375,30,-0.09694177402228839
0.607532095129513,2025-02-28 06:50:13.155000+00:00,0.267531043144053,0.6931520413481528,0.0,0.3699426116330098,80,-0.09694177402228839
0.607532095129513,2025-02-28 06:51:13.158000+00:00,0.43739544891603327,0.6931520413481528,0.0,0.255220800893463,353,-0.32918888560688697
0.607532095129513,2025-02-28 06:52:13.156000+00:00,0.43739544891603327,0.6931520413481528,0.0,0.17873959373376563,40,-1.1420537761529832
0.6826149718360038,2025-02-28 06:53:13.156000+00:00,0.43739544891603327,0.7569358070938993,0.0,0.17873959373376563,54,-0.44531244139918646
0.6826149718360038,2025-02-28 06:54:13.157000+00:00,0.43739544891603327,0.6931520413481528,0.0,0.236100499103539,42,-1.0259302203606837
0.6826149718360038,2025-02-28 06:55:13.159000+00:00,0.267531043144053,0.6293682756023339,0.0,0.3125817062632364,33,-0.5614359971914861
0.7576978485424919,2025-02-28 06:56:13.158000+00:00,0.267531043144053,0.6293682756023339,0.0,0.3699426116330098,33,-0.7936831087760848
0.7576978485424919,2025-02-28 06:57:13.158000+00:00,0.267531043144053,0.6931520413481528,0.0,0.38906291342293375,57,0.8320466723161074
0.7576978485424919,2025-02-28 06:58:13.163000+00:00,0.267531043144053,0.6293682756023339,0.0,0.40818321521285844,57,0.5997995607315083
0.6826149718360038,2025-02-28 06:59:13.161000+00:00,0.43739544891603327,0.565584509856515,0.0,0.42730351700278313,61,0.36755244914690977
0.8327807252489826,2025-02-28 07:00:13.161000+00:00,0.43739544891603327,0.6293682756023339,0.0,0.5037847241624805,56,-0.44531244139918646
0.8327807252489826,2025-02-28 07:01:13.161000+00:00,0.267531043144053,0.6293682756023339,0.0,0.5229050259524052,15,-0.32918888560688697
0.8327807252489826,2025-02-28 07:02:13.163000+00:00,0.09766663737207283,0.5018007441106961,0.0,0.5420253277423293,23,-0.32918888560688697
0.8327807252489826,2025-02-28 07:03:13.162000+00:00,0.267531043144053,0.565584509856515,0.0,0.5802659313221779,32,-0.44531244139918646
0.8327807252489826,2025-02-28 07:04:13.165000+00:00,0.267531043144053,0.6293682756023339,0.0,0.5420253277423293,24,-0.32918888560688697
0.8327807252489826,2025-02-28 07:05:13.164000+00:00,0.09766663737207283,0.5018007441106961,0.0,0.5037847241624805,30,-0.6775595529837853
0.8327807252489826,2025-02-28 07:06:13.166000+00:00,0.267531043144053,0.6293682756023339,0.0,0.5037847241624805,10,-0.6775595529837853
0.8327807252489826,2025-02-28 07:07:13.167000+00:00,0.267531043144053,0.6293682756023339,0.0,0.5037847241624805,29,-0.7936831087760848
0.9829464786619615,2025-02-28 07:08:13.167000+00:00,0.09766663737207283,0.6293682756023339,0.0,0.5420253277423293,39,-0.6775595529837853
1.058029355368452,2025-02-28 07:09:13.168000+00:00,0.09766663737207283,0.565584509856515,0.0,0.6567471384818759,89,-0.5614359971914861
1.1331122320749403,2025-02-28 07:10:13.168000+00:00,-0.07219776839990738,0.565584509856515,0.0,0.6758674402718,68,-0.9098066645683841
1.208195108781431,2025-02-28 07:11:13.167000+00:00,-0.07219776839990738,0.6293682756023339,0.0,0.6567471384818759,122,-1.4904244435298812
1.1331122320749403,2025-02-28 07:12:13.168000+00:00,-0.07219776839990738,0.565584509856515,0.0,0.6376268366919513,88,-0.7936831087760848
1.208195108781431,2025-02-28 07:13:13.169000+00:00,0.09766663737207283,0.5018007441106961,0.0,0.6758674402718,79,-0.6775595529837853
1.1331122320749403,2025-02-28 07:14:13.168000+00:00,-0.07219776839990738,0.565584509856515,0.0,0.6567471384818759,14,-1.0259302203606837
1.208195108781431,2025-02-28 07:15:13.174000+00:00,0.09766663737207283,0.5018007441106961,0.0,0.6949877420617246,23,-1.0259302203606837
1.1331122320749403,2025-02-28 07:16:13.172000+00:00,-0.07219776839990738,0.5018007441106961,0.0,0.7332283456415734,59,-0.2130653298145874
1.1331122320749403,2025-02-28 07:17:13.173000+00:00,-0.07219776839990738,0.565584509856515,0.0,0.7332283456415734,72,0.019181781770011154
1.1331122320749403,2025-02-28 07:18:13.174000+00:00,-0.07219776839990738,0.565584509856515,0.0,0.7332283456415734,27,-1.1420537761529832
1.208195108781431,2025-02-28 07:19:13.171000+00:00,-0.07219776839990738,0.565584509856515,0.0,0.8097095528012714,79,-0.6775595529837853
1.1331122320749403,2025-02-28 07:20:13.173000+00:00,-0.07219776839990738,0.6293682756023339,0.0,0.8097095528012714,9,-0.6775595529837853
1.1331122320749403,2025-02-28 07:21:13.173000+00:00,-0.07219776839990738,0.6293682756023339,0.0,0.7905892510113467,24,-0.32918888560688697
1.1331122320749403,2025-02-28 07:22:13.176000+00:00,-0.07219776839990738,0.565584509856515,0.0,0.7714689492214221,58,-1.1420537761529832
1.208195108781431,2025-02-28 07:23:13.180000+00:00,-0.24206217417188758,0.565584509856515,0.0,0.7905892510113467,42,-0.5614359971914861
1.283277985487919,2025-02-28 07:24:13.175000+00:00,-0.24206217417188758,0.5018007441106961,0.0,0.7905892510113467,47,0.7159231165238079
1.208195108781431,2025-02-28 07:25:13.176000+00:00,-0.24206217417188758,0.5018007441106961,0.0,0.8097095528012714,30,-0.09694177402228839
1.208195108781431,2025-02-28 07:26:13.177000+00:00,-0.24206217417188758,0.43801697836487713,0.0,0.84795015638112,4,0.36755244914690977
1.208195108781431,2025-02-28 07:27:13.179000+00:00,-0.24206217417188758,0.43801697836487713,0.0,0.8670704581710441,4,-1.0259302203606837
1.283277985487919,2025-02-28 07:28:13.179000+00:00,-0.4119265799438678,0.43801697836487713,0.0,0.8670704581710441,61,-0.09694177402228839
1.208195108781431,2025-02-28 07:29:13.182000+00:00,-0.24206217417188758,0.5018007441106961,0.0,0.8670704581710441,41,-0.2130653298145874
1.283277985487919,2025-02-28 07:30:13.180000+00:00,-0.24206217417188758,0.565584509856515,0.0,0.8861907599609687,78,0.1353053375623107
1.208195108781431,2025-02-28 07:31:13.188000+00:00,-0.24206217417188758,0.43801697836487713,0.0,1.0009125707005155,27,-0.2130653298145874
1.208195108781431,2025-02-28 07:32:13.189000+00:00,-0.24206217417188758,0.43801697836487713,0.0,1.0009125707005155,41,-0.44531244139918646
1.283277985487919,2025-02-28 07:33:13.175000+00:00,-0.24206217417188758,0.43801697836487713,0.0,1.0009125707005155,41,-0.44531244139918646
1.1331122320749403,2025-02-28 07:34:13.187000+00:00,-0.24206217417188758,0.43801697836487713,0.0,0.9817922689105908,50,0.019181781770011154
1.058029355368452,2025-02-28 07:35:13.187000+00:00,-0.24206217417188758,0.3742332126191307,0.0,0.9817922689105908,18,-0.2130653298145874
1.058029355368452,2025-02-28 07:36:13.187000+00:00,-0.4119265799438678,0.3742332126191307,0.0,0.9817922689105908,22,0.1353053375623107
1.058029355368452,2025-02-28 07:37:13.187000+00:00,-0.4119265799438678,0.3742332126191307,0.0,1.0391531742803641,2,-1.0259302203606837
1.1331122320749403,2025-02-28 07:38:13.186000+00:00,-0.581790985715848,0.3742332126191307,0.0,1.0391531742803641,59,-0.44531244139918646
1.208195108781431,2025-02-28 07:39:13.187000+00:00,-0.4119265799438678,0.3104494468733118,0.0,0.9817922689105908,71,0.5997995607315083
1.208195108781431,2025-02-28 07:40:13.186000+00:00,-0.4119265799438678,0.3742332126191307,0.0,0.9817922689105908,351,0.2514288933546102
1.208195108781431,2025-02-28 07:41:13.189000+00:00,-0.24206217417188758,0.3104494468733118,0.0,1.0009125707005155,43,-0.2130653298145874
1.283277985487919,2025-02-28 07:42:13.190000+00:00,-0.4119265799438678,0.3742332126191307,0.0,1.0965140796501376,4,0.4836760049392088
1.3583608621944099,2025-02-28 07:43:13.189000+00:00,-0.581790985715848,0.3104494468733118,0.0,1.0965140796501376,24,-0.09694177402228839
1.3583608621944099,2025-02-28 07:44:13.194000+00:00,-0.581790985715848,0.3104494468733118,0.0,1.0965140796501376,80,-0.5614359971914861
1.283277985487919,2025-02-28 07:45:13.191000+00:00,-0.4119265799438678,0.24666568112749285,0.0,1.058273476070288,17,-0.09694177402228839
1.283277985487919,2025-02-28 07:46:13.182000+00:00,-0.4119265799438678,0.3742332126191307,0.0,1.0391531742803641,345,0.9481702281084069
1.283277985487919,2025-02-28 07:47:13.192000+00:00,-0.24206217417188758,0.3742332126191307,0.0,1.058273476070288,50,-0.2130653298145874
1.208195108781431,2025-02-28 07:48:13.193000+00:00,-0.24206217417188758,0.3104494468733118,0.0,1.077393777860213,31,0.5997995607315083
1.208195108781431,2025-02-28 07:49:13.193000+00:00,-0.24206217417188758,0.3104494468733118,0.0,1.1156343814400616,34,0.019181781770011154
1.208195108781431,2025-02-28 07:50:13.194000+00:00,-0.24206217417188758,0.3742332126191307,0.0,1.1156343814400616,68,-0.7936831087760848
1.208195108781431,2025-02-28 07:51:13.200000+00:00,-0.4119265799438678,0.3104494468733118,0.0,1.1347546832299862,23,-0.32918888560688697
1.208195108781431,2025-02-28 07:52:13.195000+00:00,-0.4119265799438678,0.3742332126191307,0.0,1.1347546832299862,60,-0.44531244139918646
1.1331122320749403,2025-02-28 07:53:13.197000+00:00,-0.4119265799438678,0.3742332126191307,0.0,1.1921155885997596,42,-0.32918888560688697
1.208195108781431,2025-02-28 07:54:13.213000+00:00,-0.4119265799438678,0.3104494468733118,0.0,1.2877170975493817,25,0.019181781770011154
1.283277985487919,2025-02-28 07:55:13.220000+00:00,-0.4119265799438678,0.3104494468733118,0.0,1.2877170975493817,348,-0.32918888560688697
1.3583608621944099,2025-02-28 07:56:13.215000+00:00,-0.4119265799438678,0.24666568112749285,0.0,1.268596795759457,33,-0.5614359971914861
1.3583608621944099,2025-02-28 07:57:13.215000+00:00,-0.4119265799438678,0.3104494468733118,0.0,1.3068373993393056,42,-0.09694177402228839
1.3583608621944099,2025-02-28 07:58:13.234000+00:00,-0.4119265799438678,0.24666568112749285,0.0,1.3068373993393056,85,0.1353053375623107
1.4334437389009007,2025-02-28 07:59:13.250000+00:00,-0.24206217417188758,0.3104494468733118,0.0,1.3068373993393056,12,0.1353053375623107
1.4334437389009007,2025-02-28 08:00:13.248000+00:00,-0.24206217417188758,0.3104494468733118,0.0,1.364198304709079,41,0.019181781770011154
1.4334437389009007,2025-02-28 08:01:13.249000+00:00,-0.24206217417188758,0.3104494468733118,0.0,1.3833186064990037,31,0.019181781770011154
1.3583608621944099,2025-02-28 08:02:13.251000+00:00,-0.581790985715848,0.24666568112749285,0.0,1.3833186064990037,22,0.7159231165238079
1.4334437389009007,2025-02-28 08:03:13.268000+00:00,-0.581790985715848,0.3104494468733118,0.0,1.3259577011292303,70,0.2514288933546102
1.3583608621944099,2025-02-28 08:04:13.284000+00:00,-0.581790985715848,0.24666568112749285,0.0,1.268596795759457,5,1.1804173396930056
1.3583608621944099,2025-02-28 08:05:13.299000+00:00,-0.4119265799438678,0.1828819153816739,0.0,1.2303561921796082,50,-0.5614359971914861
1.283277985487919,2025-02-28 08:06:13.301000+00:00,-0.24206217417188758,0.1828819153816739,0.0,1.172995286809835,31,-0.2130653298145874
1.208195108781431,2025-02-28 08:07:13.300000+00:00,-0.24206217417188758,0.24666568112749285,0.0,1.2112358903896836,27,0.2514288933546102
1.208195108781431,2025-02-28 08:08:13.308000+00:00,-0.24206217417188758,0.1828819153816739,0.0,1.2494764939695324,14,0.2514288933546102
1.283277985487919,2025-02-28 08:09:13.316000+00:00,-0.4119265799438678,0.24666568112749285,0.0,1.2494764939695324,28,-0.2130653298145874
1.283277985487919,2025-02-28 08:10:13.318000+00:00,-0.4119265799438678,0.1828819153816739,0.0,1.2494764939695324,21,-0.2130653298145874
1.283277985487919,2025-02-28 08:11:13.335000+00:00,-0.4119265799438678,0.1828819153816739,0.0,1.3259577011292303,22,-0.44531244139918646
1.3583608621944099,2025-02-28 08:12:13.338000+00:00,-0.581790985715848,0.1828819153816739,0.0,1.3259577011292303,21,0.8320466723161074
1.4334437389009007,2025-02-28 08:13:13.336000+00:00,-0.7516553914878282,0.1828819153816739,0.0,1.4789201154486258,28,0.36755244914690977
1.4334437389009007,2025-02-28 08:14:13.337000+00:00,-0.581790985715848,0.11909814963585498,0.0,1.4789201154486258,5,1.4126644512776045
1.5085266156073887,2025-02-28 08:15:13.338000+00:00,-0.581790985715848,0.1828819153816739,0.0,1.4597998136587012,23,0.2514288933546102
1.5085266156073887,2025-02-28 08:16:13.340000+00:00,-0.581790985715848,0.1828819153816739,0.0,1.4789201154486258,24,0.019181781770011154
1.5836094923138795,2025-02-28 08:17:13.339000+00:00,-0.7516553914878282,0.1828819153816739,0.0,1.4789201154486258,30,0.5997995607315083
1.6586923690203674,2025-02-28 08:18:13.348000+00:00,-0.7516553914878282,0.11909814963585498,0.0,1.3450780029191545,31,0.8320466723161074
1.5836094923138795,2025-02-28 08:19:13.343000+00:00,-0.7516553914878282,0.1828819153816739,0.0,1.3259577011292303,17,0.2514288933546102
1.5836094923138795,2025-02-28 08:20:13.342000+00:00,-0.7516553914878282,0.11909814963585498,0.0,1.268596795759457,30,-0.44531244139918646
1.5836094923138795,2025-02-28 08:21:13.344000+00:00,-0.581790985715848,0.1828819153816739,0.0,1.2494764939695324,32,-0.09694177402228839
1.5085266156073887,2025-02-28 08:22:13.347000+00:00,-0.7516553914878282,0.11909814963585498,0.0,1.2303561921796082,21,0.1353053375623107
1.5085266156073887,2025-02-28 08:23:13.344000+00:00,-0.9215197972598084,0.1828819153816739,0.0,1.2494764939695324,8,0.019181781770011154
1.5836094923138795,2025-02-28 08:24:13.344000+00:00,-0.9215197972598084,0.11909814963585498,0.0,1.3068373993393056,28,-0.2130653298145874
1.6586923690203674,2025-02-28 08:25:13.344000+00:00,-1.0913842030317886,0.05531438389010856,0.0,1.364198304709079,30,1.7610351186545026
1.7337752457268583,2025-02-28 08:26:13.347000+00:00,-1.0913842030317886,0.11909814963585498,0.0,1.4215592100788526,7,0.1353053375623107
1.7337752457268583,2025-02-28 08:27:13.348000+00:00,-1.2612486088037689,0.05531438389010856,0.0,1.4215592100788526,15,1.7610351186545026
1.808858122433349,2025-02-28 08:28:13.347000+00:00,-1.0913842030317886,0.1828819153816739,0.0,1.4597998136587012,26,0.8320466723161074
1.7337752457268583,2025-02-28 08:29:13.351000+00:00,-1.2612486088037689,-0.008469381855710369,0.0,1.4024389082889277,19,0.8320466723161074
1.6586923690203674,2025-02-28 08:30:13.350000+00:00,-1.0913842030317886,-0.008469381855710369,0.0,1.364198304709079,16,0.7159231165238079
1.6586923690203674,2025-02-28 08:31:13.350000+00:00,-1.431113014575749,-0.0722531476015293,0.0,1.3259577011292303,31,1.296540895485305
1.6586923690203674,2025-02-28 08:32:13.352000+00:00,-1.6009774203477292,-0.008469381855710369,0.0,1.3068373993393056,45,1.7610351186545026
1.6586923690203674,2025-02-28 08:33:13.352000+00:00,-1.6009774203477292,-0.0722531476015293,0.0,1.3259577011292303,26,1.064293783900706
1.6586923690203674,2025-02-28 08:34:13.353000+00:00,-1.7708418261197094,-0.008469381855710369,0.0,1.3259577011292303,356,0.7159231165238079
1.6586923690203674,2025-02-28 08:35:13.362000+00:00,-1.7708418261197094,-0.008469381855710369,0.0,1.3068373993393056,12,0.7159231165238079
1.6586923690203674,2025-02-28 08:36:13.353000+00:00,-1.7708418261197094,-0.0722531476015293,0.0,1.3450780029191545,8,0.9481702281084069
1.7337752457268583,2025-02-28 08:37:13.354000+00:00,-1.7708418261197094,-0.0722531476015293,0.0,1.4024389082889277,29,0.8320466723161074
1.7337752457268583,2025-02-28 08:38:13.354000+00:00,-1.7708418261197094,-0.19982067909316717,0.0,1.4789201154486258,61,1.9932822302391013
1.7337752457268583,2025-02-28 08:39:13.355000+00:00,-1.6009774203477292,-0.13603691334734822,0.0,1.5171607190284746,41,0.1353053375623107
1.7337752457268583,2025-02-28 08:40:13.358000+00:00,-1.6009774203477292,-0.19982067909316717,0.0,1.5362810208183986,3,0.1353053375623107
1.7337752457268583,2025-02-28 08:41:13.348000+00:00,-1.431113014575749,-0.13603691334734822,0.0,1.5745216243982478,28,1.4126644512776045
1.808858122433349,2025-02-28 08:42:13.358000+00:00,-1.2612486088037689,-0.13603691334734822,0.0,1.5554013226083232,38,2.3416528976160005
1.808858122433349,2025-02-28 08:43:13.356000+00:00,-1.0913842030317886,-0.13603691334734822,0.0,1.5171607190284746,12,2.1094057860314015
1.808858122433349,2025-02-28 08:44:13.359000+00:00,-1.431113014575749,-0.19982067909316717,0.0,1.5171607190284746,16,2.5739000092005986
1.7337752457268583,2025-02-28 08:45:13.358000+00:00,-1.431113014575749,-0.19982067909316717,0.0,1.4980404172385497,17,0.8320466723161074
1.7337752457268583,2025-02-28 08:46:13.358000+00:00,-1.6009774203477292,-0.19982067909316717,0.0,1.5171607190284746,17,1.064293783900706
1.7337752457268583,2025-02-28 08:47:13.360000+00:00,-1.6009774203477292,-0.19982067909316717,0.0,1.5171607190284746,4,1.528788007069904
1.7337752457268583,2025-02-28 08:48:13.358000+00:00,-1.6009774203477292,-0.13603691334734822,0.0,1.4980404172385497,25,1.7610351186545026
1.7337752457268583,2025-02-28 08:49:13.360000+00:00,-1.431113014575749,-0.13603691334734822,0.0,1.4980404172385497,13,1.296540895485305
1.6586923690203674,2025-02-28 08:50:13.362000+00:00,-1.6009774203477292,-0.19982067909316717,0.0,1.6127622279780967,20,0.9481702281084069
1.6586923690203674,2025-02-28 08:51:13.364000+00:00,-1.6009774203477292,-0.2636044448389136,0.0,1.6892434351377938,19,1.1804173396930056
1.7337752457268583,2025-02-28 08:52:13.365000+00:00,-1.6009774203477292,-0.19982067909316717,0.0,1.7274840387176427,26,0.5997995607315083
1.7337752457268583,2025-02-28 08:53:13.370000+00:00,-1.6009774203477292,-0.19982067909316717,0.0,1.7466043405075673,20,0.9481702281084069
1.808858122433349,2025-02-28 08:54:13.365000+00:00,-1.6009774203477292,-0.13603691334734822,0.0,1.80396524587734,12,1.7610351186545026
1.883940999139837,2025-02-28 08:55:13.365000+00:00,-1.7708418261197094,-0.19982067909316717,0.0,1.7466043405075673,16,2.4577764534082993
1.9590238758463279,2025-02-28 08:56:13.365000+00:00,-1.6009774203477292,-0.19982067909316717,0.0,1.7274840387176427,27,2.2255293418237003
1.808858122433349,2025-02-28 08:57:13.366000+00:00,-1.6009774203477292,-0.2636044448389136,0.0,1.7274840387176427,7,1.8771586744468023
1.883940999139837,2025-02-28 08:58:13.366000+00:00,-1.431113014575749,-0.3273882105847325,0.0,1.7083637369277187,17,0.9481702281084069
1.883940999139837,2025-02-28 08:59:13.389000+00:00,-1.431113014575749,-0.2636044448389136,0.0,1.7083637369277187,12,1.4126644512776045
1.808858122433349,2025-02-28 09:00:13.385000+00:00,-1.2612486088037689,-0.2636044448389136,0.0,1.7274840387176427,12,1.8771586744468023
1.7337752457268583,2025-02-28 09:01:13.386000+00:00,-1.431113014575749,-0.39117197633055145,0.0,1.7083637369277187,359,2.4577764534082993
1.808858122433349,2025-02-28 09:02:13.386000+00:00,-1.431113014575749,-0.3273882105847325,0.0,1.7083637369277187,359,2.6900235649928983
1.883940999139837,2025-02-28 09:03:13.387000+00:00,-1.431113014575749,-0.3273882105847325,0.0,1.7274840387176427,0,2.5739000092005986
1.9590238758463279,2025-02-28 09:04:13.387000+00:00,-1.6009774203477292,-0.2636044448389136,0.0,1.7848449440874168,7,2.6900235649928983
2.034106752552816,2025-02-28 09:05:13.386000+00:00,-1.7708418261197094,-0.3273882105847325,0.0,1.7848449440874168,355,2.1094057860314015
1.9590238758463279,2025-02-28 09:07:13.422000+00:00,-1.6009774203477292,-0.39117197633055145,0.0,1.8230855476672647,25,1.7610351186545026
1.9590238758463279,2025-02-28 09:08:13.436000+00:00,-1.6009774203477292,-0.39117197633055145,0.0,1.7848449440874168,12,0.2514288933546102
2.034106752552816,2025-02-28 09:09:13.439000+00:00,-1.431113014575749,-0.3273882105847325,0.0,1.7848449440874168,30,0.5997995607315083
2.034106752552816,2025-02-28 09:10:13.455000+00:00,-1.6009774203477292,-0.39117197633055145,0.0,1.7848449440874168,17,0.4836760049392088
1.9590238758463279,2025-02-28 09:11:13.473000+00:00,-1.431113014575749,-0.39117197633055145,0.0,1.80396524587734,13,0.4836760049392088
2.034106752552816,2025-02-28 09:12:13.472000+00:00,-1.6009774203477292,-0.2636044448389136,0.0,1.7848449440874168,33,0.9481702281084069
2.034106752552816,2025-02-28 09:13:13.488000+00:00,-1.7708418261197094,-0.39117197633055145,0.0,1.7848449440874168,20,1.296540895485305
2.034106752552816,2025-02-28 09:14:13.489000+00:00,-1.6009774203477292,-0.3273882105847325,0.0,1.7848449440874168,21,0.36755244914690977
2.034106752552816,2025-02-28 09:15:13.488000+00:00,-1.7708418261197094,-0.3273882105847325,0.0,1.8230855476672647,24,1.064293783900706
2.034106752552816,2025-02-28 09:16:13.505000+00:00,-1.7708418261197094,-0.39117197633055145,0.0,1.8422058494571893,28,1.644911562862203
2.034106752552816,2025-02-28 09:17:13.504000+00:00,-1.7708418261197094,-0.3273882105847325,0.0,1.8995667548269621,23,1.8771586744468023
1.9590238758463279,2025-02-28 09:18:13.505000+00:00,-1.7708418261197094,-0.3273882105847325,0.0,1.8995667548269621,345,1.296540895485305
1.9590238758463279,2025-02-28 09:19:13.508000+00:00,-1.7708418261197094,-0.39117197633055145,0.0,1.8995667548269621,16,1.064293783900706
1.883940999139837,2025-02-28 09:21:13.516000+00:00,-1.6009774203477292,-0.45495574207637035,0.0,1.80396524587734,16,1.8771586744468023
1.808858122433349,2025-02-28 09:22:13.501000+00:00,-1.6009774203477292,-0.5187395078221892,0.0,1.765724642297492,5,1.1804173396930056
1.7337752457268583,2025-02-28 09:23:13.510000+00:00,-1.431113014575749,-0.39117197633055145,0.0,1.7848449440874168,358,0.1353053375623107
1.808858122433349,2025-02-28 09:24:13.512000+00:00,-1.6009774203477292,-0.5187395078221892,0.0,1.8422058494571893,36,1.528788007069904
1.883940999139837,2025-02-28 09:25:13.513000+00:00,-1.6009774203477292,-0.45495574207637035,0.0,1.9186870566168868,28,1.4126644512776045
2.034106752552816,2025-02-28 09:26:13.517000+00:00,-1.6009774203477292,-0.5187395078221892,0.0,1.9378073584068114,24,0.1353053375623107
2.1091896292593066,2025-02-28 09:27:13.514000+00:00,-1.6009774203477292,-0.45495574207637035,0.0,1.9186870566168868,5,1.528788007069904
2.034106752552816,2025-02-28 09:28:13.515000+00:00,-1.6009774203477292,-0.5187395078221892,0.0,1.9186870566168868,26,1.528788007069904
2.034106752552816,2025-02-28 09:29:13.518000+00:00,-1.6009774203477292,-0.5187395078221892,0.0,1.9186870566168868,352,1.296540895485305
2.034106752552816,2025-02-28 09:30:13.515000+00:00,-1.6009774203477292,-0.5187395078221892,0.0,2.014288565566509,2,1.644911562862203
1.9590238758463279,2025-02-28 09:31:13.517000+00:00,-1.6009774203477292,-0.5187395078221892,0.0,1.9378073584068114,14,2.5739000092005986
1.883940999139837,2025-02-28 09:32:13.517000+00:00,-1.6009774203477292,-0.5187395078221892,0.0,1.9378073584068114,3,1.528788007069904
1.883940999139837,2025-02-28 09:33:13.518000+00:00,-1.7708418261197094,-0.6463070393137547,0.0,1.956927660196736,4,1.4126644512776045
1.883940999139837,2025-02-28 09:34:13.520000+00:00,-1.6009774203477292,-0.6463070393137547,0.0,1.956927660196736,5,2.5739000092005986
1.9590238758463279,2025-02-28 09:35:13.520000+00:00,-1.6009774203477292,-0.6463070393137547,0.0,1.8995667548269621,11,2.9222706765774977
1.9590238758463279,2025-02-28 09:36:13.519000+00:00,-1.431113014575749,-0.6463070393137547,0.0,1.8995667548269621,11,2.6900235649928983
1.883940999139837,2025-02-28 09:37:13.522000+00:00,-1.431113014575749,-0.6463070393137547,0.0,1.861326151247114,0,2.3416528976160005
1.9590238758463279,2025-02-28 09:38:13.522000+00:00,-1.431113014575749,-0.6463070393137547,0.0,1.8422058494571893,12,2.3416528976160005
1.9590238758463279,2025-02-28 09:39:13.522000+00:00,-1.2612486088037689,-0.6463070393137547,0.0,1.8422058494571893,1,2.2255293418237003
1.883940999139837,2025-02-28 09:40:13.522000+00:00,-1.431113014575749,-0.7100908050595736,0.0,1.8422058494571893,17,1.528788007069904
1.9590238758463279,2025-02-28 09:42:13.533000+00:00,-1.431113014575749,-0.6463070393137547,0.0,1.8995667548269621,14,1.7610351186545026
1.883940999139837,2025-02-28 09:43:13.524000+00:00,-1.6009774203477292,-0.6463070393137547,0.0,1.9378073584068114,17,1.528788007069904
1.9590238758463279,2025-02-28 09:44:13.525000+00:00,-1.6009774203477292,-0.6463070393137547,0.0,1.956927660196736,13,1.644911562862203
1.9590238758463279,2025-02-28 09:45:13.531000+00:00,-1.7708418261197094,-0.7738745708053925,0.0,1.956927660196736,32,2.2255293418237003
1.9590238758463279,2025-02-28 09:46:13.528000+00:00,-1.6009774203477292,-0.7100908050595736,0.0,1.8995667548269621,6,1.528788007069904
1.9590238758463279,2025-02-28 09:47:13.527000+00:00,-1.6009774203477292,-0.7738745708053925,0.0,1.8804464530370388,10,0.2514288933546102
2.034106752552816,2025-02-28 09:48:13.527000+00:00,-1.7708418261197094,-0.8376583365512115,0.0,1.9378073584068114,21,1.644911562862203
2.034106752552816,2025-02-28 09:49:13.531000+00:00,-1.7708418261197094,-0.7100908050595736,0.0,1.9951682637765842,22,1.296540895485305
2.034106752552816,2025-02-28 09:50:13.531000+00:00,-1.9407062318916897,-0.7100908050595736,0.0,1.9951682637765842,55,1.528788007069904
2.034106752552816,2025-02-28 09:51:13.530000+00:00,-1.7708418261197094,-0.7100908050595736,0.0,1.956927660196736,2,0.019181781770011154
1.9590238758463279,2025-02-28 09:52:13.533000+00:00,-1.7708418261197094,-0.7100908050595736,0.0,1.956927660196736,3,-0.09694177402228839
1.883940999139837,2025-02-28 09:53:13.527000+00:00,-1.7708418261197094,-0.6463070393137547,0.0,1.9760479619866609,50,0.1353053375623107
1.9590238758463279,2025-02-28 09:54:13.533000+00:00,-1.9407062318916897,-0.7100908050595736,0.0,1.9760479619866609,19,0.36755244914690977
1.9590238758463279,2025-02-28 09:55:13.534000+00:00,-1.9407062318916897,-0.7738745708053925,0.0,1.9760479619866609,22,1.644911562862203
1.808858122433349,2025-02-28 09:56:13.535000+00:00,-1.7708418261197094,-0.7100908050595736,0.0,1.956927660196736,35,0.7159231165238079
1.808858122433349,2025-02-28 09:57:13.537000+00:00,-1.6009774203477292,-0.8376583365512115,0.0,1.956927660196736,28,0.5997995607315083
1.808858122433349,2025-02-28 09:58:13.537000+00:00,-1.431113014575749,-0.7738745708053925,0.0,1.9951682637765842,359,-0.09694177402228839
1.808858122433349,2025-02-28 09:59:13.536000+00:00,-1.6009774203477292,-0.7738745708053925,0.0,1.9951682637765842,6,0.7159231165238079
1.808858122433349,2025-02-28 10:00:13.540000+00:00,-1.7708418261197094,-0.8376583365512115,0.0,1.9951682637765842,22,0.5997995607315083
1.883940999139837,2025-02-28 10:01:13.540000+00:00,-1.9407062318916897,-0.9014421022969579,0.0,2.0334088673564334,16,2.2255293418237003
1.883940999139837,2025-02-28 10:03:13.557000+00:00,-1.6009774203477292,-0.7738745708053925,0.0,1.9186870566168868,27,1.9932822302391013
1.808858122433349,2025-02-28 10:04:13.573000+00:00,-1.431113014575749,-0.8376583365512115,0.0,1.9760479619866609,21,0.5997995607315083
1.9590238758463279,2025-02-28 10:05:13.574000+00:00,-1.431113014575749,-0.9014421022969579,0.0,1.9951682637765842,27,0.9481702281084069
2.034106752552816,2025-02-28 10:06:13.590000+00:00,-1.431113014575749,-0.8376583365512115,0.0,1.9951682637765842,37,0.36755244914690977
1.883940999139837,2025-02-28 10:07:13.590000+00:00,-1.431113014575749,-0.9014421022969579,0.0,1.9760479619866609,40,0.4836760049392088
1.808858122433349,2025-02-28 10:08:13.591000+00:00,-1.6009774203477292,-0.9652258680427768,0.0,1.9378073584068114,35,1.644911562862203
1.808858122433349,2025-02-28 10:09:13.608000+00:00,-1.6009774203477292,-0.8376583365512115,0.0,1.956927660196736,23,0.9481702281084069
1.7337752457268583,2025-02-28 10:10:13.615000+00:00,-1.6009774203477292,-0.9014421022969579,0.0,1.9378073584068114,14,1.4126644512776045
1.808858122433349,2025-02-28 10:11:13.608000+00:00,-1.6009774203477292,-0.9014421022969579,0.0,1.9760479619866609,45,0.4836760049392088
1.808858122433349,2025-02-28 10:12:13.610000+00:00,-1.6009774203477292,-0.9014421022969579,0.0,1.9760479619866609,48,1.1804173396930056
1.883940999139837,2025-02-28 10:13:13.615000+00:00,-1.6009774203477292,-0.8376583365512115,0.0,1.9378073584068114,7,1.8771586744468023
1.883940999139837,2025-02-28 10:14:13.617000+00:00,-1.431113014575749,-0.9652258680427768,0.0,1.9951682637765842,22,1.644911562862203
1.9590238758463279,2025-02-28 10:15:13.612000+00:00,-1.431113014575749,-0.9014421022969579,0.0,1.9951682637765842,15,0.4836760049392088
1.9590238758463279,2025-02-28 10:16:13.627000+00:00,-1.6009774203477292,-0.9014421022969579,0.0,2.0334088673564334,20,0.5997995607315083
1.9590238758463279,2025-02-28 10:17:13.635000+00:00,-1.6009774203477292,-0.9014421022969579,0.0,1.956927660196736,9,1.1804173396930056
1.883940999139837,2025-02-28 10:18:13.645000+00:00,-1.431113014575749,-0.8376583365512115,0.0,1.9378073584068114,16,0.1353053375623107
1.883940999139837,2025-02-28 10:19:13.645000+00:00,-1.431113014575749,-0.8376583365512115,0.0,1.8422058494571893,13,0.4836760049392088
1.883940999139837,2025-02-28 10:20:13.644000+00:00,-1.6009774203477292,-0.9014421022969579,0.0,1.8422058494571893,36,0.9481702281084069
1.808858122433349,2025-02-28 10:21:13.663000+00:00,-1.6009774203477292,-0.9652258680427768,0.0,1.861326151247114,20,0.5997995607315083
1.7337752457268583,2025-02-28 10:22:13.666000+00:00,-1.6009774203477292,-0.9652258680427768,0.0,1.8804464530370388,0,1.4126644512776045
1.7337752457268583,2025-02-28 10:23:13.680000+00:00,-1.6009774203477292,-0.9652258680427768,0.0,1.9186870566168868,13,2.2255293418237003
1.7337752457268583,2025-02-28 10:24:13.681000+00:00,-1.6009774203477292,-0.9652258680427768,0.0,1.8804464530370388,5,2.5739000092005986
1.6586923690203674,2025-02-28 10:25:13.681000+00:00,-1.6009774203477292,-1.0290096337885957,0.0,1.8422058494571893,4,1.7610351186545026
1.6586923690203674,2025-02-28 10:26:13.681000+00:00,-1.431113014575749,-1.0290096337885957,0.0,1.8230855476672647,5,1.8771586744468023
1.5836094923138795,2025-02-28 10:27:13.681000+00:00,-1.2612486088037689,-0.9652258680427768,0.0,1.8230855476672647,14,1.1804173396930056
1.5836094923138795,2025-02-28 10:28:13.683000+00:00,-1.2612486088037689,-1.0290096337885957,0.0,1.956927660196736,12,0.1353053375623107
1.7337752457268583,2025-02-28 10:29:13.684000+00:00,-1.431113014575749,-1.0290096337885957,0.0,1.9760479619866609,19,1.064293783900706
1.808858122433349,2025-02-28 10:30:13.686000+00:00,-1.431113014575749,-1.0927933995344146,0.0,2.014288565566509,41,1.296540895485305
1.808858122433349,2025-02-28 10:31:13.685000+00:00,-1.2612486088037689,-1.0290096337885957,0.0,1.9760479619866609,22,1.9932822302391013
1.7337752457268583,2025-02-28 10:32:13.695000+00:00,-1.2612486088037689,-1.0290096337885957,0.0,1.9378073584068114,39,-0.32918888560688697
1.808858122433349,2025-02-28 10:33:13.685000+00:00,-1.2612486088037689,-1.0290096337885957,0.0,1.8804464530370388,47,-0.2130653298145874
1.7337752457268583,2025-02-28 10:34:13.688000+00:00,-1.2612486088037689,-1.0290096337885957,0.0,1.8804464530370388,31,-0.9098066645683841
1.808858122433349,2025-02-28 10:35:13.688000+00:00,-1.2612486088037689,-1.0927933995344146,0.0,1.861326151247114,15,-0.32918888560688697
1.9590238758463279,2025-02-28 10:36:13.690000+00:00,-1.2612486088037689,-1.0927933995344146,0.0,1.861326151247114,23,-0.09694177402228839
1.9590238758463279,2025-02-28 10:37:13.698000+00:00,-1.431113014575749,-1.0927933995344146,0.0,1.861326151247114,18,0.019181781770011154
2.034106752552816,2025-02-28 10:38:13.690000+00:00,-1.431113014575749,-1.0290096337885957,0.0,1.8422058494571893,24,0.2514288933546102
1.9590238758463279,2025-02-28 10:39:13.690000+00:00,-1.431113014575749,-1.1565771652802335,0.0,1.861326151247114,35,-0.2130653298145874
1.883940999139837,2025-02-28 10:40:13.692000+00:00,-1.431113014575749,-1.0927933995344146,0.0,1.861326151247114,15,0.4836760049392088
1.808858122433349,2025-02-28 10:41:13.692000+00:00,-1.431113014575749,-1.0927933995344146,0.0,1.7848449440874168,2,0.9481702281084069
1.808858122433349,2025-02-28 10:42:13.697000+00:00,-1.431113014575749,-1.0927933995344146,0.0,1.7466043405075673,31,0.9481702281084069
1.7337752457268583,2025-02-28 10:43:13.693000+00:00,-1.431113014575749,-1.1565771652802335,0.0,1.765724642297492,44,0.8320466723161074
1.5836094923138795,2025-02-28 10:44:13.703000+00:00,-1.431113014575749,-1.1565771652802335,0.0,1.7466043405075673,42,0.5997995607315083
1.6586923690203674,2025-02-28 10:45:13.695000+00:00,-1.431113014575749,-1.1565771652802335,0.0,1.861326151247114,11,1.064293783900706
1.7337752457268583,2025-02-28 10:46:13.695000+00:00,-1.6009774203477292,-1.1565771652802335,0.0,1.861326151247114,36,1.296540895485305
1.7337752457268583,2025-02-28 10:47:13.695000+00:00,-1.6009774203477292,-1.1565771652802335,0.0,1.8422058494571893,16,1.064293783900706
1.7337752457268583,2025-02-28 10:48:13.697000+00:00,-1.6009774203477292,-1.22036093102598,0.0,1.8422058494571893,24,0.9481702281084069
1.7337752457268583,2025-02-28 10:49:13.696000+00:00,-1.6009774203477292,-1.1565771652802335,0.0,1.861326151247114,13,0.4836760049392088
1.7337752457268583,2025-02-28 10:50:13.698000+00:00,-1.6009774203477292,-1.22036093102598,0.0,1.8995667548269621,36,1.1804173396930056
1.808858122433349,2025-02-28 10:51:13.699000+00:00,-1.2612486088037689,-1.1565771652802335,0.0,1.8995667548269621,24,0.5997995607315083
1.7337752457268583,2025-02-28 10:52:13.697000+00:00,-1.0913842030317886,-1.1565771652802335,0.0,1.8995667548269621,16,0.019181781770011154
1.7337752457268583,2025-02-28 10:53:13.700000+00:00,-1.431113014575749,-1.1565771652802335,0.0,1.956927660196736,343,-0.44531244139918646
1.6586923690203674,2025-02-28 10:54:13.700000+00:00,-1.2612486088037689,-1.22036093102598,0.0,1.9760479619866609,21,-0.2130653298145874
1.808858122433349,2025-02-28 10:55:13.699000+00:00,-1.431113014575749,-1.1565771652802335,0.0,1.9378073584068114,4,0.2514288933546102
1.808858122433349,2025-02-28 10:56:13.693000+00:00,-1.6009774203477292,-1.22036093102598,0.0,1.8995667548269621,8,0.2514288933546102
1.808858122433349,2025-02-28 10:57:13.703000+00:00,-1.7708418261197094,-1.3479284625176178,0.0,1.861326151247114,9,1.7610351186545026
1.7337752457268583,2025-02-28 10:59:13.703000+00:00,-1.7708418261197094,-1.2841446967717989,0.0,1.7848449440874168,4,2.3416528976160005
1.7337752457268583,2025-02-28 11:01:13.705000+00:00,-1.6009774203477292,-1.3479284625176178,0.0,1.7466043405075673,358,2.2255293418237003
1.6586923690203674,2025-02-28 11:02:13.715000+00:00,-1.6009774203477292,-1.4117122282634367,0.0,1.8230855476672647,3,2.1094057860314015
1.7337752457268583,2025-02-28 11:03:13.711000+00:00,-1.7708418261197094,-1.3479284625176178,0.0,1.8230855476672647,353,1.9932822302391013
1.7337752457268583,2025-02-28 11:04:13.721000+00:00,-1.7708418261197094,-1.3479284625176178,0.0,1.80396524587734,12,2.2255293418237003
1.7337752457268583,2025-02-28 11:05:13.726000+00:00,-1.431113014575749,-1.4117122282634367,0.0,1.7848449440874168,14,1.064293783900706
1.7337752457268583,2025-02-28 11:06:13.739000+00:00,-1.2612486088037689,-1.4117122282634367,0.0,1.7466043405075673,32,0.36755244914690977
1.6586923690203674,2025-02-28 11:07:13.755000+00:00,-1.2612486088037689,-1.3479284625176178,0.0,1.80396524587734,20,0.9481702281084069
1.5836094923138795,2025-02-28 11:08:13.756000+00:00,-1.6009774203477292,-1.2841446967717989,0.0,1.80396524587734,22,1.644911562862203
1.6586923690203674,2025-02-28 11:09:13.750000+00:00,-1.7708418261197094,-1.3479284625176178,0.0,1.7466043405075673,11,0.9481702281084069
1.5836094923138795,2025-02-28 11:10:13.756000+00:00,-1.6009774203477292,-1.3479284625176178,0.0,1.7083637369277187,33,1.064293783900706
1.6586923690203674,2025-02-28 11:11:13.774000+00:00,-1.6009774203477292,-1.3479284625176178,0.0,1.7274840387176427,12,0.5997995607315083
1.6586923690203674,2025-02-28 11:12:13.774000+00:00,-1.431113014575749,-1.2841446967717989,0.0,1.7848449440874168,17,1.1804173396930056
1.6586923690203674,2025-02-28 11:13:13.774000+00:00,-1.431113014575749,-1.3479284625176178,0.0,1.8230855476672647,2,1.4126644512776045
1.6586923690203674,2025-02-28 11:14:13.775000+00:00,-1.6009774203477292,-1.3479284625176178,0.0,1.861326151247114,352,0.5997995607315083
1.7337752457268583,2025-02-28 11:15:13.789000+00:00,-1.6009774203477292,-1.4117122282634367,0.0,1.8804464530370388,3,1.9932822302391013
1.808858122433349,2025-02-28 11:16:13.813000+00:00,-1.6009774203477292,-1.3479284625176178,0.0,1.8804464530370388,9,1.644911562862203
1.7337752457268583,2025-02-28 11:17:13.814000+00:00,-1.6009774203477292,-1.4117122282634367,0.0,1.8230855476672647,10,1.9932822302391013
1.6586923690203674,2025-02-28 11:18:13.811000+00:00,-1.6009774203477292,-1.3479284625176178,0.0,1.80396524587734,9,2.2255293418237003
1.7337752457268583,2025-02-28 11:19:13.811000+00:00,-1.6009774203477292,-1.4117122282634367,0.0,1.80396524587734,32,0.5997995607315083
1.7337752457268583,2025-02-28 11:20:13.810000+00:00,-1.6009774203477292,-1.3479284625176178,0.0,1.80396524587734,14,1.8771586744468023
1.7337752457268583,2025-02-28 11:21:13.830000+00:00,-1.6009774203477292,-1.4117122282634367,0.0,1.7848449440874168,355,1.1804173396930056
1.7337752457268583,2025-02-28 11:22:13.828000+00:00,-1.6009774203477292,-1.4117122282634367,0.0,1.765724642297492,14,2.6900235649928983
1.7337752457268583,2025-02-28 11:23:13.845000+00:00,-1.6009774203477292,-1.3479284625176178,0.0,1.7466043405075673,22,1.4126644512776045
1.6586923690203674,2025-02-28 11:24:13.848000+00:00,-1.6009774203477292,-1.3479284625176178,0.0,1.7466043405075673,30,1.528788007069904
1.6586923690203674,2025-02-28 11:25:13.841000+00:00,-1.6009774203477292,-1.3479284625176178,0.0,1.7083637369277187,23,0.1353053375623107
1.5836094923138795,2025-02-28 11:26:13.848000+00:00,-1.7708418261197094,-1.3479284625176178,0.0,1.7083637369277187,8,2.3416528976160005
1.6586923690203674,2025-02-28 11:27:13.848000+00:00,-1.6009774203477292,-1.4117122282634367,0.0,1.6510028315579452,12,0.2514288933546102
1.7337752457268583,2025-02-28 11:28:13.848000+00:00,-1.6009774203477292,-1.3479284625176178,0.0,1.6510028315579452,358,1.1804173396930056
1.7337752457268583,2025-02-28 11:29:13.846000+00:00,-1.7708418261197094,-1.2841446967717989,0.0,1.6318825297680206,1,0.8320466723161074
1.7337752457268583,2025-02-28 11:30:13.851000+00:00,-1.7708418261197094,-1.2841446967717989,0.0,1.6127622279780967,24,1.064293783900706
1.6586923690203674,2025-02-28 11:31:13.852000+00:00,-1.6009774203477292,-1.3479284625176178,0.0,1.5936419261881718,25,1.9932822302391013
1.5836094923138795,2025-02-28 11:32:13.853000+00:00,-1.6009774203477292,-1.2841446967717989,0.0,1.5936419261881718,16,1.296540895485305
1.5836094923138795,2025-02-28 11:33:13.851000+00:00,-1.6009774203477292,-1.4117122282634367,0.0,1.6127622279780967,11,1.1804173396930056
1.5836094923138795,2025-02-28 11:34:13.847000+00:00,-1.7708418261197094,-1.3479284625176178,0.0,1.6127622279780967,13,1.8771586744468023
1.5836094923138795,2025-02-28 11:35:13.852000+00:00,-1.7708418261197094,-1.4117122282634367,0.0,1.6127622279780967,20,1.7610351186545026
1.6586923690203674,2025-02-28 11:36:13.864000+00:00,-1.7708418261197094,-1.4117122282634367,0.0,1.5745216243982478,10,1.528788007069904
1.7337752457268583,2025-02-28 11:37:13.864000+00:00,-1.7708418261197094,-1.4117122282634367,0.0,1.5745216243982478,26,1.9932822302391013
1.6586923690203674,2025-02-28 11:38:13.856000+00:00,-1.6009774203477292,-1.4754959940092556,0.0,1.5554013226083232,11,1.4126644512776045
1.5836094923138795,2025-02-28 11:39:13.852000+00:00,-1.6009774203477292,-1.4754959940092556,0.0,1.5745216243982478,24,0.9481702281084069
1.5085266156073887,2025-02-28 11:40:13.857000+00:00,-1.431113014575749,-1.4117122282634367,0.0,1.5745216243982478,31,0.7159231165238079
1.5085266156073887,2025-02-28 11:41:13.858000+00:00,-1.431113014575749,-1.4754959940092556,0.0,1.5554013226083232,17,1.4126644512776045
1.5085266156073887,2025-02-28 11:42:13.859000+00:00,-1.431113014575749,-1.539279759755002,0.0,1.5171607190284746,24,2.2255293418237003
1.4334437389009007,2025-02-28 11:43:13.857000+00:00,-1.431113014575749,-1.539279759755002,0.0,1.5554013226083232,20,1.4126644512776045
1.3583608621944099,2025-02-28 11:44:13.854000+00:00,-1.431113014575749,-1.4754959940092556,0.0,1.5745216243982478,10,1.1804173396930056
1.5085266156073887,2025-02-28 11:45:13.862000+00:00,-1.6009774203477292,-1.603063525500821,0.0,1.5745216243982478,11,2.3416528976160005
1.5836094923138795,2025-02-28 11:46:13.860000+00:00,-1.6009774203477292,-1.539279759755002,0.0,1.4789201154486258,8,1.528788007069904
1.5836094923138795,2025-02-28 11:47:13.861000+00:00,-1.431113014575749,-1.539279759755002,0.0,1.4597998136587012,25,1.528788007069904
1.5085266156073887,2025-02-28 11:48:13.863000+00:00,-1.431113014575749,-1.603063525500821,0.0,1.4215592100788526,3,1.644911562862203
1.4334437389009007,2025-02-28 11:49:13.863000+00:00,-1.431113014575749,-1.603063525500821,0.0,1.4789201154486258,2,1.8771586744468023
1.4334437389009007,2025-02-28 11:50:13.864000+00:00,-1.431113014575749,-1.603063525500821,0.0,1.4980404172385497,3,1.064293783900706
1.3583608621944099,2025-02-28 11:51:13.864000+00:00,-1.431113014575749,-1.7306310569924588,0.0,1.4980404172385497,30,1.296540895485305
1.4334437389009007,2025-02-28 11:52:13.867000+00:00,-1.431113014575749,-1.539279759755002,0.0,1.4789201154486258,4,0.36755244914690977
1.5085266156073887,2025-02-28 11:54:13.866000+00:00,-1.7708418261197094,-1.6668472912466399,0.0,1.4406795118687765,4,2.9222706765774977
1.5085266156073887,2025-02-28 11:55:13.867000+00:00,-1.7708418261197094,-1.6668472912466399,0.0,1.4406795118687765,8,2.5739000092005986
1.4334437389009007,2025-02-28 11:56:13.864000+00:00,-1.9407062318916897,-1.539279759755002,0.0,1.4024389082889277,16,1.644911562862203
1.4334437389009007,2025-02-28 11:57:13.877000+00:00,-1.7708418261197094,-1.603063525500821,0.0,1.3833186064990037,19,2.5739000092005986
1.5085266156073887,2025-02-28 11:58:13.871000+00:00,-1.6009774203477292,-1.539279759755002,0.0,1.364198304709079,8,1.644911562862203
1.4334437389009007,2025-02-28 11:59:13.870000+00:00,-1.6009774203477292,-1.603063525500821,0.0,1.364198304709079,19,2.8061471207851976
1.5085266156073887,2025-02-28 12:01:13.871000+00:00,-1.431113014575749,-1.603063525500821,0.0,1.3259577011292303,9,2.5739000092005986
1.5085266156073887,2025-02-28 12:02:13.874000+00:00,-1.431113014575749,-1.603063525500821,0.0,1.3450780029191545,17,2.8061471207851976
1.5085266156073887,2025-02-28 12:03:13.873000+00:00,-1.6009774203477292,-1.603063525500821,0.0,1.364198304709079,11,0.9481702281084069
1.5085266156073887,2025-02-28 12:04:13.873000+00:00,-1.6009774203477292,-1.6668472912466399,0.0,1.364198304709079,358,1.7610351186545026
1.5836094923138795,2025-02-28 12:05:13.889000+00:00,-1.6009774203477292,-1.6668472912466399,0.0,1.3833186064990037,5,2.8061471207851976
1.5085266156073887,2025-02-28 12:06:13.874000+00:00,-1.7708418261197094,-1.539279759755002,0.0,1.2877170975493817,18,2.3416528976160005
1.5085266156073887,2025-02-28 12:07:13.876000+00:00,-1.6009774203477292,-1.6668472912466399,0.0,1.2494764939695324,359,3.0383942323697966
1.5085266156073887,2025-02-28 12:08:13.877000+00:00,-1.6009774203477292,-1.6668472912466399,0.0,1.2494764939695324,10,2.4577764534082993
1.4334437389009007,2025-02-28 12:09:13.877000+00:00,-1.6009774203477292,-1.603063525500821,0.0,1.2303561921796082,16,1.8771586744468023
1.4334437389009007,2025-02-28 12:10:13.880000+00:00,-1.6009774203477292,-1.603063525500821,0.0,1.2112358903896836,8,1.4126644512776045
1.3583608621944099,2025-02-28 12:11:13.878000+00:00,-1.6009774203477292,-1.603063525500821,0.0,1.2112358903896836,5,1.4126644512776045
1.4334437389009007,2025-02-28 12:12:13.882000+00:00,-1.6009774203477292,-1.539279759755002,0.0,1.172995286809835,16,1.9932822302391013
1.3583608621944099,2025-02-28 12:13:13.885000+00:00,-1.6009774203477292,-1.539279759755002,0.0,1.1347546832299862,9,1.9932822302391013
1.3583608621944099,2025-02-28 12:14:13.883000+00:00,-1.6009774203477292,-1.539279759755002,0.0,1.1156343814400616,2,1.7610351186545026
1.3583608621944099,2025-02-28 12:15:13.882000+00:00,-1.431113014575749,-1.539279759755002,0.0,1.0965140796501376,356,1.528788007069904
1.3583608621944099,2025-02-28 12:16:13.883000+00:00,-1.431113014575749,-1.603063525500821,0.0,1.058273476070288,15,1.1804173396930056
1.283277985487919,2025-02-28 12:17:13.890000+00:00,-1.2612486088037689,-1.603063525500821,0.0,1.058273476070288,3,1.8771586744468023
1.283277985487919,2025-02-28 12:18:13.884000+00:00,-1.2612486088037689,-1.603063525500821,0.0,1.077393777860213,11,0.8320466723161074
1.283277985487919,2025-02-28 12:19:13.883000+00:00,-1.2612486088037689,-1.603063525500821,0.0,1.0965140796501376,1,1.1804173396930056
1.283277985487919,2025-02-28 12:20:13.886000+00:00,-1.431113014575749,-1.603063525500821,0.0,1.1538749850199104,15,2.8061471207851976
1.3583608621944099,2025-02-28 12:21:13.884000+00:00,-1.6009774203477292,-1.603063525500821,0.0,1.0965140796501376,21,2.1094057860314015
1.4334437389009007,2025-02-28 12:22:13.885000+00:00,-1.431113014575749,-1.603063525500821,0.0,1.077393777860213,0,1.528788007069904
1.4334437389009007,2025-02-28 12:23:13.886000+00:00,-1.431113014575749,-1.539279759755002,0.0,1.058273476070288,40,0.2514288933546102
1.4334437389009007,2025-02-28 12:24:13.888000+00:00,-1.431113014575749,-1.4754959940092556,0.0,1.058273476070288,15,0.2514288933546102
1.4334437389009007,2025-02-28 12:25:13.890000+00:00,-1.431113014575749,-1.539279759755002,0.0,1.0200328724904395,11,1.064293783900706
1.3583608621944099,2025-02-28 12:26:13.887000+00:00,-1.431113014575749,-1.603063525500821,0.0,1.0009125707005155,14,0.9481702281084069
1.283277985487919,2025-02-28 12:27:13.889000+00:00,-1.2612486088037689,-1.539279759755002,0.0,1.058273476070288,31,0.4836760049392088
1.3583608621944099,2025-02-28 12:28:13.892000+00:00,-1.431113014575749,-1.539279759755002,0.0,1.077393777860213,30,0.8320466723161074
1.283277985487919,2025-02-28 12:29:13.890000+00:00,-1.431113014575749,-1.539279759755002,0.0,1.077393777860213,11,1.064293783900706
1.3583608621944099,2025-02-28 12:30:13.892000+00:00,-1.431113014575749,-1.539279759755002,0.0,1.077393777860213,19,0.36755244914690977
1.283277985487919,2025-02-28 12:31:13.891000+00:00,-1.431113014575749,-1.4754959940092556,0.0,1.058273476070288,0,1.8771586744468023
1.3583608621944099,2025-02-28 12:32:13.892000+00:00,-1.431113014575749,-1.539279759755002,0.0,1.077393777860213,7,2.1094057860314015
1.283277985487919,2025-02-28 12:33:13.908000+00:00,-1.2612486088037689,-1.4117122282634367,0.0,1.058273476070288,14,1.1804173396930056
1.283277985487919,2025-02-28 12:34:13.910000+00:00,-1.431113014575749,-1.4117122282634367,0.0,1.058273476070288,10,1.4126644512776045
1.283277985487919,2025-02-28 12:35:13.928000+00:00,-1.431113014575749,-1.539279759755002,0.0,1.0391531742803641,14,0.7159231165238079
1.283277985487919,2025-02-28 12:36:13.946000+00:00,-1.6009774203477292,-1.603063525500821,0.0,1.0200328724904395,12,-0.09694177402228839
1.3583608621944099,2025-02-28 12:37:13.959000+00:00,-1.6009774203477292,-1.539279759755002,0.0,1.0009125707005155,18,1.064293783900706
1.283277985487919,2025-02-28 12:38:13.960000+00:00,-1.6009774203477292,-1.539279759755002,0.0,0.9626719671206662,350,1.644911562862203
1.283277985487919,2025-02-28 12:39:13.976000+00:00,-1.6009774203477292,-1.539279759755002,0.0,0.9435516653307422,6,2.4577764534082993
1.283277985487919,2025-02-28 12:40:13.992000+00:00,-1.7708418261197094,-1.4754959940092556,0.0,0.9435516653307422,9,1.8771586744468023
1.208195108781431,2025-02-28 12:41:14.007000+00:00,-1.7708418261197094,-1.539279759755002,0.0,0.9053110617508935,354,1.7610351186545026
1.208195108781431,2025-02-28 12:42:14.028000+00:00,-1.6009774203477292,-1.539279759755002,0.0,0.84795015638112,358,1.064293783900706
1.1331122320749403,2025-02-28 12:43:14.026000+00:00,-1.431113014575749,-1.539279759755002,0.0,0.8670704581710441,1,0.2514288933546102
1.208195108781431,2025-02-28 12:44:14.026000+00:00,-1.431113014575749,-1.539279759755002,0.0,0.8670704581710441,332,0.9481702281084069
1.208195108781431,2025-02-28 12:45:14.026000+00:00,-1.431113014575749,-1.539279759755002,0.0,0.8670704581710441,357,0.2514288933546102
1.208195108781431,2025-02-28 12:46:14.028000+00:00,-1.6009774203477292,-1.539279759755002,0.0,0.8670704581710441,4,1.064293783900706
1.208195108781431,2025-02-28 12:47:14.028000+00:00,-1.431113014575749,-1.539279759755002,0.0,0.84795015638112,13,1.8771586744468023
1.208195108781431,2025-02-28 12:48:14.029000+00:00,-1.431113014575749,-1.539279759755002,0.0,0.8288298545911954,18,0.4836760049392088
1.208195108781431,2025-02-28 12:49:14.045000+00:00,-1.6009774203477292,-1.603063525500821,0.0,0.8097095528012714,15,1.528788007069904
1.208195108781431,2025-02-28 12:50:14.063000+00:00,-1.431113014575749,-1.603063525500821,0.0,0.7905892510113467,13,0.7159231165238079
1.1331122320749403,2025-02-28 12:51:14.077000+00:00,-1.431113014575749,-1.539279759755002,0.0,0.8288298545911954,21,0.36755244914690977
1.208195108781431,2025-02-28 12:52:14.077000+00:00,-1.431113014575749,-1.4754959940092556,0.0,0.7714689492214221,30,1.4126644512776045
1.208195108781431,2025-02-28 12:53:14.085000+00:00,-1.431113014575749,-1.603063525500821,0.0,0.7714689492214221,21,0.8320466723161074
1.1331122320749403,2025-02-28 12:54:14.079000+00:00,-1.2612486088037689,-1.539279759755002,0.0,0.7905892510113467,22,0.36755244914690977
1.1331122320749403,2025-02-28 12:55:14.080000+00:00,-1.2612486088037689,-1.603063525500821,0.0,0.7714689492214221,34,0.4836760049392088
1.1331122320749403,2025-02-28 12:56:14.080000+00:00,-1.2612486088037689,-1.539279759755002,0.0,0.752348647431498,38,0.019181781770011154
1.1331122320749403,2025-02-28 12:57:14.087000+00:00,-1.2612486088037689,-1.539279759755002,0.0,0.7332283456415734,26,-0.09694177402228839
1.1331122320749403,2025-02-28 12:58:14.087000+00:00,-1.2612486088037689,-1.539279759755002,0.0,0.6949877420617246,12,0.5997995607315083
1.1331122320749403,2025-02-28 12:59:14.084000+00:00,-1.2612486088037689,-1.539279759755002,0.0,0.6949877420617246,20,0.4836760049392088
1.058029355368452,2025-02-28 13:00:14.084000+00:00,-1.2612486088037689,-1.539279759755002,0.0,0.6949877420617246,28,0.5997995607315083
1.058029355368452,2025-02-28 13:01:14.100000+00:00,-1.2612486088037689,-1.539279759755002,0.0,0.6949877420617246,14,0.019181781770011154
1.1331122320749403,2025-02-28 13:02:14.117000+00:00,-1.2612486088037689,-1.603063525500821,0.0,0.7141080438516493,5,0.7159231165238079
1.058029355368452,2025-02-28 13:03:14.124000+00:00,-1.2612486088037689,-1.4754959940092556,0.0,0.6949877420617246,24,0.5997995607315083
1.058029355368452,2025-02-28 13:04:14.133000+00:00,-1.2612486088037689,-1.603063525500821,0.0,0.7141080438516493,15,0.2514288933546102
1.058029355368452,2025-02-28 13:05:14.134000+00:00,-1.2612486088037689,-1.539279759755002,0.0,0.7141080438516493,4,-0.44531244139918646
1.058029355368452,2025-02-28 13:06:14.134000+00:00,-1.2612486088037689,-1.539279759755002,0.0,0.7141080438516493,356,-0.5614359971914861
1.058029355368452,2025-02-28 13:07:14.143000+00:00,-1.2612486088037689,-1.539279759755002,0.0,0.7141080438516493,10,0.1353053375623107
1.1331122320749403,2025-02-28 13:08:14.140000+00:00,-1.431113014575749,-1.539279759755002,0.0,0.7141080438516493,15,1.1804173396930056
1.058029355368452,2025-02-28 13:09:14.138000+00:00,-1.2612486088037689,-1.539279759755002,0.0,0.6758674402718,16,1.296540895485305
1.058029355368452,2025-02-28 13:10:14.138000+00:00,-1.2612486088037689,-1.4754959940092556,0.0,0.6567471384818759,23,0.5997995607315083
1.1331122320749403,2025-02-28 13:11:14.138000+00:00,-1.0913842030317886,-1.539279759755002,0.0,0.6567471384818759,26,0.36755244914690977
1.1331122320749403,2025-02-28 13:12:14.139000+00:00,-1.0913842030317886,-1.603063525500821,0.0,0.6567471384818759,22,0.8320466723161074
1.1331122320749403,2025-02-28 13:13:14.157000+00:00,-1.0913842030317886,-1.4754959940092556,0.0,0.6567471384818759,28,0.4836760049392088
1.1331122320749403,2025-02-28 13:14:14.157000+00:00,-1.2612486088037689,-1.539279759755002,0.0,0.6185065349020272,16,0.4836760049392088
1.1331122320749403,2025-02-28 13:15:14.173000+00:00,-1.2612486088037689,-1.4754959940092556,0.0,0.6185065349020272,14,0.4836760049392088
1.058029355368452,2025-02-28 13:16:14.174000+00:00,-1.2612486088037689,-1.4754959940092556,0.0,0.5993862331121026,10,1.1804173396930056
1.058029355368452,2025-02-28 13:17:14.175000+00:00,-1.2612486088037689,-1.4754959940092556,0.0,0.5611456295322539,36,0.9481702281084069
0.9829464786619615,2025-02-28 13:18:14.173000+00:00,-1.0913842030317886,-1.4754959940092556,0.0,0.5420253277423293,20,-0.44531244139918646
0.9829464786619615,2025-02-28 13:19:14.174000+00:00,-1.2612486088037689,-1.539279759755002,0.0,0.5420253277423293,11,0.4836760049392088
0.9829464786619615,2025-02-28 13:20:14.176000+00:00,-1.2612486088037689,-1.539279759755002,0.0,0.5229050259524052,8,0.5997995607315083
1.058029355368452,2025-02-28 13:21:14.180000+00:00,-1.0913842030317886,-1.539279759755002,0.0,0.5037847241624805,357,0.8320466723161074
0.9829464786619615,2025-02-28 13:22:14.179000+00:00,-1.0913842030317886,-1.539279759755002,0.0,0.5037847241624805,13,0.5997995607315083
0.9829464786619615,2025-02-28 13:23:14.178000+00:00,-1.2612486088037689,-1.603063525500821,0.0,0.46554412058263184,10,1.296540895485305
0.9829464786619615,2025-02-28 13:24:14.179000+00:00,-1.2612486088037689,-1.603063525500821,0.0,0.42730351700278313,349,0.9481702281084069
0.9829464786619615,2025-02-28 13:25:14.183000+00:00,-1.2612486088037689,-1.603063525500821,0.0,0.40818321521285844,13,0.4836760049392088
0.9078636019554707,2025-02-28 13:26:14.186000+00:00,-1.0913842030317886,-1.539279759755002,0.0,0.44642381879270715,13,0.019181781770011154
0.9078636019554707,2025-02-28 13:27:14.180000+00:00,-1.2612486088037689,-1.603063525500821,0.0,0.44642381879270715,7,1.644911562862203
0.9078636019554707,2025-02-28 13:28:14.182000+00:00,-1.0913842030317886,-1.603063525500821,0.0,0.40818321521285844,7,1.4126644512776045
0.9078636019554707,2025-02-28 13:29:14.183000+00:00,-1.2612486088037689,-1.603063525500821,0.0,0.40818321521285844,12,1.4126644512776045
0.9078636019554707,2025-02-28 13:30:14.182000+00:00,-1.0913842030317886,-1.6668472912466399,0.0,0.3699426116330098,17,0.9481702281084069
0.9078636019554707,2025-02-28 13:31:14.183000+00:00,-1.0913842030317886,-1.603063525500821,0.0,0.3699426116330098,352,1.528788007069904
0.9078636019554707,2025-02-28 13:32:14.183000+00:00,-1.0913842030317886,-1.603063525500821,0.0,0.3699426116330098,9,0.019181781770011154
0.9078636019554707,2025-02-28 13:33:14.184000+00:00,-1.0913842030317886,-1.6668472912466399,0.0,0.3699426116330098,0,0.36755244914690977
0.9078636019554707,2025-02-28 13:34:14.186000+00:00,-1.0913842030317886,-1.603063525500821,0.0,0.38906291342293375,356,0.36755244914690977
0.9078636019554707,2025-02-28 13:35:14.191000+00:00,-1.0913842030317886,-1.603063525500821,0.0,0.3508223098430851,20,0.1353053375623107
0.9078636019554707,2025-02-28 13:36:14.188000+00:00,-1.0913842030317886,-1.603063525500821,0.0,0.3317020080531611,355,-0.5614359971914861
0.9078636019554707,2025-02-28 13:37:14.187000+00:00,-1.2612486088037689,-1.539279759755002,0.0,0.3317020080531611,10,-0.5614359971914861
0.9078636019554707,2025-02-28 13:38:14.190000+00:00,-1.0913842030317886,-1.603063525500821,0.0,0.2934614044733117,28,1.064293783900706
0.9078636019554707,2025-02-28 13:39:14.189000+00:00,-1.0913842030317886,-1.539279759755002,0.0,0.2934614044733117,19,0.5997995607315083
0.8327807252489826,2025-02-28 13:40:14.191000+00:00,-1.0913842030317886,-1.603063525500821,0.0,0.2934614044733117,13,0.5997995607315083
0.8327807252489826,2025-02-28 13:41:14.190000+00:00,-1.0913842030317886,-1.539279759755002,0.0,0.2934614044733117,349,-0.09694177402228839
0.8327807252489826,2025-02-28 13:42:14.191000+00:00,-1.0913842030317886,-1.603063525500821,0.0,0.2934614044733117,354,0.4836760049392088
0.8327807252489826,2025-02-28 13:43:14.191000+00:00,-1.0913842030317886,-1.603063525500821,0.0,0.2934614044733117,9,1.644911562862203
0.8327807252489826,2025-02-28 13:44:14.194000+00:00,-1.0913842030317886,-1.603063525500821,0.0,0.255220800893463,355,1.528788007069904
0.8327807252489826,2025-02-28 13:45:14.192000+00:00,-1.0913842030317886,-1.539279759755002,0.0,0.255220800893463,5,0.7159231165238079
0.8327807252489826,2025-02-28 13:46:14.194000+00:00,-1.0913842030317886,-1.539279759755002,0.0,0.255220800893463,0,1.064293783900706
0.9078636019554707,2025-02-28 13:47:14.196000+00:00,-0.9215197972598084,-1.4754959940092556,0.0,0.255220800893463,13,0.4836760049392088
0.9078636019554707,2025-02-28 13:48:14.196000+00:00,-0.9215197972598084,-1.4754959940092556,0.0,0.236100499103539,11,0.1353053375623107
0.8327807252489826,2025-02-28 13:49:14.194000+00:00,-0.9215197972598084,-1.539279759755002,0.0,0.236100499103539,357,-0.32918888560688697
0.8327807252489826,2025-02-28 13:50:14.198000+00:00,-0.9215197972598084,-1.539279759755002,0.0,0.21698019731361434,29,-0.6775595529837853
0.8327807252489826,2025-02-28 13:51:14.197000+00:00,-0.9215197972598084,-1.4754959940092556,0.0,0.19785989552368966,17,-0.9098066645683841
0.7576978485424919,2025-02-28 13:52:14.203000+00:00,-1.0913842030317886,-1.4754959940092556,0.0,0.17873959373376563,15,-0.2130653298145874
0.8327807252489826,2025-02-28 13:53:14.199000+00:00,-0.9215197972598084,-1.4117122282634367,0.0,0.17873959373376563,342,-0.9098066645683841
0.8327807252489826,2025-02-28 13:54:14.199000+00:00,-1.0913842030317886,-1.4117122282634367,0.0,0.17873959373376563,29,-0.44531244139918646
0.8327807252489826,2025-02-28 13:55:14.199000+00:00,-0.9215197972598084,-1.4754959940092556,0.0,0.10225838657406759,14,0.019181781770011154
0.7576978485424919,2025-02-28 13:56:14.201000+00:00,-0.9215197972598084,-1.4754959940092556,0.0,0.10225838657406759,32,0.2514288933546102
0.6826149718360038,2025-02-28 13:57:14.205000+00:00,-0.9215197972598084,-1.4117122282634367,0.0,0.10225838657406759,7,0.4836760049392088
0.6826149718360038,2025-02-28 13:58:14.207000+00:00,-0.9215197972598084,-1.4754959940092556,0.0,0.10225838657406759,24,-0.2130653298145874
0.6826149718360038,2025-02-28 13:59:14.224000+00:00,-0.9215197972598084,-1.4754959940092556,0.0,0.08313808478414358,1,0.019181781770011154
0.6826149718360038,2025-02-28 14:00:14.241000+00:00,-0.9215197972598084,-1.4117122282634367,0.0,0.08313808478414358,10,0.1353053375623107
0.6826149718360038,2025-02-28 14:01:14.255000+00:00,-0.9215197972598084,-1.4117122282634367,0.0,0.0640177829942189,26,0.8320466723161074
0.6826149718360038,2025-02-28 14:02:14.251000+00:00,-0.9215197972598084,-1.4117122282634367,0.0,0.04489748120429489,21,1.296540895485305
0.6826149718360038,2025-02-28 14:03:14.253000+00:00,-0.7516553914878282,-1.4117122282634367,0.0,0.04489748120429489,22,0.36755244914690977
0.607532095129513,2025-02-28 14:04:14.268000+00:00,-0.9215197972598084,-1.4117122282634367,0.0,0.04489748120429489,39,0.2514288933546102
0.607532095129513,2025-02-28 14:05:14.284000+00:00,-0.7516553914878282,-1.4117122282634367,0.0,0.025777179414370206,28,-0.2130653298145874
0.607532095129513,2025-02-28 14:06:14.301000+00:00,-0.7516553914878282,-1.4117122282634367,0.0,0.025777179414370206,24,-0.2130653298145874
0.607532095129513,2025-02-28 14:07:14.302000+00:00,-0.7516553914878282,-1.4117122282634367,0.0,-0.012463424165478482,18,0.1353053375623107
0.607532095129513,2025-02-28 14:08:14.309000+00:00,-0.7516553914878282,-1.4117122282634367,0.0,0.0066568776244455225,21,0.019181781770011154
0.607532095129513,2025-02-28 14:09:14.303000+00:00,-0.7516553914878282,-1.4117122282634367,0.0,0.0066568776244455225,13,-0.09694177402228839
0.607532095129513,2025-02-28 14:10:14.323000+00:00,-0.7516553914878282,-1.3479284625176178,0.0,0.0066568776244455225,10,-0.6775595529837853
0.607532095129513,2025-02-28 14:11:14.336000+00:00,-0.7516553914878282,-1.2841446967717989,0.0,0.0066568776244455225,16,-1.1420537761529832
0.607532095129513,2025-02-28 14:12:14.338000+00:00,-0.7516553914878282,-1.2841446967717989,0.0,-0.031583725955403166,22,-0.32918888560688697
0.607532095129513,2025-02-28 14:13:14.338000+00:00,-0.7516553914878282,-1.2841446967717989,0.0,-0.050704027745327174,3,0.4836760049392088
0.5324492184230223,2025-02-28 14:14:14.338000+00:00,-0.7516553914878282,-1.22036093102598,0.0,-0.050704027745327174,13,0.019181781770011154
0.5324492184230223,2025-02-28 14:15:14.337000+00:00,-0.7516553914878282,-1.22036093102598,0.0,-0.050704027745327174,35,0.1353053375623107
0.607532095129513,2025-02-28 14:16:14.342000+00:00,-0.9215197972598084,-1.2841446967717989,0.0,-0.031583725955403166,22,0.019181781770011154
0.607532095129513,2025-02-28 14:17:14.348000+00:00,-0.9215197972598084,-1.22036093102598,0.0,-0.06982432953525186,12,0.019181781770011154
0.607532095129513,2025-02-28 14:18:14.341000+00:00,-0.9215197972598084,-1.2841446967717989,0.0,-0.08894463132517653,15,-0.09694177402228839
0.607532095129513,2025-02-28 14:19:14.341000+00:00,-0.7516553914878282,-1.22036093102598,0.0,-0.08894463132517653,13,0.1353053375623107
0.607532095129513,2025-02-28 14:20:14.347000+00:00,-0.7516553914878282,-1.22036093102598,0.0,-0.08894463132517653,36,0.5997995607315083
0.5324492184230223,2025-02-28 14:21:14.359000+00:00,-0.9215197972598084,-1.2841446967717989,0.0,-0.10806493311510054,10,0.8320466723161074
0.5324492184230223,2025-02-28 14:22:14.376000+00:00,-0.7516553914878282,-1.2841446967717989,0.0,-0.10806493311510054,26,0.1353053375623107
0.607532095129513,2025-02-28 14:23:14.375000+00:00,-0.7516553914878282,-1.2841446967717989,0.0,-0.10806493311510054,21,0.7159231165238079
0.5324492184230223,2025-02-28 14:24:14.376000+00:00,-0.7516553914878282,-1.2841446967717989,0.0,-0.12718523490502523,8,-0.09694177402228839
0.5324492184230223,2025-02-28 14:25:14.379000+00:00,-0.7516553914878282,-1.3479284625176178,0.0,-0.10806493311510054,28,0.019181781770011154
0.5324492184230223,2025-02-28 14:26:14.393000+00:00,-0.7516553914878282,-1.3479284625176178,0.0,-0.12718523490502523,19,0.019181781770011154
0.5324492184230223,2025-02-28 14:27:14.399000+00:00,-0.9215197972598084,-1.3479284625176178,0.0,-0.12718523490502523,21,-0.2130653298145874
0.5324492184230223,2025-02-28 14:28:14.395000+00:00,-0.9215197972598084,-1.3479284625176178,0.0,-0.12718523490502523,27,0.4836760049392088
0.5324492184230223,2025-02-28 14:29:14.386000+00:00,-0.9215197972598084,-1.4754959940092556,0.0,-0.14630553669494922,4,1.064293783900706
0.5324492184230223,2025-02-28 14:30:14.397000+00:00,-0.9215197972598084,-1.4754959940092556,0.0,-0.14630553669494922,24,0.36755244914690977
0.5324492184230223,2025-02-28 14:31:14.396000+00:00,-1.0913842030317886,-1.539279759755002,0.0,-0.14630553669494922,11,0.7159231165238079
0.5324492184230223,2025-02-28 14:32:14.412000+00:00,-1.0913842030317886,-1.4754959940092556,0.0,-0.1654258384848739,28,1.4126644512776045
0.5324492184230223,2025-02-28 14:33:14.398000+00:00,-1.0913842030317886,-1.539279759755002,0.0,-0.1845461402747986,24,0.8320466723161074
0.45736634171653423,2025-02-28 14:34:14.400000+00:00,-1.0913842030317886,-1.539279759755002,0.0,-0.1845461402747986,17,0.2514288933546102
0.5324492184230223,2025-02-28 14:35:14.399000+00:00,-1.0913842030317886,-1.4754959940092556,0.0,-0.20366644206472262,23,0.5997995607315083
0.5324492184230223,2025-02-28 14:36:14.400000+00:00,-1.0913842030317886,-1.4117122282634367,0.0,-0.20366644206472262,26,-0.5614359971914861
0.5324492184230223,2025-02-28 14:37:14.419000+00:00,-1.0913842030317886,-1.4754959940092556,0.0,-0.20366644206472262,358,-1.1420537761529832
0.5324492184230223,2025-02-28 14:38:14.417000+00:00,-1.0913842030317886,-1.4117122282634367,0.0,-0.20366644206472262,34,-1.374300887737582
0.5324492184230223,2025-02-28 14:39:14.419000+00:00,-1.0913842030317886,-1.4117122282634367,0.0,-0.20366644206472262,8,-0.9098066645683841
0.5324492184230223,2025-02-28 14:40:14.439000+00:00,-1.2612486088037689,-1.4117122282634367,0.0,-0.22278674385464728,22,-0.9098066645683841
0.5324492184230223,2025-02-28 14:41:14.428000+00:00,-1.0913842030317886,-1.4754959940092556,0.0,-0.22278674385464728,31,-0.9098066645683841
0.5324492184230223,2025-02-28 14:42:14.453000+00:00,-1.2612486088037689,-1.539279759755002,0.0,-0.22278674385464728,25,-1.0259302203606837
0.5324492184230223,2025-02-28 14:43:14.468000+00:00,-1.2612486088037689,-1.4754959940092556,0.0,-0.22278674385464728,334,0.019181781770011154
0.45736634171653423,2025-02-28 14:44:14.470000+00:00,-1.2612486088037689,-1.4754959940092556,0.0,-0.22278674385464728,25,-0.32918888560688697
0.5324492184230223,2025-02-28 14:45:14.487000+00:00,-1.2612486088037689,-1.4754959940092556,0.0,-0.2419070456445713,15,0.36755244914690977
0.45736634171653423,2025-02-28 14:46:14.485000+00:00,-1.2612486088037689,-1.539279759755002,0.0,-0.26102734743449596,35,1.1804173396930056
0.45736634171653423,2025-02-28 14:47:14.491000+00:00,-1.2612486088037689,-1.539279759755002,0.0,-0.28014764922442065,20,-0.2130653298145874
0.45736634171653423,2025-02-28 14:48:14.489000+00:00,-1.2612486088037689,-1.539279759755002,0.0,-0.28014764922442065,22,0.4836760049392088
0.45736634171653423,2025-02-28 14:49:14.488000+00:00,-1.2612486088037689,-1.4754959940092556,0.0,-0.29926795101434467,352,-0.32918888560688697
0.45736634171653423,2025-02-28 14:50:14.488000+00:00,-1.2612486088037689,-1.539279759755002,0.0,-0.29926795101434467,2,-0.5614359971914861
0.45736634171653423,2025-02-28 14:51:14.489000+00:00,-1.2612486088037689,-1.4754959940092556,0.0,-0.29926795101434467,20,-0.6775595529837853
0.45736634171653423,2025-02-28 14:52:14.490000+00:00,-1.2612486088037689,-1.4754959940092556,0.0,-0.29926795101434467,20,-0.44531244139918646
0.38228346501004346,2025-02-28 14:53:14.490000+00:00,-1.431113014575749,-1.539279759755002,0.0,-0.29926795101434467,21,0.2514288933546102
0.38228346501004346,2025-02-28 14:54:14.492000+00:00,-1.431113014575749,-1.4754959940092556,0.0,-0.29926795101434467,32,-0.09694177402228839
0.45736634171653423,2025-02-28 14:55:14.493000+00:00,-1.431113014575749,-1.4754959940092556,0.0,-0.3375085545941934,16,-0.09694177402228839
0.38228346501004346,2025-02-28 14:56:14.493000+00:00,-1.2612486088037689,-1.4754959940092556,0.0,-0.3375085545941934,26,0.1353053375623107
0.38228346501004346,2025-02-28 14:57:14.494000+00:00,-1.2612486088037689,-1.4117122282634367,0.0,-0.3375085545941934,10,0.019181781770011154
0.38228346501004346,2025-02-28 14:58:14.495000+00:00,-1.2612486088037689,-1.539279759755002,0.0,-0.35662885638411806,20,0.2514288933546102
0.38228346501004346,2025-02-28 14:59:14.495000+00:00,-1.2612486088037689,-1.539279759755002,0.0,-0.35662885638411806,8,0.4836760049392088
0.38228346501004346,2025-02-28 15:00:14.499000+00:00,-1.0913842030317886,-1.539279759755002,0.0,-0.35662885638411806,23,0.7159231165238079
0.38228346501004346,2025-02-28 15:01:14.497000+00:00,-1.0913842030317886,-1.539279759755002,0.0,-0.35662885638411806,8,0.019181781770011154
0.38228346501004346,2025-02-28 15:02:14.501000+00:00,-1.0913842030317886,-1.603063525500821,0.0,-0.35662885638411806,17,0.1353053375623107
0.3072005883035554,2025-02-28 15:03:14.501000+00:00,-1.0913842030317886,-1.539279759755002,0.0,-0.37574915817404275,4,0.5997995607315083
0.3072005883035554,2025-02-28 15:04:14.498000+00:00,-1.0913842030317886,-1.539279759755002,0.0,-0.37574915817404275,5,-0.44531244139918646
0.3072005883035554,2025-02-28 15:05:14.500000+00:00,-1.0913842030317886,-1.4754959940092556,0.0,-0.3948694599639667,4,-0.5614359971914861
0.3072005883035554,2025-02-28 15:06:14.502000+00:00,-1.0913842030317886,-1.4754959940092556,0.0,-0.37574915817404275,349,-1.1420537761529832
0.3072005883035554,2025-02-28 15:07:14.501000+00:00,-1.0913842030317886,-1.4754959940092556,0.0,-0.37574915817404275,34,-0.2130653298145874
0.38228346501004346,2025-02-28 15:08:14.501000+00:00,-1.0913842030317886,-1.4754959940092556,0.0,-0.37574915817404275,5,-0.5614359971914861
0.3072005883035554,2025-02-28 15:09:14.503000+00:00,-0.9215197972598084,-1.4754959940092556,0.0,-0.37574915817404275,40,-0.44531244139918646
0.38228346501004346,2025-02-28 15:10:14.502000+00:00,-0.9215197972598084,-1.4754959940092556,0.0,-0.37574915817404275,36,-1.0259302203606837
0.38228346501004346,2025-02-28 15:11:14.503000+00:00,-0.9215197972598084,-1.3479284625176178,0.0,-0.37574915817404275,36,-1.8387951109067797
0.38228346501004346,2025-02-28 15:12:14.504000+00:00,-0.9215197972598084,-1.3479284625176178,0.0,-0.37574915817404275,35,-1.1420537761529832
0.38228346501004346,2025-02-28 15:13:14.505000+00:00,-0.9215197972598084,-1.4117122282634367,0.0,-0.37574915817404275,19,-0.5614359971914861
0.38228346501004346,2025-02-28 15:14:14.504000+00:00,-0.9215197972598084,-1.3479284625176178,0.0,-0.37574915817404275,9,-1.7226715551144804
0.38228346501004346,2025-02-28 15:15:14.506000+00:00,-0.9215197972598084,-1.3479284625176178,0.0,-0.37574915817404275,9,-2.0710422224913785
0.38228346501004346,2025-02-28 15:16:14.507000+00:00,-0.9215197972598084,-1.4117122282634367,0.0,-0.37574915817404275,15,-1.374300887737582
0.38228346501004346,2025-02-28 15:17:14.509000+00:00,-0.9215197972598084,-1.4754959940092556,0.0,-0.37574915817404275,24,-0.9098066645683841
0.38228346501004346,2025-02-28 15:18:14.508000+00:00,-0.9215197972598084,-1.4117122282634367,0.0,-0.3948694599639667,358,-0.09694177402228839
0.38228346501004346,2025-02-28 15:19:14.508000+00:00,-0.9215197972598084,-1.4754959940092556,0.0,-0.3948694599639667,17,0.5997995607315083
0.38228346501004346,2025-02-28 15:20:14.509000+00:00,-0.9215197972598084,-1.4754959940092556,0.0,-0.3948694599639667,355,-0.9098066645683841
0.3072005883035554,2025-02-28 15:21:14.509000+00:00,-0.9215197972598084,-1.4754959940092556,0.0,-0.3948694599639667,6,-0.09694177402228839
0.38228346501004346,2025-02-28 15:22:14.509000+00:00,-0.9215197972598084,-1.4754959940092556,0.0,-0.4139897617538914,8,0.1353053375623107
0.3072005883035554,2025-02-28 15:23:14.512000+00:00,-0.9215197972598084,-1.4117122282634367,0.0,-0.4139897617538914,357,-0.09694177402228839
0.3072005883035554,2025-02-28 15:24:14.518000+00:00,-0.9215197972598084,-1.4117122282634367,0.0,-0.4331100635438154,5,1.528788007069904
0.3072005883035554,2025-02-28 15:25:14.512000+00:00,-0.9215197972598084,-1.539279759755002,0.0,-0.4522303653337401,13,1.4126644512776045
0.3072005883035554,2025-02-28 15:26:14.512000+00:00,-0.9215197972598084,-1.4754959940092556,0.0,-0.4713506671236648,1,0.5997995607315083
0.3072005883035554,2025-02-28 15:27:14.514000+00:00,-0.9215197972598084,-1.539279759755002,0.0,-0.4713506671236648,22,0.1353053375623107
0.3072005883035554,2025-02-28 15:28:14.529000+00:00,-0.9215197972598084,-1.4754959940092556,0.0,-0.4713506671236648,27,1.1804173396930056
0.3072005883035554,2025-02-28 15:29:14.515000+00:00,-0.9215197972598084,-1.4754959940092556,0.0,-0.4713506671236648,29,0.8320466723161074
0.3072005883035554,2025-02-28 15:39:01.273000+00:00,-0.9215197972598084,-1.4754959940092556,0.0,-0.4713506671236648,17,-1.1420537761529832
0.3072005883035554,2025-02-28 15:39:14.527000+00:00,-0.9215197972598084,-1.4754959940092556,0.0,-0.4713506671236648,17,-1.1420537761529832
0.3072005883035554,2025-02-28 15:40:14.525000+00:00,-0.9215197972598084,-1.4754959940092556,0.0,-0.4713506671236648,41,-1.0259302203606837
0.3072005883035554,2025-02-28 15:41:14.527000+00:00,-0.7516553914878282,-1.4754959940092556,0.0,-0.4713506671236648,34,-0.5614359971914861
0.3072005883035554,2025-02-28 15:42:14.525000+00:00,-0.7516553914878282,-1.4754959940092556,0.0,-0.4713506671236648,29,-0.6775595529837853
0.3072005883035554,2025-02-28 15:43:14.529000+00:00,-0.7516553914878282,-1.4754959940092556,0.0,-0.49047096891358877,5,-0.6775595529837853
0.3072005883035554,2025-02-28 15:44:14.537000+00:00,-0.7516553914878282,-1.539279759755002,0.0,-0.5095912707035135,1,0.36755244914690977
0.23211771159706465,2025-02-28 15:45:14.528000+00:00,-0.7516553914878282,-1.539279759755002,0.0,-0.5095912707035135,27,0.019181781770011154
0.23211771159706465,2025-02-28 15:46:14.532000+00:00,-0.581790985715848,-1.539279759755002,0.0,-0.5095912707035135,18,0.1353053375623107
0.23211771159706465,2025-02-28 15:47:14.531000+00:00,-0.581790985715848,-1.4754959940092556,0.0,-0.5095912707035135,40,-0.09694177402228839
0.23211771159706465,2025-02-28 15:48:14.536000+00:00,-0.7516553914878282,-1.539279759755002,0.0,-0.5287115724934375,50,-0.32918888560688697
0.23211771159706465,2025-02-28 15:49:14.533000+00:00,-0.581790985715848,-1.4754959940092556,0.0,-0.5287115724934375,76,-1.1420537761529832
0.23211771159706465,2025-02-28 15:50:14.534000+00:00,-0.581790985715848,-1.4754959940092556,0.0,-0.5287115724934375,14,-0.6775595529837853
0.23211771159706465,2025-02-28 15:51:14.533000+00:00,-0.7516553914878282,-1.4117122282634367,0.0,-0.5478318742833622,7,1.7610351186545026
0.23211771159706465,2025-02-28 15:52:14.542000+00:00,-0.581790985715848,-1.4117122282634367,0.0,-0.5478318742833622,5,-0.44531244139918646
0.23211771159706465,2025-02-28 15:53:14.565000+00:00,-0.581790985715848,-1.4117122282634367,0.0,-0.5478318742833622,16,-0.32918888560688697
0.23211771159706465,2025-02-28 15:54:14.536000+00:00,-0.581790985715848,-1.4117122282634367,0.0,-0.5478318742833622,349,-0.32918888560688697
0.23211771159706465,2025-02-28 15:55:14.536000+00:00,-0.7516553914878282,-1.3479284625176178,0.0,-0.5287115724934375,18,-0.2130653298145874
0.23211771159706465,2025-02-28 15:56:14.536000+00:00,-0.7516553914878282,-1.4117122282634367,0.0,-0.5287115724934375,33,-0.5614359971914861
0.23211771159706465,2025-02-28 15:57:14.540000+00:00,-0.7516553914878282,-1.3479284625176178,0.0,-0.5287115724934375,12,-0.5614359971914861
0.23211771159706465,2025-02-28 15:58:14.538000+00:00,-0.7516553914878282,-1.4117122282634367,0.0,-0.5287115724934375,22,0.019181781770011154
0.3072005883035554,2025-02-28 15:59:14.540000+00:00,-0.7516553914878282,-1.3479284625176178,0.0,-0.5287115724934375,38,0.5997995607315083
0.23211771159706465,2025-02-28 16:00:14.540000+00:00,-0.7516553914878282,-1.4117122282634367,0.0,-0.5478318742833622,31,0.2514288933546102
0.23211771159706465,2025-02-28 16:01:14.546000+00:00,-0.7516553914878282,-1.4117122282634367,0.0,-0.5478318742833622,14,0.4836760049392088
0.23211771159706465,2025-02-28 16:02:14.540000+00:00,-0.7516553914878282,-1.4754959940092556,0.0,-0.5478318742833622,3,0.2514288933546102
0.23211771159706465,2025-02-28 16:03:14.541000+00:00,-0.7516553914878282,-1.4117122282634367,0.0,-0.5669521760732869,18,-0.09694177402228839
0.23211771159706465,2025-02-28 16:04:14.542000+00:00,-0.7516553914878282,-1.4117122282634367,0.0,-0.5669521760732869,7,-0.09694177402228839
0.23211771159706465,2025-02-28 16:05:14.543000+00:00,-0.7516553914878282,-1.4117122282634367,0.0,-0.5669521760732869,22,-0.32918888560688697
0.23211771159706465,2025-02-28 16:06:14.543000+00:00,-0.7516553914878282,-1.4117122282634367,0.0,-0.5669521760732869,34,-0.32918888560688697
