date_start,driver_number,duration_sector_1,duration_sector_2,duration_sector_3,i1_speed,i2_speed,is_pit_out_lap,lap_duration,lap_number,meeting_key,segments_sector_1,segments_sector_2,segments_sector_3,session_key,st_speed
,37,,52.347,26.662,190,220,True,,1,1257,,,,10007,117
2025-04-11 11:30:13.180000+00:00,46,,53.131,25.395,231,242,True,,1,1257,,,,10007,73
2025-04-11 11:30:17.751000+00:00,50,,54.027,27.175,187,181,True,,1,1257,,,,10007,74
2025-04-11 11:30:20.427000+00:00,31,,65.25,30.305,128,155,True,,1,1257,,,,10007,47
2025-04-11 11:30:22.526000+00:00,5,,49.6,28.675,204,206,True,,1,1257,,,,10007,85
2025-04-11 11:30:26.445000+00:00,30,,58.498,31.199,168,173,True,,1,1257,,,,10007,32
2025-04-11 11:30:45.063000+00:00,7,,55.187,29.982,175,158,True,,1,1257,,,,10007,65
2025-04-11 11:30:48.506000+00:00,72,,53.126,36.285,210,201,True,,1,1257,,,,10007,50
2025-04-11 11:30:51.531000+00:00,38,,54.428,33.461,161,189,True,,1,1257,,,,10007,37
2025-04-11 11:30:53.691000+00:00,12,,52.152,31.243,164,187,True,,1,1257,,,,10007,66
2025-04-11 11:31:02.772000+00:00,44,,46.249,31.657,214,238,True,,1,1257,,,,10007,111
2025-04-11 11:31:06.865000+00:00,10,,53.464,32.669,164,185,True,,1,1257,,,,10007,58
2025-04-11 11:31:11.266000+00:00,22,,55.548,26.352,135,180,True,,1,1257,,,,10007,80
2025-04-11 11:31:15.228000+00:00,4,,56.155,39.985,201,172,True,,1,1257,,,,10007,62
2025-04-11 11:31:18.280000+00:00,18,,53.16,35.696,158,145,True,,1,1257,,,,10007,86
2025-04-11 11:31:23.998000+00:00,27,,72.391,28.011,146,181,True,,1,1257,,,,10007,97
2025-04-11 11:31:25.772000+00:00,34,,53.785,42.589,195,164,True,,1,1257,,,,10007,102
2025-04-11 11:31:36.096000+00:00,23,,57.899,37.918,188,175,True,,1,1257,,,"[None, None, None, None, None, None, 2051]",10007,65
2025-04-11 11:31:40.178000+00:00,81,,51.473,38.33,182,170,True,,1,1257,,,"[None, None, None, None, None, 2051, 2051]",10007,74
2025-04-11 11:32:08.656000+00:00,37,33.146,45.033,24.918,230,250,False,103.097,2,1257,,,,10007,286
2025-04-11 11:32:11.474000+00:00,6,,68.3,31.86,118,138,True,,1,1257,,,"[None, None, 2049, 2049, 2049, 2049, 2049]",10007,152
2025-04-11 11:32:15.412000+00:00,46,38.547,73.314,32.192,171,158,False,144.053,2,1257,"[2049, 2049, 2049, 2049, 2049, 2049, 2048, 2048, 2048, 2048]","[2048, 2048, 2049, 2048, 2048, 2049, 2049, 2049, 2048, 2048, 2048]","[2048, 2048, 2048, 2048, 2048, 2048, 2064]",10007,257
2025-04-11 11:32:29.145000+00:00,50,31.402,42.624,24.329,232,257,False,98.355,2,1257,,,"[None, None, None, None, None, None, 2051]",10007,308
2025-04-11 11:32:36.385000+00:00,5,31.014,43.444,24.948,236,258,False,99.406,2,1257,,,"[None, None, None, None, None, 2049]",10007,321
2025-04-11 11:32:50.413000+00:00,31,30.624,41.863,24.092,232,258,False,96.579,2,1257,,,"[None, 2049, 2049, 2049, 2051, 2049]",10007,306
2025-04-11 11:32:58.879000+00:00,30,31.277,42.85,24.134,234,263,False,98.261,2,1257,,"[None, None, None, None, None, None, None, None, None, 2049, 2049]","[2049, 2051, 2049, 2049, 2049, 2049, 2049]",10007,320
2025-04-11 11:33:05.080000+00:00,7,30.658,44.146,24.892,231,256,False,99.696,2,1257,,"[None, None, None, None, None, None, None, 2049, 2049, 2049, 2049]","[2051, 2049, 2049, 2049, 2049, 2049]",10007,320
2025-04-11 11:33:09.137000+00:00,44,30.632,41.83,24.237,233,267,False,96.699,2,1257,,"[None, None, None, None, None, None, 2051, 2049, 2051, 2051, 2051]","[2049, 2049, 2049, 2049, 2049, 2049, 2049]",10007,321
2025-04-11 11:33:13.684000+00:00,72,33.463,43.978,24.15,233,254,False,101.591,2,1257,,"[None, None, None, None, None, 2049, 2049, 2049, 2049, 2049, 2049]","[2049, 2049, 2051, 2051, 2049, 2049, 2049]",10007,323
2025-04-11 11:33:19.813000+00:00,38,31.731,43.934,24.278,237,252,False,99.943,2,1257,,"[None, None, None, 2049, 2049, 2049, 2049, 2049, 2049, 2049, 2049]","[2049, 2049, 2049, 2049, 2049, 2049]",10007,302
2025-04-11 11:33:26.604000+00:00,10,37.235,55.036,26.538,70,191,False,118.809,2,1257,,"[None, 2049, 2049, 2049, 2049, 2049, 2049, 2049, 2049, 2049, 2049]","[2049, 2049, 2049, 2049, 2049, 2049, 2049]",10007,321
2025-04-11 11:33:33.496000+00:00,22,31.132,42.435,24.36,234,266,False,97.927,2,1257,,"[None, 2049, 2049, 2049, 2049, 2049, 2049, 2049, 2049, 2049, 2049]","[2049, 2049, 2049, 2049, 2049, 2049]",10007,322
2025-04-11 11:33:39.701000+00:00,12,30.198,42.863,24.99,237,264,False,98.051,2,1257,"[None, None, None, None, None, None, None, None, None, 2049]","[2049, 2049, 2049, 2049, 2049, 2049, 2049, 2051, 2049, 2049, 2049]","[2049, 2049, 2049, 2049, 2049, 2049]",10007,322
2025-04-11 11:33:46.460000+00:00,18,31.438,42.931,24.359,228,256,False,98.728,2,1257,"[None, None, None, None, None, None, None, 2049, 2049, 2049]","[2049, 2049, 2049, 2051, 2049, 2049, 2049, 2049, 2049, 2049, 2049]","[2049, 2049, 2049, 2049, 2049, 2049]",10007,304
2025-04-11 11:33:51.705000+00:00,37,32.562,44.185,24.77,232,259,False,101.517,3,1257,"[None, None, None, None, None, 2049, 2049, 2049, 2049, 2049]","[2049, 2049, 2049, 2049, 2049, 2049, 2049, 2049, 2049, 2049, 2049]","[2049, 2049, 2049, 2049, 2049, 2049, 2049]",10007,295
2025-04-11 11:33:54.976000+00:00,34,31.78,43.32,24.701,235,259,False,99.801,2,1257,"[None, None, None, None, None, 2049, 2049, 2049, 2049, 2049]","[2049, 2049, 2049, 2049, 2049, 2049, 2049, 2049, 2049, 2049, 2049]","[2049, 2049, 2049, 2049, 2049, 2049]",10007,310
2025-04-11 11:33:59.537000+00:00,27,38.851,55.603,26.759,127,168,False,121.213,2,1257,"[2049, 2049, 2049, 2049, 2049, 2049, 2048, 2048, 2048, 2048]","[2049, 2049, 2049, 2048, 2049, 2049, 2049, 2049, 2049, 2049, 2048]","[2048, 2048, 2048, 2049, 2049, 2049]",10007,321
2025-04-11 11:34:02.831000+00:00,4,30.195,41.604,23.875,238,262,False,95.674,2,1257,"[None, None, 2049, 2049, 2049, 2049, 2049, 2049, 2049, 2051]","[2051, 2049, 2049, 2049, 2051, 2049, 2049, 2049, 2049, 2049, 2049]","[2051, 2049, 2049, 2049, 2051, 2049]",10007,319
2025-04-11 11:34:07.349000+00:00,50,44.42,63.027,26.383,125,171,False,133.83,3,1257,"[2048, 2048, 2048, 2048, 2048, 2048, 2048, 2048, 2048, 2048]","[2048, 2048, 2048, 2048, 2048, 2048, 2048, 2048, 2048, 2048, 2048]","[2048, 2048, 2048, 2048, 2048, 2049, 2049]",10007,240
2025-04-11 11:34:07.893000+00:00,23,30.351,41.442,24.051,233,263,False,95.844,2,1257,"[2049, 2049, 2049, 2049, 2049, 2049, 2049, 2049, 2051, 2049]","[2049, 2049, 2051, 2049, 2049, 2051, 2049, 2049, 2051, 2049, 2049]","[2049, 2049, 2049, 2049, 2049, 2049]",10007,318
2025-04-11 11:34:15.651000+00:00,5,45.084,68.444,28.611,133,139,False,142.139,3,1257,"[2048, 2048, 2048, 2048, 2048, 2048, 2048, 2048, 2048, 2048]","[2048, 2048, 2048, 2048, 2048, 2048, 2048, 2048, 2048, 2048, 2048]","[2048, 2048, 2048, 2048, 2048, 2049, 2049]",10007,196
2025-04-11 11:34:15.943000+00:00,81,30.06,42.165,24.473,233,266,False,96.698,2,1257,"[2051, 2051, 2051, 2049, 2049, 2051, 2049, 2049, 2049, 2049]","[2049, 2051, 2049, 2049, 2049, 2049, 2049, 2049, 2049, 2049, 2051]","[2049, 2049, 2049, 2049, 2049, 2048, 2048]",10007,322
2025-04-11 11:34:26.905000+00:00,31,51.167,70.895,39.216,116,122,False,161.278,3,1257,"[2049, 2048, 2048, 2048, 2048, 2048, 2048, 2048, 2048, 2048]","[2048, 2048, 2048, 2048, 2048, 2048, 2048, 2048, 2048, 2048, 2048]","[2048, 2048, 2048, 2048, 2048, 2048, 2048]",10007,116
2025-04-11 11:34:29.318000+00:00,6,30.65,42.573,24.548,232,262,False,97.771,2,1257,"[2049, 2049, 2049, 2049, 2049, 2049, 2049, 2049, 2049, 2049]","[2049, 2049, 2049, 2049, 2049, 2049, 2049, 2049, 2049, 2049, 2049]","[2049, 2049, 2049, 2049, 2049, 2049, 2049]",10007,320
2025-04-11 11:34:37.076000+00:00,30,48.021,72.069,40.561,99,94,False,160.651,3,1257,"[2048, 2048, 2048, 2048, 2048, 2048, 2048, 2048, 2048, 2048]","[2048, 2048, 2048, 2048, 2048, 2048, 2048, 2048, 2048, 2048, 2048]","[2048, 2048, 2048, 2048, 2048, 2048, 2064]",10007,224
2025-04-11 11:34:44.697000+00:00,7,46.891,72.141,34.803,118,110,False,153.835,3,1257,"[2048, 2048, 2048, 2048, 2048, 2048, 2048, 2048, 2048, 2048]","[2048, 2048, 2048, 2048, 2048, 2048, 2048, 2048, 2048, 2048, 2048]","[2048, 2048, 2048, 2048, 2048, 2049, 2048]",10007,183
2025-04-11 11:34:45.789000+00:00,44,61.142,70.264,29.117,104,116,False,160.523,3,1257,"[2048, 2048, 2048, 2048, 2048, 2048, 2048, 2048, 2048, 2048]","[2048, 2048, 2048, 2048, 2048, 2048, 2048, 2048, 2048, 2048, 2048]","[2048, 2048, 2048, 2048, 2048, 2048, 2048]",10007,130
2025-04-11 11:34:55.248000+00:00,72,54.626,72.081,31.979,92,116,False,158.686,3,1257,"[2048, 2048, 2048, 2048, 2048, 2048, 2048, 2048, 2048, 2048]","[2048, 2048, 2048, 2048, 2048, 2048, 2048, 2048, 2048, 2048, 2048]","[2048, 2048, 2048, 2048, 2048, 2049, 2048]",10007,231
2025-04-11 11:34:59.551000+00:00,38,33.364,43.795,24.452,233,252,False,101.611,3,1257,"[2049, 2049, 2048, 2048, 2048, 2048, 2048, 2048, 2048, 2048]","[2048, 2048, 2049, 2048, 2049, 2049, 2048, 2049, 2049, 2049, 2049]","[2049, 2049, 2051, 2048, 2048, 2048, 2049]",10007,296
2025-04-11 11:35:11.303000+00:00,22,55.116,77.797,41.934,103,124,False,174.847,3,1257,"[2048, 2048, 2048, 2048, 2048, 2048, 2048, 2048, 2048, 2048]","[2048, 2048, 2048, 2048, 2048, 2048, 2048, 2048, 2048, 2048, 2048]","[2048, 2048, 2048, 2048, 2048, 2048, 2048]",10007,142
2025-04-11 11:35:17.608000+00:00,12,65.271,80.227,49.723,105,105,False,195.221,3,1257,"[2048, 2048, 2048, 2048, 2048, 2048, 2048, 2048, 2048, 2048]","[2048, 2048, 2048, 2048, 2048, 2048, 2048, 2048, 2048, 2048, 2048]","[2048, 2048, 2048, 2048, 2048, 2048, 2064]",10007,73
2025-04-11 11:35:25.073000+00:00,18,53.357,69.381,38.798,108,128,False,161.536,3,1257,"[2049, 2048, 2048, 2048, 2048, 2048, 2048, 2048, 2048, 2048]","[2048, 2048, 2048, 2048, 2048, 2048, 2048, 2048, 2048, 2048, 2048]","[2048, 2048, 2048, 2048, 2048, 2048, 2049]",10007,198
2025-04-11 11:35:25.275000+00:00,10,30.433,41.96,24.208,236,265,False,96.601,3,1257,"[2049, 2049, 2049, 2048, 2048, 2049, 2049, 2049, 2049, 2049]","[2051, 2049, 2049, 2049, 2049, 2049, 2049, 2049, 2049, 2049, 2049]","[2051, 2049, 2049, 2049, 2049, 2048, 2048]",10007,
2025-04-11 11:35:33.210000+00:00,37,32.939,44.705,31.802,,252,False,109.446,4,1257,"[2049, 2049, 2048, 2049, 2049, 2048, 2048, 2049, 2049, 2048]","[2048, 2048, 2048, 2049, 2049, 2049, 2049, 2048, 2048, 2048, 2048]","[2048, 2049, 2049, 2048, 2048, 2048, 2064]",10007,292
2025-04-11 11:35:34.747000+00:00,34,52.453,66.487,39.636,103,90,False,158.576,3,1257,"[2048, 2048, 2048, 2048, 2048, 2048, 2048, 2048, 2048, 2048]","[2048, 2048, 2048, 2048, 2048, 2048, 2048, 2048, 2048, 2048, 2048]","[2048, 2048, 2048, 2048, 2048, 2048, 2048]",10007,191
2025-04-11 11:35:38.496000+00:00,4,47.232,83.213,43.117,101,102,False,173.562,3,1257,"[2048, 2048, 2048, 2048, 2048, 2048, 2048, 2048, 2048, 2048]","[2048, 2048, 2048, 2048, 2048, 2048, 2048, 2048, 2048, 2048, 2048]","[2048, 2048, 2048, 2048, 2048, 2048, 2048]",10007,203
2025-04-11 11:35:43.727000+00:00,23,48.795,70.363,34.553,118,144,False,153.711,3,1257,"[2048, 2048, 2048, 2048, 2048, 2048, 2048, 2048, 2048, 2048]","[2048, 2048, 2048, 2048, 2048, 2048, 2048, 2048, 2048, 2048, 2048]","[2048, 2048, 2048, 2048, 2048, 2049, 2049]",10007,174
2025-04-11 11:35:52.558000+00:00,81,47.5,75.604,44.285,143,93,False,167.389,3,1257,"[2048, 2048, 2048, 2048, 2048, 2048, 2048, 2048, 2048, 2048]","[2048, 2048, 2048, 2048, 2048, 2048, 2048, 2048, 2048, 2048, 2048]","[2048, 2048, 2048, 2048, 2048, 2048, 2048]",10007,143
2025-04-11 11:36:00.661000+00:00,27,30.87,43.422,24.167,239,262,False,98.459,3,1257,"[None, 2048, 2048, 2048, 2049, 2049, 2049, 2049, 2049, 2049]","[2049, 2049, 2049, 2049, 2049, 2049, 2049, 2049, 2049, 2049, 2049]","[2049, 2051, 2049, 2049, 2049, 2049]",10007,320
2025-04-11 11:36:07.043000+00:00,6,38.101,55.02,33.522,173,185,False,126.643,3,1257,"[2048, 2048, 2048, 2048, 2048, 2048, 2048, 2048, 2048, 2048]","[2048, 2048, 2048, 2048, 2048, 2048, 2048, 2048, 2048, 2048, 2048]","[2048, 2048, 2048, 2048, 2048, 2048, 2064]",10007,262
2025-04-11 11:36:21.288000+00:00,50,30.792,42.579,24.118,236,264,False,97.489,4,1257,"[2049, 2049, 2049, 2049, 2049, 2049, 2049, 2049, 2049, 2049]","[2049, 2049, 2049, 2048, 2048, 2048, 2049, 2049, 2048, 2048, 2049]","[2049, 2049, 2049, 2049, 2049, 2048, 2049]",10007,311
2025-04-11 11:36:37.831000+00:00,5,30.797,42.869,24.15,237,263,False,97.816,4,1257,"[None, 2048, 2048, 2049, 2049, 2049, 2048, 2049, 2049, 2049]","[2049, 2049, 2048, 2048, 2048, 2049, 2049, 2049, 2048, 2049, 2049]","[2048, 2049, 2049, 2049, 2049, 2049]",10007,320
2025-04-11 11:36:41.384000+00:00,38,31.363,43.524,24.329,235,253,False,99.216,4,1257,"[None, 2049, 2049, 2049, 2048, 2049, 2049, 2049, 2049, 2048]","[2049, 2049, 2048, 2049, 2049, 2049, 2049, 2049, 2048, 2049, 2049]","[2049, 2048, 2048, 2049, 2048, 2049, 2049]",10007,300
2025-04-11 11:37:01.992000+00:00,10,49.537,73.778,34.63,108,129,False,157.945,4,1257,"[2048, 2048, 2048, 2048, 2048, 2048, 2048, 2048, 2048, 2048]","[2048, 2048, 2048, 2048, 2048, 2048, 2048, 2048, 2048, 2048, 2048]","[2048, 2048, 2048, 2048, 2048, 2048, 2048]",10007,220
2025-04-11 11:37:08.254000+00:00,31,53.517,71.321,32.67,123,132,False,157.508,4,1257,"[2048, 2048, 2048, 2048, 2048, 2048, 2048, 2048, 2048, 2048]","[2048, 2048, 2048, 2048, 2048, 2048, 2048, 2048, 2048, 2048, 2048]","[2048, 2048, 2048, 2048, 2048, 2048, 2048]",10007,142
2025-04-11 11:37:18.610000+00:00,7,30.938,42.287,24.362,235,264,False,97.587,4,1257,"[None, 2048, 2048, 2048, 2048, 2049, 2048, 2048, 2048, 2049]","[2048, 2049, 2048, 2049, 2049, 2049, 2049, 2049, 2049, 2049, 2049]","[2048, 2049, 2049, 2049, 2048, 2048]",10007,318
2025-04-11 11:37:26.341000+00:00,44,30.442,59.686,31.928,236,104,False,122.056,4,1257,"[None, 2048, 2048, 2049, 2048, 2048, 2048, 2048, 2049, 2049]","[2049, 2049, 2048, 2051, 2048, 2048, 2048, 2048, 2048, 2048, 2048]","[2048, 2048, 2048, 2048, 2048, 2051, 2048]",10007,319
2025-04-11 11:37:33.974000+00:00,72,31.253,43.378,24.669,239,267,False,99.3,4,1257,"[2049, 2049, 2048, 2048, 2049, 2049, 2049, 2049, 2049, 2049]","[2049, 2049, 2049, 2049, 2048, 2048, 2048, 2049, 2049, 2049, 2051]","[2049, 2051, 2051, 2051, 2048, 2048, 2048]",10007,322
2025-04-11 11:37:39.186000+00:00,27,42.593,66.576,32.615,139,97,False,141.784,4,1257,"[2048, 2048, 2048, 2048, 2048, 2048, 2048, 2048, 2048, 2048]","[2048, 2048, 2048, 2048, 2048, 2048, 2048, 2048, 2048, 2048, 2048]","[2048, 2048, 2048, 2048, 2048, 2049, 2049]",10007,220
2025-04-11 11:37:40.450000+00:00,30,69.23,71.039,30.155,138,189,True,170.424,4,1257,"[2064, 2064, 2064, 2048, 2048, 2048, 2048, 2048, 2048, 2048]","[2048, 2048, 2048, 2048, 2048, 2048, 2048, 2048, 2048, 2048, 2048]","[2048, 2048, 2048, 2048, 2048, 2048, 2049]",10007,116
2025-04-11 11:37:58.782000+00:00,50,41.836,70.764,38.895,181,93,False,151.495,5,1257,"[None, 2048, 2048, 2048, 2048, 2048, 2048, 2048, 2048, 2048]","[2048, 2048, 2048, 2048, 2048, 2048, 2048, 2048, 2048, 2048, 2048]","[2048, 2048, 2048, 2048, 2048, 2048, 2048]",10007,290
2025-04-11 11:38:06.227000+00:00,22,52.087,62.984,27.832,121,139,False,142.903,4,1257,"[None, 2048, 2048, 2048, 2048, 2048, 2048, 2048, 2048, 2048]","[2048, 2048, 2048, 2048, 2048, 2048, 2048, 2048, 2048, 2048, 2048]","[2048, 2048, 2048, 2048, 2048, 2049, 2049]",10007,138
2025-04-11 11:38:06.696000+00:00,18,30.538,42.401,24.259,240,255,False,97.198,4,1257,"[None, 2049, 2049, 2049, 2049, 2049, 2049, 2049, 2048, 2049]","[2049, 2049, 2049, 2048, 2049, 2049, 2049, 2049, 2048, 2048, 2048]","[2049, 2049, 2049, 2049, 2048, 2048]",10007,323
2025-04-11 11:38:13.408000+00:00,34,31.437,43.302,24.542,228,257,False,99.281,4,1257,"[2049, 2048, 2048, 2049, 2049, 2049, 2049, 2049, 2049, 2048]","[2048, 2049, 2049, 2049, 2049, 2048, 2048, 2049, 2048, 2048, 2048]","[2049, 2049, 2048, 2049, 2049, 2048, 2048]",10007,318
2025-04-11 11:38:15.514000+00:00,5,50.389,84.497,31.484,93,92,False,166.37,5,1257,"[2049, 2048, 2048, 2048, 2048, 2048, 2048, 2048, 2048, 2048]","[2048, 2048, 2048, 2048, 2048, 2048, 2048, 2048, 2048, 2048, 2048]","[2048, 2048, 2048, 2048, 2048, 2048, 2048]",10007,156
2025-04-11 11:38:17.440000+00:00,23,30.138,41.639,23.975,236,265,False,95.752,4,1257,"[2049, 2049, 2049, 2049, 2048, 2049, 2051, 2049, 2048, 2049]","[2048, 2048, 2048, 2049, 2048, 2048, 2049, 2049, 2048, 2048, 2049]","[2048, 2049, 2049, 2049, 2051, 2048]",10007,322
2025-04-11 11:38:20.544000+00:00,38,31.295,43.608,24.398,,250,False,99.301,5,1257,"[None, 2049, 2049, 2049, 2048, 2048, 2048, 2048, 2049, 2048]","[2049, 2049, 2048, 2048, 2049, 2048, 2048, 2049, 2048, 2048, 2048]","[2048, 2048, 2048, 2048, 2048, 2048, 2048]",10007,303
2025-04-11 11:38:32.019000+00:00,4,30.109,41.408,23.732,238,266,False,95.249,4,1257,"[None, 2048, 2048, 2049, 2049, 2051, 2049, 2049, 2048, 2048]","[2048, 2051, 2048, 2049, 2051, 2049, 2049, 2051, 2048, 2051, 2051]","[2051, 2049, 2049, 2049, 2048, 2048, 2049]",10007,318
2025-04-11 11:38:40.080000+00:00,81,30.314,41.978,23.944,238,266,False,96.236,4,1257,"[None, 2048, 2048, 2048, 2048, 2048, 2048, 2048, 2048, 2051]","[2049, 2048, 2048, 2048, 2049, 2049, 2049, 2048, 2048, 2049, 2049]","[2048, 2049, 2049, 2049, 2049, 2048]",10007,319
2025-04-11 11:38:56.029000+00:00,7,47.104,66.723,38.167,130,161,False,151.994,5,1257,"[None, 2048, 2048, 2048, 2048, 2048, 2048, 2048, 2048, 2048]","[2048, 2048, 2048, 2048, 2048, 2048, 2048, 2048, 2048, 2048, 2048]","[2048, 2048, 2048, 2048, 2048, 2048, 2064]",10007,212
2025-04-11 11:39:13.201000+00:00,72,47.362,66.497,34.049,156,123,False,147.908,5,1257,"[2048, 2048, 2048, 2048, 2048, 2048, 2048, 2048, 2048, 2048]","[2048, 2048, 2048, 2048, 2048, 2048, 2048, 2048, 2048, 2048, 2048]","[2048, 2048, 2048, 2048, 2048, 2048, 2048]",10007,236
2025-04-11 11:39:28.411000+00:00,44,30.643,41.624,24.084,,268,False,96.351,5,1257,"[None, 2048, 2048, 2049, 2048, 2048, 2048, 2048, 2048, 2049]","[2048, 2049, 2048, 2048, 2048, 2049, 2048, 2049, 2048, 2048, 2049]","[2049, 2049, 2049, 2049, 2049, 2048]",10007,320
2025-04-11 11:39:39.945000+00:00,10,45.659,60.219,26.03,154,193,False,131.908,5,1257,"[None, 2048, 2048, 2048, 2048, 2048, 2048, 2048, 2048, 2048]","[2048, 2048, 2048, 2048, 2048, 2048, 2048, 2048, 2048, 2048, 2048]","[2048, 2048, 2048, 2048, 2048, 2048, 2048]",10007,168
2025-04-11 11:39:43.759000+00:00,18,54.447,75.777,28.787,80,125,False,159.011,5,1257,"[2048, 2048, 2048, 2048, 2048, 2048, 2048, 2048, 2048, 2048]","[2048, 2048, 2048, 2048, 2048, 2048, 2048, 2048, 2048, 2048, 2048]","[2048, 2048, 2048, 2048, 2048, 2048, 2049]",10007,177
2025-04-11 11:39:45.757000+00:00,31,30.514,41.678,23.906,233,260,False,96.098,5,1257,"[None, 2049, 2049, 2049, 2048, 2049, 2048, 2048, 2048, 2049]","[2049, 2048, 2049, 2049, 2049, 2049, 2049, 2049, 2049, 2049, 2049]","[2049, 2049, 2049, 2049, 2051, 2049, 2049]",10007,309
2025-04-11 11:39:52.672000+00:00,34,42.893,55.803,33.128,181,177,False,131.824,5,1257,"[2048, 2048, 2048, 2048, 2048, 2048, 2048, 2048, 2048, 2048]","[2048, 2048, 2048, 2048, 2048, 2048, 2048, 2048, 2048, 2048, 2048]","[2048, 2048, 2048, 2048, 2048, 2048, 2064]",10007,214
2025-04-11 11:39:53.168000+00:00,23,45.762,64.581,37.406,86,152,False,147.749,5,1257,"[2048, 2048, 2048, 2048, 2048, 2048, 2048, 2048, 2048, 2048]","[2048, 2048, 2048, 2048, 2048, 2048, 2048, 2048, 2048, 2048, 2048]","[2048, 2048, 2048, 2048, 2048, 2048, 2064]",10007,190
2025-04-11 11:39:59.902000+00:00,38,31.398,43.315,24.398,233,254,False,99.111,6,1257,"[2048, 2048, 2048, 2048, 2048, 2048, 2048, 2048, 2049, 2048]","[2049, 2048, 2048, 2049, 2049, 2048, 2048, 2049, 2048, 2048, 2048]","[2048, 2048, 2048, 2048, 2048, 2048]",10007,299
2025-04-11 11:40:00.971000+00:00,27,31.349,64.65,35.402,177,140,False,131.401,5,1257,"[2049, 2049, 2051, 2048, 2049, 2049, 2049, 2051, 2048, 2048]","[2048, 2048, 2048, 2048, 2048, 2048, 2048, 2048, 2048, 2048, 2048]","[2048, 2048, 2048, 2048, 2048, 2048, 2048]",10007,325
2025-04-11 11:40:07.199000+00:00,4,38.294,54.155,30.334,145,179,False,122.783,5,1257,"[None, 2048, 2048, 2048, 2048, 2048, 2048, 2048, 2048, 2048]","[2048, 2048, 2048, 2048, 2048, 2048, 2048, 2048, 2048, 2048, 2048]","[2048, 2048, 2048, 2048, 2048, 2048, 2064]",10007,239
2025-04-11 11:40:08.185000+00:00,30,30.91,42.577,23.98,233,265,False,97.467,5,1257,"[2049, 2049, 2049, 2048, 2048, 2049, 2049, 2049, 2049, 2048]","[2049, 2049, 2048, 2049, 2048, 2049, 2049, 2049, 2049, 2049, 2049]","[2049, 2049, 2049, 2049, 2049, 2049, 2049]",10007,323
2025-04-11 11:40:16.116000+00:00,81,47.599,64.822,37.272,150,164,False,149.693,5,1257,"[None, 2048, 2048, 2048, 2048, 2048, 2048, 2048, 2048, 2048]","[2048, 2048, 2048, 2048, 2048, 2048, 2048, 2048, 2048, 2048, 2048]","[2048, 2048, 2048, 2048, 2048, 2048, 2064]",10007,217
2025-04-11 11:40:29.238000+00:00,22,30.311,57.302,40.508,235,122,False,128.121,5,1257,"[2049, 2049, 2049, 2048, 2049, 2049, 2049, 2049, 2049, 2049]","[2049, 2049, 2049, 2049, 2048, 2048, 2048, 2048, 2048, 2048, 2048]","[2048, 2048, 2048, 2048, 2048, 2048, 2048]",10007,323
2025-04-11 11:40:30.230000+00:00,50,48.509,64.325,28.231,144,154,False,141.065,6,1257,"[2048, 2048, 2048, 2048, 2048, 2048, 2048, 2048, 2048, 2048]","[2048, 2048, 2048, 2048, 2048, 2048, 2048, 2048, 2048, 2048, 2048]","[2048, 2048, 2048, 2048, 2048, 2048, 2048]",10007,207
2025-04-11 11:41:02.072000+00:00,5,30.732,42.478,24.098,237,268,False,97.308,6,1257,"[2048, 2048, 2048, 2049, 2049, 2049, 2049, 2049, 2048, 2048]","[2048, 2049, 2049, 2049, 2049, 2048, 2049, 2049, 2049, 2049, 2049]","[2048, 2049, 2048, 2048, 2048, 2048, 2048]",10007,320
2025-04-11 11:41:04.663000+00:00,44,65.264,73.421,29.82,65,135,False,168.505,6,1257,"[None, 2048, 2048, 2048, 2048, 2048, 2048, 2048, 2048, 2048]","[2048, 2048, 2048, 2048, 2048, 2048, 2048, 2048, 2048, 2048, 2048]","[2048, 2048, 2048, 2048, 2048, 2048, 2049]",10007,125
2025-04-11 11:41:21.881000+00:00,31,52.473,70.616,36.14,125,93,False,159.229,6,1257,"[2049, 2048, 2048, 2048, 2048, 2048, 2048, 2048, 2048, 2048]","[2048, 2048, 2048, 2048, 2048, 2048, 2048, 2048, 2048, 2048, 2048]","[2048, 2048, 2048, 2048, 2048, 2049, 2049]",10007,132
2025-04-11 11:41:37.861000+00:00,6,,64.624,31.699,131,167,True,351.333,4,1257,"[2064, 2064, 2064, 2048, 2048, 2048, 2048, 2048, 2048, 2048]","[2048, 2048, 2048, 2048, 2048, 2048, 2048, 2048, 2048, 2048, 2048]","[2048, 2048, 2048, 2048, 2048, 2049, 2049]",10007,118
2025-04-11 11:41:38.768000+00:00,38,30.851,43.179,24.55,239,256,False,98.58,7,1257,"[2049, 2049, 2049, 2049, 2048, 2048, 2049, 2049, 2049, 2049]","[2049, 2049, 2048, 2049, 2048, 2048, 2049, 2049, 2048, 2048, 2048]","[2048, 2048, 2048, 2049, 2048, 2048]",10007,322
2025-04-11 11:41:41.289000+00:00,72,31.675,42.76,24.044,228,270,False,98.479,6,1257,"[None, 2048, 2048, 2048, 2049, 2049, 2048, 2048, 2048, 2048]","[2049, 2048, 2048, 2048, 2049, 2049, 2048, 2048, 2049, 2049, 2051]","[2048, 2048, 2048, 2048, 2048, 2048, 2049]",10007,309
2025-04-11 11:41:45.539000+00:00,30,48.362,73.056,38.665,118,136,False,160.083,6,1257,"[2048, 2048, 2048, 2048, 2048, 2048, 2048, 2048, 2048, 2048]","[2048, 2048, 2048, 2048, 2048, 2048, 2048, 2048, 2048, 2048, 2048]","[2048, 2048, 2048, 2048, 2048, 2048, 2064]",10007,281
2025-04-11 11:41:51.792000+00:00,10,30.414,41.749,24.015,236,263,False,96.178,6,1257,"[None, 2048, 2049, 2049, 2048, 2049, 2049, 2049, 2048, 2048]","[2048, 2051, 2048, 2049, 2049, 2048, 2049, 2049, 2049, 2048, 2049]","[2048, 2049, 2049, 2048, 2048, 2048, 2048]",10007,322
2025-04-11 11:41:56.208000+00:00,7,71.336,62.248,29.493,153,153,True,163.077,6,1257,"[2064, 2064, 2064, 2048, 2048, 2048, 2048, 2048, 2048, 2048]","[2048, 2048, 2048, 2048, 2048, 2048, 2048, 2048, 2048, 2048, 2048]","[2048, 2048, 2048, 2048, 2048, 2049, 2049]",10007,129
2025-04-11 11:42:12.436000+00:00,27,30.837,42.432,24.041,238,269,False,97.31,6,1257,"[2048, 2048, 2048, 2048, 2048, 2049, 2049, 2048, 2048, 2048]","[2049, 2049, 2048, 2049, 2049, 2049, 2049, 2049, 2049, 2049, 2049]","[2049, 2048, 2048, 2048, 2049, 2049]",10007,320
2025-04-11 11:42:22.880000+00:00,18,30.649,42.341,24.272,240,260,False,97.262,6,1257,"[2049, 2049, 2049, 2048, 2048, 2049, 2049, 2049, 2048, 2049]","[2048, 2048, 2049, 2048, 2049, 2049, 2051, 2049, 2049, 2048, 2049]","[2049, 2049, 2049, 2049, 2048, 2048, 2048]",10007,322
2025-04-11 11:42:37.327000+00:00,22,55.334,69.827,32.271,118,130,False,157.432,6,1257,"[2048, 2048, 2048, 2048, 2048, 2048, 2048, 2048, 2048, 2048]","[2048, 2048, 2048, 2048, 2048, 2048, 2048, 2048, 2048, 2048, 2048]","[2048, 2048, 2048, 2048, 2048, 2049, 2049]",10007,155
2025-04-11 11:42:39.339000+00:00,5,53.012,76.54,33.824,96,108,False,163.376,7,1257,"[None, 2048, 2048, 2048, 2048, 2048, 2048, 2048, 2048, 2048]","[2048, 2048, 2048, 2048, 2048, 2048, 2048, 2048, 2048, 2048, 2048]","[2048, 2048, 2048, 2048, 2048, 2048, 2048]",10007,186
2025-04-11 11:42:51.331000+00:00,50,31.368,42.406,24.101,237,265,False,97.875,7,1257,"[None, 2048, 2048, 2048, 2048, 2048, 2049, 2048, 2048, 2048]","[2048, 2048, 2048, 2048, 2048, 2048, 2048, 2048, 2049, 2048, 2049]","[2049, 2049, 2048, 2048, 2048, 2048, 2048]",10007,294
2025-04-11 11:43:00.371000+00:00,23,80.265,59.289,27.29,128,144,True,166.844,6,1257,"[2064, 2064, 2064, 2048, 2048, 2048, 2048, 2048, 2048, 2048]","[2048, 2048, 2048, 2048, 2048, 2048, 2048, 2048, 2048, 2048, 2048]","[2048, 2048, 2048, 2048, 2048, 2048, 2048]",10007,127
2025-04-11 11:43:03.167000+00:00,81,64.778,64.188,36.56,139,158,True,165.526,6,1257,"[2064, 2064, 2064, 2048, 2048, 2048, 2048, 2048, 2048, 2048]","[2048, 2048, 2048, 2048, 2048, 2048, 2048, 2048, 2048, 2048, 2048]","[2048, 2048, 2048, 2048, 2048, 2048, 2048]",10007,90
2025-04-11 11:43:06.946000+00:00,46,,45.224,27.286,236,239,True,633.001,3,1257,"[2064, 2064, 2064, 2048, 2048, 2048, 2049, 2049, 2049, 2049]","[2049, 2049, 2049, 2049, 2049, 2049, 2049, 2049, 2049, 2048, 2048]","[2049, 2049, 2049, 2049, 2048, 2048, 2048]",10007,38
2025-04-11 11:43:17.358000+00:00,38,44.832,55.796,38.399,169,180,False,139.027,8,1257,"[None, 2048, 2048, 2048, 2048, 2048, 2048, 2048, 2048, 2048]","[2048, 2048, 2048, 2048, 2048, 2048, 2048, 2048, 2048, 2048, 2048]","[2048, 2048, 2048, 2048, 2048, 2048, 2064]",10007,191
2025-04-11 11:43:19.688000+00:00,72,51.072,78.86,27.847,153,128,False,157.779,7,1257,"[2049, 2048, 2048, 2048, 2048, 2048, 2048, 2048, 2048, 2048]","[2048, 2048, 2048, 2048, 2048, 2048, 2048, 2048, 2048, 2048, 2048]","[2048, 2048, 2048, 2048, 2048, 2051, 2049]",10007,223
2025-04-11 11:43:27.945000+00:00,10,49.321,76.484,44.623,113,128,False,170.428,7,1257,"[None, 2048, 2048, 2048, 2048, 2048, 2048, 2048, 2048, 2048]","[2048, 2048, 2048, 2048, 2048, 2048, 2048, 2048, 2048, 2048, 2048]","[2048, 2048, 2048, 2048, 2048, 2048, 2064]",10007,243
2025-04-11 11:43:49.613000+00:00,27,37.582,71.215,40.187,153,121,False,148.984,7,1257,"[None, 2048, 2048, 2048, 2048, 2048, 2048, 2048, 2048, 2048]","[2048, 2048, 2048, 2048, 2048, 2048, 2048, 2048, 2048, 2048, 2048]","[2048, 2048, 2048, 2048, 2048, 2048, 2048]",10007,306
2025-04-11 11:43:53.369000+00:00,44,30.44,41.773,27.28,237,270,False,99.493,7,1257,"[2049, 2049, 2048, 2048, 2048, 2048, 2048, 2049, 2048, 2049]","[2048, 2049, 2048, 2048, 2048, 2049, 2051, 2051, 2048, 2048, 2049]","[2049, 2049, 2049, 2049, 2048, 2048, 2048]",10007,322
2025-04-11 11:44:00.240000+00:00,18,49.819,63.263,34.586,117,138,False,147.668,7,1257,"[2048, 2048, 2048, 2048, 2048, 2048, 2048, 2048, 2048, 2048]","[2048, 2048, 2048, 2048, 2048, 2048, 2048, 2048, 2048, 2048, 2048]","[2048, 2048, 2048, 2048, 2048, 2048, 2064]",10007,142
2025-04-11 11:44:01.147000+00:00,31,30.622,42.291,23.914,234,261,False,96.827,7,1257,"[None, 2049, 2049, 2048, 2048, 2048, 2048, 2048, 2048, 2048]","[2048, 2048, 2048, 2048, 2048, 2048, 2048, 2048, 2049, 2048, 2049]","[2049, 2048, 2048, 2049, 2048, 2048, 2048]",10007,308
2025-04-11 11:44:05.094000+00:00,6,30.618,42.449,24.312,233,266,False,97.379,5,1257,"[2049, 2049, 2049, 2049, 2048, 2048, 2049, 2049, 2048, 2049]","[2049, 2049, 2048, 2049, 2048, 2048, 2049, 2049, 2049, 2049, 2049]","[2048, 2049, 2049, 2049, 2048, 2049]",10007,323
2025-04-11 11:44:11.191000+00:00,7,30.485,42.003,23.929,236,266,False,96.417,7,1257,"[2049, 2049, 2049, 2048, 2048, 2049, 2049, 2049, 2048, 2049]","[2048, 2049, 2048, 2049, 2048, 2049, 2049, 2049, 2049, 2049, 2049]","[2049, 2048, 2049, 2049, 2049, 2048, 2048]",10007,321
2025-04-11 11:44:29.141000+00:00,50,32.202,43.984,28.753,223,252,False,104.939,8,1257,"[None, 2048, 2048, 2048, 2048, 2048, 2048, 2048, 2048, 2048]","[2048, 2048, 2048, 2048, 2048, 2048, 2048, 2048, 2048, 2048, 2048]","[2048, 2048, 2048, 2048, 2048, 2048, 2064]",10007,286
2025-04-11 11:44:57.970000+00:00,30,80.2,63.719,32.12,133,172,True,176.039,7,1257,"[2064, 2064, 2064, 2048, 2048, 2048, 2048, 2048, 2048, 2048]","[2048, 2048, 2048, 2048, 2048, 2048, 2048, 2048, 2048, 2048, 2048]","[2048, 2048, 2048, 2048, 2048, 2048, 2048]",10007,136
2025-04-11 11:45:07.777000+00:00,23,30.142,41.3,23.896,238,263,False,95.338,7,1257,"[2048, 2048, 2048, 2049, 2048, 2051, 2049, 2049, 2048, 2049]","[2049, 2051, 2048, 2049, 2049, 2048, 2049, 2049, 2048, 2048, 2048]","[2048, 2049, 2049, 2048, 2048, 2048]",10007,317
2025-04-11 11:45:12.514000+00:00,46,37.188,44.244,24.577,223,251,False,106.009,4,1257,"[2049, 2049, 2049, 2049, 2049, 2048, 2048, 2048, 2048, 2048]","[2048, 2048, 2049, 2049, 2049, 2049, 2049, 2049, 2049, 2049, 2049]","[2048, 2048, 2048, 2049, 2049, 2048]",10007,297
2025-04-11 11:45:14.720000+00:00,22,30.209,41.817,24.297,237,267,False,96.323,7,1257,"[2049, 2049, 2049, 2048, 2049, 2049, 2049, 2049, 2049, 2049]","[2049, 2049, 2048, 2048, 2049, 2049, 2049, 2049, 2049, 2049, 2049]","[2048, 2049, 2049, 2049, 2049, 2048, 2048]",10007,325
2025-04-11 11:45:22.721000+00:00,5,30.527,42.506,27.241,238,266,False,100.274,8,1257,"[None, 2049, 2049, 2048, 2049, 2049, 2051, 2051, 2049, 2048]","[2048, 2049, 2049, 2049, 2048, 2048, 2049, 2049, 2049, 2049, 2048]","[2048, 2049, 2049, 2051, 2048, 2048, 2064]",10007,323
2025-04-11 11:45:31.467000+00:00,81,30.275,41.49,23.941,238,265,False,95.706,7,1257,"[2048, 2048, 2048, 2049, 2048, 2049, 2049, 2049, 2048, 2048]","[2049, 2048, 2049, 2048, 2049, 2049, 2049, 2049, 2051, 2048, 2048]","[2049, 2048, 2048, 2049, 2049, 2048]",10007,318
2025-04-11 11:45:32.774000+00:00,44,46.515,54.161,31.966,155,192,False,132.642,8,1257,"[2048, 2048, 2048, 2048, 2048, 2048, 2048, 2048, 2048, 2048]","[2048, 2048, 2048, 2048, 2048, 2048, 2048, 2048, 2048, 2048, 2048]","[2048, 2048, 2048, 2048, 2048, 2048, 2064]",10007,246
2025-04-11 11:45:37.858000+00:00,31,36.196,58.674,30.543,165,220,False,125.413,8,1257,"[2048, 2048, 2048, 2048, 2048, 2048, 2048, 2048, 2048, 2048]","[2048, 2048, 2048, 2048, 2048, 2048, 2048, 2048, 2048, 2048, 2048]","[2048, 2048, 2048, 2048, 2048, 2048, 2064]",10007,298
2025-04-11 11:45:42.329000+00:00,6,47.626,64.05,33.851,127,161,False,145.527,6,1257,"[2048, 2048, 2048, 2048, 2048, 2048, 2048, 2048, 2048, 2048]","[2048, 2048, 2048, 2048, 2048, 2048, 2048, 2048, 2048, 2048, 2048]","[2048, 2048, 2048, 2048, 2048, 2048, 2064]",10007,222
2025-04-11 11:45:47.573000+00:00,7,48.255,69.964,41.921,109,136,False,160.14,8,1257,"[None, 2048, 2048, 2048, 2048, 2048, 2048, 2048, 2048, 2048]","[2048, 2048, 2048, 2048, 2048, 2048, 2048, 2048, 2048, 2048, 2048]","[2048, 2048, 2048, 2048, 2048, 2048, 2064]",10007,205
2025-04-11 11:45:57.527000+00:00,72,30.651,42.314,24.033,238,270,False,96.998,8,1257,"[None, 2049, 2048, 2048, 2049, 2049, 2049, 2049, 2049, 2048]","[2049, 2049, 2048, 2048, 2048, 2049, 2049, 2049, 2049, 2049, 2051]","[2048, 2048, 2048, 2051, 2049, 2048]",10007,321
2025-04-11 11:46:18.715000+00:00,27,42.386,58.315,29.771,144,168,False,130.472,8,1257,"[None, 2048, 2048, 2048, 2048, 2048, 2048, 2048, 2048, 2048]","[2048, 2048, 2048, 2048, 2048, 2048, 2048, 2048, 2048, 2048, 2048]","[2048, 2048, 2048, 2048, 2048, 2049, 2048]",10007,186
2025-04-11 11:46:21.521000+00:00,37,,57.648,35.261,152,126,True,675.076,5,1257,"[2064, 2064, 2064, 2048, 2048, 2048, 2048, 2048, 2048, 2048]","[2048, 2048, 2048, 2048, 2048, 2048, 2048, 2048, 2048, 2048, 2048]","[2048, 2048, 2048, 2048, 2048, 2048, 2049]",10007,122
2025-04-11 11:46:35.652000+00:00,10,64.725,66.439,26.27,120,171,True,157.434,8,1257,"[2064, 2064, 2064, 2048, 2048, 2048, 2048, 2048, 2048, 2048]","[2048, 2048, 2048, 2048, 2048, 2048, 2048, 2048, 2048, 2048, 2048]","[2048, 2048, 2048, 2048, 2048, 2048, 2048]",10007,118
2025-04-11 11:46:43.026000+00:00,23,46.734,69.442,33.401,112,146,False,149.577,8,1257,"[None, 2048, 2048, 2048, 2048, 2048, 2048, 2048, 2048, 2048]","[2048, 2048, 2048, 2048, 2048, 2048, 2048, 2048, 2048, 2048, 2048]","[2048, 2048, 2048, 2048, 2048, 2048, 2048]",10007,204
2025-04-11 11:46:50.939000+00:00,22,48.166,71.972,35.344,111,156,False,155.482,8,1257,"[2048, 2048, 2048, 2048, 2048, 2048, 2048, 2048, 2048, 2048]","[2048, 2048, 2048, 2048, 2048, 2048, 2048, 2048, 2048, 2048, 2048]","[2048, 2048, 2048, 2048, 2048, 2048, 2064]",10007,205
2025-04-11 11:46:58.456000+00:00,46,37.451,44.572,31.259,206,258,False,113.282,5,1257,"[None, 2049, 2049, 2048, 2049, 2048, 2048, 2048, 2048, 2048]","[2049, 2049, 2048, 2049, 2048, 2048, 2048, 2048, 2049, 2049, 2049]","[2048, 2048, 2048, 2048, 2048, 2048, 2064]",10007,299
2025-04-11 11:47:07.100000+00:00,81,34.369,50.824,32.593,187,210,False,117.786,8,1257,"[None, 2048, 2048, 2048, 2048, 2048, 2048, 2048, 2048, 2048]","[2048, 2048, 2048, 2048, 2048, 2048, 2048, 2048, 2048, 2048, 2048]","[2048, 2048, 2048, 2048, 2048, 2048, 2064]",10007,275
2025-04-11 11:47:17.282000+00:00,18,92.11,58.174,28.27,140,137,True,178.554,8,1257,"[2064, 2064, 2064, 2048, 2048, 2048, 2048, 2048, 2048, 2048]","[2048, 2048, 2048, 2048, 2048, 2048, 2048, 2048, 2048, 2048, 2048]","[2048, 2048, 2048, 2048, 2048, 2049, 2048]",10007,148
2025-04-11 11:47:21.828000+00:00,30,30.649,42.216,24.072,235,269,False,96.937,8,1257,"[2048, 2048, 2048, 2048, 2049, 2049, 2049, 2049, 2049, 2049]","[2049, 2049, 2048, 2048, 2049, 2049, 2049, 2048, 2049, 2048, 2049]","[2049, 2048, 2049, 2049, 2048, 2048, 2048]",10007,319
2025-04-11 11:47:34.287000+00:00,72,38.654,57.181,32.725,172,180,False,128.56,9,1257,"[2048, 2048, 2048, 2048, 2048, 2048, 2048, 2048, 2048, 2048]","[2048, 2048, 2048, 2048, 2048, 2048, 2048, 2048, 2048, 2048, 2048]","[2048, 2048, 2048, 2048, 2048, 2048, 2064]",10007,195
2025-04-11 11:48:29.145000+00:00,27,30.439,41.516,24.08,238,272,False,96.035,9,1257,"[None, 2048, 2048, 2048, 2049, 2048, 2049, 2049, 2049, 2048]","[2049, 2049, 2048, 2048, 2049, 2048, 2051, 2049, 2049, 2049, 2051]","[2049, 2049, 2049, 2049, 2048, 2048, 2048]",10007,321
2025-04-11 11:48:37.729000+00:00,37,30.742,42.498,24.409,235,267,False,97.649,6,1257,"[2049, 2049, 2049, 2049, 2049, 2049, 2049, 2049, 2049, 2049]","[2049, 2049, 2049, 2049, 2049, 2049, 2049, 2049, 2049, 2049, 2049]","[2051, 2049, 2049, 2049, 2049, 2048]",10007,319
2025-04-11 11:48:51.609000+00:00,6,89.421,56.961,30.79,149,181,True,177.172,7,1257,"[2064, 2064, 2064, 2048, 2048, 2048, 2048, 2048, 2048, 2048]","[2048, 2048, 2048, 2048, 2048, 2048, 2048, 2048, 2048, 2048, 2048]","[2048, 2048, 2048, 2048, 2048, 2048, 2049]",10007,127
2025-04-11 11:48:55.848000+00:00,10,30.191,41.339,24.094,238,266,False,95.624,9,1257,"[2048, 2048, 2048, 2048, 2049, 2049, 2049, 2049, 2049, 2049]","[2048, 2048, 2048, 2048, 2049, 2048, 2049, 2049, 2051, 2049, 2049]","[2048, 2048, 2049, 2048, 2048, 2048, 2048]",10007,320
2025-04-11 11:48:55.958000+00:00,7,78.237,73.69,30.422,123,167,True,182.349,9,1257,"[2064, 2064, 2064, 2048, 2048, 2048, 2048, 2048, 2048, 2048]","[2048, 2048, 2048, 2048, 2048, 2048, 2048, 2048, 2048, 2048, 2048]","[2048, 2048, 2048, 2048, 2048, 2048, 2048]",10007,92
2025-04-11 11:48:58.664000+00:00,30,45.913,65.604,36.591,136,142,False,148.108,9,1257,"[None, 2048, 2048, 2048, 2048, 2048, 2048, 2048, 2048, 2048]","[2048, 2048, 2048, 2048, 2048, 2048, 2048, 2048, 2048, 2048, 2048]","[2048, 2048, 2048, 2048, 2048, 2048, 2048]",10007,273
2025-04-11 11:49:12.726000+00:00,23,49.891,66.447,30.34,122,119,False,146.678,9,1257,"[None, 2048, 2048, 2048, 2048, 2048, 2048, 2048, 2048, 2048]","[2048, 2048, 2048, 2048, 2048, 2048, 2048, 2048, 2048, 2048, 2048]","[2048, 2048, 2048, 2048, 2048, 2048, 2048]",10007,195
2025-04-11 11:49:20.571000+00:00,4,,62.016,37.153,157,139,True,583.134,6,1257,"[2064, 2064, 2064, 2048, 2048, 2048, 2048, 2048, 2048, 2048]","[2048, 2048, 2048, 2048, 2048, 2048, 2048, 2048, 2048, 2048, 2048]","[2048, 2048, 2048, 2048, 2048, 2048, 2048]",10007,207
2025-04-11 11:49:23.062000+00:00,46,72.366,43.199,30.434,231,259,True,145.999,6,1257,"[2064, 2064, 2064, 2048, 2048, 2048, 2048, 2048, 2048, 2048]","[2049, 2049, 2048, 2048, 2049, 2048, 2048, 2049, 2049, 2049, 2048]","[2048, 2048, 2048, 2048, 2048, 2048, 2064]",10007,147
2025-04-11 11:49:26.393000+00:00,18,30.368,42.158,24.368,240,262,False,96.894,9,1257,"[2048, 2048, 2048, 2049, 2048, 2049, 2049, 2049, 2049, 2049]","[2048, 2049, 2049, 2048, 2049, 2048, 2049, 2048, 2048, 2048, 2049]","[2049, 2048, 2049, 2048, 2048, 2048]",10007,322
2025-04-11 11:49:44.142000+00:00,22,60.998,69.721,28.087,120,164,True,158.806,9,1257,"[2064, 2064, 2064, 2048, 2048, 2048, 2048, 2048, 2048, 2048]","[2048, 2048, 2048, 2048, 2048, 2048, 2048, 2048, 2048, 2048, 2048]","[2048, 2048, 2048, 2048, 2048, 2048, 2048]",10007,127
2025-04-11 11:50:05.158000+00:00,27,32.216,45.589,30.031,224,200,False,107.836,10,1257,"[None, 2048, 2048, 2048, 2048, 2048, 2048, 2048, 2048, 2048]","[2048, 2048, 2048, 2048, 2048, 2048, 2048, 2048, 2048, 2048, 2048]","[2048, 2048, 2048, 2048, 2048, 2048, 2064]",10007,287
2025-04-11 11:50:15.285000+00:00,37,47.201,68.499,38.389,122,156,False,154.089,7,1257,"[2048, 2048, 2048, 2048, 2048, 2048, 2048, 2048, 2048, 2048]","[2048, 2048, 2048, 2048, 2048, 2048, 2048, 2048, 2048, 2048, 2048]","[2048, 2048, 2048, 2048, 2048, 2048, 2048]",10007,257
2025-04-11 11:50:31.422000+00:00,10,42.118,49.487,29.66,147,208,False,121.265,10,1257,"[None, 2048, 2048, 2048, 2048, 2048, 2048, 2048, 2048, 2048]","[2048, 2048, 2048, 2048, 2048, 2048, 2048, 2048, 2048, 2048, 2048]","[2048, 2048, 2048, 2048, 2048, 2048, 2064]",10007,177
2025-04-11 11:51:03.285000+00:00,18,51.424,77.426,27.306,120,151,False,156.156,10,1257,"[None, 2048, 2048, 2048, 2048, 2048, 2048, 2048, 2048, 2048]","[2048, 2048, 2048, 2048, 2048, 2048, 2048, 2048, 2048, 2048, 2048]","[2048, 2048, 2048, 2048, 2048, 2048, 2049]",10007,180
2025-04-11 11:51:05.071000+00:00,6,30.459,41.821,25.797,236,270,False,98.077,8,1257,"[2049, 2048, 2048, 2049, 2048, 2048, 2049, 2049, 2048, 2049]","[2049, 2049, 2048, 2049, 2049, 2048, 2048, 2049, 2049, 2049, 2049]","[2049, 2049, 2049, 2049, 2048, 2048, 2048]",10007,321
2025-04-11 11:51:26.829000+00:00,30,48.998,67.177,29.436,133,135,False,145.611,10,1257,"[None, 2048, 2048, 2048, 2048, 2048, 2048, 2048, 2048, 2048]","[2048, 2048, 2048, 2048, 2048, 2048, 2048, 2048, 2048, 2048, 2048]","[2048, 2048, 2048, 2048, 2048, 2049, 2049]",10007,194
2025-04-11 11:51:30.194000+00:00,7,30.664,57.661,36.919,235,142,False,125.244,10,1257,"[2048, 2048, 2048, 2049, 2048, 2048, 2048, 2048, 2048, 2048]","[2048, 2048, 2048, 2048, 2048, 2048, 2048, 2048, 2048, 2048, 2048]","[2048, 2048, 2048, 2048, 2048, 2048, 2064]",10007,317
2025-04-11 11:51:39.490000+00:00,23,30.113,41.24,23.827,237,264,False,95.18,10,1257,"[None, 2048, 2048, 2048, 2049, 2048, 2048, 2049, 2048, 2048]","[2048, 2048, 2048, 2049, 2049, 2051, 2049, 2049, 2049, 2048, 2048]","[2049, 2049, 2049, 2049, 2048, 2048]",10007,318
2025-04-11 11:51:48.719000+00:00,46,71.53,45.373,28.882,233,242,True,145.785,7,1257,"[None, 2064, 2064, 2048, 2048, 2048, 2048, 2048, 2048, 2048]","[2049, 2048, 2048, 2048, 2048, 2048, 2048, 2048, 2048, 2048, 2048]","[2048, 2048, 2048, 2048, 2048, 2048, 2064]",10007,80
2025-04-11 11:51:53.270000+00:00,4,30.128,42.156,23.689,239,264,False,95.973,7,1257,"[2048, 2048, 2048, 2048, 2049, 2048, 2049, 2049, 2048, 2048]","[2048, 2048, 2049, 2048, 2048, 2048, 2048, 2048, 2049, 2048, 2048]","[2049, 2048, 2048, 2049, 2049, 2048, 2049]",10007,316
2025-04-11 11:52:05.434000+00:00,22,30.057,45.512,28.917,238,194,False,104.486,10,1257,"[2048, 2048, 2048, 2048, 2048, 2049, 2051, 2051, 2049, 2049]","[2048, 2049, 2048, 2049, 2048, 2048, 2048, 2048, 2048, 2048, 2048]","[2048, 2048, 2048, 2048, 2048, 2048, 2064]",10007,323
2025-04-11 11:52:43.191000+00:00,6,42.731,47.887,30.38,210,208,False,120.998,9,1257,"[2048, 2048, 2048, 2048, 2048, 2048, 2048, 2048, 2048, 2048]","[2048, 2048, 2048, 2048, 2048, 2048, 2048, 2048, 2048, 2048, 2048]","[2048, 2048, 2048, 2048, 2048, 2048, 2064]",10007,135
2025-04-11 11:52:49.541000+00:00,37,51.076,65.687,27.97,134,179,False,144.733,8,1257,"[None, 2048, 2048, 2048, 2048, 2048, 2048, 2048, 2048, 2048]","[2048, 2048, 2048, 2048, 2048, 2048, 2048, 2048, 2048, 2048, 2048]","[2048, 2048, 2048, 2048, 2048, 2049, 2049]",10007,186
2025-04-11 11:52:57.797000+00:00,34,,55.919,29.108,174,154,True,778.358,6,1257,"[2064, 2064, 2064, 2048, 2048, 2048, 2048, 2048, 2048, 2048]","[2048, 2048, 2048, 2048, 2048, 2048, 2048, 2048, 2048, 2048, 2048]","[2048, 2048, 2048, 2048, 2048, 2049, 2049]",10007,150
2025-04-11 11:53:14.628000+00:00,23,35.363,66.096,33.503,157,195,False,134.962,11,1257,"[None, 2048, 2048, 2048, 2048, 2048, 2048, 2048, 2048, 2048]","[2048, 2048, 2048, 2048, 2048, 2048, 2048, 2048, 2048, 2048, 2048]","[2048, 2048, 2048, 2048, 2048, 2048, 2064]",10007,274
2025-04-11 11:53:29.245000+00:00,4,50.03,85.555,38.08,115,111,False,173.665,8,1257,"[None, 2048, 2048, 2048, 2048, 2048, 2048, 2048, 2048, 2048]","[2048, 2048, 2048, 2048, 2048, 2048, 2048, 2048, 2048, 2048, 2048]","[2048, 2048, 2048, 2048, 2048, 2048, 2048]",10007,188
2025-04-11 11:53:39.506000+00:00,18,30.514,42.437,24.374,239,266,False,97.325,11,1257,"[2049, 2048, 2048, 2049, 2048, 2048, 2048, 2048, 2049, 2048]","[2048, 2048, 2048, 2048, 2048, 2048, 2048, 2048, 2049, 2048, 2049]","[2049, 2048, 2048, 2048, 2048, 2048, 2048]",10007,322
2025-04-11 11:53:52.514000+00:00,30,30.576,41.8,23.873,237,269,False,96.249,11,1257,"[None, 2048, 2048, 2048, 2048, 2048, 2048, 2048, 2049, 2049]","[2049, 2049, 2048, 2048, 2049, 2049, 2049, 2049, 2049, 2049, 2049]","[2049, 2049, 2049, 2048, 2048, 2048]",10007,321
2025-04-11 11:55:02.836000+00:00,34,31.087,42.712,24.212,237,264,False,98.011,7,1257,"[2049, 2048, 2048, 2049, 2049, 2048, 2048, 2049, 2049, 2049]","[2049, 2049, 2049, 2048, 2048, 2048, 2048, 2049, 2049, 2048, 2049]","[2049, 2049, 2049, 2049, 2049, 2048]",10007,314
2025-04-11 11:55:14.232000+00:00,37,30.443,42.356,24.002,236,265,False,96.801,9,1257,"[2049, 2048, 2048, 2049, 2049, 2049, 2049, 2049, 2049, 2049]","[2049, 2049, 2048, 2049, 2049, 2049, 2048, 2049, 2049, 2048, 2048]","[2048, 2048, 2048, 2049, 2049, 2049]",10007,317
2025-04-11 11:55:16.824000+00:00,18,36.947,52.174,30.605,162,164,False,119.726,12,1257,"[2048, 2048, 2048, 2048, 2048, 2048, 2048, 2048, 2048, 2048]","[2048, 2048, 2048, 2048, 2048, 2048, 2048, 2048, 2048, 2048, 2048]","[2048, 2048, 2048, 2048, 2048, 2048, 2064]",10007,220
2025-04-11 11:55:28.701000+00:00,30,38.492,52.711,31.271,192,204,False,122.474,12,1257,"[None, 2048, 2048, 2048, 2048, 2048, 2048, 2048, 2048, 2048]","[2048, 2048, 2048, 2048, 2048, 2048, 2048, 2048, 2048, 2048, 2048]","[2048, 2048, 2048, 2048, 2048, 2048, 2064]",10007,258
2025-04-11 11:55:35.076000+00:00,72,,58.588,28.156,172,179,True,482.057,10,1257,"[2064, 2064, 2064, 2048, 2048, 2048, 2048, 2048, 2048, 2048]","[2048, 2048, 2048, 2048, 2048, 2048, 2048, 2048, 2048, 2048, 2048]","[2048, 2048, 2048, 2048, 2048, 2048, 2048]",10007,134
2025-04-11 11:55:55.851000+00:00,23,58.73,58.197,27.906,226,226,True,144.833,12,1257,"[2064, 2064, 2064, 2048, 2048, 2048, 2048, 2048, 2048, 2048]","[2048, 2048, 2048, 2048, 2048, 2048, 2048, 2048, 2048, 2048, 2048]","[2048, 2048, 2048, 2048, 2048, 2048, 2064]",10007,163
2025-04-11 11:56:00.358000+00:00,5,,57.787,31.599,165,173,True,665.167,9,1257,"[2064, 2064, 2064, 2048, 2048, 2048, 2048, 2048, 2048, 2048]","[2048, 2048, 2048, 2048, 2048, 2048, 2048, 2048, 2048, 2048, 2048]","[2048, 2048, 2048, 2048, 2048, 2049, 2051]",10007,118
2025-04-11 11:56:22.842000+00:00,4,30.193,41.324,23.729,240,266,False,95.246,9,1257,"[None, 2048, 2048, 2048, 2048, 2048, 2048, 2048, 2048, 2051]","[2048, 2049, 2048, 2048, 2048, 2049, 2048, 2048, 2049, 2048, 2049]","[2051, 2048, 2048, 2048, 2048, 2048]",10007,316
2025-04-11 11:56:40.714000+00:00,34,51.282,80.086,36.703,102,108,False,168.071,8,1257,"[2048, 2048, 2048, 2048, 2048, 2048, 2048, 2048, 2048, 2048]","[2048, 2048, 2048, 2048, 2048, 2048, 2048, 2048, 2048, 2048, 2048]","[2048, 2048, 2048, 2048, 2048, 2049, 2049]",10007,169
2025-04-11 11:56:51.021000+00:00,37,45.307,67.688,40.15,121,168,False,153.145,10,1257,"[None, 2048, 2048, 2048, 2048, 2048, 2048, 2048, 2048, 2048]","[2048, 2048, 2048, 2048, 2048, 2048, 2048, 2048, 2048, 2048, 2048]","[2048, 2048, 2048, 2048, 2048, 2048, 2064]",10007,219
2025-04-11 11:57:45.073000+00:00,72,30.275,41.215,23.835,239,270,False,95.325,11,1257,"[2048, 2048, 2048, 2048, 2049, 2049, 2049, 2049, 2049, 2048]","[2049, 2049, 2049, 2051, 2049, 2051, 2048, 2049, 2049, 2051, 2048]","[2049, 2048, 2048, 2048, 2048, 2048, 2048]",10007,320
2025-04-11 11:57:57.991000+00:00,4,34.937,49.35,30.914,225,170,False,115.201,10,1257,"[None, 2048, 2048, 2048, 2048, 2048, 2048, 2048, 2048, 2048]","[2048, 2048, 2048, 2048, 2048, 2048, 2048, 2048, 2048, 2048, 2048]","[2048, 2048, 2048, 2048, 2048, 2048, 2064]",10007,239
2025-04-11 11:58:08.193000+00:00,5,29.65,41.136,23.842,239,270,False,94.628,10,1257,"[2049, 2049, 2051, 2049, 2049, 2051, 2051, 2051, 2051, 2049]","[2049, 2048, 2051, 2049, 2049, 2049, 2051, 2051, 2049, 2049, 2049]","[2049, 2049, 2051, 2051, 2051, 2048]",10007,325
2025-04-11 11:58:30.221000+00:00,50,,56.638,26.937,153,166,True,867.224,9,1257,"[2064, 2064, 2064, 2048, 2048, 2048, 2048, 2048, 2048, 2048]","[2048, 2048, 2048, 2048, 2048, 2048, 2048, 2048, 2048, 2048, 2048]","[2048, 2048, 2048, 2048, 2048, 2049, 2049]",10007,100
2025-04-11 11:58:34.123000+00:00,27,,59.692,26.211,161,162,True,538.752,11,1257,"[2064, 2064, 2064, 2048, 2048, 2048, 2048, 2048, 2048, 2048]","[2048, 2048, 2048, 2048, 2048, 2048, 2048, 2048, 2048, 2048, 2048]","[2048, 2048, 2048, 2048, 2048, 2051, 2051]",10007,104
2025-04-11 11:59:20.381000+00:00,72,54.795,78.533,39.83,140,110,False,173.158,12,1257,"[None, 2048, 2048, 2048, 2048, 2048, 2048, 2048, 2048, 2048]","[2048, 2048, 2048, 2048, 2048, 2048, 2048, 2048, 2048, 2048, 2048]","[2048, 2048, 2048, 2048, 2048, 2048, 2048]",10007,223
2025-04-11 11:59:29.013000+00:00,34,30.53,42.437,24.182,239,259,False,97.149,9,1257,"[2049, 2049, 2048, 2049, 2048, 2049, 2049, 2049, 2049, 2049]","[2048, 2049, 2048, 2048, 2049, 2048, 2048, 2049, 2049, 2049, 2048]","[2049, 2049, 2049, 2049, 2049, 2048, 2048]",10007,317
2025-04-11 11:59:30.823000+00:00,46,,43.978,24.636,237,241,True,451.037,8,1257,"[None, 2064, 2064, 2048, 2048, 2048, 2049, 2049, 2049, 2049]","[2048, 2048, 2049, 2048, 2048, 2048, 2048, 2048, 2048, 2048, 2048]","[2048, 2049, 2049, 2049, 2048, 2049, 2049]",10007,174
2025-04-11 11:59:42.680000+00:00,5,49.148,65.725,41.293,124,134,False,156.166,11,1257,"[2048, 2048, 2048, 2048, 2048, 2048, 2048, 2048, 2048, 2048]","[2048, 2048, 2048, 2048, 2048, 2048, 2048, 2048, 2048, 2048, 2048]","[2048, 2048, 2048, 2048, 2048, 2048, 2064]",10007,161
2025-04-11 11:59:56.467000+00:00,37,79.422,63.05,34.265,135,157,True,176.737,11,1257,"[2064, 2064, 2064, 2048, 2048, 2048, 2048, 2048, 2048, 2048]","[2048, 2048, 2048, 2048, 2048, 2048, 2048, 2048, 2048, 2048, 2048]","[2048, 2048, 2048, 2048, 2048, 2049, 2049]",10007,108
2025-04-11 12:00:36.175000+00:00,81,,63.9,36.485,136,180,True,842.373,9,1257,"[2064, 2064, 2064, 2048, 2048, 2048, 2048, 2048, 2048, 2048]","[2048, 2048, 2048, 2048, 2048, 2048, 2048, 2048, 2048, 2048, 2048]","[2048, 2048, 2048, 2048, 2048, 2048, 2048]",10007,90
2025-04-11 12:00:41.395000+00:00,50,30.3,41.53,23.715,239,268,False,95.545,10,1257,"[2049, 2049, 2049, 2049, 2049, 2048, 2049, 2049, 2049, 2049]","[2049, 2049, 2049, 2049, 2048, 2049, 2049, 2049, 2049, 2049, 2049]","[2049, 2049, 2049, 2049, 2049, 2048, 2049]",10007,314
2025-04-11 12:00:51.788000+00:00,27,29.724,40.972,23.566,239,273,False,94.262,12,1257,"[2051, 2049, 2051, 2049, 2051, 2049, 2049, 2049, 2049, 2048]","[2049, 2049, 2049, 2051, 2049, 2048, 2051, 2049, 2049, 2051, 2051]","[2051, 2049, 2051, 2051, 2049, 2048, 2048]",10007,324
2025-04-11 12:01:06.030000+00:00,34,54.817,76.497,39.359,147,133,False,170.673,10,1257,"[2048, 2048, 2048, 2048, 2048, 2048, 2048, 2048, 2048, 2048]","[2048, 2048, 2048, 2048, 2048, 2048, 2048, 2048, 2048, 2048, 2048]","[2048, 2048, 2048, 2048, 2048, 2048, 2048]",10007,118
2025-04-11 12:01:08.415000+00:00,44,,44.048,24.69,217,242,True,915.238,9,1257,"[2064, 2064, 2064, 2048, 2048, 2048, 2048, 2048, 2048, 2048]","[2048, 2048, 2048, 2048, 2048, 2048, 2048, 2048, 2048, 2048, 2048]","[2048, 2048, 2048, 2048, 2048, 2048, 2048]",10007,204
2025-04-11 12:01:14.578000+00:00,46,35.807,43.688,29.647,226,252,False,109.142,9,1257,"[2049, 2049, 2048, 2048, 2049, 2049, 2048, 2048, 2048, 2048]","[2049, 2048, 2048, 2048, 2048, 2049, 2049, 2049, 2048, 2048, 2048]","[2048, 2048, 2048, 2048, 2048, 2048, 2064]",10007,297
2025-04-11 12:02:05.742000+00:00,6,,67.67,28.56,108,158,True,592.043,10,1257,"[2064, 2064, 2064, 2048, 2048, 2048, 2048, 2048, 2048, 2048]","[2048, 2048, 2048, 2048, 2048, 2048, 2048, 2048, 2048, 2048, 2048]","[2048, 2048, 2048, 2048, 2048, 2049, 2048]",10007,112
2025-04-11 12:02:13.596000+00:00,72,64.955,70.635,29.567,122,158,False,165.157,13,1257,"[None, 2048, 2048, 2048, 2048, 2048, 2048, 2048, 2048, 2048]","[2048, 2048, 2048, 2048, 2048, 2048, 2048, 2048, 2048, 2048, 2048]","[2048, 2048, 2048, 2048, 2048, 2049, 2049]",10007,117
2025-04-11 12:02:16.878000+00:00,50,48.002,66.13,39.014,136,145,False,153.146,11,1257,"[2048, 2048, 2048, 2048, 2048, 2048, 2048, 2048, 2048, 2048]","[2048, 2048, 2048, 2048, 2048, 2048, 2048, 2048, 2048, 2048, 2048]","[2048, 2048, 2048, 2048, 2048, 2048, 2064]",10007,204
2025-04-11 12:02:20.958000+00:00,37,30.412,42.183,23.983,237,267,False,96.578,12,1257,"[2049, 2049, 2049, 2048, 2048, 2049, 2049, 2048, 2049, 2049]","[2049, 2049, 2048, 2049, 2049, 2049, 2049, 2049, 2049, 2049, 2049]","[2048, 2048, 2048, 2049, 2048, 2049]",10007,320
2025-04-11 12:02:23.449000+00:00,31,,70.782,32.11,138,150,True,1031.279,9,1257,"[2064, 2064, 2064, 2048, 2048, 2048, 2048, 2048, 2048, 2048]","[2048, 2048, 2048, 2048, 2048, 2048, 2048, 2048, 2048, 2048, 2048]","[2048, 2048, 2048, 2048, 2048, 2048, 2048]",10007,99
2025-04-11 12:02:26.110000+00:00,27,43.91,66.057,40.91,133,92,False,150.877,13,1257,"[2048, 2048, 2048, 2048, 2048, 2048, 2048, 2048, 2048, 2048]","[2048, 2048, 2048, 2048, 2048, 2048, 2048, 2048, 2048, 2048, 2048]","[2048, 2048, 2048, 2048, 2048, 2048, 2064]",10007,196
2025-04-11 12:02:45.419000+00:00,30,,67.435,30.943,133,122,True,460.712,13,1257,"[2064, 2064, 2064, 2048, 2048, 2048, 2048, 2048, 2048, 2048]","[2048, 2048, 2048, 2048, 2048, 2048, 2048, 2048, 2048, 2048, 2048]","[2048, 2048, 2048, 2048, 2048, 2049, 2049]",10007,110
2025-04-11 12:02:49.279000+00:00,5,79.338,66.339,34.76,120,126,True,180.437,12,1257,"[2064, 2064, 2064, 2048, 2048, 2048, 2048, 2048, 2048, 2048]","[2048, 2048, 2048, 2048, 2048, 2048, 2048, 2048, 2048, 2048, 2048]","[2048, 2048, 2048, 2048, 2048, 2048, 2048]",10007,102
2025-04-11 12:03:00.649000+00:00,44,31.523,43.531,24.592,231,239,False,99.646,10,1257,"[2048, 2048, 2048, 2048, 2048, 2048, 2048, 2048, 2048, 2048]","[2048, 2048, 2048, 2048, 2048, 2048, 2048, 2048, 2048, 2048, 2048]","[2048, 2048, 2048, 2048, 2048, 2048, 2048]",10007,294
2025-04-11 12:03:07.404000+00:00,81,29.758,40.589,24.161,239,268,False,94.508,10,1257,"[2048, 2048, 2048, 2048, 2048, 2051, 2049, 2049, 2051, 2051]","[2051, 2049, 2051, 2049, 2049, 2051, 2049, 2049, 2051, 2049, 2049]","[2049, 2049, 2049, 2049, 2051, 2048, 2048]",10007,316
2025-04-11 12:03:28.148000+00:00,7,,54.634,27.523,182,185,True,716.736,11,1257,"[2064, 2064, 2064, 2048, 2048, 2048, 2048, 2048, 2048, 2048]","[2048, 2048, 2048, 2048, 2048, 2048, 2048, 2048, 2048, 2048, 2048]","[2048, 2048, 2048, 2048, 2048, 2049, 2049]",10007,133
2025-04-11 12:03:34.914000+00:00,22,,52.302,26.901,160,195,True,709.93,11,1257,"[2064, 2064, 2064, 2048, 2048, 2048, 2048, 2048, 2048, 2048]","[2048, 2048, 2048, 2048, 2048, 2048, 2048, 2048, 2048, 2048, 2048]","[2048, 2048, 2048, 2048, 2048, 2049, 2049]",10007,88
2025-04-11 12:03:36.416000+00:00,23,,54.945,28.739,181,147,True,477.967,13,1257,"[None, 2064, 2064, 2048, 2048, 2048, 2048, 2048, 2048, 2048]","[2048, 2048, 2048, 2048, 2048, 2048, 2048, 2048, 2048, 2048, 2048]","[2048, 2048, 2048, 2048, 2048, 2048, 2048]",10007,50
2025-04-11 12:03:56.726000+00:00,34,50.985,68.062,30.766,115,141,False,149.813,11,1257,"[None, 2048, 2048, 2048, 2048, 2048, 2048, 2048, 2048, 2048]","[2048, 2048, 2048, 2048, 2048, 2048, 2048, 2048, 2048, 2048, 2048]","[2048, 2048, 2048, 2048, 2048, 2049, 2048]",10007,158
2025-04-11 12:03:57.457000+00:00,37,34.831,50.935,31.27,198,181,False,117.036,13,1257,"[2048, 2048, 2048, 2048, 2048, 2048, 2048, 2048, 2048, 2048]","[2048, 2048, 2048, 2048, 2048, 2048, 2048, 2048, 2048, 2048, 2048]","[2048, 2048, 2048, 2048, 2048, 2048, 2064]",10007,294
2025-04-11 12:03:59.522000+00:00,10,,54.513,26.816,147,158,True,812.686,11,1257,"[2064, 2064, 2064, 2048, 2048, 2048, 2048, 2048, 2048, 2048]","[2048, 2048, 2048, 2048, 2048, 2048, 2048, 2048, 2048, 2048, 2048]","[2048, 2048, 2048, 2048, 2048, 2049, 2049]",10007,105
2025-04-11 12:04:36.243000+00:00,6,29.928,41.298,23.441,235,271,False,94.667,11,1257,"[2048, 2048, 2048, 2049, 2049, 2049, 2049, 2049, 2049, 2048]","[2049, 2048, 2049, 2049, 2049, 2049, 2049, 2049, 2049, 2049, 2049]","[2051, 2049, 2049, 2048, 2049, 2048, 2049]",10007,320
2025-04-11 12:04:40.439000+00:00,44,31.518,43.762,24.659,227,242,False,99.939,11,1257,"[None, 2048, 2048, 2048, 2048, 2048, 2048, 2048, 2048, 2048]","[2048, 2048, 2048, 2048, 2048, 2048, 2048, 2048, 2048, 2048, 2048]","[2048, 2048, 2048, 2048, 2048, 2048, 2048]",10007,297
2025-04-11 12:04:41.873000+00:00,81,51.225,63.183,30.184,146,178,False,144.592,11,1257,"[None, 2048, 2048, 2048, 2048, 2048, 2048, 2048, 2048, 2048]","[2048, 2048, 2048, 2048, 2048, 2048, 2048, 2048, 2048, 2048, 2048]","[2048, 2048, 2048, 2048, 2048, 2048, 2064]",10007,166
2025-04-11 12:04:54.609000+00:00,31,29.676,40.902,23.606,240,267,False,94.184,10,1257,"[2048, 2048, 2049, 2049, 2051, 2051, 2049, 2049, 2051, 2051]","[2049, 2049, 2049, 2049, 2051, 2049, 2049, 2049, 2049, 2049, 2049]","[2049, 2051, 2049, 2049, 2048, 2048, 2049]",10007,315
2025-04-11 12:04:58.726000+00:00,72,30.356,41.327,23.808,237,271,False,95.491,14,1257,"[2049, 2049, 2049, 2048, 2048, 2048, 2048, 2048, 2049, 2048]","[2048, 2048, 2048, 2048, 2048, 2048, 2049, 2049, 2049, 2048, 2049]","[2048, 2048, 2048, 2048, 2049, 2048, 2048]",10007,323
2025-04-11 12:05:12.023000+00:00,30,30.038,40.957,23.541,238,271,False,94.536,14,1257,"[2048, 2048, 2048, 2049, 2049, 2049, 2049, 2048, 2049, 2049]","[2049, 2049, 2049, 2049, 2049, 2049, 2049, 2048, 2049, 2049, 2049]","[2049, 2048, 2048, 2048, 2049, 2048, 2048]",10007,322
2025-04-11 12:05:19.412000+00:00,5,30.081,41.506,23.778,239,269,False,95.365,13,1257,"[2048, 2048, 2048, 2048, 2049, 2048, 2048, 2048, 2048, 2049]","[2048, 2049, 2048, 2048, 2048, 2048, 2048, 2048, 2048, 2048, 2048]","[2048, 2048, 2048, 2048, 2048, 2048, 2048]",10007,322
2025-04-11 12:05:29.538000+00:00,27,80.404,69.539,28.563,129,127,True,178.506,14,1257,"[2064, 2064, 2064, 2048, 2048, 2048, 2048, 2048, 2048, 2048]","[2048, 2048, 2048, 2048, 2048, 2048, 2048, 2048, 2048, 2048, 2048]","[2048, 2048, 2048, 2048, 2048, 2048, 2048]",10007,117
2025-04-11 12:05:32.097000+00:00,7,29.8,41.025,23.571,240,270,False,94.396,12,1257,"[2049, 2049, 2049, 2049, 2049, 2049, 2049, 2049, 2049, 2049]","[2051, 2049, 2049, 2049, 2049, 2049, 2049, 2049, 2049, 2049, 2049]","[2049, 2051, 2049, 2049, 2049, 2048]",10007,321
2025-04-11 12:05:39.704000+00:00,22,29.677,41.029,23.778,239,271,False,94.484,12,1257,"[2049, 2049, 2048, 2048, 2049, 2049, 2049, 2049, 2049, 2049]","[2049, 2049, 2049, 2049, 2049, 2049, 2048, 2049, 2049, 2049, 2049]","[2049, 2049, 2049, 2049, 2049, 2048]",10007,324
2025-04-11 12:05:51.509000+00:00,50,,58.055,34.878,147,63,True,199.047,12,1257,"[2064, 2064, 2064, 2048, 2048, 2048, 2048, 2048, 2048, 2048]","[2048, 2048, 2048, 2048, 2048, 2048, 2048, 2048, 2048, 2048, 2048]","[2048, 2048, 2048, 2048, 2048, 2048, 2048]",10007,107
2025-04-11 12:05:52.315000+00:00,23,29.75,40.648,23.53,239,267,False,93.928,14,1257,"[2048, 2048, 2048, 2049, 2048, 2049, 2049, 2048, 2049, 2049]","[2049, 2051, 2049, 2049, 2051, 2049, 2048, 2049, 2049, 2049, 2048]","[2049, 2051, 2049, 2048, 2049, 2048, 2048]",10007,318
2025-04-11 12:06:05.416000+00:00,10,29.535,40.512,23.395,240,270,False,93.442,12,1257,"[2048, 2049, 2049, 2048, 2049, 2049, 2049, 2049, 2049, 2049]","[2049, 2049, 2049, 2049, 2049, 2049, 2049, 2051, 2049, 2051, 2049]","[2051, 2049, 2049, 2049, 2049, 2048]",10007,323
2025-04-11 12:06:10.826000+00:00,6,47.642,61.367,33.642,116,153,False,142.651,12,1257,"[None, 2048, 2048, 2048, 2048, 2048, 2048, 2048, 2048, 2048]","[2048, 2048, 2048, 2048, 2048, 2048, 2048, 2048, 2048, 2048, 2048]","[2048, 2048, 2048, 2048, 2048, 2048, 2064]",10007,200
2025-04-11 12:06:20.286000+00:00,44,31.582,43.658,24.625,226,248,False,99.865,12,1257,"[None, 2048, 2048, 2048, 2048, 2048, 2048, 2048, 2048, 2048]","[2048, 2048, 2048, 2048, 2048, 2048, 2048, 2048, 2048, 2048, 2048]","[2048, 2048, 2048, 2048, 2048, 2048, 2048]",10007,296
2025-04-11 12:06:26.621000+00:00,34,31.178,42.522,24.088,237,264,False,97.788,12,1257,"[None, 2048, 2048, 2048, 2048, 2048, 2048, 2048, 2048, 2048]","[2048, 2048, 2048, 2049, 2048, 2048, 2048, 2048, 2049, 2049, 2048]","[2048, 2048, 2049, 2049, 2049, 2048, 2048]",10007,298
2025-04-11 12:06:28.858000+00:00,31,48.017,73.705,44.305,121,119,False,166.027,11,1257,"[None, 2048, 2048, 2048, 2048, 2048, 2048, 2048, 2048, 2048]","[2048, 2048, 2048, 2048, 2048, 2048, 2048, 2048, 2048, 2048, 2048]","[2048, 2048, 2048, 2048, 2048, 2048, 2064]",10007,169
2025-04-11 12:06:34.157000+00:00,72,39.393,56.661,31.447,192,180,False,127.501,15,1257,"[2048, 2048, 2048, 2048, 2048, 2048, 2048, 2048, 2048, 2048]","[2048, 2048, 2048, 2048, 2048, 2048, 2048, 2048, 2048, 2048, 2048]","[2048, 2048, 2048, 2048, 2048, 2048, 2064]",10007,190
2025-04-11 12:06:46.367000+00:00,18,,65.612,27.032,127,135,True,703.92,13,1257,"[2064, 2064, 2064, 2048, 2048, 2048, 2048, 2048, 2048, 2048]","[2048, 2048, 2048, 2048, 2048, 2048, 2048, 2048, 2048, 2048, 2048]","[2048, 2048, 2048, 2048, 2048, 2049, 2048]",10007,136
2025-04-11 12:06:46.394000+00:00,30,39.191,56.545,36.025,147,178,False,131.761,15,1257,"[None, 2048, 2048, 2048, 2048, 2048, 2048, 2048, 2048, 2048]","[2048, 2048, 2048, 2048, 2048, 2048, 2048, 2048, 2048, 2048, 2048]","[2048, 2048, 2048, 2048, 2048, 2048, 2064]",10007,264
2025-04-11 12:06:54.733000+00:00,5,39.849,61.294,29.447,152,158,False,130.59,14,1257,"[None, 2048, 2048, 2048, 2048, 2048, 2048, 2048, 2048, 2048]","[2048, 2048, 2048, 2048, 2048, 2048, 2048, 2048, 2048, 2048, 2048]","[2048, 2048, 2048, 2048, 2048, 2048, 2064]",10007,200
2025-04-11 12:07:03.546000+00:00,38,,54.221,29.67,163,166,True,1419.463,9,1257,"[2064, 2064, 2064, 2048, 2048, 2048, 2048, 2048, 2048, 2048]","[2048, 2048, 2048, 2048, 2048, 2048, 2048, 2048, 2048, 2048, 2048]","[2048, 2048, 2048, 2048, 2048, 2048, 2048]",10007,206
2025-04-11 12:07:06.475000+00:00,7,50.767,74.767,43.669,104,121,False,169.203,13,1257,"[2048, 2048, 2048, 2048, 2048, 2048, 2048, 2048, 2048, 2048]","[2048, 2048, 2048, 2048, 2048, 2048, 2048, 2048, 2048, 2048, 2048]","[2048, 2048, 2048, 2048, 2048, 2048, 2064]",10007,234
2025-04-11 12:07:14.200000+00:00,22,48.868,77.094,40.858,111,119,False,166.82,13,1257,"[2048, 2048, 2048, 2048, 2048, 2048, 2048, 2048, 2048, 2048]","[2048, 2048, 2048, 2048, 2048, 2048, 2048, 2048, 2048, 2048, 2048]","[2048, 2048, 2048, 2048, 2048, 2048, 2048]",10007,189
2025-04-11 12:07:26.240000+00:00,23,47.482,78.398,49.795,120,112,False,175.675,15,1257,"[None, 2048, 2048, 2048, 2048, 2048, 2048, 2048, 2048, 2048]","[2048, 2048, 2048, 2048, 2048, 2048, 2048, 2048, 2048, 2048, 2048]","[2048, 2048, 2048, 2048, 2048, 2048, 2064]",10007,184
2025-04-11 12:07:38.819000+00:00,10,48.798,74.308,42.794,114,135,False,165.9,13,1257,"[None, 2048, 2048, 2048, 2048, 2048, 2048, 2048, 2048, 2048]","[2048, 2048, 2048, 2048, 2048, 2048, 2048, 2048, 2048, 2048, 2048]","[2048, 2048, 2048, 2048, 2048, 2048, 2064]",10007,261
2025-04-11 12:07:55.362000+00:00,27,29.986,41.055,27.777,240,270,False,98.818,15,1257,"[2048, 2048, 2048, 2048, 2049, 2048, 2048, 2048, 2048, 2049]","[2048, 2048, 2049, 2048, 2049, 2051, 2048, 2048, 2048, 2048, 2048]","[2048, 2048, 2048, 2048, 2048, 2048, 2064]",10007,320
2025-04-11 12:08:00.165000+00:00,44,33.83,44.315,24.919,222,235,False,103.064,13,1257,"[None, 2048, 2048, 2048, 2048, 2048, 2048, 2048, 2048, 2048]","[2048, 2048, 2048, 2048, 2048, 2048, 2048, 2048, 2048, 2048, 2048]","[2048, 2048, 2048, 2048, 2048, 2048]",10007,297
2025-04-11 12:08:04.444000+00:00,34,37.122,51.845,34.304,190,112,False,123.271,13,1257,"[None, 2048, 2048, 2048, 2048, 2048, 2048, 2048, 2048, 2048]","[2048, 2048, 2048, 2048, 2048, 2048, 2048, 2048, 2048, 2048, 2048]","[2048, 2048, 2048, 2048, 2048, 2048, 2064]",10007,287
2025-04-11 12:08:09.108000+00:00,50,30.079,41.29,23.892,238,270,False,95.261,13,1257,"[2049, 2049, 2049, 2049, 2049, 2049, 2049, 2049, 2048, 2048]","[2048, 2048, 2049, 2048, 2049, 2049, 2049, 2048, 2049, 2048, 2049]","[2048, 2048, 2048, 2048, 2048, 2048]",10007,316
2025-04-11 12:08:19.923000+00:00,46,,42.733,25.8,235,259,True,415.244,10,1257,"[2064, 2064, 2064, 2048, 2048, 2048, 2049, 2049, 2049, 2048]","[2049, 2048, 2048, 2048, 2049, 2048, 2049, 2049, 2049, 2048, 2049]","[2048, 2048, 2048, 2048, 2048, 2048, 2048]",10007,209
2025-04-11 12:09:00.492000+00:00,18,29.888,41.351,23.909,242,267,False,95.148,14,1257,"[2048, 2048, 2048, 2048, 2049, 2049, 2049, 2049, 2049, 2051]","[2049, 2049, 2049, 2048, 2048, 2049, 2048, 2049, 2049, 2049, 2049]","[2049, 2048, 2048, 2048, 2049, 2048]",10007,318
2025-04-11 12:09:15.961000+00:00,38,31.509,43.033,24.321,236,260,False,98.863,10,1257,"[2048, 2048, 2048, 2048, 2049, 2048, 2048, 2048, 2048, 2048]","[2048, 2048, 2049, 2048, 2048, 2048, 2048, 2048, 2049, 2048, 2049]","[2049, 2048, 2048, 2048, 2049, 2048, 2048]",10007,300
2025-04-11 12:09:35.407000+00:00,31,78.058,66.555,32.563,128,138,True,177.176,12,1257,"[2064, 2064, 2064, 2048, 2048, 2048, 2048, 2048, 2048, 2048]","[2048, 2048, 2048, 2048, 2048, 2048, 2048, 2048, 2048, 2048, 2048]","[2048, 2048, 2048, 2048, 2048, 2049, 2048]",10007,156
2025-04-11 12:09:43.186000+00:00,44,31.99,44.357,24.781,224,244,False,101.128,14,1257,"[None, 2048, 2048, 2048, 2048, 2048, 2048, 2048, 2048, 2048]","[2048, 2048, 2048, 2048, 2048, 2048, 2048, 2048, 2048, 2048, 2048]","[2048, 2048, 2048, 2048, 2048, 2048, 2048]",10007,
2025-04-11 12:09:44.220000+00:00,50,32.807,43.454,27.854,223,251,False,104.115,14,1257,"[None, 2048, 2048, 2048, 2048, 2048, 2048, 2048, 2048, 2048]","[2048, 2048, 2048, 2048, 2048, 2048, 2048, 2048, 2048, 2048, 2048]","[2048, 2048, 2048, 2048, 2048, 2048, 2064]",10007,274
2025-04-11 12:09:58.998000+00:00,46,34.907,44.559,29.413,217,262,False,108.879,11,1257,"[2048, 2048, 2048, 2049, 2049, 2049, 2048, 2048, 2048, 2048]","[2048, 2048, 2048, 2048, 2048, 2049, 2049, 2048, 2049, 2048, 2049]","[2049, 2048, 2048, 2048, 2048, 2048, 2064]",10007,298
2025-04-11 12:10:01.154000+00:00,22,52.829,68.448,27.719,109,127,False,148.996,14,1257,"[None, 2048, 2048, 2048, 2048, 2048, 2048, 2048, 2048, 2048]","[2048, 2048, 2048, 2048, 2048, 2048, 2048, 2048, 2048, 2048, 2048]","[2048, 2048, 2048, 2048, 2048, 2049, 2048]",10007,163
2025-04-11 12:10:12.931000+00:00,7,71.299,74.331,31.492,123,132,True,177.122,14,1257,"[2064, 2064, 2064, 2048, 2048, 2048, 2048, 2048, 2048, 2048]","[2048, 2048, 2048, 2048, 2048, 2048, 2048, 2048, 2048, 2048, 2048]","[2048, 2048, 2048, 2048, 2048, 2048, 2048]",10007,74
2025-04-11 12:10:35.421000+00:00,18,56.468,82.642,43.324,106,95,False,182.434,15,1257,"[None, 2048, 2048, 2048, 2048, 2048, 2048, 2048, 2048, 2048]","[2048, 2048, 2048, 2048, 2048, 2048, 2048, 2048, 2048, 2048, 2048]","[2048, 2048, 2048, 2048, 2048, 2048, 2048]",10007,168
2025-04-11 12:10:45.675000+00:00,23,76.947,73.362,30.626,112,134,True,180.935,16,1257,"[2064, 2064, 2064, 2048, 2048, 2048, 2048, 2048, 2048, 2048]","[2048, 2048, 2048, 2048, 2048, 2048, 2048, 2048, 2048, 2048, 2048]","[2048, 2048, 2048, 2048, 2048, 2051, 2048]",10007,101
2025-04-11 12:10:48.575000+00:00,10,78.516,82.665,28.581,111,140,True,189.762,14,1257,"[2064, 2064, 2064, 2048, 2048, 2048, 2048, 2048, 2048, 2048]","[2048, 2048, 2048, 2048, 2048, 2048, 2048, 2048, 2048, 2048, 2048]","[2048, 2048, 2048, 2048, 2048, 2048, 2048]",10007,78
2025-04-11 12:10:54.920000+00:00,38,31.686,43.109,24.328,233,255,False,99.123,11,1257,"[None, 2048, 2048, 2048, 2048, 2048, 2048, 2048, 2048, 2048]","[2048, 2048, 2048, 2048, 2048, 2048, 2048, 2048, 2049, 2048, 2048]","[2048, 2048, 2048, 2048, 2048, 2048, 2048]",10007,293
2025-04-11 12:11:17.930000+00:00,81,,43.828,24.032,236,231,True,361.591,12,1257,"[2064, 2064, 2064, 2048, 2048, 2048, 2048, 2048, 2048, 2048]","[2048, 2048, 2048, 2048, 2048, 2048, 2048, 2048, 2048, 2048, 2048]","[2048, 2048, 2048, 2048, 2048, 2048, 2048]",10007,209
2025-04-11 12:11:20.150000+00:00,30,,76.449,41.411,126,85,True,306.152,16,1257,"[2064, 2064, 2064, 2048, 2048, 2048, 2048, 2048, 2048, 2048]","[2048, 2048, 2048, 2048, 2048, 2048, 2048, 2048, 2048, 2048, 2048]","[2048, 2048, 2048, 2048, 2048, 2048, 2048]",10007,131
2025-04-11 12:11:24.288000+00:00,44,31.968,44.514,24.906,227,240,False,101.388,15,1257,"[None, 2048, 2048, 2048, 2048, 2048, 2048, 2048, 2048, 2048]","[2048, 2048, 2048, 2048, 2048, 2048, 2048, 2048, 2048, 2048, 2048]","[2048, 2048, 2048, 2048, 2048, 2048, 2048]",10007,296
2025-04-11 12:11:40.967000+00:00,6,,66.506,34.193,140,166,True,339.676,13,1257,"[2064, 2064, 2064, 2048, 2048, 2048, 2048, 2048, 2048, 2048]","[2048, 2048, 2048, 2048, 2048, 2048, 2048, 2048, 2048, 2048, 2048]","[2048, 2048, 2048, 2048, 2048, 2048, 2048]",10007,104
2025-04-11 12:11:46.542000+00:00,4,,57.65,26.04,147,170,True,844.633,11,1257,"[2064, 2064, 2064, 2048, 2048, 2048, 2048, 2048, 2048, 2048]","[2048, 2048, 2048, 2048, 2048, 2048, 2048, 2048, 2048, 2048, 2048]","[2048, 2048, 2048, 2048, 2048, 2049, 2048]",10007,96
2025-04-11 12:12:12.048000+00:00,31,29.972,41.104,26.266,239,267,False,97.342,13,1257,"[2048, 2048, 2048, 2048, 2048, 2048, 2048, 2048, 2048, 2048]","[2048, 2048, 2048, 2048, 2049, 2048, 2048, 2049, 2049, 2048, 2048]","[2048, 2048, 2049, 2049, 2049, 2048, 2064]",10007,312
2025-04-11 12:12:17.700000+00:00,46,63.994,43.189,27.761,233,253,True,134.944,12,1257,"[2064, 2064, 2064, 2048, 2048, 2048, 2049, 2048, 2048, 2048]","[2048, 2048, 2048, 2048, 2048, 2048, 2048, 2048, 2048, 2048, 2048]","[2048, 2048, 2048, 2049, 2048, 2048, 2064]",10007,140
2025-04-11 12:12:30.031000+00:00,22,29.912,41.281,31.066,237,269,False,102.259,15,1257,"[None, 2048, 2048, 2048, 2048, 2048, 2049, 2049, 2048, 2048]","[2048, 2048, 2048, 2049, 2049, 2048, 2048, 2049, 2048, 2049, 2048]","[2048, 2048, 2048, 2048, 2048, 2048, 2064]",10007,322
2025-04-11 12:12:33.979000+00:00,38,43.112,55.075,31.986,199,177,False,130.173,12,1257,"[None, 2049, 2048, 2048, 2048, 2048, 2048, 2048, 2048, 2048]","[2048, 2048, 2048, 2048, 2048, 2048, 2048, 2048, 2048, 2048, 2048]","[2048, 2048, 2048, 2048, 2048, 2048, 2064]",10007,286
2025-04-11 12:12:52.887000+00:00,7,30.126,41.018,23.525,238,267,False,94.669,15,1257,"[2048, 2048, 2048, 2048, 2048, 2048, 2048, 2048, 2048, 2048]","[2048, 2049, 2048, 2048, 2049, 2049, 2048, 2049, 2049, 2049, 2048]","[2049, 2048, 2048, 2048, 2049, 2048, 2048]",10007,319
2025-04-11 12:13:05.789000+00:00,44,31.961,44.049,29.123,,253,False,105.133,16,1257,"[None, 2048, 2048, 2048, 2048, 2048, 2048, 2048, 2048, 2048]","[2048, 2048, 2048, 2048, 2048, 2048, 2048, 2048, 2048, 2048, 2048]","[2048, 2048, 2048, 2048, 2048, 2048, 2064]",10007,297
2025-04-11 12:13:08.119000+00:00,81,31.275,43.278,24.667,234,245,False,99.22,13,1257,"[2048, 2048, 2048, 2048, 2048, 2048, 2048, 2048, 2048, 2048]","[2048, 2048, 2048, 2048, 2048, 2048, 2048, 2048, 2048, 2048, 2048]","[2048, 2048, 2048, 2048, 2048, 2048, 2048]",10007,296
2025-04-11 12:13:22.933000+00:00,23,40.298,71.872,27.499,85,115,False,139.669,17,1257,"[2048, 2048, 2048, 2048, 2049, 2048, 2048, 2048, 2048, 2048]","[2048, 2048, 2048, 2048, 2048, 2048, 2048, 2048, 2048, 2048, 2048]","[2048, 2048, 2048, 2048, 2048, 2048, 2048]",10007,318
2025-04-11 12:13:34.524000+00:00,10,29.726,40.569,23.569,238,268,False,93.864,15,1257,"[2048, 2048, 2048, 2048, 2049, 2048, 2048, 2048, 2048, 2048]","[2048, 2049, 2048, 2049, 2049, 2048, 2048, 2048, 2051, 2048, 2048]","[2048, 2048, 2048, 2048, 2048, 2048, 2048]",10007,322
2025-04-11 12:13:38.045000+00:00,18,55.778,73.037,45.339,49,112,False,174.154,16,1257,"[None, 2048, 2048, 2048, 2048, 2048, 2048, 2048, 2048, 2048]","[2048, 2048, 2048, 2048, 2048, 2048, 2048, 2048, 2048, 2048, 2048]","[2048, 2048, 2048, 2048, 2048, 2048, 2048]",10007,173
2025-04-11 12:13:57.950000+00:00,4,29.546,40.369,23.289,240,265,False,93.204,12,1257,"[2048, 2048, 2048, 2049, 2051, 2049, 2049, 2048, 2051, 2049]","[2051, 2049, 2051, 2048, 2051, 2049, 2048, 2049, 2049, 2051, 2049]","[2051, 2049, 2049, 2048, 2051, 2048, 2048]",10007,314
2025-04-11 12:14:04.409000+00:00,30,30.022,40.78,23.595,239,272,False,94.397,17,1257,"[2048, 2048, 2048, 2048, 2049, 2048, 2049, 2049, 2048, 2049]","[2048, 2049, 2048, 2049, 2049, 2051, 2049, 2049, 2048, 2049, 2049]","[2048, 2048, 2049, 2049, 2048, 2048]",10007,321
2025-04-11 12:14:13.048000+00:00,37,,54.041,27.838,178,215,True,621.948,14,1257,"[2064, 2064, 2064, 2048, 2048, 2048, 2048, 2048, 2048, 2048]","[2048, 2048, 2048, 2048, 2048, 2048, 2048, 2048, 2048, 2048, 2048]","[2048, 2048, 2048, 2048, 2048, 2049, 2049]",10007,124
2025-04-11 12:14:13.242000+00:00,6,30.146,40.974,23.75,236,271,False,94.87,14,1257,"[2048, 2048, 2048, 2048, 2048, 2048, 2048, 2049, 2048, 2048]","[2048, 2049, 2048, 2049, 2049, 2048, 2048, 2049, 2048, 2048, 2048]","[2048, 2049, 2049, 2049, 2048, 2048, 2048]",10007,321
2025-04-11 12:14:27.518000+00:00,7,32.019,46.244,30.911,219,198,False,109.174,16,1257,"[None, 2048, 2048, 2048, 2048, 2048, 2048, 2048, 2048, 2048]","[2048, 2048, 2048, 2048, 2048, 2048, 2048, 2048, 2048, 2048, 2048]","[2048, 2048, 2048, 2048, 2048, 2048, 2064]",10007,310
2025-04-11 12:14:38.549000+00:00,46,67.122,43.435,27.844,237,259,True,138.401,13,1257,"[None, 2064, 2064, 2048, 2048, 2049, 2048, 2048, 2048, 2048]","[2048, 2048, 2048, 2048, 2048, 2048, 2048, 2049, 2048, 2048, 2048]","[2048, 2048, 2048, 2048, 2048, 2048, 2064]",10007,183
2025-04-11 12:14:47.195000+00:00,81,31.193,42.698,23.983,236,250,False,97.874,14,1257,"[None, 2048, 2048, 2048, 2048, 2048, 2048, 2048, 2048, 2048]","[2048, 2048, 2048, 2048, 2048, 2048, 2048, 2048, 2048, 2048, 2048]","[2048, 2048, 2048, 2048, 2048, 2048, 2048]",10007,297
2025-04-11 12:15:08.488000+00:00,10,35.812,53.327,31.438,159,185,False,120.577,16,1257,"[None, 2048, 2048, 2048, 2048, 2048, 2048, 2048, 2048, 2048]","[2048, 2048, 2048, 2048, 2048, 2048, 2048, 2048, 2048, 2048, 2048]","[2048, 2048, 2048, 2048, 2048, 2048, 2064]",10007,293
2025-04-11 12:15:10.110000+00:00,72,,44.42,24.487,230,236,True,507.776,16,1257,"[2064, 2064, 2064, 2048, 2048, 2048, 2048, 2048, 2048, 2048]","[2048, 2048, 2048, 2048, 2048, 2048, 2048, 2048, 2048, 2048, 2048]","[2048, 2048, 2048, 2048, 2048, 2048, 2048]",10007,198
2025-04-11 12:15:31.168000+00:00,4,36.854,41.895,23.876,234,239,False,102.625,13,1257,"[None, 2048, 2048, 2048, 2048, 2048, 2048, 2048, 2048, 2048]","[2048, 2048, 2048, 2049, 2048, 2048, 2048, 2048, 2048, 2048, 2048]","[2048, 2048, 2049, 2048, 2048, 2048, 2048]",10007,203
2025-04-11 12:15:38.650000+00:00,30,41.972,51.198,28.138,118,254,False,121.308,18,1257,"[None, 2048, 2048, 2048, 2048, 2048, 2048, 2048, 2048, 2048]","[2048, 2048, 2048, 2048, 2048, 2048, 2048, 2048, 2048, 2048, 2048]","[2048, 2048, 2048, 2048, 2048, 2048, 2064]",10007,248
2025-04-11 12:15:42.631000+00:00,23,29.622,40.551,29.323,238,268,False,99.496,18,1257,"[None, 2048, 2048, 2048, 2049, 2049, 2049, 2049, 2048, 2048]","[2049, 2048, 2048, 2049, 2048, 2049, 2049, 2048, 2049, 2051, 2049]","[2048, 2048, 2049, 2048, 2048, 2048, 2064]",10007,320
2025-04-11 12:15:48.092000+00:00,6,32.499,42.265,26.913,219,262,False,101.677,15,1257,"[None, 2048, 2048, 2048, 2048, 2048, 2048, 2048, 2048, 2048]","[2048, 2048, 2048, 2048, 2048, 2048, 2048, 2048, 2048, 2048, 2048]","[2048, 2049, 2048, 2048, 2048, 2048, 2064]",10007,290
2025-04-11 12:16:16.572000+00:00,37,30.162,41.509,23.804,235,269,False,95.475,15,1257,"[2048, 2049, 2049, 2049, 2049, 2049, 2049, 2049, 2049, 2048]","[2049, 2048, 2049, 2049, 2049, 2049, 2049, 2049, 2049, 2049, 2049]","[2048, 2049, 2049, 2049, 2049, 2048]",10007,320
2025-04-11 12:16:25.193000+00:00,81,31.2,42.664,24.098,234,246,False,97.962,15,1257,"[None, 2048, 2048, 2048, 2048, 2048, 2048, 2048, 2048, 2048]","[2048, 2048, 2048, 2048, 2048, 2048, 2048, 2048, 2048, 2048, 2048]","[2048, 2048, 2048, 2048, 2048, 2048, 2048]",10007,300
2025-04-11 12:16:32.279000+00:00,18,30.007,41.29,23.819,240,269,False,95.116,17,1257,"[None, 2048, 2048, 2048, 2048, 2048, 2048, 2049, 2049, 2048]","[2048, 2048, 2048, 2051, 2049, 2049, 2049, 2049, 2049, 2048, 2049]","[2048, 2049, 2049, 2049, 2049, 2048, 2048]",10007,318
2025-04-11 12:17:09.428000+00:00,72,31.732,43.51,24.702,231,250,False,99.944,17,1257,"[2048, 2048, 2048, 2048, 2048, 2048, 2048, 2048, 2048, 2048]","[2048, 2048, 2048, 2048, 2048, 2048, 2048, 2048, 2048, 2048, 2048]","[2048, 2048, 2048, 2048, 2048, 2048, 2048]",10007,298
2025-04-11 12:17:13.713000+00:00,4,31.025,42.477,23.966,238,239,False,97.468,14,1257,"[None, 2048, 2048, 2048, 2048, 2048, 2048, 2048, 2048, 2048]","[2048, 2048, 2048, 2048, 2048, 2048, 2048, 2048, 2048, 2048, 2048]","[2048, 2048, 2048, 2048, 2048, 2048, 2048]",10007,291
2025-04-11 12:17:51.948000+00:00,37,42.335,65.608,39.306,100,141,False,147.249,16,1257,"[None, 2048, 2048, 2048, 2048, 2048, 2048, 2048, 2048, 2048]","[2048, 2048, 2048, 2048, 2048, 2048, 2048, 2048, 2048, 2048, 2048]","[2048, 2048, 2048, 2048, 2048, 2048, 2064]",10007,258
2025-04-11 12:18:03.165000+00:00,81,31.338,42.749,24.005,236,253,False,98.092,16,1257,"[None, 2048, 2048, 2048, 2048, 2048, 2048, 2048, 2048, 2048]","[2048, 2048, 2048, 2048, 2048, 2048, 2048, 2048, 2048, 2048, 2048]","[2048, 2048, 2048, 2048, 2048, 2048, 2048]",10007,295
2025-04-11 12:18:04.310000+00:00,34,,57.384,35.752,156,157,True,613.685,14,1257,"[2064, 2064, 2064, 2048, 2048, 2048, 2048, 2048, 2048, 2048]","[2048, 2048, 2048, 2048, 2048, 2048, 2048, 2048, 2048, 2048, 2048]","[2048, 2048, 2048, 2048, 2048, 2049, 2048]",10007,111
2025-04-11 12:18:07.232000+00:00,18,42.418,56.812,35.487,135,143,False,134.717,18,1257,"[None, 2048, 2048, 2048, 2048, 2048, 2048, 2048, 2048, 2048]","[2048, 2048, 2048, 2048, 2048, 2048, 2048, 2048, 2048, 2048, 2048]","[2048, 2048, 2048, 2048, 2048, 2048, 2064]",10007,179
2025-04-11 12:18:08.986000+00:00,5,,43.253,24.941,230,250,True,657.196,15,1257,"[2064, 2064, 2064, 2048, 2048, 2048, 2048, 2048, 2048, 2048]","[2048, 2048, 2048, 2048, 2048, 2048, 2048, 2048, 2048, 2048, 2048]","[2048, 2048, 2048, 2048, 2048, 2048, 2048]",10007,200
2025-04-11 12:18:36.596000+00:00,27,,43.628,24.585,226,243,True,651.091,16,1257,"[2064, 2064, 2064, 2048, 2048, 2048, 2048, 2048, 2048, 2048]","[2048, 2048, 2048, 2048, 2048, 2048, 2048, 2048, 2048, 2048, 2048]","[2048, 2048, 2048, 2048, 2048, 2048, 2048]",10007,186
2025-04-11 12:18:49.350000+00:00,72,31.782,43.415,24.668,228,248,False,99.865,18,1257,"[None, 2048, 2048, 2048, 2048, 2048, 2048, 2048, 2048, 2048]","[2048, 2048, 2048, 2048, 2048, 2048, 2048, 2048, 2048, 2048, 2048]","[2048, 2048, 2048, 2048, 2048, 2048, 2048]",10007,296
2025-04-11 12:18:51.242000+00:00,4,31.318,42.911,24.098,236,242,False,98.327,15,1257,"[None, 2048, 2048, 2048, 2048, 2048, 2048, 2048, 2048, 2048]","[2048, 2048, 2048, 2048, 2048, 2048, 2048, 2048, 2048, 2048, 2048]","[2048, 2048, 2049, 2049, 2048, 2048, 2049]",10007,295
2025-04-11 12:19:30.887000+00:00,38,,52.077,26.102,157,185,True,410.258,13,1257,"[2064, 2064, 2064, 2048, 2048, 2048, 2048, 2048, 2048, 2048]","[2048, 2048, 2048, 2048, 2048, 2048, 2048, 2048, 2048, 2048, 2048]","[2048, 2048, 2048, 2048, 2048, 2049, 2048]",10007,104
2025-04-11 12:19:41.234000+00:00,81,31.235,43.274,24.152,235,247,False,98.661,17,1257,"[None, 2048, 2048, 2048, 2048, 2048, 2048, 2048, 2048, 2048]","[2048, 2048, 2048, 2048, 2048, 2048, 2048, 2048, 2048, 2048, 2048]","[2048, 2048, 2048, 2048, 2048, 2048, 2048]",10007,297
2025-04-11 12:19:53.310000+00:00,22,,44.753,24.515,228,235,True,457.839,16,1257,"[2064, 2064, 2064, 2048, 2048, 2048, 2048, 2048, 2048, 2048]","[2048, 2048, 2048, 2048, 2048, 2048, 2048, 2048, 2048, 2048, 2048]","[2048, 2048, 2048, 2048, 2048, 2048, 2048]",10007,199
2025-04-11 12:20:02.622000+00:00,5,31.72,44.028,24.603,232,247,False,100.351,16,1257,"[2048, 2048, 2048, 2048, 2048, 2048, 2048, 2048, 2048, 2048]","[2048, 2048, 2048, 2048, 2048, 2048, 2048, 2048, 2048, 2048, 2048]","[2048, 2048, 2048, 2048, 2048, 2048, 2048]",10007,293
2025-04-11 12:20:21.336000+00:00,34,29.939,41.336,23.923,239,267,False,95.198,15,1257,"[2048, 2048, 2048, 2049, 2049, 2049, 2049, 2049, 2049, 2049]","[2049, 2049, 2049, 2049, 2049, 2049, 2049, 2049, 2049, 2049, 2049]","[2049, 2048, 2048, 2048, 2049, 2048]",10007,316
2025-04-11 12:20:25.364000+00:00,27,31.873,43.816,24.841,233,247,False,100.53,17,1257,"[2048, 2048, 2048, 2048, 2048, 2048, 2048, 2048, 2048, 2048]","[2048, 2048, 2048, 2048, 2048, 2048, 2048, 2048, 2048, 2048, 2048]","[2048, 2048, 2048, 2048, 2048, 2048, 2048]",10007,297
2025-04-11 12:20:29.337000+00:00,72,32.024,44.15,24.844,231,248,False,101.018,19,1257,"[None, 2048, 2048, 2048, 2048, 2048, 2048, 2048, 2048, 2048]","[2048, 2048, 2048, 2048, 2048, 2048, 2048, 2048, 2048, 2048, 2048]","[2048, 2048, 2048, 2048, 2048, 2048, 2048]",10007,301
2025-04-11 12:20:29.649000+00:00,4,30.753,42.61,24.164,235,243,False,97.527,16,1257,"[2051, 2049, 2048, 2048, 2048, 2048, 2048, 2048, 2048, 2048]","[2048, 2048, 2048, 2048, 2048, 2048, 2048, 2048, 2048, 2048, 2048]","[2048, 2048, 2048, 2048, 2048, 2048, 2048]",10007,310
2025-04-11 12:20:44.649000+00:00,44,,53.232,26.609,173,159,True,476.839,17,1257,"[2064, 2064, 2064, 2048, 2048, 2048, 2048, 2048, 2048, 2048]","[2048, 2048, 2048, 2048, 2048, 2048, 2048, 2048, 2048, 2048, 2048]","[2048, 2048, 2048, 2048, 2048, 2049, 2049]",10007,92
2025-04-11 12:20:49.585000+00:00,37,78.18,63.54,34.247,135,159,True,175.967,17,1257,"[2064, 2064, 2064, 2048, 2048, 2048, 2048, 2048, 2048, 2048]","[2048, 2048, 2048, 2048, 2048, 2048, 2048, 2048, 2048, 2048, 2048]","[2048, 2048, 2048, 2048, 2048, 2048, 2048]",10007,99
2025-04-11 12:20:59.917000+00:00,46,,46.65,33.268,220,219,True,394.581,14,1257,"[None, 2064, 2064, 2048, 2048, 2048, 2048, 2048, 2048, 2048]","[2048, 2048, 2048, 2048, 2048, 2048, 2048, 2048, 2048, 2048, 2048]","[2048, 2048, 2048, 2048, 2048, 2049, 2049]",10007,159
2025-04-11 12:21:19.850000+00:00,81,31.335,42.727,24.01,236,250,False,98.072,18,1257,"[None, 2048, 2048, 2048, 2048, 2048, 2048, 2048, 2048, 2048]","[2048, 2048, 2048, 2048, 2048, 2048, 2048, 2048, 2048, 2048, 2048]","[2048, 2048, 2048, 2048, 2048, 2048, 2048]",10007,298
2025-04-11 12:21:34.493000+00:00,38,30.362,41.143,23.55,240,272,False,95.055,14,1257,"[2048, 2048, 2048, 2049, 2049, 2048, 2048, 2048, 2049, 2049]","[2049, 2049, 2049, 2049, 2051, 2049, 2049, 2049, 2049, 2049, 2049]","[2049, 2049, 2049, 2049, 2049, 2048]",10007,319
2025-04-11 12:21:42.987000+00:00,5,31.853,43.855,24.691,,244,False,100.399,17,1257,"[None, 2048, 2048, 2048, 2048, 2048, 2048, 2048, 2048, 2048]","[2048, 2048, 2048, 2048, 2048, 2048, 2048, 2048, 2048, 2048, 2048]","[2048, 2048, 2048, 2048, 2048, 2048, 2048]",10007,292
2025-04-11 12:21:50.194000+00:00,22,31.655,44.202,24.726,231,232,False,100.583,17,1257,"[2048, 2048, 2048, 2048, 2048, 2048, 2048, 2048, 2048, 2048]","[2048, 2048, 2048, 2048, 2048, 2048, 2048, 2048, 2048, 2048, 2048]","[2048, 2048, 2048, 2048, 2048, 2048, 2048]",10007,300
2025-04-11 12:21:56.414000+00:00,34,49.803,68.581,39.24,151,144,False,157.624,16,1257,"[None, 2048, 2048, 2048, 2048, 2048, 2048, 2048, 2048, 2048]","[2048, 2048, 2048, 2048, 2048, 2048, 2048, 2048, 2048, 2048, 2048]","[2048, 2048, 2048, 2048, 2048, 2048, 2064]",10007,158
2025-04-11 12:21:57.977000+00:00,7,,44.352,24.964,222,243,True,462.379,17,1257,"[2064, 2064, 2064, 2048, 2048, 2048, 2048, 2048, 2048, 2048]","[2048, 2048, 2048, 2048, 2048, 2048, 2048, 2048, 2048, 2048, 2048]","[2048, 2048, 2048, 2048, 2048, 2048, 2048]",10007,196
2025-04-11 12:22:05.855000+00:00,27,31.961,45.181,25.138,230,238,False,102.28,18,1257,"[None, 2048, 2048, 2048, 2048, 2048, 2048, 2048, 2048, 2048]","[2048, 2048, 2048, 2048, 2048, 2048, 2048, 2048, 2048, 2048, 2048]","[2048, 2048, 2048, 2048, 2048, 2048, 2048]",10007,291
2025-04-11 12:22:07.173000+00:00,4,31.296,43.267,23.977,238,244,False,98.54,17,1257,"[2048, 2048, 2048, 2048, 2048, 2048, 2048, 2048, 2048, 2048]","[2048, 2048, 2048, 2048, 2048, 2048, 2048, 2048, 2048, 2048, 2048]","[2048, 2048, 2048, 2048, 2048, 2048, 2048]",10007,284
2025-04-11 12:22:07.680000+00:00,10,,44.644,24.651,229,232,True,425.994,17,1257,"[2064, 2064, 2064, 2048, 2048, 2048, 2048, 2048, 2048, 2048]","[2048, 2048, 2048, 2048, 2048, 2048, 2048, 2048, 2048, 2048, 2048]","[2048, 2048, 2048, 2048, 2048, 2048, 2048]",10007,199
2025-04-11 12:22:10.268000+00:00,72,32.22,44.759,25.332,230,249,False,102.311,20,1257,"[None, 2048, 2048, 2048, 2048, 2048, 2048, 2048, 2048, 2048]","[2048, 2048, 2048, 2048, 2048, 2048, 2048, 2048, 2048, 2048, 2048]","[2048, 2048, 2048, 2048, 2048, 2048, 2048]",10007,299
2025-04-11 12:22:26.244000+00:00,6,,44.405,27.39,183,234,True,419.788,16,1257,"[2064, 2064, 2064, 2048, 2048, 2048, 2048, 2048, 2048, 2048]","[2048, 2048, 2048, 2048, 2048, 2048, 2048, 2048, 2048, 2048, 2048]","[2048, 2048, 2048, 2048, 2048, 2048, 2064]",10007,191
2025-04-11 12:22:47.717000+00:00,44,29.695,40.477,23.628,238,273,False,93.8,18,1257,"[2048, 2048, 2048, 2048, 2049, 2049, 2049, 2049, 2051, 2049]","[2049, 2049, 2049, 2051, 2049, 2049, 2048, 2048, 2049, 2049, 2049]","[2049, 2049, 2049, 2049, 2049, 2048, 2048]",10007,319
2025-04-11 12:22:55.824000+00:00,46,29.922,41.392,23.571,239,268,False,94.885,15,1257,"[2049, 2049, 2049, 2049, 2049, 2049, 2049, 2049, 2049, 2049]","[2049, 2049, 2048, 2049, 2049, 2049, 2049, 2049, 2049, 2049, 2049]","[2049, 2049, 2049, 2049, 2049, 2048, 2048]",10007,317
2025-04-11 12:22:57.879000+00:00,81,31.456,43.249,24.214,235,236,False,98.919,19,1257,"[None, 2048, 2048, 2048, 2048, 2048, 2048, 2048, 2048, 2048]","[2048, 2048, 2048, 2048, 2048, 2048, 2048, 2048, 2048, 2048, 2048]","[2048, 2048, 2048, 2048, 2048, 2048, 2048]",10007,305
2025-04-11 12:23:09.327000+00:00,38,41.661,59.764,27.856,159,175,False,129.281,15,1257,"[2049, 2048, 2048, 2048, 2048, 2048, 2048, 2048, 2048, 2048]","[2048, 2048, 2048, 2048, 2048, 2048, 2048, 2048, 2048, 2048, 2048]","[2048, 2048, 2048, 2048, 2048, 2049, 2048]",10007,160
2025-04-11 12:23:15.264000+00:00,37,47.625,68.813,38.904,78,176,False,155.342,18,1257,"[2048, 2048, 2048, 2048, 2048, 2048, 2048, 2048, 2048, 2048]","[2048, 2048, 2048, 2048, 2048, 2048, 2048, 2048, 2048, 2048, 2048]","[2048, 2048, 2048, 2048, 2048, 2048, 2048]",10007,247
2025-04-11 12:23:21.103000+00:00,23,,45.667,27.549,113,238,True,518.295,19,1257,"[2064, 2064, 2064, 2048, 2048, 2048, 2048, 2048, 2048, 2048]","[2048, 2048, 2048, 2048, 2048, 2048, 2048, 2048, 2048, 2048, 2048]","[2048, 2048, 2048, 2048, 2048, 2048, 2048]",10007,69
2025-04-11 12:23:23.360000+00:00,5,32.045,44.126,25.198,229,246,False,101.369,18,1257,"[None, 2048, 2048, 2048, 2048, 2048, 2048, 2048, 2048, 2048]","[2048, 2048, 2048, 2048, 2048, 2048, 2048, 2048, 2048, 2048, 2048]","[2048, 2048, 2048, 2048, 2048, 2048, 2048]",10007,291
2025-04-11 12:23:30.729000+00:00,22,31.85,44.317,24.765,226,237,False,100.932,18,1257,"[None, 2048, 2048, 2048, 2048, 2048, 2048, 2048, 2048, 2048]","[2048, 2048, 2048, 2048, 2048, 2048, 2048, 2048, 2048, 2048, 2048]","[2048, 2048, 2048, 2048, 2048, 2048, 2048]",10007,293
2025-04-11 12:23:45.660000+00:00,4,31.052,42.378,24.104,,241,False,97.534,18,1257,"[None, 2048, 2048, 2048, 2048, 2048, 2048, 2048, 2048, 2048]","[2048, 2048, 2048, 2048, 2048, 2048, 2048, 2048, 2048, 2048, 2048]","[2048, 2048, 2048, 2048, 2048, 2048]",10007,299
2025-04-11 12:23:48.141000+00:00,27,32.268,44.614,25.15,228,239,False,102.032,19,1257,"[None, 2048, 2048, 2048, 2048, 2048, 2048, 2048, 2048, 2048]","[2048, 2048, 2048, 2048, 2048, 2048, 2048, 2048, 2048, 2048, 2048]","[2048, 2048, 2048, 2048, 2048, 2048, 2048]",10007,289
2025-04-11 12:23:52.595000+00:00,72,32.041,44.322,25.127,,248,False,101.49,21,1257,"[None, 2048, 2048, 2048, 2048, 2048, 2048, 2048, 2048, 2048]","[2048, 2048, 2048, 2048, 2048, 2048, 2048, 2048, 2048, 2048, 2048]","[2048, 2048, 2048, 2048, 2048, 2048, 2048]",10007,300
2025-04-11 12:23:59.019000+00:00,7,32.215,44.057,25.058,,247,False,101.33,18,1257,"[2048, 2048, 2048, 2048, 2048, 2048, 2048, 2048, 2048, 2048]","[2048, 2048, 2048, 2048, 2048, 2048, 2048, 2048, 2048, 2048, 2048]","[2048, 2048, 2048, 2048, 2048, 2048, 2048]",10007,290
2025-04-11 12:24:14.950000+00:00,10,31.87,43.397,24.655,224,241,False,99.922,18,1257,"[2048, 2048, 2048, 2048, 2048, 2048, 2048, 2048, 2048, 2048]","[2048, 2048, 2048, 2048, 2048, 2048, 2048, 2048, 2048, 2048, 2048]","[2048, 2048, 2048, 2048, 2048, 2048, 2048]",10007,273
2025-04-11 12:24:21.383000+00:00,44,56.111,75.056,35.972,94,143,False,167.139,19,1257,"[None, 2048, 2048, 2048, 2048, 2048, 2048, 2048, 2048, 2048]","[2048, 2048, 2048, 2048, 2048, 2048, 2048, 2048, 2048, 2048, 2048]","[2048, 2048, 2048, 2048, 2048, 2048, 2048]",10007,155
2025-04-11 12:24:29.231000+00:00,50,,43.248,24.186,233,224,True,894.707,15,1257,"[2064, 2064, 2064, 2048, 2048, 2048, 2048, 2048, 2048, 2048]","[2048, 2048, 2048, 2048, 2048, 2048, 2048, 2048, 2048, 2048, 2048]","[2048, 2048, 2048, 2048, 2048, 2048, 2048]",10007,199
2025-04-11 12:24:30.742000+00:00,46,48.624,69.55,33.633,113,134,False,151.807,16,1257,"[2048, 2048, 2048, 2048, 2048, 2048, 2048, 2048, 2048, 2048]","[2048, 2048, 2048, 2048, 2048, 2048, 2048, 2048, 2048, 2048, 2048]","[2048, 2048, 2048, 2048, 2048, 2048, 2048]",10007,195
2025-04-11 12:24:31.851000+00:00,31,,43.103,24.191,233,248,True,759.198,14,1257,"[2064, 2064, 2064, 2048, 2048, 2048, 2048, 2048, 2048, 2048]","[2048, 2048, 2048, 2048, 2048, 2048, 2048, 2048, 2048, 2048, 2048]","[2048, 2048, 2048, 2048, 2048, 2048, 2048]",10007,199
2025-04-11 12:24:36.774000+00:00,81,31.182,43.229,24.718,237,252,False,99.129,20,1257,"[None, 2048, 2048, 2048, 2048, 2048, 2048, 2048, 2048, 2048]","[2048, 2048, 2048, 2048, 2048, 2048, 2048, 2048, 2048, 2048, 2048]","[2048, 2048, 2048, 2048, 2048, 2048, 2048]",10007,303
2025-04-11 12:24:58.973000+00:00,6,59.706,43.907,24.812,228,245,True,128.425,17,1257,"[None, 2064, 2064, 2048, 2048, 2048, 2048, 2048, 2048, 2048]","[2048, 2048, 2048, 2048, 2048, 2048, 2048, 2048, 2048, 2048, 2048]","[2048, 2048, 2048, 2048, 2048, 2048, 2048]",10007,199
2025-04-11 12:25:04.173000+00:00,34,76.288,69.941,33.42,152,120,True,179.649,17,1257,"[2064, 2064, 2064, 2048, 2048, 2048, 2048, 2048, 2048, 2048]","[2048, 2048, 2048, 2048, 2048, 2048, 2048, 2048, 2048, 2048, 2048]","[2048, 2048, 2048, 2048, 2048, 2048, 2048]",10007,105
2025-04-11 12:25:04.759000+00:00,5,31.986,44.607,25.117,231,247,False,101.71,19,1257,"[None, 2048, 2048, 2048, 2048, 2048, 2048, 2048, 2048, 2048]","[2048, 2048, 2048, 2048, 2048, 2048, 2048, 2048, 2048, 2048, 2048]","[2048, 2048, 2048, 2048, 2048, 2048, 2048]",10007,
2025-04-11 12:25:10.261000+00:00,18,,47.998,26.749,175,217,True,408.402,19,1257,"[2064, 2064, 2064, 2048, 2048, 2048, 2048, 2048, 2048, 2048]","[2048, 2048, 2048, 2048, 2048, 2048, 2048, 2048, 2048, 2048, 2048]","[2048, 2048, 2048, 2048, 2048, 2048, 2048]",10007,205
2025-04-11 12:25:11.795000+00:00,22,31.851,45.272,24.967,231,243,False,102.09,19,1257,"[None, 2048, 2048, 2048, 2048, 2048, 2048, 2048, 2048, 2048]","[2048, 2048, 2048, 2048, 2048, 2048, 2048, 2048, 2048, 2048, 2048]","[2048, 2048, 2048, 2048, 2048, 2048, 2048]",10007,298
2025-04-11 12:25:18.752000+00:00,38,30.269,42.223,23.906,239,239,False,96.398,16,1257,"[None, 2049, 2048, 2048, 2049, 2048, 2048, 2048, 2049, 2048]","[2049, 2048, 2048, 2048, 2048, 2048, 2048, 2048, 2048, 2048, 2048]","[2048, 2048, 2048, 2049, 2048, 2048, 2049]",10007,320
2025-04-11 12:25:23.087000+00:00,4,31.397,42.838,24.163,236,248,False,98.398,19,1257,"[None, 2048, 2048, 2048, 2048, 2048, 2048, 2048, 2048, 2048]","[2048, 2048, 2048, 2048, 2048, 2048, 2048, 2048, 2048, 2048, 2048]","[2048, 2048, 2048, 2049, 2048, 2048, 2048]",10007,293
2025-04-11 12:25:23.620000+00:00,30,,44.277,24.511,227,248,True,585.312,19,1257,"[2064, 2064, 2064, 2048, 2048, 2048, 2048, 2048, 2048, 2048]","[2048, 2048, 2048, 2048, 2048, 2048, 2048, 2048, 2048, 2048, 2048]","[2048, 2048, 2048, 2048, 2048, 2048, 2048]",10007,160
2025-04-11 12:25:30.233000+00:00,27,32.062,44.401,25.084,230,249,False,101.547,20,1257,"[None, 2048, 2048, 2048, 2048, 2048, 2048, 2048, 2048, 2048]","[2048, 2048, 2048, 2048, 2048, 2048, 2048, 2048, 2048, 2048, 2048]","[2048, 2048, 2048, 2048, 2048, 2048, 2048]",10007,291
2025-04-11 12:25:34.077000+00:00,72,32.182,44.659,24.973,231,248,False,101.814,22,1257,"[None, 2048, 2048, 2048, 2048, 2048, 2048, 2048, 2048, 2048]","[2048, 2048, 2048, 2048, 2048, 2048, 2048, 2048, 2048, 2048, 2048]","[2048, 2048, 2048, 2048, 2048, 2048, 2048]",10007,301
2025-04-11 12:25:40.426000+00:00,7,32.164,44.008,24.801,,249,False,100.973,19,1257,"[None, 2048, 2048, 2048, 2048, 2048, 2048, 2048, 2048, 2048]","[2048, 2048, 2048, 2048, 2048, 2048, 2048, 2048, 2048, 2048, 2048]","[2048, 2048, 2048, 2048, 2048, 2048, 2048]",10007,
2025-04-11 12:25:50.582000+00:00,37,30.228,41.74,23.822,237,270,False,95.79,19,1257,"[None, 2049, 2049, 2048, 2048, 2049, 2049, 2048, 2048, 2049]","[2048, 2048, 2048, 2049, 2048, 2048, 2048, 2049, 2048, 2049, 2049]","[2048, 2048, 2049, 2049, 2048, 2049, 2049]",10007,320
2025-04-11 12:25:54.916000+00:00,10,31.725,43.624,24.71,226,243,False,100.059,19,1257,"[None, 2048, 2048, 2048, 2048, 2048, 2048, 2048, 2048, 2048]","[2048, 2048, 2048, 2048, 2048, 2048, 2048, 2048, 2048, 2048, 2048]","[2048, 2048, 2048, 2048, 2048, 2048, 2048]",10007,284
2025-04-11 12:26:00.313000+00:00,23,31.418,43.523,24.532,229,238,False,99.473,20,1257,"[2048, 2048, 2048, 2048, 2048, 2048, 2048, 2048, 2048, 2048]","[2048, 2048, 2048, 2048, 2048, 2048, 2048, 2048, 2048, 2048, 2048]","[2048, 2048, 2048, 2048, 2048, 2048, 2048]",10007,299
2025-04-11 12:26:16.044000+00:00,81,31.502,43.332,27.065,,255,False,101.899,21,1257,"[None, 2048, 2048, 2048, 2048, 2048, 2048, 2048, 2048, 2048]","[2048, 2048, 2048, 2048, 2048, 2048, 2048, 2048, 2048, 2048, 2048]","[2048, 2048, 2048, 2048, 2048, 2048, 2064]",10007,
2025-04-11 12:26:23.103000+00:00,50,31.164,42.678,24.152,235,250,False,97.994,16,1257,"[2048, 2048, 2048, 2048, 2048, 2048, 2048, 2048, 2048, 2048]","[2048, 2048, 2048, 2048, 2048, 2048, 2048, 2048, 2048, 2048, 2048]","[2048, 2048, 2048, 2048, 2048, 2048, 2048]",10007,296
2025-04-11 12:26:28.584000+00:00,31,31.059,42.557,24.094,,255,False,97.71,15,1257,"[2048, 2048, 2048, 2048, 2048, 2048, 2048, 2048, 2048, 2048]","[2048, 2048, 2048, 2048, 2048, 2048, 2048, 2048, 2048, 2048, 2048]","[2048, 2048, 2048, 2049, 2048, 2048, 2048]",10007,292
2025-04-11 12:26:37.934000+00:00,6,32.021,43.865,24.885,227,248,False,100.771,18,1257,"[2048, 2048, 2048, 2048, 2048, 2048, 2048, 2048, 2048, 2048]","[2048, 2048, 2048, 2048, 2048, 2048, 2048, 2048, 2048, 2048, 2048]","[2048, 2048, 2048, 2048, 2048, 2048, 2048]",10007,303
2025-04-11 12:26:46.414000+00:00,5,32.415,44.75,25.235,230,248,False,102.4,20,1257,"[None, 2048, 2048, 2048, 2048, 2048, 2048, 2048, 2048, 2048]","[2048, 2048, 2048, 2048, 2048, 2048, 2048, 2048, 2048, 2048, 2048]","[2048, 2048, 2048, 2048, 2048, 2048, 2048]",10007,292
2025-04-11 12:26:53.849000+00:00,22,32.096,44.593,24.887,227,240,False,101.576,20,1257,"[None, 2048, 2048, 2048, 2048, 2048, 2048, 2048, 2048, 2048]","[2048, 2048, 2048, 2048, 2048, 2048, 2048, 2048, 2048, 2048, 2048]","[2048, 2048, 2048, 2048, 2048, 2048, 2048]",10007,297
2025-04-11 12:26:55.182000+00:00,38,42.618,64.508,30.862,170,169,False,137.988,17,1257,"[2048, 2048, 2048, 2048, 2048, 2048, 2048, 2048, 2048, 2048]","[2048, 2048, 2048, 2048, 2048, 2048, 2048, 2048, 2048, 2048, 2048]","[2048, 2048, 2048, 2048, 2048, 2048, 2048]",10007,161
2025-04-11 12:27:01.556000+00:00,4,31.334,42.65,24.195,234,250,False,98.179,20,1257,"[None, 2048, 2048, 2048, 2048, 2048, 2048, 2048, 2048, 2048]","[2048, 2048, 2048, 2048, 2048, 2048, 2048, 2048, 2048, 2048, 2048]","[2048, 2048, 2048, 2048, 2048, 2048, 2048]",10007,303
2025-04-11 12:27:02.493000+00:00,46,47.253,67.897,38.838,121,127,False,153.988,17,1257,"[None, 2048, 2048, 2048, 2048, 2048, 2048, 2048, 2048, 2048]","[2048, 2048, 2048, 2048, 2048, 2048, 2048, 2048, 2048, 2048, 2048]","[2048, 2048, 2048, 2048, 2048, 2048, 2048]",10007,228
2025-04-11 12:27:08.642000+00:00,44,47.651,57.101,31.696,163,183,False,136.448,20,1257,"[None, 2048, 2048, 2048, 2048, 2048, 2048, 2048, 2048, 2048]","[2048, 2048, 2048, 2048, 2048, 2048, 2048, 2048, 2048, 2048, 2048]","[2048, 2048, 2048, 2048, 2048, 2048, 2048]",10007,184
2025-04-11 12:27:10.481000+00:00,18,31.647,43.53,25.401,233,236,False,100.578,20,1257,"[2048, 2048, 2048, 2048, 2048, 2048, 2048, 2048, 2048, 2048]","[2048, 2048, 2048, 2048, 2048, 2048, 2048, 2048, 2048, 2048, 2048]","[2048, 2048, 2048, 2048, 2048, 2048, 2048]",10007,298
2025-04-11 12:27:11.722000+00:00,27,32.247,52.906,27.614,,204,False,112.767,21,1257,"[None, 2048, 2048, 2048, 2048, 2048, 2048, 2048, 2048, 2048]","[2048, 2048, 2048, 2048, 2048, 2048, 2048, 2048, 2048, 2048, 2048]","[2048, 2048, 2048, 2048, 2048, 2048, 2048]",10007,289
2025-04-11 12:27:15.904000+00:00,72,32.92,44.459,25.087,,249,False,102.466,23,1257,"[None, 2048, 2048, 2048, 2048, 2048, 2048, 2048, 2048, 2048]","[2048, 2048, 2048, 2048, 2048, 2048, 2048, 2048, 2048, 2048, 2048]","[2048, 2048, 2048, 2048, 2048, 2048, 2048]",10007,302
2025-04-11 12:27:21.380000+00:00,7,32.205,44.607,24.996,223,246,False,101.808,20,1257,"[None, 2048, 2048, 2048, 2048, 2048, 2048, 2048, 2048, 2048]","[2048, 2048, 2048, 2048, 2048, 2048, 2048, 2048, 2048, 2048, 2048]","[2048, 2048, 2048, 2048, 2048, 2048, 2048]",10007,294
2025-04-11 12:27:25.437000+00:00,30,31.688,43.51,24.77,231,248,False,99.968,20,1257,"[2048, 2048, 2048, 2048, 2048, 2048, 2048, 2048, 2048, 2048]","[2048, 2048, 2048, 2048, 2048, 2048, 2048, 2048, 2048, 2048, 2048]","[2048, 2048, 2048, 2048, 2048, 2048, 2048]",10007,295
2025-04-11 12:27:26.480000+00:00,37,37.851,55.557,31.979,131,207,False,125.387,20,1257,"[2049, 2049, 2048, 2048, 2048, 2048, 2048, 2048, 2048, 2048]","[2048, 2048, 2048, 2048, 2048, 2048, 2048, 2048, 2048, 2048, 2048]","[2048, 2048, 2048, 2048, 2048, 2048, 2064]",10007,292
2025-04-11 12:27:33.766000+00:00,34,29.905,41.459,23.841,239,267,False,95.205,18,1257,"[2049, 2049, 2049, 2049, 2049, 2048, 2049, 2049, 2048, 2048]","[2048, 2048, 2048, 2049, 2049, 2049, 2048, 2049, 2048, 2049, 2049]","[2048, 2048, 2049, 2048, 2049, 2048, 2048]",10007,319
2025-04-11 12:27:35.044000+00:00,10,31.885,43.73,24.964,224,247,False,100.579,20,1257,"[None, 2048, 2048, 2048, 2048, 2048, 2048, 2048, 2048, 2048]","[2048, 2048, 2048, 2048, 2048, 2048, 2048, 2048, 2048, 2048, 2048]","[2048, 2048, 2048, 2048, 2048, 2048, 2048]",10007,288
2025-04-11 12:27:39.835000+00:00,23,31.671,43.904,24.772,228,239,False,100.347,21,1257,"[None, 2048, 2048, 2048, 2048, 2048, 2048, 2048, 2048, 2048]","[2048, 2048, 2048, 2048, 2048, 2048, 2048, 2048, 2048, 2048, 2048]","[2048, 2048, 2048, 2048, 2048, 2048, 2048]",10007,
2025-04-11 12:28:01.194000+00:00,50,31.543,43.193,24.407,230,247,False,99.143,17,1257,"[None, 2048, 2048, 2048, 2048, 2048, 2048, 2048, 2048, 2048]","[2048, 2048, 2048, 2048, 2048, 2048, 2048, 2048, 2048, 2048, 2048]","[2048, 2048, 2048, 2048, 2048, 2048, 2048]",10007,290
2025-04-11 12:28:06.192000+00:00,31,31.212,42.832,24.146,,253,False,98.19,16,1257,"[None, 2048, 2048, 2048, 2048, 2048, 2048, 2048, 2048, 2048]","[2048, 2048, 2048, 2048, 2048, 2048, 2048, 2048, 2048, 2048, 2048]","[2048, 2048, 2048, 2048, 2048, 2048, 2048]",10007,
2025-04-11 12:28:18.794000+00:00,6,31.805,44.309,24.85,229,251,False,100.964,19,1257,"[None, 2048, 2048, 2048, 2048, 2048, 2048, 2048, 2048, 2048]","[2048, 2048, 2048, 2048, 2048, 2048, 2048, 2048, 2048, 2048, 2048]","[2048, 2048, 2048, 2048, 2048, 2048, 2048]",10007,297
2025-04-11 12:28:21.399000+00:00,81,53.429,41.804,23.458,238,257,True,118.691,22,1257,"[2064, 2064, 2064, 2048, 2048, 2048, 2048, 2048, 2048, 2048]","[2048, 2048, 2048, 2048, 2049, 2048, 2048, 2048, 2048, 2048, 2048]","[2049, 2049, 2048, 2048, 2048, 2048, 2048]",10007,219
2025-04-11 12:28:28.735000+00:00,5,32.467,45.296,25.212,222,243,False,102.975,21,1257,"[None, 2048, 2048, 2048, 2048, 2048, 2048, 2048, 2048, 2048]","[2048, 2048, 2048, 2048, 2048, 2048, 2048, 2048, 2048, 2048, 2048]","[2048, 2048, 2048, 2048, 2048, 2048, 2048]",10007,299
2025-04-11 12:28:35.378000+00:00,22,31.983,44.645,24.929,228,243,False,101.557,21,1257,"[None, 2048, 2048, 2048, 2048, 2048, 2048, 2048, 2048, 2048]","[2048, 2048, 2048, 2048, 2048, 2048, 2048, 2048, 2048, 2048, 2048]","[2048, 2048, 2048, 2048, 2048, 2048, 2048]",10007,299
2025-04-11 12:28:39.758000+00:00,4,31.23,42.968,24.286,,249,False,98.484,21,1257,"[None, 2048, 2048, 2048, 2048, 2048, 2048, 2048, 2048, 2048]","[2048, 2048, 2048, 2048, 2048, 2048, 2048, 2048, 2048, 2048, 2048]","[2048, 2048, 2048, 2048, 2048, 2048, 2048]",10007,299
2025-04-11 12:28:51.050000+00:00,18,31.863,44.338,24.976,230,231,False,101.177,21,1257,"[None, 2048, 2048, 2048, 2048, 2048, 2048, 2048, 2048, 2048]","[2048, 2048, 2048, 2048, 2048, 2048, 2048, 2048, 2048, 2048, 2048]","[2048, 2048, 2048, 2048, 2048, 2048, 2048]",10007,299
2025-04-11 12:28:58.348000+00:00,72,32.139,44.878,24.988,229,248,False,102.005,24,1257,"[None, 2048, 2048, 2048, 2048, 2048, 2048, 2048, 2048, 2048]","[2048, 2048, 2048, 2048, 2048, 2048, 2048, 2048, 2048, 2048, 2048]","[2048, 2048, 2048, 2048, 2048, 2048, 2048]",10007,
2025-04-11 12:29:03.182000+00:00,7,32.256,44.544,24.88,,249,False,101.68,21,1257,"[None, 2048, 2048, 2048, 2048, 2048, 2048, 2048, 2048, 2048]","[2048, 2048, 2048, 2048, 2048, 2048, 2048, 2048, 2048, 2048, 2048]","[2048, 2048, 2048, 2048, 2048, 2048, 2048]",10007,
2025-04-11 12:29:04.512000+00:00,27,35.892,48.532,26.215,203,244,False,110.639,22,1257,"[None, 2048, 2048, 2048, 2048, 2048, 2048, 2048, 2048, 2048]","[2048, 2048, 2048, 2048, 2048, 2048, 2048, 2048, 2048, 2048, 2048]","[2048, 2048, 2048, 2048, 2048, 2048, 2048]",10007,214
2025-04-11 12:29:05.349000+00:00,30,31.603,43.852,24.968,227,246,False,100.423,21,1257,"[None, 2049, 2051, 2048, 2048, 2048, 2048, 2048, 2048, 2048]","[2048, 2048, 2048, 2048, 2048, 2048, 2048, 2048, 2048, 2048, 2048]","[2048, 2048, 2048, 2048, 2048, 2048, 2048]",10007,307
2025-04-11 12:29:08.975000+00:00,34,43.054,51.923,34.8,140,141,False,129.777,19,1257,"[2048, 2048, 2048, 2048, 2048, 2048, 2048, 2048, 2048, 2048]","[2048, 2048, 2048, 2048, 2048, 2051, 2049, 2048, 2048, 2048, 2048]","[2048, 2048, 2048, 2048, 2048, 2048, 2064]",10007,220
2025-04-11 12:29:13.168000+00:00,38,30.228,41.693,23.826,239,265,False,95.747,18,1257,"[2049, 2049, 2049, 2048, 2048, 2048, 2048, 2048, 2049, 2048]","[2049, 2048, 2048, 2048, 2048, 2048, 2048, 2048, 2049, 2048, 2048]","[2048, 2048, 2048, 2048, 2048, 2048, 2048]",10007,320
2025-04-11 12:29:15.523000+00:00,10,31.941,43.716,24.962,223,251,False,100.619,21,1257,"[None, 2048, 2048, 2048, 2048, 2048, 2048, 2048, 2048, 2048]","[2048, 2048, 2048, 2048, 2048, 2048, 2048, 2048, 2048, 2048, 2048]","[2048, 2048, 2048, 2048, 2048, 2048, 2048]",10007,291
2025-04-11 12:29:20.227000+00:00,23,31.779,43.767,25.271,223,247,False,100.817,22,1257,"[None, 2048, 2048, 2048, 2048, 2048, 2048, 2048, 2048, 2048]","[2048, 2048, 2048, 2048, 2048, 2048, 2048, 2048, 2048, 2048, 2048]","[2048, 2048, 2048, 2048, 2048, 2048, 2048]",10007,300
2025-04-11 12:29:25.168000+00:00,44,29.876,41.289,30.555,238,259,False,101.72,21,1257,"[2049, 2048, 2048, 2048, 2048, 2049, 2048, 2048, 2048, 2048]","[2048, 2048, 2048, 2048, 2048, 2048, 2048, 2048, 2048, 2048, 2048]","[2048, 2048, 2048, 2048, 2048, 2048, 2048]",10007,321
2025-04-11 12:29:36.458000+00:00,46,30.077,41.606,23.62,239,268,False,95.303,18,1257,"[None, 2048, 2048, 2048, 2048, 2049, 2049, 2049, 2048, 2048]","[2049, 2048, 2048, 2049, 2048, 2048, 2048, 2048, 2048, 2048, 2048]","[2048, 2049, 2049, 2048, 2048, 2048, 2048]",10007,315
2025-04-11 12:29:40.351000+00:00,50,31.353,43.278,24.505,237,242,False,99.136,18,1257,"[None, 2048, 2048, 2048, 2048, 2048, 2048, 2048, 2048, 2048]","[2048, 2048, 2048, 2048, 2048, 2048, 2048, 2048, 2048, 2048, 2048]","[2048, 2048, 2048, 2048, 2048, 2048, 2048]",10007,303
2025-04-11 12:29:44.374000+00:00,31,31.252,42.795,24.381,,256,False,98.428,17,1257,"[None, 2048, 2048, 2048, 2048, 2048, 2048, 2048, 2048, 2048]","[2048, 2048, 2048, 2048, 2048, 2048, 2048, 2048, 2048, 2048, 2048]","[2048, 2048, 2048, 2048, 2048, 2048, 2049]",10007,
2025-04-11 12:29:56.647000+00:00,81,30.629,41.361,23.726,,261,False,95.716,23,1257,"[2048, 2048, 2048, 2048, 2049, 2048, 2048, 2048, 2048, 2048]","[2048, 2048, 2048, 2048, 2049, 2048, 2048, 2048, 2048, 2048, 2048]","[2048, 2048, 2048, 2048, 2048, 2048, 2048]",10007,296
2025-04-11 12:29:59.743000+00:00,6,31.657,44.318,24.95,226,252,False,100.925,20,1257,"[None, 2048, 2048, 2048, 2048, 2048, 2048, 2048, 2048, 2048]","[2048, 2048, 2048, 2048, 2048, 2048, 2048, 2048, 2048, 2048, 2048]","[2048, 2048, 2048, 2048, 2048, 2048, 2048]",10007,306
2025-04-11 12:30:11.890000+00:00,5,38.912,53.901,39.495,144,175,False,132.308,22,1257,"[None, 2048, 2048, 2048, 2048, 2048, 2048, 2048, 2048, 2048]","[2048, 2048, 2048, 2048, 2048, 2048, 2048, 2048, 2048, 2048, 2048]","[2048, 2048, 2048, 2048, 2048, 2048, 2048]",10007,287
2025-04-11 12:30:16.971000+00:00,22,40.172,54.654,37.626,154,174,False,132.452,22,1257,"[None, 2048, 2048, 2048, 2048, 2048, 2048, 2048, 2048, 2048]","[2048, 2048, 2048, 2048, 2048, 2048, 2048, 2048, 2048, 2048, 2048]","[2048, 2048, 2048, 2048, 2048, 2048, 2048]",10007,256
2025-04-11 12:30:18.338000+00:00,4,35.49,49.479,31.347,173,184,False,116.316,22,1257,"[None, 2048, 2048, 2048, 2048, 2048, 2048, 2048, 2048, 2048]","[2048, 2048, 2048, 2048, 2048, 2048, 2048, 2048, 2048, 2048, 2048]","[2048, 2048, 2048, 2048, 2048, 2048, 2048]",10007,242
2025-04-11 12:30:32.109000+00:00,18,31.945,62.926,35.432,233,143,False,130.303,22,1257,"[None, 2048, 2048, 2048, 2048, 2048, 2048, 2048, 2048, 2048]","[2048, 2048, 2048, 2048, 2048, 2048, 2048, 2048, 2048, 2048, 2048]","[2048, 2048, 2048, 2048, 2048, 2048, 2048]",10007,288
2025-04-11 12:30:40.344000+00:00,72,44.296,55.035,39.154,134,160,False,138.485,25,1257,"[None, 2048, 2048, 2048, 2048, 2048, 2048, 2048, 2048, 2048]","[2048, 2048, 2048, 2048, 2048, 2048, 2048, 2048, 2048, 2048, 2048]","[2048, 2048, 2048, 2048, 2048, 2048, 2048]",10007,201
2025-04-11 12:30:44.945000+00:00,7,43.686,59.709,36.527,148,150,False,139.922,22,1257,"[None, 2048, 2048, 2048, 2048, 2048, 2048, 2048, 2048, 2048]","[2048, 2048, 2048, 2048, 2048, 2048, 2048, 2048, 2048, 2048, 2048]","[2048, 2048, 2048, 2048, 2048, 2048, 2048]",10007,213
2025-04-11 12:30:45.868000+00:00,30,46.288,60.57,50.04,130,186,False,156.898,22,1257,"[None, 2048, 2048, 2048, 2048, 2048, 2048, 2048, 2048, 2048]","[2048, 2048, 2048, 2048, 2048, 2048, 2048, 2048, 2048, 2048, 2048]","[2048, 2048, 2048, 2048, 2048, 2048, 2048]",10007,191
2025-04-11 12:30:48.884000+00:00,38,45.522,62.813,47.249,127,141,False,155.584,19,1257,"[None, 2048, 2048, 2048, 2048, 2048, 2048, 2048, 2048, 2048]","[2048, 2048, 2048, 2048, 2048, 2048, 2048, 2048, 2048, 2048, 2048]","[2048, 2048, 2048, 2048, 2048, 2048, 2048]",10007,198
2025-04-11 12:30:55.152000+00:00,27,41.158,54.103,37.67,156,168,False,132.931,23,1257,"[None, 2048, 2048, 2048, 2048, 2048, 2048, 2048, 2048, 2048]","[2048, 2048, 2048, 2048, 2048, 2048, 2048, 2048, 2048, 2048, 2048]","[2048, 2048, 2048, 2048, 2048, 2048, 2048]",10007,187
2025-04-11 12:30:56.199000+00:00,10,42.972,61.028,45.556,128,155,False,149.556,22,1257,"[None, 2048, 2048, 2048, 2048, 2048, 2048, 2048, 2048, 2048]","[2048, 2048, 2048, 2048, 2048, 2048, 2048, 2048, 2048, 2048, 2048]","[2048, 2048, 2048, 2048, 2048, 2048, 2048]",10007,217
2025-04-11 12:31:01.091000+00:00,23,43.005,56.925,46.774,127,174,False,146.704,23,1257,"[None, 2048, 2048, 2048, 2048, 2048, 2048, 2048, 2048, 2048]","[2048, 2048, 2048, 2048, 2048, 2048, 2048, 2048, 2048, 2048, 2048]","[2048, 2048, 2048, 2048, 2048, 2048, 2048]",10007,
2025-04-11 12:31:06.827000+00:00,44,36.439,50.153,42.351,217,177,False,128.943,22,1257,"[2048, 2048, 2049, 2048, 2048, 2048, 2048, 2048, 2048, 2048]","[2048, 2048, 2048, 2048, 2048, 2048, 2048, 2048, 2048, 2048, 2048]","[2048, 2048, 2048, 2048, 2048, 2048, 2048]",10007,318
2025-04-11 12:31:11.895000+00:00,46,40.53,55.617,43.283,162,184,False,139.43,19,1257,"[None, 2048, 2048, 2048, 2048, 2048, 2048, 2048, 2048, 2048]","[2048, 2048, 2048, 2048, 2048, 2048, 2048, 2048, 2048, 2048, 2048]","[2048, 2048, 2048, 2048, 2048, 2048, 2048]",10007,211
2025-04-11 12:31:19.492000+00:00,50,39.845,69.339,40.924,134,155,False,150.108,19,1257,"[None, 2048, 2048, 2048, 2048, 2048, 2048, 2048, 2048, 2048]","[2048, 2048, 2048, 2048, 2048, 2048, 2048, 2048, 2048, 2048, 2048]","[2048, 2048, 2048, 2048, 2048, 2048, 2048]",10007,222
2025-04-11 12:31:22.877000+00:00,31,32.946,59.637,43.696,152,151,False,136.279,18,1257,"[None, 2048, 2048, 2048, 2048, 2048, 2048, 2048, 2048, 2048]","[2048, 2048, 2048, 2048, 2048, 2048, 2048, 2048, 2048, 2048, 2048]","[2048, 2048, 2048, 2048, 2048, 2048, 2048]",10007,310
2025-04-11 12:31:32.234000+00:00,81,30.658,48.535,38.711,237,197,False,117.904,24,1257,"[None, 2048, 2048, 2048, 2048, 2048, 2048, 2048, 2048, 2048]","[2048, 2048, 2048, 2048, 2048, 2048, 2048, 2048, 2048, 2048, 2048]","[2048, 2048, 2048, 2048, 2048, 2048, 2048]",10007,300
2025-04-11 12:31:40.626000+00:00,6,36.148,56.362,41.808,169,159,False,134.318,21,1257,"[None, 2048, 2048, 2048, 2048, 2048, 2048, 2048, 2048, 2048]","[2048, 2048, 2048, 2048, 2048, 2048, 2048, 2048, 2048, 2048, 2048]","[2048, 2048, 2048, 2048, 2048, 2048, 2048]",10007,251
2025-04-11 12:32:14.563000+00:00,4,64.529,50.554,28.389,217,226,False,143.472,23,1257,"[None, 2048, 2048, 2048, 2048, 2048, 2048, 2048, 2048, 2048]","[2048, 2048, 2048, 2048, 2048, 2048, 2048, 2048, 2048, 2048, 2048]","[2048, 2048, 2048, 2048, 2048, 2048, 2064]",10007,252
2025-04-11 12:32:24.189000+00:00,5,70.75,50.024,28.318,174,238,False,149.092,23,1257,"[None, 2048, 2048, 2048, 2048, 2048, 2048, 2048, 2048, 2048]","[2048, 2048, 2048, 2048, 2048, 2048, 2048, 2048, 2048, 2048, 2048]","[2048, 2048, 2048, 2048, 2048, 2048, 2064]",10007,184
2025-04-11 12:32:29.416000+00:00,22,70.096,50.281,29.579,165,179,False,149.956,23,1257,"[None, 2048, 2048, 2048, 2048, 2048, 2048, 2048, 2048, 2048]","[2048, 2048, 2048, 2048, 2048, 2048, 2048, 2048, 2048, 2048, 2048]","[2048, 2048, 2048, 2048, 2048, 2048, 2064]",10007,251
2025-04-11 12:32:42.531000+00:00,18,71.213,43.634,30.586,226,242,False,145.433,23,1257,"[None, 2048, 2048, 2048, 2048, 2048, 2048, 2048, 2048, 2048]","[2048, 2048, 2048, 2048, 2048, 2048, 2048, 2048, 2048, 2048, 2048]","[2048, 2048, 2048, 2048, 2048, 2048, 2064]",10007,248
2025-04-11 12:32:58.918000+00:00,72,61.867,53.064,81.037,180,150,False,195.968,26,1257,"[None, 2048, 2048, 2048, 2048, 2048, 2048, 2048, 2048, 2048]","[2048, 2048, 2048, 2048, 2048, 2048, 2048, 2048, 2048, 2048, 2048]","[2048, 2048, 2048, 2048, 2048, 2048, 2064]",10007,261
2025-04-11 12:33:04.705000+00:00,7,77.654,43.995,33.059,224,248,False,154.708,23,1257,"[None, 2048, 2048, 2048, 2048, 2048, 2048, 2048, 2048, 2048]","[2048, 2048, 2048, 2048, 2048, 2048, 2048, 2048, 2048, 2048, 2048]","[2048, 2048, 2048, 2048, 2048, 2048, 2064]",10007,245
2025-04-11 12:33:08.193000+00:00,27,62.44,49.668,36.491,211,176,False,148.599,24,1257,"[None, 2048, 2048, 2048, 2048, 2048, 2048, 2048, 2048, 2048]","[2048, 2048, 2048, 2048, 2048, 2048, 2048, 2048, 2048, 2048, 2048]","[2048, 2048, 2048, 2048, 2048, 2048, 2064]",10007,195
2025-04-11 12:33:15.709000+00:00,44,68.958,46.245,34.189,238,235,False,149.392,23,1257,"[None, 2048, 2048, 2048, 2048, 2048, 2048, 2048, 2048, 2048]","[2048, 2048, 2048, 2050, 2048, 2048, 2048, 2048, 2048, 2048, 2048]","[2048, 2048, 2048, 2048, 2048, 2048, 2064]",10007,260
2025-04-11 12:33:22.983000+00:00,30,75.411,55.213,31.794,189,227,False,162.418,23,1257,"[None, 2048, 2048, 2048, 2048, 2048, 2048, 2048, 2048, 2048]","[2048, 2048, 2048, 2048, 2048, 2048, 2048, 2048, 2048, 2048, 2048]","[2048, 2048, 2048, 2048, 2048, 2048, 2064]",10007,255
2025-04-11 12:33:24.561000+00:00,38,61.327,50.212,41.341,237,176,False,152.88,20,1257,"[2048, 2048, 2048, 2048, 2048, 2048, 2048, 2048, 2048, 2048]","[2048, 2048, 2048, 2048, 2048, 2048, 2048, 2048, 2048, 2048, 2048]","[2048, 2048, 2048, 2048, 2048, 2048, 2064]",10007,257
2025-04-11 12:33:25.799000+00:00,10,70.367,43.725,38.882,231,244,False,152.974,23,1257,"[None, 2048, 2048, 2048, 2048, 2048, 2048, 2048, 2048, 2048]","[2048, 2048, 2048, 2048, 2048, 2048, 2048, 2048, 2048, 2048, 2048]","[2048, 2048, 2048, 2048, 2048, 2048, 2064]",10007,250
2025-04-11 12:33:27.736000+00:00,23,75.605,50.88,27.409,133,244,False,153.894,24,1257,"[None, 2048, 2048, 2048, 2048, 2048, 2048, 2048, 2048, 2048]","[2048, 2048, 2048, 2048, 2048, 2048, 2048, 2048, 2048, 2048, 2048]","[2048, 2048, 2048, 2048, 2048, 2048, 2064]",10007,256
2025-04-11 12:33:30.253000+00:00,81,68.488,48.724,30.406,178,235,False,147.618,25,1257,"[None, 2048, 2048, 2048, 2048, 2048, 2048, 2048, 2048, 2048]","[2048, 2048, 2048, 2048, 2048, 2048, 2048, 2048, 2048, 2048, 2048]","[2048, 2048, 2048, 2048, 2048, 2048, 2064]",10007,262
2025-04-11 12:33:31.160000+00:00,46,81.134,51.126,37.51,174,144,False,169.77,20,1257,"[None, 2048, 2048, 2048, 2048, 2048, 2048, 2048, 2048, 2048]","[2048, 2048, 2048, 2048, 2048, 2048, 2048, 2048, 2048, 2048, 2048]","[2048, 2048, 2048, 2048, 2048, 2048, 2064]",10007,258
2025-04-11 12:33:39.159000+00:00,31,73.841,53.234,30.257,208,192,False,157.332,19,1257,"[None, 2048, 2048, 2048, 2048, 2048, 2048, 2048, 2048, 2048]","[2048, 2048, 2048, 2048, 2048, 2048, 2048, 2048, 2048, 2048, 2048]","[2048, 2048, 2048, 2048, 2048, 2048, 2064]",10007,265
2025-04-11 12:33:49.558000+00:00,50,63.691,69.056,31.346,159,139,False,164.093,20,1257,"[None, 2048, 2048, 2048, 2048, 2048, 2048, 2048, 2048, 2048]","[2048, 2048, 2048, 2048, 2048, 2048, 2048, 2048, 2048, 2048, 2048]","[2048, 2048, 2048, 2048, 2048, 2048, 2064]",10007,267
2025-04-11 12:33:54.899000+00:00,6,64.124,54.324,28.892,205,180,False,147.34,22,1257,"[None, 2048, 2048, 2048, 2048, 2048, 2048, 2048, 2048, 2048]","[2048, 2048, 2048, 2048, 2048, 2048, 2048, 2048, 2048, 2048, 2048]","[2048, 2048, 2048, 2048, 2048, 2048, 2064]",10007,258
