date_start,driver_number,duration_sector_1,duration_sector_2,duration_sector_3,i1_speed,i2_speed,lap_duration,lap_number,segments_sector_1,segments_sector_2,segments_sector_3,st_speed
2025-04-11 11:32:08.656000+00:00,37,-0.5213980519321181,-0.5788191427683669,-0.6658335436524069,0.7047901600903493,0.6943801542662319,-0.6596166415537497,2,,,,0.320265078994493
2025-04-11 11:32:15.412000+00:00,46,-0.0364638669945463,1.7406619848357707,0.3640140391096207,-0.4392779913304645,-0.9111374565902494,0.8781847733871373,2,10.0,11.0,7.0,-0.17980381329852863
2025-04-11 11:32:29.145000+00:00,50,-0.6779848355890568,-0.776394548036864,-0.7492237314784768,0.7435721313249531,0.8165391029183554,-0.8376675818225666,2,,,7.0,0.6996276869409233
2025-04-11 11:32:36.385000+00:00,5,-0.7128218035127336,-0.7091418156499119,-0.6615861656646612,0.8211360737941609,0.8339903812972302,-0.7982050052256608,2,,,6.0,0.9237965007274502
2025-04-11 11:32:58.879000+00:00,30,-0.6892080855644681,-0.7578590388668016,-0.7768316883988227,0.7823541025595571,0.9212467731916042,-0.841197060604783,2,,11.0,7.0,0.9065527458207943
2025-04-11 11:33:05.080000+00:00,7,-0.7447856194427048,-0.6515669154844969,-0.6695146045751196,0.7241811457076512,0.7990878245394806,-0.7873161877060582,2,,11.0,6.0,0.9065527458207943
2025-04-11 11:33:09.137000+00:00,44,-0.7471200554375904,-0.8415148767139863,-0.76224902397423,0.762963116942255,0.9910518867071034,-0.8998464846241615,2,,11.0,7.0,0.9237965007274502
2025-04-11 11:33:13.684000+00:00,72,-0.49293588999447496,-0.6653455240710919,-0.7745664201386919,0.762963116942255,0.764185267781731,-0.7161633973624462,2,,11.0,7.0,0.9582840105407621
2025-04-11 11:33:19.813000+00:00,38,-0.6484452416537742,-0.6689542072723433,-0.7564442740576445,0.8405270594114628,0.7292827110239815,-0.7780419189910861,2,,11.0,6.0,0.5961651575009878
2025-04-11 11:33:26.604000+00:00,10,-0.15426309873646327,0.24158217682514804,-0.4364751323141493,-2.3977675386779596,-0.3352452700873811,-0.0696680178709872,2,,11.0,7.0,0.9237965007274502
2025-04-11 11:33:33.496000+00:00,22,-0.7022270555359451,-0.7918954826967834,-0.7448347742244733,0.7823541025595571,0.9736006083282286,-0.8537379745756357,2,,11.0,6.0,0.9410402556341061
2025-04-11 11:33:39.701000+00:00,12,-0.7860871793522186,-0.7567928370118867,-0.6556398364818178,0.8405270594114628,0.938698051570479,-0.8490820663948402,2,10.0,11.0,6.0,0.9410402556341061
2025-04-11 11:33:46.460000+00:00,18,-0.6747525395961385,-0.751215781155408,-0.7449763534907311,0.6660081888557454,0.7990878245394806,-0.8236623096335605,2,10.0,11.0,6.0,0.6306526673142996
2025-04-11 11:33:51.705000+00:00,37,-0.5738330758172401,-0.6483683099197515,-0.686787275058618,0.7435721313249531,0.851441659676105,-0.7189419232122758,3,10.0,11.0,7.0,0.47545887315439633
2025-04-11 11:33:54.976000+00:00,34,-0.644045727663413,-0.7193117410352561,-0.6965562444304325,0.801745088176859,0.851441659676105,-0.7833736848110294,2,10.0,11.0,6.0,0.7341151967542351
2025-04-11 11:33:59.537000+00:00,27,-0.009168923054345796,0.2880849808049064,-0.4051861144710907,-1.2924813584917494,-0.7366246728015013,0.020596524601858943,2,10.0,11.0,6.0,0.9237965007274502
2025-04-11 11:34:02.831000+00:00,4,-0.7863565373516285,-0.8600503858840487,-0.8135007183596922,0.8599180450287647,0.9037954948127294,-0.9383328224089645,2,10.0,11.0,6.0,0.8893089909141384
2025-04-11 11:34:07.349000+00:00,50,0.4908493098501794,0.8969682554887267,-0.4584199185841679,-1.3312633297263532,-0.684270837664877,0.4943351819978253,3,10.0,11.0,7.0,-0.47294764671167927
2025-04-11 11:34:07.893000+00:00,23,-0.7723499213823153,-0.8733369013068367,-0.7885827674982522,0.762963116942255,0.9212467731916042,-0.9319497224836806,2,10.0,11.0,6.0,0.8720652360074824
2025-04-11 11:34:15.651000+00:00,5,0.5504672137195644,1.3412463668791168,-0.14298131336093467,-1.1761354447879377,-1.2427117457888703,0.8063185777577585,3,10.0,11.0,7.0,-1.2316728626045397
2025-04-11 11:34:15.943000+00:00,81,-0.7984776473250729,-0.8140396750680973,-0.7288363171372986,0.762963116942255,0.9736006083282286,-0.899884032270781,2,10.0,11.0,7.0,0.9410402556341061
2025-04-11 11:34:26.905000+00:00,31,1.0966354505229805,1.5422664242942623,1.3584668053071023,-1.5057822002820707,-1.539383478229742,1.524942986404931,3,10.0,11.0,7.0,-2.6111732551370133
2025-04-11 11:34:29.318000+00:00,6,-0.7455039074411315,-0.7805773399292234,-0.7182178721679349,0.7435721313249531,0.9037954948127294,-0.8595954074482499,2,10.0,11.0,7.0,0.9065527458207943
2025-04-11 11:34:37.076000+00:00,30,0.8141686951418284,1.638552653345826,1.548890918424359,-1.8354289557762034,-2.028019272838236,1.501400611974618,3,10.0,11.0,7.0,-0.748847725218174
2025-04-11 11:34:44.697000+00:00,7,0.71271051536411,1.6444577713115098,0.7336775033097377,-1.4670002290474669,-1.7487988187762395,1.24547585261733,3,10.0,11.0,7.0,-1.4558416763910667
2025-04-11 11:34:45.789000+00:00,44,1.9922507985608036,1.4905146265672296,-0.07134220463429373,-1.7384740276896937,-1.6440911485029908,1.4965945132073444,3,10.0,11.0,7.0,-2.3697606864438305
2025-04-11 11:34:55.248000+00:00,72,1.407205223842562,1.63953683967344,0.3338576553966275,-1.971165855097317,-1.6440911485029908,1.4276194863676532,3,10.0,11.0,7.0,-0.6281414408715825
2025-04-11 11:34:59.551000+00:00,38,-0.5018247039750011,-0.6803543655672044,-0.7318094817287201,0.762963116942255,0.7292827110239815,-0.7154124444300594,3,10.0,11.0,7.0,0.49270262806105225
2025-04-11 11:35:11.303000+00:00,22,1.4512003637461746,2.1083375937268767,1.7432792509968449,-1.7578650133069957,-1.5044809214719923,2.0344270033824903,3,10.0,11.0,7.0,-2.1628356275639593
2025-04-11 11:35:17.608000+00:00,12,2.3629771917485902,2.3076353250686985,2.846040155881837,-1.719083042072392,-1.8360552106706134,2.799422755604524,3,10.0,11.0,7.0,-3.352654716123218
2025-04-11 11:35:25.073000+00:00,18,1.2932667900921866,1.4180949159603047,1.2992866720111818,-1.660910085220486,-1.4346758079564932,1.5346302792327162,3,10.0,11.0,7.0,-1.197185352791228
2025-04-11 11:35:34.747000+00:00,34,1.2121002462700123,1.1807419799507437,1.4179300971355397,-1.7578650133069957,-2.0978243863537354,1.4234892452395276,3,10.0,11.0,7.0,-1.3178916371378193
2025-04-11 11:35:38.496000+00:00,4,0.7433275412970322,2.552533689589965,1.910767522980276,-1.7966469845415995,-1.8884090458072378,1.9861782774766639,3,10.0,11.0,7.0,-1.1109665782579483
2025-04-11 11:35:43.727000+00:00,23,0.8836630589895754,1.4986341637700449,0.6982826867451918,-1.4670002290474669,-1.1554553538944965,1.2408199444365344,3,10.0,11.0,7.0,-1.61103547055097
2025-04-11 11:35:52.558000+00:00,81,0.767390189244314,1.9284775423554303,2.0761321059698346,-0.9822255886149185,-2.045470551217111,1.754396654895599,3,10.0,11.0,7.0,-2.1455918726573033
2025-04-11 11:36:00.661000+00:00,27,-0.7257509874844074,-0.7109461572505379,-0.7721595726123024,0.8793090306460667,0.9037954948127294,-0.8337626265741573,3,10.0,11.0,6.0,0.9065527458207943
2025-04-11 11:36:07.043000+00:00,6,-0.07650842290681369,0.2402699283883296,0.5523144632330046,-0.40049602009586066,-0.4399529403606299,0.22448024574476905,3,10.0,11.0,7.0,-0.09358503876524903
2025-04-11 11:36:21.288000+00:00,50,-0.7327542954690639,-0.7800852467654164,-0.7790969566589538,0.8211360737941609,0.938698051570479,-0.8701838437948981,4,10.0,11.0,7.0,0.7513589516608911
2025-04-11 11:36:37.831000+00:00,5,-0.7323053654700475,-0.7563007438480798,-0.7745664201386919,0.8405270594114628,0.9212467731916042,-0.8579057633503804,4,10.0,11.0,6.0,0.9065527458207943
2025-04-11 11:36:41.384000+00:00,38,-0.6814864895813852,-0.7025805734658191,-0.7492237314784768,0.801745088176859,0.7467339894028563,-0.8053390580833322,4,10.0,11.0,7.0,0.5616776476876759
2025-04-11 11:37:01.992000+00:00,10,0.9502842708436168,1.7787171895035105,0.7091842902470726,-1.660910085220486,-1.4172245295776185,1.3997966802227362,4,10.0,11.0,7.0,-0.8178227448447977
2025-04-11 11:37:08.254000+00:00,31,1.3076325500607133,1.577205038924557,0.4316889283810327,-1.370045300960957,-1.364870694440994,1.383388358650094,4,10.0,11.0,7.0,-2.1628356275639593
2025-04-11 11:37:18.610000+00:00,7,-0.7196455394977838,-0.8040337807373555,-0.744551615691957,0.801745088176859,0.938698051570479,-0.8665041744262048,4,10.0,11.0,6.0,0.8720652360074824
2025-04-11 11:37:26.341000+00:00,44,-0.7641793954002157,0.6229543787755473,0.32663711281746033,0.8211360737941609,-1.8535064890494883,0.05224919070194618,4,10.0,11.0,7.0,0.8893089909141384
2025-04-11 11:37:33.974000+00:00,72,-0.6913629495597471,-0.7145548404517887,-0.7010867809506944,0.8793090306460667,0.9910518867071034,-0.8021850557673091,4,10.0,11.0,7.0,0.9410402556341061
2025-04-11 11:37:39.186000+00:00,27,0.32681028820956776,1.188041361880547,0.4239020687368326,-1.0597895310841263,-1.9756654377016118,0.792989163207899,4,10.0,11.0,7.0,-0.8178227448447977
2025-04-11 11:37:58.782000+00:00,50,0.2588422863584764,1.5315223902178101,1.3130198608382257,-0.2453681351574452,-2.045470551217111,1.15761435952812,5,10.0,11.0,7.0,0.3892400986211167
2025-04-11 11:38:06.227000+00:00,22,1.179238570342008,0.8934415878147769,-0.25327156177605964,-1.408827272195561,-1.2427117457888703,0.8350049797749186,4,10.0,11.0,7.0,-2.231810647190583
2025-04-11 11:38:06.696000+00:00,18,-0.7555599394190998,-0.7946840106250229,-0.7591342801165497,0.8987000162633686,0.7816365461606058,-0.8811102089611208,4,10.0,11.0,6.0,0.9582840105407621
2025-04-11 11:38:13.408000+00:00,34,-0.6748423255959416,-0.720788020526677,-0.7190673477654835,0.6660081888557454,0.8165391029183554,-0.8028984610530758,4,10.0,11.0,7.0,0.8720652360074824
2025-04-11 11:38:15.514000+00:00,5,1.0267819426760207,2.6578416266446565,0.26377591859882693,-1.951774869480015,-2.062921829595986,1.7161356029905113,5,10.0,11.0,7.0,-1.9214230588707764
2025-04-11 11:38:17.440000+00:00,23,-0.7914743393404159,-0.8571798424285076,-0.7993427917338737,0.8211360737941609,0.9561493299493538,-0.935404105972658,4,10.0,11.0,6.0,0.9410402556341061
2025-04-11 11:38:32.019000+00:00,4,-0.7940781333347113,-0.8761254292350761,-0.8337465534346126,0.8599180450287647,0.9736006083282286,-0.9542905722221762,4,10.0,11.0,7.0,0.8720652360074824
2025-04-11 11:38:40.080000+00:00,81,-0.775672003375037,-0.8293765786734142,-0.8037317489878777,0.8599180450287647,0.9736006083282286,-0.9172310450089066,4,10.0,11.0,6.0,0.8893089909141384
2025-04-11 11:38:56.029000+00:00,7,0.731834933322211,1.2000976443938183,1.2099501550022678,-1.2343084016398436,-0.858783621453625,1.1763506351911608,5,10.0,11.0,7.0,-0.955772784098045
2025-04-11 11:39:13.201000+00:00,72,0.7549997212714601,1.1815621352237557,0.6269267365510676,-0.7301427755899934,-1.5219321998508673,1.0229309511046172,5,10.0,11.0,7.0,-0.5419226663383029
2025-04-11 11:39:39.945000+00:00,10,0.6020941636064561,0.6666686548270663,-0.5083973995733064,-0.7689247468245973,-0.30034271332963147,0.4221686051954905,5,10.0,11.0,7.0,-1.7144979999909054
2025-04-11 11:39:43.759000+00:00,18,1.3911335298777736,1.9426662285785314,-0.11806336249949458,-2.20385768250494,-1.4870296430931176,1.4398224715189318,5,10.0,11.0,7.0,-1.5593042058310023
2025-04-11 11:39:52.672000+00:00,34,0.35374608815055464,0.3044880862651383,0.49653223232728055,-0.2453681351574452,-0.5795631673916282,0.4190146028794685,5,10.0,11.0,7.0,-0.9212852742847332
2025-04-11 11:39:53.168000+00:00,23,0.6113421215861952,1.0244203849147313,1.1022083333797899,-2.0875117688011287,-1.015845126863498,1.0169608752921455,5,10.0,11.0,7.0,-1.3351353920444753
2025-04-11 11:39:59.902000+00:00,38,-0.6783439795882701,-0.719721818671762,-0.7394547621066623,0.762963116942255,0.764185267781731,-0.8092815609783605,6,10.0,11.0,6.0,0.54443389278102
2025-04-11 11:40:00.971000+00:00,27,-0.6827434935786312,1.0300794562985116,0.8184834837983902,-0.32293207762665294,-1.2252604674099956,0.4031319483594959,5,10.0,11.0,7.0,0.9927715203540739
2025-04-11 11:40:07.199000+00:00,4,-0.059179724944778814,0.16932649727282506,0.10095976240191552,-0.9434436173803147,-0.5446606106338786,0.07954632979419227,5,10.0,11.0,7.0,-0.4901914016183352
2025-04-11 11:40:08.185000+00:00,30,-0.7221595474922757,-0.780249277820019,-0.7986348954025829,0.762963116942255,0.9561493299493538,-0.8710098920205234,5,10.0,11.0,7.0,0.9582840105407621
2025-04-11 11:40:16.116000+00:00,81,0.7762790032248396,1.0441861269943111,1.0832367117011932,-0.846488689293805,-0.8064297863170006,1.0899535003201049,5,10.0,11.0,7.0,-0.8695540095647654
2025-04-11 11:40:29.238000+00:00,22,-0.7759413613744468,0.42742936168957907,1.5413872173126757,0.801745088176859,-1.539383478229742,0.2799756674481249,5,10.0,11.0,7.0,0.9582840105407621
2025-04-11 11:40:30.230000+00:00,50,0.8579842630458342,1.003424409925634,-0.1967814345390443,-0.9628346029976166,-0.9809425701057485,0.7659924052886079,6,10.0,11.0,7.0,-1.0419915586313246
2025-04-11 11:41:02.072000+00:00,5,-0.7381414554572615,-0.7883688150228336,-0.7819285419841174,0.8405270594114628,1.0085031650859781,-0.876979967832995,6,10.0,11.0,7.0,0.9065527458207943
2025-04-11 11:41:04.663000+00:00,44,2.3623486897499664,1.749437646256996,0.028188019545209247,-2.494722466764469,-1.3125168593043697,1.7962998285227598,6,10.0,11.0,7.0,-2.45597946097711
2025-04-11 11:41:21.881000+00:00,31,1.2138959662660778,1.5193840921772386,0.9229689822969296,-1.3312633297263532,-2.045470551217111,1.4480078584819445,6,10.0,11.0,7.0,-2.3352731766305186
2025-04-11 11:41:38.768000+00:00,38,-0.72745692148067,-0.7308759303847197,-0.7179347136354182,0.8793090306460667,0.7990878245394806,-0.8292193613332198,7,10.0,11.0,6.0,0.9410402556341061
2025-04-11 11:41:41.289000+00:00,72,-0.6534732576427584,-0.7652404363239065,-0.7895738223620591,0.6660081888557454,1.0434057218437278,-0.8330116736417711,6,10.0,11.0,7.0,0.7168714418475792
2025-04-11 11:41:45.539000+00:00,30,0.8447857210747507,1.7195019787920716,1.2804566295988429,-1.4670002290474669,-1.2950655809254947,1.4800735486948435,6,10.0,11.0,7.0,0.23404630446121344
2025-04-11 11:41:51.792000+00:00,10,-0.7666934033947077,-0.84815813442538,-0.7936796210835464,0.8211360737941609,0.9212467731916042,-0.9194088085128275,6,10.0,11.0,7.0,0.9410402556341061
2025-04-11 11:42:12.436000+00:00,27,-0.728713925477916,-0.792141529278687,-0.7899985601608337,0.8599180450287647,1.0259544434648529,-0.8769048725397566,6,10.0,11.0,6.0,0.9065527458207943
2025-04-11 11:42:22.880000+00:00,18,-0.7455936934409345,-0.7996049422630928,-0.7572937496551936,0.8987000162633686,0.8688929380549798,-0.878707159577484,6,10.0,11.0,7.0,0.9410402556341061
2025-04-11 11:42:37.327000+00:00,22,1.4707737117032924,1.4546738411366222,0.3751988011440173,-1.4670002290474669,-1.3997732511987435,1.3805347375070247,6,10.0,11.0,7.0,-1.9386668137774323
2025-04-11 11:42:39.339000+00:00,5,1.2622906201600514,2.0052440759093177,0.595071401642976,-1.8936019126281092,-1.783701375533989,1.603717949012266,7,10.0,11.0,7.0,-1.404110411671099
2025-04-11 11:42:51.331000+00:00,50,-0.6810375595823689,-0.7942739329885175,-0.7815038041853428,0.8405270594114628,0.9561493299493538,-0.8556904521998406,7,10.0,11.0,7.0,0.4582151182477404
2025-04-11 11:43:17.358000+00:00,38,0.527841141769135,0.3039139775740304,1.2427965447741665,-0.4780599625650684,-0.5272093322550038,0.6894703014784325,8,10.0,11.0,7.0,-1.3178916371378193
2025-04-11 11:43:19.688000+00:00,72,1.088105780541668,2.195520099248011,-0.2511478727821868,-0.7883157324418992,-1.4346758079564932,1.3935637708839292,7,10.0,11.0,7.0,-0.7660914801248299
2025-04-11 11:43:27.945000+00:00,10,0.9308904948861059,2.000651206380452,2.1239858979651007,-1.5639551571339765,-1.4346758079564932,1.8685039529717131,7,10.0,11.0,7.0,-0.42121638199171146
2025-04-11 11:43:49.613000+00:00,27,-0.12310735680472133,1.5685113930306345,1.495940272843798,-0.7883157324418992,-1.5568347566086167,1.0633322188670067,7,10.0,11.0,7.0,0.6651401771276114
2025-04-11 11:43:53.369000+00:00,44,-0.7643589673998222,-0.846189761770152,-0.33142331675057696,0.8405270594114628,1.0434057218437278,-0.7949383599697804,7,10.0,11.0,7.0,0.9410402556341061
2025-04-11 11:44:00.240000+00:00,18,0.975603922788145,0.9163239199318005,0.7029548025317119,-1.4863912146647686,-1.2601630241677453,1.0139195159159808,7,10.0,11.0,7.0,-2.1628356275639593
2025-04-11 11:44:01.147000+00:00,31,-0.7480179154356235,-0.8037057186281511,-0.8079791269756229,0.7823541025595571,0.8863442164338546,-0.8950403858568885,7,10.0,11.0,7.0,0.6996276869409233
2025-04-11 11:44:05.094000+00:00,6,-0.7483770594348368,-0.7907472653145675,-0.7516305790048659,0.762963116942255,0.9736006083282286,-0.8743140849230233,5,10.0,11.0,6.0,0.9582840105407621
2025-04-11 11:44:11.191000+00:00,7,-0.7603185974086744,-0.8273261904908853,-0.8058554379817505,0.8211360737941609,0.9736006083282286,-0.9104349209708097,7,10.0,11.0,7.0,0.9237965007274502
2025-04-11 11:44:29.141000+00:00,50,-0.6061560357464246,-0.6648534309072849,-0.12287705755227267,0.5690532607692358,0.7292827110239815,-0.5904538764809615,8,10.0,11.0,7.0,0.320265078994493
2025-04-11 11:45:07.777000+00:00,23,-0.791115195341203,-0.8849831061836018,-0.8105275537682702,0.8599180450287647,0.9212467731916042,-0.9509488316730568,7,10.0,11.0,6.0,0.8548214811008266
2025-04-11 11:45:12.514000+00:00,46,-0.15848304072721764,-0.6435293938089832,-0.7141120734464471,0.5690532607692358,0.7118314326451066,-0.5502778945982884,4,10.0,11.0,6.0,0.5099463829677081
2025-04-11 11:45:14.720000+00:00,22,-0.7850995333543824,-0.8425810785689012,-0.7537542679987387,0.8405270594114628,0.9910518867071034,-0.9139643997530261,7,10.0,11.0,7.0,0.9927715203540739
2025-04-11 11:45:22.721000+00:00,5,-0.756547585416936,-0.7860723802584012,-0.33694490813464634,0.8599180450287647,0.9736006083282286,-0.7656136479600909,8,10.0,11.0,7.0,0.9582840105407621
2025-04-11 11:45:31.467000+00:00,81,-0.7791736573673654,-0.8694001559963808,-0.8041564867866523,0.8599180450287647,0.9561493299493538,-0.9371312977171464,7,10.0,11.0,6.0,0.8720652360074824
2025-04-11 11:45:32.774000+00:00,44,0.6789509794380729,0.16981859043663206,0.33201712493527136,-0.7495337612072954,-0.3177939917085063,0.449728577814072,8,10.0,11.0,7.0,-0.3694851172717437
2025-04-11 11:45:37.858000+00:00,31,-0.24755075253208225,0.5399546651467722,0.13054982904987583,-0.555623905034276,0.170841802899988,0.17829664040300477,8,10.0,11.0,7.0,0.5271901378743641
2025-04-11 11:45:42.329000+00:00,6,0.7787032252195284,0.9808701399178142,0.5988940418319472,-1.2924813584917494,-0.858783621453625,0.9335300045040151,6,10.0,11.0,7.0,-0.7833352350314858
2025-04-11 11:45:47.573000+00:00,7,0.8351786190957986,1.4659099683768815,1.7414387205354886,-1.641519099603184,-1.2950655809254947,1.4822137645521443,8,10.0,11.0,7.0,-1.0764790684446364
2025-04-11 11:45:57.527000+00:00,72,-0.745414121441328,-0.8018193615002241,-0.7911311942908991,0.8599180450287647,1.0434057218437278,-0.8886197382849844,8,10.0,11.0,6.0,0.9237965007274502
2025-04-11 11:46:18.715000+00:00,27,0.30822458625028654,0.5105110908456552,0.021250635498558323,-0.9628346029976166,-0.7366246728015013,0.3682501846501472,8,10.0,11.0,7.0,-1.404110411671099
2025-04-11 11:46:43.026000+00:00,23,0.6986141133949937,1.4230978631256748,0.5351833720157652,-1.5833461427512783,-1.1205527971367468,1.0855979733122634,8,10.0,11.0,7.0,-1.0937228233512923
2025-04-11 11:46:50.939000+00:00,22,0.8271876651133052,1.6305971471976126,0.8102718863554155,-1.6027371283685803,-0.9460400133479989,1.3073168265993504,8,10.0,11.0,7.0,-1.0764790684446364
2025-04-11 11:46:58.456000+00:00,46,-0.13486932277895242,-0.6166283008542021,0.23192058369073543,0.239406505275103,0.8339903812972302,-0.27719386073597113,5,10.0,11.0,7.0,0.54443389278102
2025-04-11 11:47:07.100000+00:00,81,-0.4115897741726939,-0.10386722416734297,0.4207873248791528,-0.12902222145363365,-0.0036709808887599627,-0.10807926036255183,8,10.0,11.0,7.0,0.13058377502127794
2025-04-11 11:47:21.828000+00:00,30,-0.7455936934409345,-0.8098568831757379,-0.7856096029068301,0.801745088176859,1.0259544434648529,-0.8909101447287633,8,10.0,11.0,7.0,0.8893089909141384
2025-04-11 11:47:34.287000+00:00,72,-0.026856765015593635,0.41750548288613837,0.43947578802523274,-0.41988700571316256,-0.5272093322550038,0.2964590843140063,9,10.0,11.0,7.0,-1.2489166175111956
2025-04-11 11:48:29.145000+00:00,27,-0.7644487533996256,-0.867267752286551,-0.7844769687767649,0.8599180450287647,1.0783082786014773,-0.9247781219793902,9,10.0,11.0,7.0,0.9237965007274502
2025-04-11 11:48:37.729000+00:00,37,-0.7372435954592285,-0.7867285044768108,-0.7378973901778223,0.801745088176859,0.9910518867071034,-0.864176220335807,6,10.0,11.0,6.0,0.8893089909141384
2025-04-11 11:48:55.848000+00:00,10,-0.7867156813508418,-0.8817845006188564,-0.7824948590491498,0.8599180450287647,0.9736006083282286,-0.940210204739931,9,10.0,11.0,7.0,0.9065527458207943
2025-04-11 11:48:58.664000+00:00,30,0.6248998075564917,1.1083222693438188,0.9868212313793704,-1.117962487936032,-1.190357910652246,1.030440480428482,9,10.0,11.0,7.0,0.09609626520796609
2025-04-11 11:49:12.726000+00:00,23,0.9820685147739815,1.177461358858698,0.10180923799946465,-1.389436286578259,-1.5917373133663664,0.9767473457628534,9,10.0,11.0,7.0,-1.2489166175111956
2025-04-11 11:49:26.393000+00:00,18,-0.7708235593856594,-0.8146137837592052,-0.7437021400944079,0.8987000162633686,0.9037954948127294,-0.8925246935333937,9,10.0,11.0,6.0,0.9410402556341061
2025-04-11 11:50:05.158000+00:00,27,-0.6048990317491783,-0.5332185095889215,0.05806124472568577,0.5884442463865377,-0.1781837646775079,-0.48167834422479006,10,10.0,11.0,7.0,0.33750883390114894
2025-04-11 11:50:15.285000+00:00,37,0.7405441753031302,1.34575722088068,1.2413807521115847,-1.389436286578259,-0.9460400133479989,1.255012954858637,7,10.0,11.0,7.0,-0.17980381329852863
2025-04-11 11:50:31.422000+00:00,10,0.2841619383030046,-0.2135219841689951,0.0055353369438998525,-0.9046616461457108,-0.03857353764650955,0.022549002226063854,10,10.0,11.0,7.0,-1.5593042058310023
2025-04-11 11:51:03.285000+00:00,18,1.119710452472426,2.077909833098146,-0.3277422558278642,-1.4282182578128628,-1.033296405242373,1.3326239404207725,10,10.0,11.0,7.0,-1.5075729411110343
2025-04-11 11:51:05.071000+00:00,6,-0.7626530334035598,-0.8422530164596967,-0.5413853686114632,0.8211360737941609,1.0434057218437278,-0.8481058275827379,8,10.0,11.0,7.0,0.9237965007274502
2025-04-11 11:51:26.829000+00:00,30,0.901889616949643,1.237332693788546,-0.0261784186979333,-1.1761354447879377,-1.3125168593043697,0.9366840068200382,10,10.0,11.0,7.0,-1.2661603724178516
2025-04-11 11:51:30.194000+00:00,7,-0.7442469034438851,0.45687293599069606,1.033259230712054,0.801745088176859,-1.190357910652246,0.17195108812433973,10,10.0,11.0,7.0,0.8548214811008266
2025-04-11 11:51:39.490000+00:00,23,-0.7937189893354983,-0.889904037821671,-0.8202965231400848,0.8405270594114628,0.938698051570479,-0.9568813598389089,10,10.0,11.0,6.0,0.8720652360074824
2025-04-11 11:51:53.270000+00:00,4,-0.7923721993384489,-0.8147778148138077,-0.8398344618837144,0.8793090306460667,0.938698051570479,-0.927106076069788,7,10.0,11.0,7.0,0.8375777261941706
2025-04-11 11:52:05.434000+00:00,22,-0.7987470053244827,-0.5395337051911108,-0.09965805788593035,0.8599180450287647,-0.2828914349507567,-0.6074629603995132,10,10.0,11.0,7.0,0.9582840105407621
2025-04-11 11:52:43.191000+00:00,6,0.3392007561824217,-0.34474682785085303,0.10747240864979188,0.3169704477443107,-0.03857353764650955,0.012523780578705459,9,10.0,11.0,7.0,-2.2835419119105507
2025-04-11 11:52:49.541000+00:00,37,1.088464924540881,1.115129558109815,-0.2337336230324306,-1.156744459170636,-0.5446606106338786,0.9037171730882754,8,10.0,11.0,7.0,-1.404110411671099
2025-04-11 11:53:14.628000+00:00,23,-0.3223424903682231,1.1486739087759905,0.5496244571740994,-0.7107517899726915,-0.2654401565718819,0.5368391179708951,11,10.0,11.0,7.0,0.113340020114622
2025-04-11 11:53:29.245000+00:00,4,0.9945487687466392,2.7446140545292854,1.1976327588378055,-1.5251731858993725,-1.7313475403973646,1.9900456850784531,8,10.0,11.0,7.0,-1.369622901857787
2025-04-11 11:53:39.506000+00:00,18,-0.7577148034143789,-0.7917314516421815,-0.7428526644968588,0.8793090306460667,0.9736006083282286,-0.8763416578404667,11,10.0,11.0,7.0,0.9410402556341061
2025-04-11 11:53:52.514000+00:00,30,-0.7521480714265748,-0.8439753425330212,-0.8137838768922084,0.8405270594114628,1.0259544434648529,-0.9167429256028558,11,10.0,11.0,6.0,0.9237965007274502
2025-04-11 11:55:02.836000+00:00,34,-0.7062674255270934,-0.7691771816343618,-0.7657885056306843,0.8405270594114628,0.938698051570479,-0.8505839722596132,7,10.0,11.0,6.0,0.8030902163808588
2025-04-11 11:55:14.232000+00:00,37,-0.7640896094004124,-0.7983747093535752,-0.7955201515449031,0.8211360737941609,0.9561493299493538,-0.8960166246689907,9,10.0,11.0,6.0,0.8548214811008266
2025-04-11 11:55:16.824000+00:00,18,-0.18012146667981063,0.0068537376892246985,0.13932774355788338,-0.6137968618861819,-0.8064297863170006,-0.03523682592107032,12,10.0,11.0,7.0,-0.8178227448447977
2025-04-11 11:55:28.701000+00:00,30,-0.04140209698372725,0.05089607584994815,0.2336195348858337,-0.03206729336712401,-0.10837865116200873,0.06794410698882235,12,10.0,11.0,7.0,-0.1625600583918727
2025-04-11 11:56:22.842000+00:00,4,-0.786536109351235,-0.8830147335283739,-0.8341712912333872,0.8987000162633686,0.9736006083282286,-0.9544032151620342,9,10.0,11.0,6.0,0.8375777261941706
2025-04-11 11:56:40.714000+00:00,34,1.1069608405003586,2.2960711357192345,1.0026781092002872,-1.7772559989242975,-1.783701375533989,1.780004149889975,8,10.0,11.0,7.0,-1.6972542450842496
2025-04-11 11:56:51.021000+00:00,37,0.5704894916756981,1.279242628239439,1.4907018399922456,-1.408827272195561,-0.7366246728015013,1.219567976449999,10,10.0,11.0,7.0,-0.8350664997514535
2025-04-11 11:57:45.073000+00:00,72,-0.7791736573673654,-0.8919544260041999,-0.8191638890100195,0.8793090306460667,1.0434057218437278,-0.9514369510791075,11,10.0,11.0,7.0,0.9065527458207943
2025-04-11 11:57:57.991000+00:00,4,-0.36059132628442503,-0.22475811140925422,0.18307573683166226,0.6078352320038396,-0.7017221160437518,-0.2051399268734954,10,10.0,11.0,7.0,-0.4901914016183352
2025-04-11 11:58:08.193000+00:00,5,-0.835289907244422,-0.8984336526609917,-0.8181728341462124,0.8793090306460667,1.0434057218437278,-0.977607660772774,10,10.0,11.0,6.0,0.9927715203540739
2025-04-11 11:59:20.381000+00:00,72,1.4223790578093185,2.1687010218205316,1.4453964747896266,-1.0403985454668243,-1.7487988187762395,1.9710090282424575,12,10.0,11.0,7.0,-0.7660914801248299
2025-04-11 11:59:29.013000+00:00,34,-0.756278227417526,-0.7917314516421815,-0.7700358836184301,0.8793090306460667,0.851441659676105,-0.8829500436454671,9,10.0,11.0,7.0,0.8548214811008266
2025-04-11 11:59:42.680000+00:00,5,0.9153575169201371,1.118246148147259,1.6525269413253494,-1.3506543153436552,-1.3299681376832444,1.3329994168869654,11,10.0,11.0,7.0,-1.835204284337497
2025-04-11 12:00:41.395000+00:00,50,-0.776929007372283,-0.8661195349043344,-0.8361534009610017,0.8793090306460667,1.0085031650859781,-0.9431764688228571,10,10.0,11.0,7.0,0.8030902163808588
2025-04-11 12:00:51.788000+00:00,27,-0.8286457432589783,-0.9118841991383824,-0.8572487116334712,0.8793090306460667,1.0957595569803522,-0.9913500994354453,12,10.0,11.0,7.0,0.9755277654474179
2025-04-11 12:01:06.030000+00:00,34,1.4243543498049909,2.0017174082353675,1.3787126403820227,-0.9046616461457108,-1.3474194160621191,1.8777031263934467,10,10.0,11.0,7.0,-2.5766857453237013
2025-04-11 12:01:14.578000+00:00,46,-0.28247750645556186,-0.6891300269884285,0.0036948064825432286,0.6272262176211416,0.7292827110239815,-0.43264111773995767,9,10.0,11.0,7.0,0.5099463829677081
2025-04-11 12:02:13.596000+00:00,72,2.33460481581075,1.520942387195961,-0.007631534818111217,-1.389436286578259,-0.9111374565902494,1.6705903076412758,13,10.0,11.0,7.0,-2.5939295002303573
2025-04-11 12:02:16.878000+00:00,50,0.8124627611455661,1.1514624367042294,1.3298677935229495,-1.117962487936032,-1.1380040755156218,1.2196055240966175,11,10.0,11.0,7.0,-1.0937228233512923
2025-04-11 12:02:20.958000+00:00,37,-0.7668729753943145,-0.8125633955766763,-0.7982101576038083,0.8405270594114628,0.9910518867071034,-0.904389749865099,12,10.0,11.0,6.0,0.9065527458207943
2025-04-11 12:02:26.110000+00:00,27,0.44505844995050076,1.145475303211245,1.5983020823484648,-1.1761354447879377,-2.062921829595986,1.1344099139173802,13,10.0,11.0,7.0,-1.2316728626045397
2025-04-11 12:03:00.649000+00:00,44,-0.6671207296128587,-0.7020064647747112,-0.7119883844525747,0.7241811457076512,0.5024160920986092,-0.7891935700370242,10,10.0,11.0,7.0,0.4582151182477404
2025-04-11 12:03:07.404000+00:00,81,-0.8255930192656665,-0.9432961460947272,-0.7730090482098515,0.8793090306460667,1.0085031650859781,-0.9821133783670926,10,10.0,11.0,7.0,0.8375777261941706
2025-04-11 12:03:56.726000+00:00,34,1.0802943985587814,1.3099164354500727,0.16212200542545063,-1.5251731858993725,-1.2078091890311209,1.0944592179144226,11,10.0,11.0,7.0,-1.8869355490574646
2025-04-11 12:03:57.457000+00:00,37,-0.3701086422635734,-0.09476350063691373,0.23347795561957535,0.08427862033668757,-0.509758053876129,-0.13623999532704215,13,10.0,11.0,7.0,0.4582151182477404
2025-04-11 12:04:36.243000+00:00,6,-0.810329399299107,-0.8851471372382037,-0.874946119915744,0.801745088176859,1.0608570002226025,-0.9761433025546205,11,10.0,11.0,7.0,0.9065527458207943
2025-04-11 12:04:40.439000+00:00,44,-0.6675696596118751,-0.6830608779681427,-0.7025025736132765,0.6466172032384435,0.5547699272352334,-0.7781921095775636,11,10.0,11.0,7.0,0.5099463829677081
2025-04-11 12:04:41.873000+00:00,81,1.1018430385115714,0.9097626777477078,0.07972287246318818,-0.9240526317630128,-0.5621118890127534,0.8984229549149516,11,10.0,11.0,7.0,-1.7489855098042173
2025-04-11 12:04:54.609000+00:00,31,-0.8329554712495364,-0.9176252860494636,-0.8515855409831434,0.8987000162633686,0.9910518867071034,-0.9942788158717524,10,10.0,11.0,7.0,0.8203339712875147
2025-04-11 12:04:58.726000+00:00,72,-0.7719009913832986,-0.8827686869464704,-0.8229865291989905,0.8405270594114628,1.0608570002226025,-0.9452040417403005,14,10.0,11.0,7.0,0.9582840105407621
2025-04-11 12:05:12.023000+00:00,30,-0.8004529393207451,-0.9131144320478998,-0.8607881932899255,0.8599180450287647,1.0608570002226025,-0.9810620442617514,14,10.0,11.0,7.0,0.9410402556341061
2025-04-11 12:05:19.412000+00:00,5,-0.7965921413292036,-0.8680879075595623,-0.8272339071867362,0.8793090306460667,1.0259544434648529,-0.949935045214335,13,10.0,11.0,7.0,0.9410402556341061
2025-04-11 12:05:32.097000+00:00,7,-0.8218220072739282,-0.9075373761914209,-0.8565408153021798,0.8987000162633686,1.0434057218437278,-0.9863187147884562,12,10.0,11.0,6.0,0.9237965007274502
2025-04-11 12:05:39.704000+00:00,22,-0.832865685249733,-0.907209314082216,-0.8272339071867362,0.8793090306460667,1.0608570002226025,-0.9830145218859563,12,10.0,11.0,6.0,0.9755277654474179
2025-04-11 12:05:52.315000+00:00,23,-0.8263113072640927,-0.9384572299839584,-0.8623455652187654,0.8793090306460667,0.9910518867071034,-1.0038910134062984,14,10.0,11.0,7.0,0.8720652360074824
2025-04-11 12:06:05.416000+00:00,10,-0.8456152972218003,-0.9496113416969165,-0.8814587661636204,0.8987000162633686,1.0434057218437278,-1.0221391696632882,12,10.0,11.0,6.0,0.9582840105407621
2025-04-11 12:06:10.826000+00:00,6,0.7801398012163816,0.7608224801687989,0.5693039751839873,-1.5057822002820707,-0.9983938484846233,0.8255429728268505,12,10.0,11.0,7.0,-1.162697842977916
2025-04-11 12:06:20.286000+00:00,44,-0.6618233556244645,-0.6915904928074634,-0.7073162686660546,0.6272262176211416,0.6594775975084822,-0.7809706354273932,12,10.0,11.0,7.0,0.49270262806105225
2025-04-11 12:06:26.621000+00:00,34,-0.6980968995449939,-0.7847601318215828,-0.783344334646699,0.8405270594114628,0.938698051570479,-0.8589570974557216,12,10.0,11.0,7.0,0.5271901378743641
2025-04-11 12:06:28.858000+00:00,31,0.8138095511426156,1.7727300560105252,2.0789636912949985,-1.408827272195561,-1.5917373133663664,1.7032567602000837,11,10.0,11.0,7.0,-1.6972542450842496
2025-04-11 12:06:34.157000+00:00,72,0.03949508883903781,0.37485740868953493,0.2585374857472738,-0.03206729336712401,-0.5272093322550038,0.2566961265441461,15,10.0,11.0,7.0,-1.3351353920444753
2025-04-11 12:06:46.394000+00:00,30,0.02135831687877329,0.36534360752260026,0.9066873666772381,-0.9046616461457108,-0.5621118890127534,0.41664910114245074,15,10.0,11.0,7.0,-0.05909752895193718
2025-04-11 12:06:54.733000+00:00,5,0.08043750474933793,0.7548353466758141,-0.02462104676909339,-0.8077067180592011,-0.9111374565902494,0.3726808069512268,14,10.0,11.0,7.0,-1.162697842977916
2025-04-11 12:07:06.475000+00:00,7,1.0607210506016644,1.8598305460043583,1.9889192779547933,-1.7384740276896937,-1.5568347566086167,1.8225080858630458,13,10.0,11.0,7.0,-0.5764101761516147
2025-04-11 12:07:14.200000+00:00,22,0.8902174369752157,2.05068067803416,1.5909399605030392,-1.6027371283685803,-1.5917373133663664,1.7330320439692048,13,10.0,11.0,7.0,-1.352379146951131
2025-04-11 12:07:26.240000+00:00,23,0.7657740412478548,2.1576289256348744,2.8562338630524264,-1.4282182578128628,-1.7138962620184899,2.065516454783288,15,10.0,11.0,7.0,-1.4385979214844107
2025-04-11 12:07:38.819000+00:00,10,0.8839324169889853,1.8221854189731261,1.8650374199788826,-1.5445641715166745,-1.3125168593043697,1.6984882090794307,13,10.0,11.0,7.0,-0.11082879367190494
2025-04-11 12:07:55.362000+00:00,27,-0.8051218113105162,-0.905076910372386,-0.2610584214202597,0.8987000162633686,1.0434057218437278,-0.8202830214378215,15,10.0,11.0,7.0,0.9065527458207943
2025-04-11 12:08:00.165000+00:00,44,-0.4599844280666676,-0.6377062913706009,-0.6656919643861485,0.5496622751519339,0.43261097858310993,-0.6608557138921872,13,10.0,11.0,6.0,0.5099463829677081
2025-04-11 12:08:04.444000+00:00,34,-0.16440891671423505,-0.02012937079285737,0.6630294494469047,-0.07084926460172786,-1.7138962620184899,0.09786958134442061,13,10.0,11.0,7.0,0.33750883390114894
2025-04-11 12:08:09.108000+00:00,50,-0.7967717133288101,-0.8858032614566133,-0.8110938708333032,0.8599180450287647,1.0434057218437278,-0.9538400004627443,13,10.0,11.0,6.0,0.8375777261941706
2025-04-11 12:09:00.492000+00:00,18,-0.8139208392912386,-0.8808003142912424,-0.8086870233069141,0.9374819874979724,0.9910518867071034,-0.9580828845307275,14,10.0,11.0,6.0,0.8720652360074824
2025-04-11 12:09:15.961000+00:00,38,-0.6683777336101048,-0.7428501973706892,-0.7503563656085421,0.8211360737941609,0.8688929380549798,-0.8185933773399521,10,10.0,11.0,7.0,0.5616776476876759
2025-04-11 12:09:44.220000+00:00,50,-0.5518355058654335,-0.7083216603769004,-0.25015681791837985,0.5690532607692358,0.7118314326451066,-0.6213931372952815,14,10.0,11.0,7.0,0.113340020114622
2025-04-11 12:09:58.998000+00:00,46,-0.3632849062785239,-0.6176945027091176,-0.029434741821871478,0.4527073470654242,0.9037954948127294,-0.4425161488008386,11,10.0,11.0,7.0,0.5271901378743641
2025-04-11 12:10:01.154000+00:00,22,1.2458597821960493,1.3415744289883207,-0.2692700188632343,-1.641519099603184,-1.452127086335368,1.0637827906264385,14,10.0,11.0,7.0,-1.800716774524185
2025-04-11 12:10:35.421000+00:00,18,1.5725910354802237,2.5057028235010024,1.94007443109572,-1.69969205645509,-2.0105679944593615,2.319300998283274,15,10.0,11.0,7.0,-1.7144979999909054
2025-04-11 12:10:54.920000+00:00,38,-0.6524856116449224,-0.7366170172958009,-0.7493653107447351,0.762963116942255,0.7816365461606058,-0.8088309892189286,11,10.0,11.0,7.0,0.4409713633410845
2025-04-11 12:11:24.288000+00:00,44,-0.6271659597003945,-0.6213852014376694,-0.6675324948475051,0.6466172032384435,0.5198673704774839,-0.7237855696261678,15,10.0,11.0,7.0,0.49270262806105225
2025-04-11 12:12:12.048000+00:00,31,-0.8063788153077622,-0.9010581495346293,-0.4749846927363755,0.8793090306460667,0.9910518867071034,-0.8757033478479385,13,10.0,11.0,7.0,0.7686027065675469
2025-04-11 12:12:30.031000+00:00,22,-0.8117659752959598,-0.8865414012023237,0.2045957853029058,0.8405270594114628,1.0259544434648529,-0.69108156942074,15,10.0,11.0,7.0,0.9410402556341061
2025-04-11 12:12:33.979000+00:00,38,0.3734092221074754,0.24478078238989345,0.33484871026043495,0.1036696059539895,-0.5795631673916282,0.3570234383109701,12,10.0,11.0,7.0,0.320265078994493
2025-04-11 12:12:52.887000+00:00,7,-0.7925517713380554,-0.9081114848825289,-0.8630534615500567,0.8599180450287647,0.9910518867071034,-0.976068207261382,15,10.0,11.0,7.0,0.8893089909141384
2025-04-11 12:13:08.119000+00:00,81,-0.6893876575640748,-0.7227563931819049,-0.7013699394832106,0.7823541025595571,0.6071237623718578,-0.8051888674968547,13,10.0,11.0,7.0,0.49270262806105225
2025-04-11 12:13:22.933000+00:00,23,0.12075141866101584,1.622395594467497,-0.30041745744003506,-2.1069027544184302,-1.6615424268818655,0.7135758906080372,17,10.0,11.0,7.0,0.8720652360074824
2025-04-11 12:13:34.524000+00:00,10,-0.8284661712593718,-0.9449364566407501,-0.8568239738346966,0.8599180450287647,1.0085031650859781,-1.0062940627899346,15,10.0,11.0,7.0,0.9410402556341061
2025-04-11 12:13:57.950000+00:00,4,-0.8446276512239641,-0.9613395621009826,-0.8964661683869876,0.8987000162633686,0.9561493299493538,-1.0310755095586865,12,10.0,11.0,7.0,0.8030902163808588
2025-04-11 12:14:04.409000+00:00,30,-0.8018895153175979,-0.9276311803802053,-0.8531429129119837,0.8793090306460667,1.0783082786014773,-0.9862811671418368,17,10.0,11.0,6.0,0.9237965007274502
2025-04-11 12:14:13.242000+00:00,6,-0.7907560513419897,-0.9117201680837804,-0.8311981266419651,0.8211360737941609,1.0608570002226025,-0.9685211302908983,14,10.0,11.0,7.0,0.9237965007274502
2025-04-11 12:14:27.518000+00:00,7,-0.6225868737104268,-0.47949833920666085,0.1826509990328877,0.49148931830002807,-0.21308632143525752,-0.431439593048139,16,10.0,11.0,7.0,0.7341151967542351
2025-04-11 12:14:47.195000+00:00,81,-0.6967501095479445,-0.7703253990165783,-0.7982101576038083,0.8211360737941609,0.6943801542662319,-0.8557279998464601,14,10.0,11.0,7.0,0.5099463829677081
2025-04-11 12:15:08.488000+00:00,10,-0.28202857645654583,0.1014176406674634,0.2572632723509501,-0.6719698187380877,-0.4399529403606299,-0.0032837786480286787,16,10.0,11.0,7.0,0.4409713633410845
2025-04-11 12:15:31.168000+00:00,4,-0.18847156466151696,-0.8361838674394104,-0.8133591390934338,0.7823541025595571,0.5024160920986092,-0.6773391307580686,13,10.0,11.0,7.0,-1.1109665782579483
2025-04-11 12:15:38.650000+00:00,30,0.27105318233172415,-0.0731934169567085,-0.20994830630105535,-1.4670002290474669,0.764185267781731,0.024163551030694872,18,10.0,11.0,7.0,-0.3349976074584319
2025-04-11 12:15:42.631000+00:00,23,-0.837803915238914,-0.9464127361321711,-0.04217687578510798,0.8599180450287647,1.0085031650859781,-0.7948257170299224,18,10.0,11.0,7.0,0.9065527458207943
2025-04-11 12:15:48.092000+00:00,6,-0.5794895938048469,-0.805838122337981,-0.38338290746733045,0.49148931830002807,0.9037954948127294,-0.7129342997531841,15,10.0,11.0,7.0,0.3892400986211167
2025-04-11 12:16:16.572000+00:00,37,-0.7893194753451371,-0.8678418609776588,-0.8235528462640235,0.801745088176859,1.0259544434648529,-0.9458048040862098,15,10.0,11.0,6.0,0.9065527458207943
2025-04-11 12:16:25.193000+00:00,81,-0.6961216075493216,-0.7731139269448176,-0.7819285419841174,0.7823541025595571,0.6245750407507327,-0.8524238069439596,15,10.0,11.0,7.0,0.5616776476876759
2025-04-11 12:16:32.279000+00:00,18,-0.803236305314647,-0.8858032614566133,-0.8214291572701506,0.8987000162633686,1.0259544434648529,-0.9592844092225457,17,10.0,11.0,7.0,0.8720652360074824
2025-04-11 12:17:09.428000+00:00,72,-0.648355455653971,-0.7037287908480356,-0.6964146651641742,0.7241811457076512,0.6943801542662319,-0.7780043713444665,17,10.0,11.0,7.0,0.5271901378743641
2025-04-11 12:17:13.713000+00:00,4,-0.7118341575148975,-0.7884508305501352,-0.8006170051301974,0.8599180450287647,0.5024160920986092,-0.8709723443739039,14,10.0,11.0,7.0,0.40648385352777266
2025-04-11 12:17:51.948000+00:00,37,0.30364550026031856,1.1086503314530238,1.3712089392703384,-1.8160379701589016,-1.2078091890311209,0.9981870519824853,16,10.0,11.0,7.0,-0.1625600583918727
2025-04-11 12:18:03.165000+00:00,81,-0.6837311395764674,-0.7661426071242189,-0.7950954137461285,0.8211360737941609,0.7467339894028563,-0.8475426128834481,16,10.0,11.0,7.0,0.47545887315439633
2025-04-11 12:18:07.232000+00:00,18,0.3110977382439915,0.38724175331200994,0.8305177214303359,-1.137353473553334,-1.1729066322733712,0.5276399445491625,18,10.0,11.0,7.0,-1.5248166960176903
2025-04-11 12:18:49.350000+00:00,72,-0.6438661556638064,-0.7115202659416459,-0.7012283602169528,0.6660081888557454,0.6594775975084822,-0.7809706354273932,18,10.0,11.0,7.0,0.49270262806105225
2025-04-11 12:18:51.242000+00:00,4,-0.6855268595725331,-0.7528560917014309,-0.7819285419841174,0.8211360737941609,0.5547699272352334,-0.8387189159279078,15,10.0,11.0,7.0,0.47545887315439633
2025-04-11 12:19:41.234000+00:00,81,-0.6929790975562065,-0.7230844552911094,-0.7742832616061752,0.801745088176859,0.6420263191296075,-0.8261780019570547,17,10.0,11.0,7.0,0.5099463829677081
2025-04-11 12:20:02.622000+00:00,5,-0.6494328876516106,-0.661244747706034,-0.7104310125237343,0.7435721313249531,0.6420263191296075,-0.7627224791704033,16,10.0,11.0,7.0,0.4409713633410845
2025-04-11 12:20:21.336000+00:00,34,-0.8093417533012709,-0.8820305472007599,-0.8067049135792996,0.8793090306460667,0.9910518867071034,-0.9562055021997616,15,10.0,11.0,6.0,0.8375777261941706
2025-04-11 12:20:25.364000+00:00,27,-0.6356956296817069,-0.67863203949388,-0.6767351471542867,0.762963116942255,0.6420263191296075,-0.7560014504255449,17,10.0,11.0,7.0,0.5099463829677081
2025-04-11 12:20:29.337000+00:00,72,-0.6221379437114101,-0.6512388533752924,-0.6763104093555121,0.7241811457076512,0.6594775975084822,-0.7376781988753165,19,10.0,11.0,7.0,0.5789214025943318
2025-04-11 12:20:29.649000+00:00,4,-0.7362559494613924,-0.7775427654190805,-0.772584310411077,0.801745088176859,0.5722212056141083,-0.8687570332233641,16,10.0,11.0,7.0,0.7341151967542351
2025-04-11 12:21:19.850000+00:00,81,-0.6840004975758772,-0.7679469487248449,-0.7943875174148373,0.8211360737941609,0.6943801542662319,-0.8482935658158344,18,10.0,11.0,7.0,0.5271901378743641
2025-04-11 12:21:34.493000+00:00,38,-0.7713622753844791,-0.8978595439698838,-0.8595139798936018,0.8987000162633686,1.0783082786014773,-0.9615748156663239,14,10.0,11.0,6.0,0.8893089909141384
2025-04-11 12:21:50.194000+00:00,22,-0.6552689776388242,-0.646974045955632,-0.6930167627739782,0.7241811457076512,0.38025714344648553,-0.754011425154721,17,10.0,11.0,7.0,0.5616776476876759
2025-04-11 12:21:56.414000+00:00,34,0.9741673467912919,1.3524824941193758,1.361864707697299,-0.8270977036765031,-1.1554553538944965,1.3877438856579345,16,10.0,11.0,7.0,-1.8869355490574646
2025-04-11 12:22:05.855000+00:00,27,-0.6277944616990175,-0.5666808447277953,-0.6346861050756061,0.7047901600903493,0.4849648137197343,-0.6902930688417341,18,10.0,11.0,7.0,0.40648385352777266
2025-04-11 12:22:07.173000+00:00,4,-0.6875021515682057,-0.7236585639822174,-0.7990596332013574,0.8599180450287647,0.5896724839929831,-0.8307212671979923,17,10.0,11.0,7.0,0.2857775691811812
2025-04-11 12:22:10.268000+00:00,72,-0.6045398877499653,-0.6012913972488851,-0.6072197274215186,0.7047901600903493,0.6769288758873571,-0.689129091796535,20,10.0,11.0,7.0,0.54443389278102
2025-04-11 12:22:47.717000+00:00,44,-0.8312495372532738,-0.9524818851524575,-0.8484707971254636,0.8599180450287647,1.0957595569803522,-1.0086971121735715,18,10.0,11.0,7.0,0.8893089909141384
2025-04-11 12:22:55.824000+00:00,46,-0.8108681152979268,-0.8774376776718945,-0.8565408153021798,0.8793090306460667,1.0085031650859781,-0.9679579155916085,15,10.0,11.0,7.0,0.8548214811008266
2025-04-11 12:22:57.879000+00:00,81,-0.6731363915996792,-0.7251348434736383,-0.7655053470981682,0.801745088176859,0.4500622569619847,-0.8164907091292702,19,10.0,11.0,7.0,0.6478964222209556
2025-04-11 12:23:09.327000+00:00,38,0.24312973639290078,0.629351589905038,-0.24987365938586312,-0.6719698187380877,-0.6144657241493778,0.3235309375265365,15,10.0,11.0,7.0,-1.8524480392441527
2025-04-11 12:23:15.264000+00:00,37,0.7786134392197254,1.3715100964532452,1.3142940742345495,-2.242639653739544,-0.597014445770503,1.302060156072646,18,10.0,11.0,7.0,-0.3522413623650878
2025-04-11 12:23:23.360000+00:00,5,-0.6202524377155408,-0.6532072260305204,-0.6261913491001153,0.6853991744730473,0.6245750407507327,-0.724498974911935,18,10.0,11.0,7.0,0.40648385352777266
2025-04-11 12:23:30.729000+00:00,22,-0.6377607076771825,-0.6375422603159984,-0.6874951713899088,0.6272262176211416,0.4675135353408595,-0.740907296484578,18,10.0,11.0,7.0,0.4409713633410845
2025-04-11 12:23:48.141000+00:00,27,-0.6002301597594072,-0.6131836487075537,-0.6329871538805083,0.6660081888557454,0.5024160920986092,-0.6996048852033258,19,10.0,11.0,7.0,0.3719963437144608
2025-04-11 12:24:14.950000+00:00,10,-0.6359649876811168,-0.7129965454330668,-0.7030688906783089,0.5884442463865377,0.5373186488563587,-0.7788304195700918,18,10.0,11.0,7.0,0.09609626520796609
2025-04-11 12:24:21.383000+00:00,44,1.5405374335504485,1.8835330333943938,0.8991836655655548,-1.932383883862713,-1.1729066322733712,1.7450097432407687,19,10.0,11.0,7.0,-1.9386668137774323
2025-04-11 12:24:30.742000+00:00,46,0.8683096530232128,1.4319555400742006,0.5680297617876636,-1.5639551571339765,-1.3299681376832444,1.1693292252733474,16,10.0,11.0,7.0,-1.2489166175111956
2025-04-11 12:24:36.774000+00:00,81,-0.6977377555457809,-0.7267751540196618,-0.6941493969040434,0.8405270594114628,0.7292827110239815,-0.8086057033392127,20,10.0,11.0,7.0,0.6134089124076436
2025-04-11 12:25:11.795000+00:00,22,-0.6376709216773795,-0.5592174317433897,-0.658896159605756,0.7241811457076512,0.5722212056141083,-0.6974271216994049,19,10.0,11.0,7.0,0.5271901378743641
2025-04-11 12:25:18.752000+00:00,38,-0.7797123733661852,-0.8092827744846299,-0.8091117611056887,0.8793090306460667,0.5024160920986092,-0.911148326256577,16,10.0,11.0,7.0,0.9065527458207943
2025-04-11 12:25:23.087000+00:00,4,-0.6784337655880734,-0.7588432251944156,-0.7727258896773354,0.8211360737941609,0.6594775975084822,-0.8360530330179362,19,10.0,11.0,7.0,0.4409713633410845
2025-04-11 12:25:30.233000+00:00,27,-0.6187260757188853,-0.6306529560227006,-0.6423313854535483,0.7047901600903493,0.6769288758873571,-0.7178154938136961,20,10.0,11.0,7.0,0.40648385352777266
2025-04-11 12:25:34.077000+00:00,72,-0.60795175574249,-0.6094929499790014,-0.6580466840082068,0.7241811457076512,0.6594775975084822,-0.7077902721663377,22,10.0,11.0,7.0,0.5789214025943318
2025-04-11 12:25:50.582000+00:00,37,-0.7833935993581198,-0.8488962741710905,-0.821004419471376,0.8405270594114628,1.0434057218437278,-0.9339772954011234,19,10.0,11.0,7.0,0.9065527458207943
2025-04-11 12:25:54.916000+00:00,10,-0.6489839576525939,-0.6943790207357029,-0.6952820310341088,0.6272262176211416,0.5722212056141083,-0.773686391983245,19,10.0,11.0,7.0,0.2857775691811812
2025-04-11 12:26:00.313000+00:00,23,-0.6765482595922042,-0.7026625889931201,-0.7204831404280656,0.6853991744730473,0.4849648137197343,-0.7956893129021666,20,10.0,11.0,7.0,0.54443389278102
2025-04-11 12:26:23.103000+00:00,50,-0.6993539035422398,-0.7719657095626017,-0.7742832616061752,0.801745088176859,0.6943801542662319,-0.8512222822521415,16,10.0,11.0,7.0,0.49270262806105225
2025-04-11 12:26:37.934000+00:00,6,-0.6224073017108199,-0.6746132786561231,-0.6705056594389266,0.6466172032384435,0.6594775975084822,-0.7469524675902887,18,10.0,11.0,7.0,0.6134089124076436
2025-04-11 12:26:46.414000+00:00,5,-0.5870316177883236,-0.6020295369945956,-0.6209529162485626,0.7047901600903493,0.6594775975084822,-0.6857873512474155,20,10.0,11.0,7.0,0.4237276084344286
2025-04-11 12:26:53.849000+00:00,22,-0.6156733517255736,-0.6149059747808776,-0.6702225009064103,0.6466172032384435,0.5198673704774839,-0.716726612061736,20,10.0,11.0,7.0,0.5099463829677081
2025-04-11 12:26:55.182000+00:00,38,0.32905493820464987,1.018433251421746,0.17571361498623628,-0.4586689769477664,-0.7191733944226266,0.6504582966409591,17,10.0,11.0,7.0,-1.835204284337497
2025-04-11 12:27:01.556000+00:00,4,-0.6840902835756806,-0.7742621443270341,-0.7681953531570734,0.7823541025595571,0.6943801542662319,-0.8442759676275671,20,10.0,11.0,7.0,0.6134089124076436
2025-04-11 12:27:02.493000+00:00,46,0.7452130472929013,1.2963838734453819,1.304949842661509,-1.408827272195561,-1.452127086335368,1.2512206425500856,17,10.0,11.0,7.0,-0.6798727055915502
2025-04-11 12:27:08.642000+00:00,44,0.7809478752146112,0.41094424070204566,0.2937907230455618,-0.59440587626888,-0.47485549711837943,0.5926349208472059,20,10.0,11.0,7.0,-1.4385979214844107
2025-04-11 12:27:10.481000+00:00,18,-0.6559872656372508,-0.7020884803020121,-0.5974507580497042,0.762963116942255,0.4500622569619847,-0.7541991633878175,20,10.0,11.0,7.0,0.5271901378743641
2025-04-11 12:27:21.380000+00:00,7,-0.6058866777470147,-0.6137577573986617,-0.6547903608842686,0.5690532607692358,0.6245750407507327,-0.7080155580460532,20,10.0,11.0,7.0,0.4582151182477404
2025-04-11 12:27:25.437000+00:00,30,-0.6523060396453159,-0.7037287908480356,-0.686787275058618,0.7241811457076512,0.6594775975084822,-0.7771032278256028,20,10.0,11.0,7.0,0.47545887315439633
2025-04-11 12:27:26.480000+00:00,37,-0.09895492285763632,0.28431226654905306,0.3338576553966275,-1.2149174160225418,-0.05602481602538435,0.1773204015909026,20,10.0,11.0,7.0,0.4237276084344286
2025-04-11 12:27:33.766000+00:00,34,-0.8123944772945827,-0.8719426373427167,-0.8183144134124704,0.8793090306460667,0.9910518867071034,-0.9559426686734261,18,10.0,11.0,7.0,0.8893089909141384
2025-04-11 12:27:35.044000+00:00,10,-0.6346181976840674,-0.6856853748417803,-0.6593208974045305,0.5884442463865377,0.6420263191296075,-0.7541616157411984,20,10.0,11.0,7.0,0.35475258880780486
2025-04-11 12:28:01.194000+00:00,50,-0.665325009616793,-0.7297277130025037,-0.7381805487103386,0.7047901600903493,0.6420263191296075,-0.8080800362865423,17,10.0,11.0,7.0,0.3892400986211167
2025-04-11 12:28:18.794000+00:00,6,-0.6418010776683308,-0.6381983845344079,-0.675460933757963,0.6853991744730473,0.7118314326451066,-0.7397057717927599,19,10.0,11.0,7.0,0.5099463829677081
2025-04-11 12:28:28.735000+00:00,5,-0.5823627457985525,-0.5572490590881617,-0.6242092393725008,0.5496622751519339,0.5722212056141083,-0.6641974544413067,21,10.0,11.0,7.0,0.54443389278102
2025-04-11 12:28:35.378000+00:00,22,-0.625819169703345,-0.6106411673612173,-0.6642761717235669,0.6660081888557454,0.5722212056141083,-0.7174400173475027,21,10.0,11.0,7.0,0.54443389278102
2025-04-11 12:28:51.050000+00:00,18,-0.6365934896797399,-0.6358199342426739,-0.6576219462094323,0.7047901600903493,0.36280586506761076,-0.7317081230628444,21,10.0,11.0,7.0,0.54443389278102
2025-04-11 12:29:04.512000+00:00,27,-0.27484569647228213,-0.29184681274160446,-0.48220523531554266,0.18123354842319722,0.5896724839929831,-0.376432290750835,22,10.0,11.0,7.0,-0.9212852742847332
2025-04-11 12:29:05.349000+00:00,30,-0.6599378496285954,-0.6756794805110385,-0.6587545803394975,0.6466172032384435,0.6245750407507327,-0.7600190486138121,21,10.0,11.0,7.0,0.6823839320342674
2025-04-11 12:29:08.975000+00:00,34,0.36820163411888457,-0.013732159663366559,0.7332527655109631,-1.0403985454668243,-1.2078091890311209,0.3421545702497187,19,10.0,11.0,7.0,-0.8178227448447977
2025-04-11 12:29:13.168000+00:00,38,-0.7833935993581198,-0.8527510039542454,-0.8204381024063432,0.8793090306460667,0.9561493299493538,-0.9355918442057545,18,10.0,11.0,7.0,0.9065527458207943
2025-04-11 12:29:15.523000+00:00,10,-0.6295901816950833,-0.6868335922239961,-0.6596040559370467,0.5690532607692358,0.7118314326451066,-0.7526597098764254,21,10.0,11.0,7.0,0.40648385352777266
2025-04-11 12:29:20.227000+00:00,23,-0.6441355136632163,-0.6826508003316367,-0.6158560626632679,0.5690532607692358,0.6420263191296075,-0.7452252758458002,22,10.0,11.0,7.0,0.5616776476876759
2025-04-11 12:29:25.168000+00:00,44,-0.814998271288878,-0.8858852769839142,0.1322487802449741,0.8599180450287647,0.851441659676105,-0.7113197509485537,21,10.0,11.0,7.0,0.9237965007274502
2025-04-11 12:29:36.458000+00:00,46,-0.7969512853284166,-0.8598863548294461,-0.849603431255529,0.8793090306460667,1.0085031650859781,-0.9522629993047328,18,10.0,11.0,7.0,0.8203339712875147
2025-04-11 12:29:40.351000+00:00,50,-0.682384349579418,-0.7227563931819049,-0.7243057806170368,0.8405270594114628,0.5547699272352334,-0.8083428698128777,18,10.0,11.0,7.0,0.6134089124076436
2025-04-11 12:29:59.743000+00:00,6,-0.6550894056392178,-0.6374602447886974,-0.661303007132145,0.6272262176211416,0.7292827110239815,-0.7411701300109135,20,10.0,11.0,7.0,0.6651401771276114
2025-04-11 12:30:11.890000+00:00,5,-0.003691977066345079,0.1484945533383303,1.3979674205931352,-0.9628346029976166,-0.6144657241493778,0.4371876638432189,22,10.0,11.0,7.0,0.33750883390114894
2025-04-11 12:30:16.971000+00:00,22,0.1094383826858008,0.21025224539610468,1.1333557719565899,-0.7689247468245973,-0.6319170025282526,0.4425945249564012,22,10.0,11.0,7.0,-0.19704756820518454
2025-04-11 12:30:18.338000+00:00,4,-0.31093966839320497,-0.21417810838740461,0.24437955912145573,-0.40049602009586066,-0.45740421873950465,-0.16327430089295278,22,10.0,11.0,7.0,-0.4384601368983674
2025-04-11 12:30:32.109000+00:00,18,-0.6292310376958701,0.8886846872313096,0.8227308617861359,0.762963116942255,-1.1729066322733712,0.3619046323714816,22,10.0,11.0,7.0,0.35475258880780486
2025-04-11 12:30:40.344000+00:00,72,0.47971584587457117,0.2415001612978465,1.3496888907990954,-1.156744459170636,-0.8762348998324997,0.6691194770107618,25,10.0,11.0,7.0,-1.14545408807126
2025-04-11 12:30:44.945000+00:00,7,0.42494638599456397,0.6248407359034742,0.9777601583388467,-0.8852706605284089,-1.0507476836212477,0.7230754452027246,22,10.0,11.0,7.0,-0.938529029191389
2025-04-11 12:30:45.868000+00:00,30,0.6585695574827256,0.6954561049097737,2.890920783285681,-1.2343084016398436,-0.42250166198175504,1.3604842942123079,22,10.0,11.0,7.0,-1.3178916371378193
2025-04-11 12:30:48.884000+00:00,38,0.5897934816334053,0.8794169326462784,2.4957730511590914,-1.2924813584917494,-1.2078091890311209,1.3111466865545212,19,10.0,11.0,7.0,-1.197185352791228
2025-04-11 12:30:55.152000+00:00,27,0.19796737849184565,0.16506168985316472,1.1395852596719507,-0.7301427755899934,-0.7366246728015013,0.4605798476870562,23,10.0,11.0,7.0,-1.386866656764443
2025-04-11 12:30:56.199000+00:00,10,0.36083918213501465,0.7330192164137054,2.256079353383986,-1.2730903728744474,-0.9634912917268738,1.084809472733258,22,10.0,11.0,7.0,-0.8695540095647654
2025-04-11 12:31:06.827000+00:00,44,-0.22573275457988246,-0.15889964298642203,1.8023178050265076,0.4527073470654242,-0.5795631673916282,0.3108398329692064,22,10.0,11.0,7.0,0.8720652360074824
2025-04-11 12:31:11.895000+00:00,46,0.1415817706153792,0.28923319818712234,1.9342696811791351,-0.6137968618861819,-0.45740421873950465,0.7046020030660194,19,10.0,11.0,7.0,-0.9730165390047009
2025-04-11 12:31:19.492000+00:00,50,0.08007836075012496,1.4146502638136558,1.6002841920760797,-1.156744459170636,-0.9634912917268738,1.1055357736671225,19,10.0,11.0,7.0,-0.7833352350314858
2025-04-11 12:31:22.877000+00:00,31,-0.5393552518927764,0.6189356179377904,1.9927419181437644,-0.8077067180592011,-1.033296405242373,0.5862893685685404,18,10.0,11.0,7.0,0.7341151967542351
2025-04-11 12:31:32.234000+00:00,81,-0.7447856194427048,-0.29160076615970093,1.2869692758467193,0.8405270594114628,-0.2305375998141323,-0.1036486380614722,24,10.0,11.0,7.0,0.5616776476876759
2025-04-11 12:31:40.626000+00:00,6,-0.2518604805226397,0.3503347660264878,1.7254402634483141,-0.4780599625650684,-0.8936861782113745,0.5126584335480536,21,10.0,11.0,7.0,-0.2832663427384641
2025-04-11 12:32:14.563000+00:00,4,2.296355979894548,-0.12601141653865616,-0.1744119104702516,0.4527073470654242,0.27554947317323675,0.8563695907013126,23,10.0,11.0,7.0,-0.2660225878318082
2025-04-11 12:32:24.189000+00:00,5,2.8549146846708187,-0.16947964600827164,-0.18446403837458233,-0.3811050344785587,0.4849648137197343,1.0673873647018934,23,10.0,11.0,7.0,-1.4385979214844107
2025-04-11 12:32:29.416000+00:00,22,2.796194640799467,-0.1484016554918734,-0.005932583623012949,-0.555623905034276,-0.5446606106338786,1.0998285313809855,23,10.0,11.0,7.0,-0.2832663427384641
2025-04-11 12:32:42.531000+00:00,18,2.896485602579742,-0.6935588654626914,0.13663773749897762,0.6272262176211416,0.5547699272352334,0.9300005257217993,23,10.0,11.0,7.0,-0.3349976074584319
2025-04-11 12:32:58.918000+00:00,72,2.0573456484181887,0.07984755698725816,7.279453299490599,-0.26475912077474717,-1.0507476836212477,2.827470847629156,26,10.0,11.0,7.0,-0.11082879367190494
2025-04-11 12:33:04.705000+00:00,7,3.4747972273127363,-0.6639512601069725,0.4867632629554655,0.5884442463865377,0.6594775975084822,1.2782549481159964,23,10.0,11.0,7.0,-0.38672887217839963
2025-04-11 12:33:08.193000+00:00,27,2.108793026305474,-0.19867717372748514,0.9726633047535519,0.33636143336161267,-0.597014445770503,1.0488763749185677,24,10.0,11.0,7.0,-1.2489166175111956
2025-04-11 12:33:15.709000+00:00,44,2.694018173023322,-0.4794163236793599,0.6467478338272133,0.8599180450287647,0.43261097858310993,1.0786516586876889,23,10.0,11.0,7.0,-0.12807254857856085
2025-04-11 12:33:22.983000+00:00,30,3.273407229753956,0.2560989251574535,0.30766549113886366,-0.09024025021902979,0.2930007515521116,1.567747303550957,23,10.0,11.0,7.0,-0.21429132311184046
2025-04-11 12:33:24.561000+00:00,38,2.008861208524412,-0.15406072687565317,1.6593227461057425,0.8405270594114628,-0.597014445770503,1.2096178500958785,20,10.0,11.0,7.0,-0.17980381329852863
2025-04-11 12:33:25.799000+00:00,10,2.820526646746159,-0.6860954524782856,1.3111793303768686,0.7241811457076512,0.5896724839929831,1.2131473288780943,23,10.0,11.0,7.0,-0.30051009764512004
2025-04-11 12:33:27.736000+00:00,23,3.290825713715795,-0.09927435463847757,-0.3131595914032716,-1.1761354447879377,0.5896724839929831,1.2476911637678698,24,10.0,11.0,7.0,-0.19704756820518454
2025-04-11 12:33:30.253000+00:00,81,2.6518187531157755,-0.2760998314997815,0.11115346957250462,-0.30354109200935103,0.43261097858310993,1.0120421335850145,25,10.0,11.0,7.0,-0.09358503876524903
2025-04-11 12:33:31.160000+00:00,46,3.7872525066281875,-0.07909853492239233,1.1169325770706406,-0.3811050344785587,-1.1554553538944965,1.8437976014962008,20,10.0,11.0,7.0,-0.1625600583918727
2025-04-11 12:33:39.159000+00:00,31,3.1324432100627893,0.0937901966284557,0.09005815890003564,0.27818847650970685,-0.3177939917085063,1.376779972845093,19,10.0,11.0,7.0,-0.04185377404528126
2025-04-11 12:33:49.558000+00:00,50,2.2211153120593914,1.391439869587427,0.24423797985519738,-0.6719698187380877,-1.2427117457888703,1.630639611638318,20,10.0,11.0,7.0,-0.007366264231969424
2025-04-11 12:33:54.899000+00:00,6,2.2599926499742153,0.18318712138672105,-0.10319753954238524,0.22001551965780108,-0.5272093322550038,1.0016038878248437,22,10.0,11.0,7.0,-0.1625600583918727
2025-04-11 15:01:58.347000+00:00,16,-0.6322605172527503,-0.7797349702946855,-0.728151532052238,0.7199701131044103,0.9419869363359068,-0.8346647166021848,2,10.0,11.0,6.0,0.777996378129188
2025-04-11 15:02:20.403000+00:00,27,-0.6485780060935351,-0.7222024958505768,-0.7231623895559235,0.7199701131044103,0.9208661530099896,-0.8149625569005926,2,10.0,11.0,6.0,0.8387294182133935
2025-04-11 15:02:25.635000+00:00,5,-0.6610560857953118,-0.7427421269138008,-0.6909910224245159,0.7447888885483104,0.9842285029877412,-0.8207629494161462,2,10.0,11.0,6.0,0.879218111602864
2025-04-11 15:02:32.086000+00:00,10,-0.6835592893600543,-0.7913490025189164,-0.7383018564412919,0.7199701131044103,0.9208661530099896,-0.8657279756937459,2,10.0,11.0,6.0,0.8994624582975992
2025-04-11 15:02:46.057000+00:00,7,-0.6430321928927455,-0.7786595969405902,-0.7333127139449768,0.6951513376605102,0.8997453696840724,-0.8404651091177384,2,10.0,11.0,6.0,0.8994624582975992
2025-04-11 15:02:58.765000+00:00,55,-0.6533772675172955,-0.7234929438754915,-0.7068186468955825,0.7199701131044103,0.8786245863581552,-0.8131409460279388,2,10.0,11.0,6.0,0.7577520314344527
2025-04-11 15:03:11.766000+00:00,44,-0.6898516543378733,-0.8279116965581631,-0.7629034901300146,0.6951513376605102,1.0475908529654927,-0.8917098991931692,2,10.0,11.0,7.0,0.9197068049923345
2025-04-11 15:03:17.736000+00:00,14,-0.657643277671749,1.709539269765535,6.766056615601431,0.7199701131044103,-2.5640630957663477,2.3517641338224626,2,10.0,11.0,7.0,0.8387294182133935
2025-04-11 15:03:30.053000+00:00,18,-0.6490046071089806,-0.7782294475989515,-0.6921952981994887,0.7447888885483104,0.9208661530099896,-0.8315008661391553,2,10.0,11.0,6.0,0.8387294182133935
2025-04-11 15:03:31.695000+00:00,16,1.7122320133810647,3.215061965499208,0.4288134089034548,-2.3079204910513993,-1.8881980293369973,2.322282799962416,3,10.0,11.0,7.0,-3.2506286141231193
2025-04-11 15:03:36.523000+00:00,1,-0.6967839208388605,1.645447017861444,2.4908776144491696,0.7447888885483104,-2.458459179136762,1.114363042880376,2,10.0,11.0,7.0,0.8589737649081288
2025-04-11 15:03:54.051000+00:00,27,1.1910322227607018,2.8835243604315712,0.6662277759694555,-1.9108200839489982,-2.0994058625961696,2.0063771249417535,3,10.0,11.0,7.0,-2.0359678124390066
2025-04-11 15:03:59.216000+00:00,5,1.2782721304192768,2.6397372210581262,2.2763444871076457,-2.6305645718221005,-1.4657823628186535,2.385559809223003,3,10.0,11.0,7.0,-2.056212159133742
2025-04-11 15:04:00.265000+00:00,6,-0.6688415543271896,-0.7908113158418691,-0.7510327717767148,0.6455137867727101,1.0053492863136584,-0.8624203138460332,2,10.0,11.0,6.0,0.8994624582975992
2025-04-11 15:04:04.679000+00:00,10,1.5870246153478529,2.0112890329247275,0.3274822044093425,-2.3575580419391997,-1.2545745295594815,1.7011614295158732,3,10.0,11.0,7.0,-0.8213070107548939
2025-04-11 15:04:10.501000+00:00,4,-0.6606294847798664,-0.7831761650277906,-0.7579143476337001,0.7696076639922105,0.9419869363359068,-0.8572431039974395,2,10.0,11.0,6.0,0.7577520314344527
2025-04-11 15:04:12.149000+00:00,30,1.0508937891869023,1.9217104325285725,0.8448046694582295,-2.2582829401635993,-1.4869031461445708,1.5643968026821933,3,10.0,11.0,7.0,-0.3151983433865136
2025-04-11 15:04:19.301000+00:00,7,1.357299968530529,2.551986755363935,0.0823260645042334,-2.2334641647196993,-2.268372129203507,1.770622328317836,3,10.0,11.0,7.0,-1.5096147983758912
2025-04-11 15:04:25.958000+00:00,23,1.5448977650726243,3.4061558105219754,1.06845588481026,-2.4320143682708997,-2.690787795721851,2.510483965384436,3,10.0,11.0,7.0,-1.6513252252390376
2025-04-11 15:04:32.462000+00:00,55,1.6118741244975452,2.9865451277539186,3.392192012317849,-2.3823768173830997,-2.39509682915901,3.001024598538675,3,10.0,11.0,6.0,-3.594782507933618
2025-04-11 15:04:36.783000+00:00,31,1.8141896560725053,2.79104225197936,2.0772949054443384,-2.6305645718221005,-2.2261305625516727,2.6384281606242164,3,10.0,11.0,7.0,-3.29111730751259
2025-04-11 15:04:43.792000+00:00,44,0.15961761766769147,0.14175245682973275,0.30098813735994817,0.07468195156300822,-0.9377627796707236,0.21880161333014708,3,10.0,11.0,7.0,-2.623053866586328
2025-04-11 15:05:03.396000+00:00,18,1.3146398669859936,2.2383003479742825,2.020349865227784,-2.3327392664952997,-2.3317344791812586,2.1516266234717394,3,10.0,11.0,7.0,-1.9954791190495362
2025-04-11 15:05:14.766000+00:00,12,0.9704794977754522,1.790514883328924,2.1115307453328422,-1.9604576348367984,-1.8248356793592457,1.8227299867013662,3,10.0,11.0,7.0,-1.0439948243969812
2025-04-11 15:05:23.816000+00:00,81,1.2669672035099746,2.2773364007279486,0.6586580425267713,-1.9356388593928981,-2.500700745788596,1.768177534778223,3,10.0,11.0,7.0,-2.137189545912683
2025-04-11 15:05:32.984000+00:00,6,0.7202780022167512,2.1751759320888775,1.2250117355566803,-1.2903506978514963,-1.9093188126629146,1.6347205697922562,3,10.0,11.0,7.0,-1.8942573855758602
2025-04-11 15:05:43.217000+00:00,4,1.4012398731214006,2.2799172967777777,0.3083858314062081,-1.8860013085050982,-2.057164295944335,1.7320808772227505,3,10.0,11.0,7.0,-1.9145017322705955
2025-04-11 15:05:50.526000+00:00,1,2.3077670309427822,2.283896178187932,1.4939093121683904,-2.2831017156074993,-2.268372129203507,2.4716548915199845,3,10.0,11.0,7.0,-2.926719067007356
2025-04-11 15:06:00.963000+00:00,63,-0.6917713589073775,-0.7879078077858112,-0.7573982294444261,0.7944264394361106,0.9842285029877412,-0.8732061676972696,2,10.0,11.0,6.0,0.8184850715186583
2025-04-11 15:06:10.804000+00:00,16,-0.6507110111707618,-0.8104906482218164,-0.7510327717767148,0.6951513376605102,0.9208661530099896,-0.8630434965129938,4,10.0,11.0,6.0,0.7982407248239232
2025-04-11 15:06:25.095000+00:00,87,1.7959524626622163,2.0850596450156766,0.18640989934113902,-2.3327392664952997,-1.3601784461890676,1.788646688531458,4,10.0,11.0,7.0,-3.210139920733649
2025-04-11 15:06:26.789000+00:00,27,-0.6410058380693803,-0.7455380976344494,-0.6889265496674202,0.62069501132881,0.963107719661824,-0.8124218891045231,4,10.0,11.0,7.0,0.8184850715186583
2025-04-11 15:06:30.966000+00:00,10,-0.6290610096369101,-0.7669380273809493,-0.7279794926558132,0.7199701131044103,0.9208661530099896,-0.8274741473680268,4,10.0,11.0,7.0,0.9197068049923345
2025-04-11 15:06:39.728000+00:00,5,-0.6614826868107574,-0.7729601181638837,-0.6474650551290825,0.7447888885483104,1.0475908529654927,-0.8222969375194331,4,10.0,11.0,6.0,0.9399511516870697
2025-04-11 15:06:47.123000+00:00,7,-0.6506043609169008,-0.7744656408596177,-0.6109927030870591,0.7447888885483104,0.9419869363359068,-0.8079157990511178,4,10.0,11.0,7.0,0.879218111602864
2025-04-11 15:07:09.206000+00:00,23,0.5087905488097155,1.3076722473400535,0.8291490843835885,-0.42169355731499336,-2.5640630957663477,1.0426490990517092,4,10.0,11.0,7.0,0.7577520314344527
2025-04-11 15:07:22.613000+00:00,31,2.071430068386055,2.561127428873747,0.5647245320789189,-2.2334641647196993,-1.8670772460110803,2.230099702380514,4,10.0,11.0,7.0,-2.6635425599757983
2025-04-11 15:07:25.852000+00:00,55,-0.28138118204894513,0.9835547184156751,1.3731376558782946,-0.2479621292076928,-1.7614733293814941,0.6945776109902493,4,10.0,11.0,7.0,0.7577520314344527
2025-04-11 15:07:39.001000+00:00,18,-0.6436720944159136,-0.7479039190134593,-0.6739591221784768,0.7447888885483104,0.8997453696840724,-0.8105044039754147,4,10.0,11.0,7.0,0.7982407248239232
2025-04-11 15:07:51.583000+00:00,81,0.640610262582331,1.467150115752413,0.2748381491034036,-1.861182533061198,-1.402420012840902,1.0185367235531677,4,10.0,11.0,7.0,0.777996378129188
2025-04-11 15:08:00.674000+00:00,27,0.8782270281853944,1.01581591903854,1.3860406106101417,-0.918069066192995,-1.3390576628631503,1.2337744292956223,5,10.0,11.0,7.0,-1.5298591450706265
2025-04-11 15:08:04.537000+00:00,10,1.2228139984113802,1.7805139111358372,1.1943887229930952,-2.0597327366123985,-1.317936879537233,1.6761382485810035,5,10.0,11.0,7.0,-0.39617573016545443
2025-04-11 15:08:10.264000+00:00,4,-0.6684149533117442,0.6414784544779027,0.876115839607514,0.7696076639922105,-1.7614733293814941,0.22963540430961202,4,10.0,11.0,7.0,0.7577520314344527
2025-04-11 15:08:20.912000+00:00,7,1.1353607902450822,1.7042699403304673,1.470511954254639,-1.9604576348367984,-1.3812992295149846,1.679781470326311,5,10.0,11.0,7.0,-2.440854746333711
2025-04-11 15:08:32.893000+00:00,1,1.0792627567140183,1.3795071873936315,1.6726582450535898,-1.5137196768465968,-0.7899172963893032,1.566122539298391,4,10.0,11.0,7.0,-1.7120582653232432
2025-04-11 15:09:12.897000+00:00,18,1.744547040301051,3.764577749441999,0.545628159075784,-2.4320143682708997,-2.6485462290700164,2.6143157851256733,5,10.0,11.0,7.0,-2.623053866586328
2025-04-11 15:09:14.513000+00:00,30,0.34390925634008546,1.4018749531588175,0.39234105686143156,-1.1910755960758959,-0.7054341630856344,0.8888188545689631,5,10.0,11.0,7.0,0.9197068049923345
2025-04-11 15:09:21.666000+00:00,23,-0.6621225883339255,0.846337078433092,0.7599892470208837,0.6951513376605102,-1.7614733293814941,0.29142636259514,5,10.0,11.0,7.0,0.777996378129188
2025-04-11 15:10:05.832000+00:00,4,0.8696950078764868,1.5521046107259566,-0.3040744198655046,-1.836363757617298,-0.980004346322558,0.9980675697999325,5,10.0,11.0,7.0,-1.9752347723548012
2025-04-11 15:10:28.716000+00:00,22,1.0252977282601807,2.194532652462597,0.3777177081653371,-2.2582829401635993,-2.0782850792702523,1.5443590830830067,5,10.0,11.0,7.0,0.8994624582975992
2025-04-11 15:10:37.345000+00:00,16,-0.6820661858059955,-0.8094152748677204,0.2251187635366829,0.7447888885483104,0.9842285029877412,-0.6046623753655935,6,10.0,11.0,7.0,0.8994624582975992
2025-04-11 15:10:43.306000+00:00,12,0.8435656956804589,1.0728107068056005,0.7799458170061416,-1.563357227734397,-1.529144712796405,1.0747190378360532,5,10.0,11.0,7.0,0.8994624582975992
2025-04-11 15:10:48.006000+00:00,5,-0.599412239063458,-0.7118789116512606,-0.2337103067278271,0.7199701131044103,0.9419869363359068,-0.6518804466698958,6,10.0,11.0,7.0,0.879218111602864
2025-04-11 15:10:56.315000+00:00,1,-0.6860122451988654,-0.8113509469050924,-0.7579143476337001,0.7447888885483104,0.9419869363359068,-0.8812116681112986,5,10.0,11.0,6.0,0.8589737649081288
2025-04-11 15:11:04.897000+00:00,55,1.9881362201203492,3.0510675289996483,0.9356414707704395,-1.7370886558416976,-2.0994058625961696,2.5144148098991104,6,10.0,11.0,7.0,-2.4003660529442405
2025-04-11 15:11:18.518000+00:00,23,1.2266534075503885,2.223997882364813,0.941490810248877,-2.3079204910513993,-2.0360435126184178,1.8050891235135649,6,10.0,11.0,7.0,-2.1776782393021534
2025-04-11 15:11:33.814000+00:00,31,1.4013465233752616,2.7580282900086286,2.2209478014589115,-2.3079204910513993,-2.7541501456996023,2.4781743409589554,6,10.0,11.0,7.0,-1.9549904256600659
2025-04-11 15:11:36.854000+00:00,81,1.4410204178116797,2.6736114817121335,2.0477041292593015,-2.9532086525928016,-1.613627846100074,2.410103618875595,6,10.0,11.0,7.0,-2.4813434397231813
2025-04-11 15:11:58.209000+00:00,18,-0.6419656903541323,-0.7544636964734417,-0.6624324826180259,0.7696076639922105,0.9208661530099896,-0.8094497871544046,6,10.0,11.0,7.0,0.777996378129188
2025-04-11 15:12:17.336000+00:00,4,0.563075528025137,1.1177613130067916,0.03432707290175932,-1.3399882487392962,-2.5640630957663477,0.7609225964574111,6,10.0,11.0,6.0,0.6970189913502471
2025-04-11 15:12:28.643000+00:00,1,-0.21131196526204502,-0.5045469289816513,0.2244306059509841,-0.04941192565649218,0.2872426532324737,-0.257357881355776,6,10.0,11.0,7.0,-0.6795965838917474
2025-04-11 15:12:46.350000+00:00,10,-0.646338350762447,-0.7671531020517679,-0.7353771867020725,0.7447888885483104,0.9208661530099896,-0.8373971329111641,7,10.0,11.0,7.0,0.8589737649081288
2025-04-11 15:13:06.128000+00:00,27,-0.6394060842614601,-0.6866076378300169,-0.06373538306028456,0.7199701131044103,0.963107719661824,-0.6112297619327909,7,10.0,11.0,7.0,0.8387294182133935
2025-04-11 15:13:18.174000+00:00,7,-0.6299142116678007,-0.7416667535597056,-0.7190334440417321,0.6951513376605102,0.9208661530099896,-0.8140996885924937,7,10.0,11.0,7.0,0.8387294182133935
2025-04-11 15:13:32.012000+00:00,18,1.1025125120557897,1.425640704284328,0.692033685433151,-1.7619074312855976,-1.4657823628186535,1.3238962303637318,7,10.0,11.0,7.0,-1.2666826380390686
2025-04-11 15:13:42.604000+00:00,63,-0.6949708665232178,-0.8285569205706204,-0.7900857147651077,0.7199701131044103,1.0053492863136584,-0.9018725703774456,5,10.0,11.0,7.0,0.8589737649081288
2025-04-11 15:13:46.984000+00:00,23,-0.6700147071196643,-0.7446777989511727,-0.7056143711206103,0.6951513376605102,0.857503803032238,-0.8297271923947295,7,10.0,11.0,7.0,0.8184850715186583
2025-04-11 15:13:53.984000+00:00,44,-0.7121415573948932,1.828583100063904,2.4136319254545073,0.7696076639922105,-2.162768212573921,1.1675732552131435,5,10.0,11.0,7.0,0.8994624582975992
2025-04-11 15:14:03.565000+00:00,6,-0.6574299771640265,-0.7409139922118382,-0.7209258774024029,0.6703325622166101,0.9842285029877412,-0.8266592161881559,5,10.0,11.0,7.0,0.8387294182133935
2025-04-11 15:14:16.256000+00:00,31,2.004667009468857,1.9935453725821515,0.22718323629377862,-2.134189062944099,-1.2545745295594815,1.853026251741283,7,10.0,11.0,7.0,-2.3801217062495055
2025-04-11 15:14:19.703000+00:00,10,0.5066575437324892,0.292842413080148,0.24851612145043356,-0.47133110820279356,-0.7265549464115516,0.42751986963363214,8,10.0,11.0,7.0,-0.29495399669177835
2025-04-11 15:14:23.912000+00:00,4,-0.6049580522642476,-0.7758636262199416,0.6156481934206117,0.7696076639922105,0.9419869363359068,-0.44623016657298503,7,10.0,11.0,7.0,0.777996378129188
2025-04-11 15:14:25.380000+00:00,22,0.7166518935854658,0.6550281587395056,0.49246798558057114,-1.9356388593928981,-0.980004346322558,0.7513351708118674,7,10.0,11.0,7.0,-1.0642391710917165
2025-04-11 15:14:28.756000+00:00,12,-0.0009976646474851036,0.11938469106454691,0.4215877542536197,-0.42169355731499336,-0.9166419963448064,0.17024130243546914,7,10.0,11.0,7.0,-0.39617573016545443
2025-04-11 15:14:51.872000+00:00,7,0.27938585275397565,-0.005896304687577335,0.8461809846296271,-0.7691564135295945,-1.0433666963003096,0.3587300906268566,8,10.0,11.0,7.0,-0.8617957041443643
2025-04-11 15:15:14.389000+00:00,63,0.11034520038375326,0.7504137752477749,0.24886020024328326,-1.240713146963696,-0.9588835629966408,0.45345385600482746,6,10.0,11.0,7.0,-0.2139766099128375
2025-04-11 15:15:20.351000+00:00,23,-0.07000037889577128,0.42597363431716856,0.4183190057215519,-1.1166192697441957,-0.8321588630411376,0.2749839276130332,8,10.0,11.0,7.0,-0.15324356982863188
2025-04-11 15:15:36.992000+00:00,6,-0.07874569971240115,0.7108400358170617,0.612207405492119,-1.0918004943002955,-0.4942263298264625,0.45206367928622315,6,10.0,11.0,7.0,0.3528650975397485
2025-04-11 15:15:58.588000+00:00,87,-0.6356733253763133,-0.7552164578213083,-0.6808406980354621,0.7199701131044103,0.963107719661824,-0.8120863292069295,8,10.0,11.0,6.0,0.6970189913502471
2025-04-11 15:16:08.976000+00:00,44,1.6521879204571315,1.1811008035630153,-0.13994883567639957,-1.240713146963696,-0.7899172963893032,1.2301312075503146,6,10.0,11.0,7.0,-2.440854746333711
2025-04-11 15:16:10.116000+00:00,55,-0.6427122421311615,-0.7595179512376902,-0.7097433166348018,0.7199701131044103,0.8997453696840724,-0.8252211023413242,8,10.0,11.0,6.0,0.7375076847397175
2025-04-11 15:16:38.096000+00:00,81,-0.6492179076167032,-0.8052213187867486,-0.15181955402969946,0.7447888885483104,0.963107719661824,-0.6930584398175053,8,10.0,11.0,7.0,0.7172633380449823
2025-04-11 15:16:45.634000+00:00,31,-0.6354600248685907,-0.7517752630882032,-0.7130120651668697,0.7447888885483104,0.9208661530099896,-0.8194207098257699,8,10.0,11.0,7.0,0.6767746446555118
2025-04-11 15:17:32.311000+00:00,87,-0.4646063181827255,-0.5159458865350636,0.06408988848322145,0.3725072568898092,0.5406920531434801,-0.4209672999969775,9,10.0,11.0,7.0,0.3528650975397485
2025-04-11 15:17:43.602000+00:00,55,-0.27263586123231526,0.026579970606106923,0.6620988304552641,-0.17350580287599257,-0.5364678964782968,0.07379180044130039,9,10.0,11.0,7.0,0.3528650975397485
2025-04-11 15:18:19.298000+00:00,31,0.30380876088822223,0.8828997724723381,0.6319919360809528,-0.8684315153051948,-0.8321588630411376,0.7062263331495846,9,10.0,11.0,7.0,-0.05202183635495581
2025-04-11 15:18:25.394000+00:00,44,-0.7088353995251918,-0.828771995241439,-0.7725376963297945,0.7696076639922105,1.0264700696395757,-0.9033106842242765,7,10.0,11.0,6.0,0.8589737649081288
2025-04-11 15:18:37.413000+00:00,30,-0.6637223421418452,-0.7575822792003183,-0.7235064683487726,0.7696076639922105,1.0264700696395757,-0.8376368185523032,8,10.0,11.0,7.0,0.879218111602864
2025-04-11 15:19:57.214000+00:00,44,-0.32404128359348056,-0.4466918425313148,-0.08644458338833706,0.3476884814459091,0.5406920531434801,-0.36885964161344853,8,10.0,11.0,7.0,-0.9022843975338348
2025-04-11 15:20:10.657000+00:00,30,-0.2494927561444048,0.12831028990353924,0.10916421034647676,-0.5954249854222939,-0.32526006321912493,-0.024527249553749433,9,10.0,11.0,7.0,0.4338424843186893
2025-04-11 15:20:34.466000+00:00,16,-0.7095819513022213,-0.8402784901302606,-0.7849245328723683,0.8192452148800106,0.963107719661824,-0.9122269900746324,8,10.0,11.0,6.0,0.8387294182133935
2025-04-11 15:22:47.781000+00:00,23,-0.7100085523176665,-0.8614633452059418,-0.7560219142730292,0.7447888885483104,0.8786245863581552,-0.9138089153061472,10,10.0,11.0,6.0,0.777996378129188
2025-04-11 15:23:22.885000+00:00,18,-0.6952908172848018,-0.8264061738624291,-0.7178291682667594,0.7944264394361106,0.9208661530099896,-0.8809240453419322,9,10.0,11.0,6.0,0.8184850715186583
2025-04-11 15:23:40.998000+00:00,1,-0.7325117558824092,-0.8759808854862307,-0.7594627022015219,0.7944264394361106,0.963107719661824,-0.931353904237492,8,10.0,11.0,6.0,0.8184850715186583
2025-04-11 15:24:32.560000+00:00,5,-0.7022230837857887,-0.8504945369941683,-0.7730538145190685,0.7944264394361106,1.0264700696395757,-0.9101656935608402,8,10.0,11.0,7.0,0.879218111602864
2025-04-11 15:24:50.064000+00:00,4,-0.7351780122289425,-0.9210390290228317,-0.7985156451899149,0.8192452148800106,0.9419869363359068,-0.9635197172782903,9,10.0,11.0,6.0,0.7375076847397175
2025-04-11 15:25:12.272000+00:00,1,-0.09900924794605533,-0.3062480824864452,0.2247746847438338,0.049863176119108135,-0.11405222995995298,-0.11838814662362131,9,10.0,11.0,7.0,-1.5298591450706265
2025-04-11 15:25:31.823000+00:00,81,-0.7270725929354807,-0.9220068650415177,-0.8365363517997599,0.7944264394361106,0.9842285029877412,-0.9709020350253594,10,10.0,11.0,6.0,0.7577520314344527
2025-04-11 15:25:40.776000+00:00,10,-0.7040361381014314,-0.8461930435777865,-0.7469038262625233,0.7696076639922105,0.963107719661824,-0.9017766961209897,10,10.0,11.0,7.0,0.8589737649081288
2025-04-11 15:25:51.533000+00:00,63,-0.7507489492926981,-0.8457628942361477,-0.8296547759427746,0.8192452148800106,1.0053492863136584,-0.945639168449352,8,10.0,11.0,6.0,0.8994624582975992
2025-04-11 15:26:02.446000+00:00,12,-0.7012632315010365,-0.8716793920698488,-0.8344718790426642,0.7944264394361106,0.9842285029877412,-0.9362914284449466,9,10.0,11.0,6.0,0.8387294182133935
2025-04-11 15:26:10.434000+00:00,7,-0.7020097832780661,-0.8552261797521881,-0.7630755295264394,0.7696076639922105,0.963107719661824,-0.9093986995091972,10,10.0,11.0,7.0,0.879218111602864
2025-04-11 15:26:17.213000+00:00,55,-0.7165142178032081,-0.8492040889692537,-0.7776988782225339,0.7696076639922105,0.9208661530099896,-0.9173083256667702,11,10.0,11.0,7.0,0.8184850715186583
2025-04-11 15:26:20.660000+00:00,4,0.1583378146213561,-0.1420385713160651,0.5120804767729794,-0.8187939644173946,-0.6209510297819657,0.15053914273387695,10,10.0,11.0,7.0,-1.5298591450706265
2025-04-11 15:26:25.746000+00:00,6,-0.7266459919200352,-0.8724321534177162,-0.7904297935579567,0.7696076639922105,1.0264700696395757,-0.935764120034442,8,10.0,11.0,6.0,0.9197068049923345
2025-04-11 15:27:02.210000+00:00,81,0.09541416484316573,0.9022564928460567,0.06460600667249539,-0.5954249854222939,-0.3041392798932077,0.4630892187785985,11,10.0,11.0,7.0,-1.6108365318495672
2025-04-11 15:27:22.442000+00:00,63,0.31372723449732637,0.8872012658887206,0.9808878320301191,-1.2158943715197958,-0.8955212130188892,0.8098184672496833,9,10.0,11.0,7.0,-0.6593522371970122
2025-04-11 15:27:23.218000+00:00,16,-0.7283523959818168,-0.8482362529505677,-0.7551617172909062,0.7696076639922105,0.9842285029877412,-0.9159181489481666,11,10.0,11.0,6.0,0.98043984507654
2025-04-11 15:27:33.574000+00:00,12,0.5912311950445309,0.9253770199591099,0.6471314029663205,-1.3151694732953962,-0.8955212130188892,0.8585705266572731,10,10.0,11.0,7.0,-0.639107890502277
2025-04-11 15:27:42.056000+00:00,7,1.0713706379282795,1.872135720904771,3.4966199259476043,-3.3999466105830027,-2.0149227292925005,2.2904046096909836,11,10.0,11.0,7.0,-0.355687036775984
2025-04-11 15:27:48.731000+00:00,55,0.7388351463886241,1.6985704615537607,2.1559169096103985,-1.4640821259587966,-1.845956462685163,1.6899920786388147,12,10.0,11.0,7.0,-0.6795965838917474
2025-04-11 15:27:52.800000+00:00,27,-0.6941176644923268,-0.791241465183507,-0.7283235714486622,0.8192452148800106,1.0053492863136584,-0.8676454608228543,9,10.0,11.0,6.0,0.98043984507654
2025-04-11 15:27:56.883000+00:00,6,0.7298765250642713,1.418328165476478,0.37582527480466627,-0.7691564135295945,-1.5925070627741567,1.0650357379340543,9,10.0,11.0,7.0,-1.3476600248180095
2025-04-11 15:28:31.093000+00:00,22,1.3594329736077553,3.8560920218755244,0.17419510219499007,-2.5312894700465,-2.1416474292480037,2.3785130513735293,9,10.0,11.0,7.0,-0.4569087702496601
2025-04-11 15:28:40.944000+00:00,30,-0.7116083061255866,-0.8492040889692537,-0.7713334205548218,0.7447888885483104,1.0264700696395757,-0.9133295440238697,11,10.0,11.0,6.0,0.9197068049923345
2025-04-11 15:28:54.762000+00:00,16,0.06491219223882264,0.26692591524644693,0.18228095382694817,-0.42169355731499336,-0.09293144663403578,0.19895564224387244,12,10.0,11.0,7.0,-0.5176418103338657
2025-04-11 15:28:55.486000+00:00,87,-0.7241930360812244,-0.8523226716961302,-0.7670324356442061,0.7696076639922105,1.0264700696395757,-0.9191778736676514,11,10.0,11.0,7.0,1.0006841917712752
2025-04-11 15:30:12.670000+00:00,30,0.5220151802885218,1.0614117492521884,0.4434367575995492,-1.8860013085050982,-0.874400429692972,0.8313422378239287,12,10.0,11.0,7.0,-0.1937322632181023
2025-04-11 15:30:14.815000+00:00,55,1.369244796962999,0.7520268352789181,-0.3422671658717739,-1.265531922407596,-0.11405222995995298,0.8553108019377876,13,10.0,11.0,7.0,-3.473316427765207
2025-04-11 15:30:23.103000+00:00,18,-0.672680963466198,-0.8182333363713034,-0.7255709411058683,0.7944264394361106,0.9208661530099896,-0.8692753231825969,12,10.0,11.0,7.0,0.8184850715186583
2025-04-11 15:30:54.351000+00:00,31,1.463416971122561,2.6921079034025754,1.9997051376568267,-2.134189062944099,-2.162768212573921,2.4150411430830503,12,10.0,11.0,7.0,-2.623053866586328
2025-04-11 15:31:55.705000+00:00,18,0.3336708319693973,0.3908089256382457,0.9373618647346855,-1.3151694732953962,-1.317936879537233,0.5853768328875073,13,10.0,11.0,7.0,-1.874013038881125
2025-04-11 15:32:23.428000+00:00,55,-0.6884652010376762,-0.8076946775011677,-0.09693898657024,0.7447888885483104,0.8997453696840724,-0.6965099130499012,14,10.0,11.0,7.0,0.7375076847397175
2025-04-11 15:32:55.873000+00:00,14,-0.6636156918879841,-0.8041459454326526,-0.7075068044812812,0.7447888885483104,0.8786245863581552,-0.8538875050214996,4,10.0,11.0,6.0,0.7577520314344527
2025-04-11 15:33:07.946000+00:00,10,-0.6851590431679744,-0.8382352807574793,-0.7269472562772653,0.7447888885483104,0.9208661530099896,-0.8841837700614176,13,10.0,11.0,7.0,0.8387294182133935
2025-04-11 15:33:14.790000+00:00,7,-0.681212983775105,-0.8216745311044094,-0.758946584012248,0.7447888885483104,0.9208661530099896,-0.8839440844202786,13,10.0,11.0,7.0,0.8387294182133935
2025-04-11 15:33:37.688000+00:00,44,-0.7410437761913161,-0.8941546951704447,-0.6743032009713258,0.7944264394361106,1.06871163629141,-0.9195613706934735,10,10.0,11.0,6.0,0.879218111602864
2025-04-11 15:34:28.728000+00:00,14,0.7811752971715755,0.9240865719341953,0.3147512890739196,-3.0028462034806016,-1.296816096211316,0.8507567747561545,5,10.0,11.0,7.0,-0.9427730909233052
2025-04-11 15:34:40.345000+00:00,10,-0.424825773492446,-0.4794907298312269,0.3252456922558225,0.27323215511420884,-0.8955212130188892,-0.3140675040491668,14,10.0,11.0,7.0,-0.23422095660757272
2025-04-11 15:34:47.107000+00:00,7,0.4102457142418383,0.5929791162081965,0.32610588923794553,-1.0918004943002955,-0.4308639798487109,0.5395968754300366,14,10.0,11.0,7.0,-1.3881487182074799
2025-04-11 15:34:54.247000+00:00,27,-0.6867587969758945,-0.7944675852457936,-0.7630755295264394,0.7696076639922105,1.0053492863136584,-0.8754592127239729,12,10.0,11.0,7.0,0.8994624582975992
2025-04-11 15:35:09.164000+00:00,44,0.27874595123080764,-0.09687289044405469,0.06684251882601597,-0.6450625363100941,-0.15629379661178736,0.10073246650527783,11,10.0,11.0,7.0,-1.8537686921863898
2025-04-11 15:35:41.926000+00:00,16,-0.7209935284653846,-0.8868421563625957,-0.8096982059575166,0.7199701131044103,0.9842285029877412,-0.9450159857823914,14,10.0,11.0,6.0,0.8387294182133935
2025-04-11 15:35:43.017000+00:00,4,-0.536808540046852,-0.5655205981588651,-0.611164742483484,0.5462386849971097,0.22388030325472216,-0.6636729802139142,12,10.0,11.0,7.0,0.312376404150278
2025-04-11 15:35:58.151000+00:00,1,-0.4898824283478627,-0.5292805161258478,-0.5958532362016908,0.5214199095532096,0.22388030325472216,-0.6221594271687103,11,10.0,11.0,7.0,0.19091032398186675
2025-04-11 15:36:01.107000+00:00,81,-0.507586370488845,-0.5547668646179109,-0.6003262605087314,0.62069501132881,0.4139673531879769,-0.6427244551784015,13,10.0,11.0,7.0,0.3528650975397485
2025-04-11 15:36:12.682000+00:00,31,-0.6924112604305456,-0.831245353955859,-0.7801074297724787,0.7944264394361106,0.9842285029877412,-0.8991401540684656,14,10.0,11.0,7.0,0.7577520314344527
2025-04-11 15:36:26.656000+00:00,27,-0.06541441797973378,0.6807295819023881,0.37582527480466627,-0.6698813117539941,-2.0360435126184178,0.3787678102260424,13,10.0,11.0,7.0,-0.1734879165233671
2025-04-11 15:36:37.262000+00:00,14,-0.6672418005192695,-0.6105787416954662,0.29995590098140035,0.7199701131044103,0.6674167530989833,-0.48851071366983256,6,10.0,11.0,7.0,0.7982407248239232
2025-04-11 15:36:38.834000+00:00,12,-0.5036403110959756,-0.5045469289816513,-0.5810578481091722,0.5958762358849099,0.26612186990655656,-0.6131951841901272,12,10.0,11.0,7.0,0.49457552440289493
2025-04-11 15:37:12.916000+00:00,16,0.6075486838853156,0.5386727618263745,0.7173234767075731,-1.1662568206319959,-0.7476757297374689,0.7130813424861483,15,10.0,11.0,7.0,-0.7200852772812179
2025-04-11 15:37:38.537000+00:00,81,-0.5023605080496395,-0.5589608206988826,-0.49641446506825,0.5214199095532096,0.4984504864916457,-0.6132910584465824,14,10.0,11.0,7.0,0.312376404150278
2025-04-11 15:37:44.638000+00:00,31,-0.39443045114196473,-0.4063653417527342,0.09522901923608114,0.32286970600200904,0.4773297031657285,-0.3319001157498779,15,10.0,11.0,7.0,0.3933537909292189
2025-04-11 15:38:16.834000+00:00,12,-0.48966912784014016,-0.5213227533055415,-0.6053154030050458,0.5462386849971097,0.39284656986205974,-0.6211527474759282,13,10.0,11.0,7.0,0.33262075084501325
2025-04-11 15:38:20.258000+00:00,23,-0.47729769839222486,-0.5311086508278097,-0.553187465888381,0.4469635832215094,0.4773297031657285,-0.6054293694172366,15,10.0,11.0,7.0,0.37310944423448367
2025-04-11 15:38:33.371000+00:00,63,-0.5324358796385371,-0.5300332774737144,-0.6237236184224827,0.5710574604410098,0.4139673531879769,-0.6493877160020541,11,10.0,11.0,7.0,0.3933537909292189
2025-04-11 15:39:13.691000+00:00,1,-0.47591124509202726,-0.5364855175982876,-0.5721117994950911,0.49660113410930956,0.2872426532324737,-0.6124761272667114,13,10.0,11.0,7.0,0.15042163059239633
2025-04-11 15:39:16.396000+00:00,81,-0.42311936943066436,-0.5599286567175686,-0.5810578481091722,0.5958762358849099,0.5406920531434801,-0.6016902734154751,15,10.0,11.0,7.0,0.17066597728713154
2025-04-11 15:40:10.592000+00:00,63,-0.49788119738746306,-0.505407227664928,-0.6061755999871695,0.49660113410930956,0.4773297031657285,-0.6179888970128987,12,10.0,11.0,7.0,0.3528650975397485
2025-04-11 15:40:29.450000+00:00,87,-0.5083329222658746,-0.5211076786347221,-0.5385641171922866,0.5214199095532096,0.3717257865361425,-0.6108462649069687,14,10.0,11.0,7.0,0.2921320574555428
2025-04-11 15:40:33.454000+00:00,4,-0.5033203603343915,-0.5445508177540032,-0.5807137693163231,0.5214199095532096,0.2872426532324737,-0.6307881102496999,15,10.0,11.0,7.0,0.3933537909292189
2025-04-11 15:40:38.447000+00:00,5,-0.4536213420350075,-0.5013208089193655,-0.5524993083026821,0.5462386849971097,0.4984504864916457,-0.5813169939186944,12,10.0,11.0,7.0,0.17066597728713154
2025-04-11 15:40:45.007000+00:00,30,-0.4454092724876845,-0.45873602409718434,-0.46888816164030783,0.47178235866540946,0.3506050032102253,-0.5353452879483133,14,10.0,11.0,7.0,0.3528650975397485
2025-04-11 15:40:51.688000+00:00,1,-0.48412331463935054,-0.4690596082965006,-0.5609292387274893,0.5214199095532096,0.24500108658063935,-0.582994793406665,14,10.0,11.0,7.0,0.21115467067660196
2025-04-11 15:40:54.625000+00:00,81,-0.5036403110959756,-0.560573880730026,-0.6080680333478404,0.6455137867727101,0.5829336197953144,-0.6456965571285199,16,10.0,11.0,7.0,0.4540868310134245
2025-04-11 15:41:12.387000+00:00,14,-0.7122482076487546,-0.8406011021364892,-0.7635916477157134,0.7944264394361106,0.9419869363359068,-0.9076250257647712,8,10.0,11.0,6.0,0.8184850715186583
2025-04-11 15:41:36.935000+00:00,23,-0.4822036100698464,-0.46336012951979483,-0.09126168648822672,0.49660113410930956,0.4984504864916457,-0.44872289724082665,17,10.0,11.0,7.0,0.7982407248239232
2025-04-11 15:41:48.368000+00:00,63,-0.5019339070341939,-0.4823942378872848,-0.584842714830514,0.5214199095532096,0.3506050032102253,-0.6036077585445835,13,10.0,11.0,7.0,0.4338424843186893
2025-04-11 15:42:07.419000+00:00,87,-0.45276814000411686,-0.4934705834344685,-0.546305890031395,0.4221448077776093,0.39284656986205974,-0.5757083499160518,15,10.0,11.0,7.0,0.2718877107608076
2025-04-11 15:42:20.474000+00:00,18,-0.4312247887241262,-0.4226034793995764,-0.5208440593605486,0.5462386849971097,0.012672469995550197,-0.5273397875342843,15,10.0,11.0,7.0,0.3528650975397485
2025-04-11 15:42:23.545000+00:00,55,-0.4731383384916325,-0.4874484926515333,-0.5633377902774341,0.49660113410930956,0.30836343655839094,-0.5869256379213376,16,10.0,11.0,7.0,0.3528650975397485
2025-04-11 15:42:24.562000+00:00,30,-0.06914717686488028,-0.46970483230895793,-0.5057045924751808,0.5462386849971097,0.4773297031657285,-0.38137123208088275,15,10.0,11.0,7.0,0.5755529111818358
2025-04-11 15:42:30.224000+00:00,1,-0.4598070567589651,-0.5068052130252519,-0.544929574859998,0.49660113410930956,0.24500108658063935,-0.5844329072534966,15,10.0,11.0,7.0,0.17066597728713154
2025-04-11 15:42:31.922000+00:00,81,-0.5138787354666642,-0.5103539450937671,0.2547095397217208,0.5462386849971097,0.6040544031212317,-0.38750718449403065,17,10.0,11.0,7.0,0.3933537909292189
2025-04-11 15:43:01.403000+00:00,22,-0.454047943050453,-0.4467993798667241,-0.5667785782059269,0.29805093055810894,0.13939716995105336,-0.5611834000630527,13,10.0,11.0,7.0,0.2718877107608076
2025-04-11 15:43:06.831000+00:00,6,-0.46247331310549883,-0.4643279655384808,-0.552671347699107,0.49660113410930956,0.4562089198398113,-0.5688533405794881,13,10.0,11.0,7.0,0.3528650975397485
2025-04-11 15:43:24.573000+00:00,10,-0.48977577809400125,-0.5646602994755893,-0.1423573872263444,0.3973260323337093,0.5829336197953144,-0.5115205352191374,16,10.0,11.0,7.0,0.10993293720292589
2025-04-11 15:43:46.263000+00:00,87,-0.47633784610747276,-0.4723932656941965,-0.5423489839136283,0.4469635832215094,0.30836343655839094,-0.5758042241725071,16,10.0,11.0,7.0,0.2516433640660724
2025-04-11 15:43:57.520000+00:00,7,-0.4565008988892637,-0.4979871515216689,-0.5473381264099428,0.3476884814459091,0.5618128364693973,-0.5796871315589524,16,10.0,11.0,7.0,0.2921320574555428
2025-04-11 15:44:00.034000+00:00,18,-0.4599137070128266,-0.4206678073622044,-0.535811486849492,0.47178235866540946,0.07603481997330179,-0.5435425368752527,16,10.0,11.0,7.0,0.2921320574555428
2025-04-11 15:44:01.975000+00:00,55,-0.47345828925321654,-0.34345600053814845,0.04963857918355189,0.3973260323337093,-0.6420718131078829,-0.3520816467337468,17,10.0,11.0,7.0,0.4338424843186893
2025-04-11 15:44:07.370000+00:00,30,-0.4549011450813436,-0.4712103550046919,-0.5108657743679196,0.47178235866540946,0.5406920531434801,-0.5568690585225586,16,10.0,11.0,7.0,0.3528650975397485
2025-04-11 15:44:40.327000+00:00,22,-0.45906050498193596,-0.39980556429275177,-0.5285858321996576,0.24841337967030877,0.07603481997330179,-0.5318458775876895,14,10.0,11.0,7.0,0.2516433640660724
2025-04-11 15:44:45.750000+00:00,6,-0.4552210958429276,-0.4733611017128824,-0.5488864809777646,0.5462386849971097,0.5618128364693973,-0.5685657178101218,14,10.0,11.0,7.0,0.3933537909292189
2025-04-11 15:44:52.490000+00:00,12,-0.47143193442985126,-0.47024251898600594,-0.5669506176023517,0.5214199095532096,0.4139673531879769,-0.5794953830460412,17,10.0,11.0,7.0,0.4135981376239541
2025-04-11 15:45:11.085000+00:00,63,-0.5073730699811224,-0.49648162882593566,-0.5870792269840346,0.5462386849971097,0.39284656986205974,-0.6129554985489888,15,10.0,11.0,7.0,0.4135981376239541
2025-04-11 15:45:15.921000+00:00,23,-0.5177181446056721,-0.5751989583457248,-0.6245838154046057,0.5710574604410098,0.4350881365138941,-0.6631456718034094,19,10.0,11.0,7.0,0.2921320574555428
2025-04-11 15:45:26.765000+00:00,4,-0.47345828925321654,-0.4666937869174907,-0.5538756234740791,0.5462386849971097,0.22388030325472216,-0.5751810415055465,18,10.0,11.0,7.0,0.4338424843186893
2025-04-11 15:45:34.136000+00:00,44,-0.5351021359850704,-0.5218604399825887,-0.5879394239661576,0.4469635832215094,0.39284656986205974,-0.6369719997910751,13,10.0,11.0,7.0,0.33262075084501325
2025-04-11 15:45:36.296000+00:00,7,-0.4795373537233131,-0.4554023666994885,-0.5156828774678098,0.4469635832215094,0.5829336197953144,-0.5622380168840628,17,10.0,11.0,7.0,0.6970189913502471
2025-04-11 15:45:46.462000+00:00,30,-0.4214129653688831,-0.45572497870571715,-0.5079411046287008,0.3973260323337093,0.4350881365138941,-0.5340989226143922,17,10.0,11.0,7.0,0.33262075084501325
2025-04-11 15:45:50.850000+00:00,1,-0.4670592740215363,-0.49185752340332517,-0.48437170731852525,0.5214199095532096,0.3717257865361425,-0.5641555020131718,17,10.0,11.0,7.0,0.21115467067660196
2025-04-11 15:45:52.500000+00:00,81,-0.4411432623332307,-0.48551282061416134,-0.5420049051207793,0.5462386849971097,0.5829336197953144,-0.5657374272446866,19,10.0,11.0,7.0,0.4540868310134245
2025-04-11 15:46:09.043000+00:00,16,-0.47591124509202726,-0.5319689495110863,0.3902765841043358,0.4469635832215094,0.5618128364693973,-0.34230247257529267,17,10.0,11.0,7.0,0.19091032398186675
2025-04-11 15:46:20.061000+00:00,22,-0.4583139532049064,-0.4035693710320856,-0.535811486849492,0.3476884814459091,0.3717257865361425,-0.5352014765636302,15,10.0,11.0,7.0,0.33262075084501325
2025-04-11 15:46:24.652000+00:00,6,-0.4397568090330335,-0.3457142845817491,-0.2270007702672666,0.5214199095532096,0.5829336197953144,-0.41502309609674076,15,10.0,11.0,7.0,0.37310944423448367
2025-04-11 15:46:29.494000+00:00,31,-0.4822036100698464,-0.4884163286702192,-0.5323706989209993,0.49660113410930956,0.4350881365138941,-0.5828030448937539,17,10.0,11.0,7.0,0.2921320574555428
2025-04-11 15:46:31.047000+00:00,12,-0.08173190682051851,-0.237746799830563,-0.5497466779598883,-0.8436127398612947,0.4139673531879769,-0.2958993324508614,18,10.0,11.0,7.0,0.49457552440289493
2025-04-11 15:46:49.025000+00:00,63,-0.4938284877407321,-0.48056610318532217,-0.5662624600166536,0.5710574604410098,0.30836343655839094,-0.5939723957708124,16,10.0,11.0,7.0,0.4338424843186893
2025-04-11 15:46:52.848000+00:00,23,-0.5068398187118155,-0.5412171603563073,-0.6051433636086216,0.5462386849971097,0.3717257865361425,-0.6376910567144909,20,10.0,11.0,7.0,0.37310944423448367
2025-04-11 15:47:05.497000+00:00,4,-0.4746314420456912,-0.45507975469325984,-0.5230805715140692,0.5710574604410098,0.3717257865361425,-0.5619503941146965,19,10.0,11.0,7.0,0.4540868310134245
2025-04-11 15:47:06.867000+00:00,10,-0.5093994248044877,-0.5055147650003373,-0.52497300487474,0.4221448077776093,0.5618128364693973,-0.6005877194662371,18,10.0,11.0,6.0,0.7375076847397175
2025-04-11 15:47:14.747000+00:00,5,-0.3524102511205966,-0.3855030986832816,-0.4798986830114847,0.4469635832215094,0.4984504864916457,-0.4639669040172409,16,10.0,11.0,7.0,0.2921320574555428
2025-04-11 15:47:15.322000+00:00,7,-0.48870927555538807,-0.46163953215324227,-0.5370157626244647,0.4221448077776093,0.6040544031212317,-0.5750851672490912,18,10.0,11.0,7.0,0.879218111602864
2025-04-11 15:47:26.109000+00:00,30,-0.43559744913244114,-0.4162587766104125,-0.5081131440251256,0.4469635832215094,0.5195712698175629,-0.5229295717373343,18,10.0,11.0,7.0,0.3933537909292189
2025-04-11 15:47:29.817000+00:00,1,-0.46972553036806963,-0.476587221775169,-0.5065647894573039,0.47178235866540946,0.39284656986205974,-0.5647307475519044,18,10.0,11.0,7.0,0.15042163059239633
2025-04-11 15:47:45.704000+00:00,55,-0.4606602587898557,-0.4675540856007674,-0.5578325295918457,0.47178235866540946,0.32948421988430815,-0.5709146370932796,19,10.0,11.0,7.0,0.3528650975397485
2025-04-11 15:47:52.674000+00:00,16,-0.4856164181934092,-0.514225289168511,-0.5779611389735285,0.5214199095532096,0.5195712698175629,-0.6085452827520388,18,10.0,11.0,7.0,0.2718877107608076
2025-04-11 15:47:59.560000+00:00,22,-0.46865902782945645,-0.41980750867892774,-0.526349320046137,0.3725072568898092,0.22388030325472216,-0.5444533423115796,16,10.0,11.0,7.0,0.3528650975397485
2025-04-11 15:48:03.392000+00:00,27,-0.4866829207320224,-0.46056415879914625,-0.5507789143384355,0.62069501132881,0.30836343655839094,-0.577529960788705,15,10.0,11.0,7.0,0.2516433640660724
2025-04-11 15:48:06.859000+00:00,6,-0.46577947097520017,-0.43454012363003586,-0.5210160987569734,0.5710574604410098,0.5195712698175629,-0.548240375441569,16,10.0,11.0,7.0,0.4338424843186893
2025-04-11 15:48:08.152000+00:00,31,0.8752408210772763,-0.48454498459547535,-0.5213601775498224,0.47178235866540946,0.4984504864916457,0.03213443601141341,18,10.0,11.0,7.0,-3.6150268546283533
2025-04-11 15:48:15.674000+00:00,12,-0.47879080194628354,-0.4469069172021341,-0.5571443720061475,0.47178235866540946,0.4350881365138941,-0.5696682717593591,19,10.0,11.0,7.0,0.4135981376239541
2025-04-11 15:48:25.606000+00:00,14,-0.7000900787085619,-0.4058276550756862,-0.3828684634279887,0.7447888885483104,0.05491403664738459,-0.6022655189542078,11,10.0,11.0,7.0,0.7982407248239232
2025-04-11 15:48:27.541000+00:00,63,-0.4731383384916325,-0.4713178923401012,-0.5609292387274893,0.5462386849971097,0.30836343655839094,-0.5790639488919918,17,10.0,11.0,7.0,0.5350642177923653
2025-04-11 15:48:44.533000+00:00,4,-0.4876427730167745,-0.40894623780256345,-0.5306503049567532,0.5958762358849099,0.4139673531879769,-0.5493429293908063,20,10.0,11.0,7.0,0.49457552440289493
2025-04-11 15:48:45.063000+00:00,10,-0.49606814307182034,-0.4313140035677493,0.17195859004146946,0.5214199095532096,0.4562089198398113,-0.36732565351016105,19,10.0,11.0,7.0,0.8387294182133935
2025-04-11 15:48:50.327000+00:00,44,-0.32830729374793405,-0.4207753446976137,-0.37839543912094814,0.3725072568898092,0.2872426532324737,-0.4405735854421145,15,10.0,11.0,7.0,0.4540868310134245
2025-04-11 15:48:53.964000+00:00,7,-0.4229060689229418,-0.45120841061851596,-0.5294460291817805,0.3476884814459091,0.6040544031212317,-0.5387488240524811,19,10.0,11.0,7.0,0.3528650975397485
2025-04-11 15:48:55.850000+00:00,5,-0.4286651826314543,-0.41217235786485,-0.4900490074005385,0.5462386849971097,0.5195712698175629,-0.5129586490659683,17,10.0,11.0,7.0,0.33262075084501325
2025-04-11 15:48:58.514000+00:00,18,-0.4448760212183776,-0.273879344528171,-0.4805868405971835,0.3725072568898092,-0.029569096656284193,-0.4559614036032119,19,10.0,11.0,7.0,0.4338424843186893
2025-04-11 15:49:05.967000+00:00,30,-0.4368772521787772,-0.43400243695298785,-0.5031240015288111,0.3973260323337093,0.5195712698175629,-0.5300242667150364,19,10.0,11.0,7.0,0.3528650975397485
2025-04-11 15:49:08.921000+00:00,1,-0.4378371044635293,-0.4841148352538374,-0.5215322169462473,0.5462386849971097,0.4773297031657285,-0.557923675343568,19,10.0,11.0,7.0,0.2718877107608076
2025-04-11 15:49:10.317000+00:00,81,-0.468872328337179,-0.45357423199752583,-0.05513341323905314,0.5710574604410098,0.6674167530989833,-0.4283016806158187,21,10.0,11.0,7.0,0.49457552440289493
2025-04-11 15:49:38.999000+00:00,22,-0.46183341158233077,-0.38969705476425415,-0.5167151138463577,0.29805093055810894,0.32948421988430815,-0.5252784910204922,17,10.0,11.0,7.0,0.3933537909292189
2025-04-11 15:49:42.136000+00:00,27,-0.45383464254273004,-0.40937638714420144,-0.5077690652322759,0.47178235866540946,0.2872426532324737,-0.5279629702012442,16,10.0,11.0,7.0,0.17066597728713154
2025-04-11 15:49:46.144000+00:00,6,-0.44050336081006264,-0.4373360943506837,-0.5106937349714953,0.49660113410930956,0.5618128364693973,-0.5352494136918574,17,10.0,11.0,7.0,0.3933537909292189
2025-04-11 15:49:59.549000+00:00,31,-0.4739915405225231,-0.4571229640660411,-0.5180914290177546,0.4469635832215094,0.5195712698175629,-0.5611834000630527,19,10.0,11.0,6.0,0.33262075084501325
2025-04-11 15:50:03.775000+00:00,14,-0.5439541070555618,-0.5593909700405214,-0.630261115486619,0.7696076639922105,0.32948421988430815,-0.6694733727294678,12,10.0,11.0,7.0,0.37310944423448367
2025-04-11 15:50:23.241000+00:00,87,-0.3778996617934571,-0.34044495514668127,-0.4924575589504834,0.3476884814459091,0.26612186990655656,-0.4588376312968751,20,10.0,11.0,7.0,0.2516433640660724
2025-04-11 15:50:23.793000+00:00,4,-0.5042802126191437,-0.46647871224667137,-0.5514670719241342,0.4221448077776093,0.39284656986205974,-0.5882678775117139,21,10.0,11.0,7.0,0.8387294182133935
2025-04-11 15:50:28.150000+00:00,10,-0.4684457273217335,-0.4795982671666362,-0.5093174198000977,0.4221448077776093,0.5829336197953144,-0.5662647356551912,20,10.0,11.0,7.0,0.3528650975397485
2025-04-11 15:50:31.844000+00:00,44,-0.4875361227629134,-0.4819640885456469,-0.5382200383994374,0.47178235866540946,0.4350881365138941,-0.5839535359712192,16,10.0,11.0,7.0,0.47433117770815975
2025-04-11 15:50:33.473000+00:00,7,-0.42034646283026955,-0.449272738581144,-0.5213601775498224,0.4469635832215094,0.6251751864471489,-0.5344824196402144,20,10.0,11.0,7.0,0.37310944423448367
2025-04-11 15:50:35.964000+00:00,5,-0.4267454780619501,-0.4114195965169827,-0.49194144076120944,0.5214199095532096,0.5829336197953144,-0.5122875292707805,18,10.0,11.0,7.0,0.312376404150278
2025-04-11 15:50:39.923000+00:00,18,-0.45959375625124255,-0.4341099742883979,-0.49985525299674266,0.5958762358849099,0.26612186990655656,-0.5393720067194411,20,10.0,11.0,7.0,0.4135981376239541
2025-04-11 15:50:45.656000+00:00,30,-0.43858365624055884,-0.4383039303693697,-0.49985525299674266,0.3476884814459091,0.4562089198398113,-0.5317979404594616,20,10.0,11.0,7.0,0.33262075084501325
2025-04-11 15:51:09.023000+00:00,16,-0.4386903064944199,-0.4892766273534959,-0.5471660870135185,0.3725072568898092,0.4773297031657285,-0.5677507866302501,20,10.0,11.0,7.0,0.33262075084501325
2025-04-11 15:51:25.672000+00:00,6,-0.4215196156227446,-0.43572303431954124,-0.5191236653963025,0.5214199095532096,0.646295969773066,-0.5283464672270665,18,10.0,11.0,7.0,0.33262075084501325
2025-04-11 15:51:38.531000+00:00,31,-0.46151346082074673,-0.47626460976894036,-0.5272095170282606,0.47178235866540946,0.5195712698175629,-0.5666482326810128,20,10.0,11.0,7.0,0.312376404150278
2025-04-11 15:51:40.719000+00:00,14,-0.5213442532369579,-0.581651198470298,-0.5917242906875,0.6951513376605102,0.4562089198398113,-0.6584957703653204,13,10.0,11.0,7.0,0.33262075084501325
2025-04-11 15:51:46.463000+00:00,23,-0.48337676286232106,-0.49884745020494553,-0.5578325295918457,0.49660113410930956,0.4984504864916457,-0.5950749497200497,23,10.0,11.0,7.0,0.4135981376239541
2025-04-11 15:52:02.360000+00:00,4,-0.46279326386708286,-0.43464766096544516,-0.49847893782534575,0.5462386849971097,0.4139673531879769,-0.5406663091815895,22,10.0,11.0,7.0,0.3933537909292189
2025-04-11 15:52:07.141000+00:00,10,-0.439330208017588,-0.4530365453204778,-0.5137904441071383,0.4469635832215094,0.6040544031212317,-0.5425837943106986,21,10.0,11.0,7.0,0.15042163059239633
2025-04-11 15:52:10.531000+00:00,44,-0.4411432623332307,-0.4415300504316563,-0.506392750060879,0.3973260323337093,0.4562089198398113,-0.5362081562564123,17,10.0,11.0,7.0,0.3528650975397485
2025-04-11 15:52:13.111000+00:00,7,-0.433997695324521,-0.4330346009343019,-0.5093174198000977,0.4221448077776093,0.6251751864471489,-0.5300242667150364,21,10.0,11.0,7.0,0.33262075084501325
2025-04-11 15:52:15.977000+00:00,5,-0.44562257299540714,-0.4424978864503422,-0.5014036075645645,0.47178235866540946,0.5618128364693973,-0.5372627730774217,19,10.0,11.0,7.0,0.47433117770815975
2025-04-11 15:52:25.282000+00:00,30,-0.4296250349162064,-0.4472295292083628,-0.46355494035114425,0.3973260323337093,0.6040544031212317,-0.5216352692751859,21,10.0,11.0,7.0,0.3528650975397485
2025-04-11 15:52:43.314000+00:00,55,-0.41693365470670674,-0.4263672861389102,-0.5265213594425618,0.32286970600200904,0.30836343655839094,-0.5241759370712548,22,10.0,11.0,7.0,0.3528650975397485
2025-04-11 15:52:47.958000+00:00,16,-0.47100533341440576,-0.4586284867617743,-0.5414887869315053,0.3973260323337093,0.4984504864916457,-0.5670317297068344,21,10.0,11.0,7.0,0.37310944423448367
2025-04-11 15:52:52.336000+00:00,81,-0.5421410527399191,-0.6114390403787429,-0.6693140584750114,0.5958762358849099,0.4773297031657285,-0.7027417397195043,23,10.0,11.0,7.0,0.33262075084501325
2025-04-11 15:52:58.589000+00:00,22,-0.4459425237569911,-0.4035693710320856,-0.5172312320356316,0.3725072568898092,0.32948421988430815,-0.5244635598406211,19,10.0,11.0,7.0,0.312376404150278
2025-04-11 15:53:01.436000+00:00,27,-0.45010188365758314,-0.4520687093017919,-0.4898769680041137,0.5214199095532096,0.5195712698175629,-0.5403307492839959,18,10.0,11.0,7.0,0.19091032398186675
2025-04-11 15:53:17.523000+00:00,31,-0.3874981846409772,-0.4576606507430883,-0.5022638045466875,0.4469635832215094,0.6885375364249005,-0.518135858914562,21,10.0,11.0,7.0,-0.07226618304969103
2025-04-11 15:53:17.662000+00:00,14,-0.5505664227949645,-0.5707899275939337,-0.6273364457473996,0.7447888885483104,0.24500108658063935,-0.6767118790918537,14,10.0,11.0,7.0,0.5553085644871006
2025-04-11 15:53:41.750000+00:00,4,-0.458527253712629,-0.46637117491126207,-0.5260052412532878,0.5958762358849099,0.4984504864916457,-0.5605602173960929,23,10.0,11.0,7.0,0.37310944423448367
2025-04-11 15:53:44.466000+00:00,87,-0.4382637054789748,-0.4034618336966763,-0.5129302471250152,0.4221448077776093,0.3506050032102253,-0.5197657212743048,22,10.0,11.0,7.0,0.33262075084501325
2025-04-11 15:53:46.637000+00:00,10,-0.4374105034480838,-0.4615319948178322,-0.5239407684961921,0.47178235866540946,0.6040544031212317,-0.548336249698025,22,10.0,11.0,7.0,0.2921320574555428
2025-04-11 15:53:50.006000+00:00,44,-0.46012700752054914,-0.4631450548489755,0.32472957406654857,0.4469635832215094,0.6251751864471489,-0.3227920613866109,18,10.0,11.0,7.0,0.312376404150278
2025-04-11 15:53:55.531000+00:00,5,-0.4379437547173908,-0.43314213826971193,-0.49194144076120944,0.49660113410930956,0.5406920531434801,-0.5270042276366901,20,10.0,11.0,7.0,0.4540868310134245
2025-04-11 15:53:59.005000+00:00,18,-0.42226616739977374,-0.40905377513797275,-0.4971026226539488,0.5462386849971097,0.4139673531879769,-0.5106576669110384,22,10.0,11.0,7.0,0.37310944423448367
2025-04-11 15:54:06.637000+00:00,1,-0.47783094966153145,-0.4522837839726112,1.0287147842361684,0.4469635832215094,0.5406920531434801,-0.12974924601359022,22,10.0,11.0,7.0,0.6767746446555118
2025-04-11 15:54:23.219000+00:00,55,-0.4424230653795668,-0.39475130952850335,-0.5091453804036735,0.4469635832215094,0.22388030325472216,-0.5166977450677305,23,10.0,11.0,7.0,0.3933537909292189
2025-04-11 15:54:26.887000+00:00,16,-0.4640730669134186,-0.4736837137191111,-0.5239407684961921,0.49660113410930956,0.646295969773066,-0.5657374272446866,22,10.0,11.0,7.0,0.3528650975397485
2025-04-11 15:54:28.578000+00:00,81,-0.5345688847157638,-0.5418623843687647,-0.5602410811417912,0.5462386849971097,0.5618128364693973,-0.63793074235563,24,10.0,11.0,7.0,0.47433117770815975
2025-04-11 15:54:38.452000+00:00,22,-0.4305848872009581,-0.4221733300579376,-0.5032960409252354,0.3476884814459091,0.4350881365138941,-0.5219708291727795,20,10.0,11.0,7.0,0.3933537909292189
2025-04-11 15:54:52.823000+00:00,12,-0.4262122267926436,-0.3175395027044474,-0.47749013146153985,0.5462386849971097,0.32948421988430815,-0.46617201191571556,23,10.0,11.0,7.0,0.3933537909292189
2025-04-11 15:54:54.317000+00:00,14,-0.5009740547494419,-0.5106765570999958,-0.6053154030050458,0.7199701131044103,0.3506050032102253,-0.6214883073735225,15,10.0,11.0,7.0,0.2718877107608076
2025-04-11 15:54:57.486000+00:00,31,-0.4570341501585703,-0.4517460972955632,-0.487812495247018,0.47178235866540946,0.4984504864916457,-0.5427276056953817,22,10.0,11.0,7.0,0.33262075084501325
2025-04-11 15:55:20.848000+00:00,4,-0.42887848313917687,-0.43991699040051296,-0.5189516259998777,0.5214199095532096,0.5406920531434801,-0.5334757399474322,24,10.0,11.0,7.0,0.3933537909292189
2025-04-11 15:55:25.996000+00:00,10,-0.4316513897395717,-0.4328195262634833,-0.46888816164030783,0.3973260323337093,0.6040544031212317,-0.5176085505040574,23,10.0,11.0,7.0,0.3933537909292189
2025-04-11 15:55:35.326000+00:00,5,-0.4406100110639241,-0.39303071216195,-0.05650972841045009,0.47178235866540946,0.5195712698175629,-0.38899323546908954,21,10.0,11.0,7.0,0.49457552440289493
2025-04-11 15:55:39.050000+00:00,18,-0.4344242963399665,-0.4119572831940307,-0.4659634919010891,0.5710574604410098,0.4562089198398113,-0.5087401817819295,23,10.0,11.0,7.0,0.4540868310134245
2025-04-11 15:55:45.007000+00:00,30,-0.4305848872009581,-0.4176567619707364,-0.4809309193900326,0.4221448077776093,0.5618128364693973,-0.513725643117612,23,10.0,11.0,7.0,0.33262075084501325
2025-04-11 15:55:54.657000+00:00,1,-0.4352774983708571,-0.43454012363003586,-0.4907371649862373,0.49660113410930956,0.6251751864471489,-0.5260934222003631,23,10.0,11.0,7.0,0.2718877107608076
2025-04-11 15:56:05.824000+00:00,16,-0.2946058135277514,-0.3899121294350735,0.001467548184652973,0.3725072568898092,0.5195712698175629,-0.3058223179939987,23,10.0,11.0,7.0,0.3933537909292189
2025-04-11 15:56:05.902000+00:00,81,-0.5232639578064617,-0.5425076083812219,-0.5483703627884907,0.5710574604410098,0.5406920531434801,-0.6298293676851451,25,10.0,11.0,7.0,0.777996378129188
2025-04-11 15:56:18.271000+00:00,22,-0.38344547499424664,-0.4117422085232113,-0.4738773041366223,0.4469635832215094,0.4562089198398113,-0.48793546813109995,21,10.0,11.0,7.0,0.4540868310134245
2025-04-11 15:56:32.028000+00:00,14,-0.5015073060187488,-0.5736934356499909,-0.6123690182584561,0.7447888885483104,0.39284656986205974,-0.6517845724134399,16,10.0,11.0,7.0,0.21115467067660196
2025-04-11 15:56:33.885000+00:00,12,-0.42887848313917687,-0.3357133123886615,-0.10691727156286898,0.47178235866540946,0.4139673531879769,-0.3722152405893885,24,10.0,11.0,7.0,0.49457552440289493
2025-04-11 15:56:36.937000+00:00,31,-0.4297316851700675,-0.41819444864778443,-0.48901677102199065,0.4469635832215094,0.4562089198398113,-0.5158348767596316,23,10.0,11.0,7.0,0.3528650975397485
2025-04-11 15:56:42.225000+00:00,23,-0.4592738054896585,-0.4494878132519634,-0.5077690652322759,0.5214199095532096,0.5406920531434801,-0.5482883125697969,26,10.0,11.0,7.0,0.4338424843186893
2025-04-11 15:56:50.784000+00:00,63,-0.45106173594233523,-0.3928156374911314,-0.05478933444620344,0.5462386849971097,0.5195712698175629,-0.3931158284966732,22,10.0,11.0,7.0,0.47433117770815975
2025-04-11 15:57:04.812000+00:00,87,-0.42450582273086196,-0.3713081704092215,-0.4967585438610991,0.3973260323337093,0.3506050032102253,-0.4947425403394357,24,10.0,11.0,7.0,0.312376404150278
2025-04-11 15:57:05.811000+00:00,10,-0.4378371044635293,-0.37958854523575647,-0.467339807072486,0.4469635832215094,0.6251751864471489,-0.49622859131449526,24,10.0,11.0,7.0,0.6565302979607767
2025-04-11 15:57:13.907000+00:00,7,-0.4079750333823543,-0.36829712501775425,-0.4881565740398676,0.4469635832215094,0.5618128364693973,-0.4835731894623772,24,10.0,11.0,7.0,0.312376404150278
2025-04-11 15:57:25.004000+00:00,30,-0.439650158779172,-0.4317441529093873,-0.49366183472545605,0.47178235866540946,0.5406920531434801,-0.5276274103036506,24,10.0,11.0,7.0,0.3528650975397485
2025-04-11 15:57:43.441000+00:00,55,-0.38013931712454524,0.8354758075567278,1.1830341228290686,0.49660113410930956,-1.4657823628186535,0.5312078779901861,25,10.0,11.0,7.0,0.4135981376239541
2025-04-11 15:57:43.594000+00:00,81,-0.5443807080710069,-0.5846622438617651,-0.6304331548830432,0.5462386849971097,0.5829336197953144,-0.6809782835041206,26,10.0,11.0,7.0,0.7577520314344527
2025-04-11 15:57:50.160000+00:00,16,-0.48828267453994256,-0.5001378982298602,-0.5478542445992167,0.5710574604410098,0.751899886402652,-0.5950749497200497,24,10.0,11.0,7.0,0.5148198710976302
2025-04-11 15:57:52.756000+00:00,44,-0.47868415169242207,-0.4721781910233779,-0.5260052412532878,0.47178235866540946,0.6251751864471489,-0.5722089395554281,20,10.0,11.0,7.0,0.4135981376239541
2025-04-11 15:58:00.347000+00:00,27,-0.43762380395580674,-0.39496638419932195,0.027273457648349084,0.5710574604410098,0.26612186990655656,-0.36516848273991365,21,10.0,11.0,7.0,0.23139901737133717
2025-04-11 15:58:09.233000+00:00,14,-0.507586370488845,-0.5808984371224306,-0.6226913820439348,0.7199701131044103,0.30836343655839094,-0.6606050040073406,17,10.0,11.0,7.0,0.23139901737133717
2025-04-11 15:58:16.932000+00:00,31,-0.45468784457362105,-0.4365833330028171,-0.5032960409252354,0.5214199095532096,0.6040544031212317,-0.539228195334758,24,10.0,11.0,7.0,0.33262075084501325
2025-04-11 15:58:46.238000+00:00,10,-0.4312247887241262,-0.40002063896357115,-0.46544737371181516,0.4221448077776093,0.6040544031212317,-0.5018372353171378,25,10.0,11.0,7.0,0.6970189913502471
2025-04-11 15:58:54.547000+00:00,7,-0.3914442440338466,-0.3779754852046132,-0.48832861343629186,0.49660113410930956,0.5618128364693973,-0.4805052132558036,25,10.0,11.0,7.0,0.2516433640660724
2025-04-11 15:58:59.687000+00:00,18,-0.42450582273086196,-0.33463793903456546,-0.4422220551944893,0.5214199095532096,0.11827638662513618,-0.4631999099655972,25,10.0,11.0,7.0,0.37310944423448367
2025-04-11 15:59:04.791000+00:00,30,-0.4187467090223498,-0.41894720999565105,-0.4723289495688005,0.5214199095532096,0.5195712698175629,-0.506583011011682,25,10.0,11.0,7.0,0.4135981376239541
2025-04-11 15:59:14.285000+00:00,1,-0.2930060597198313,-0.2151639593945578,-0.3687612329211682,-0.3224184555393931,0.5829336197953144,-0.3303661276465904,25,10.0,11.0,7.0,0.13017728389766112
2025-04-11 15:59:20.111000+00:00,81,-0.5155851395284454,-0.5740160476562195,-0.5378759596065877,0.5710574604410098,0.6885375364249005,-0.6374993082015805,27,10.0,11.0,7.0,0.4135981376239541
2025-04-11 15:59:28.514000+00:00,16,-0.46577947097520017,-0.47099528033387256,-0.546305890031395,0.47178235866540946,0.5829336197953144,-0.5715378197602402,25,10.0,11.0,7.0,0.33262075084501325
2025-04-11 15:59:31.613000+00:00,44,-0.4587405542203519,-0.41012914849206805,-0.4979628196360718,0.3476884814459091,0.5618128364693973,-0.5277712216883338,21,10.0,11.0,7.0,0.3933537909292189
2025-04-11 15:59:32.257000+00:00,5,-0.5008674044955808,-0.3848578746708243,-0.505016434889482,0.3973260323337093,0.4984504864916457,-0.5374065844621048,23,10.0,11.0,7.0,0.5553085644871006
2025-04-11 15:59:43.436000+00:00,27,-0.46002035726668766,-0.40937638714420144,-0.5198118229820007,0.5958762358849099,0.5829336197953144,-0.5340989226143922,22,10.0,11.0,7.0,0.33262075084501325
2025-04-11 15:59:45.297000+00:00,55,-0.4094681369364133,-0.3779754852046132,-0.4933177559326064,0.27323215511420884,0.4139673531879769,-0.48999676464489145,26,10.0,11.0,7.0,0.4540868310134245
2025-04-11 15:59:46.149000+00:00,14,-0.49937430094152213,-0.48992185136595323,-0.6269923669545505,0.7447888885483104,0.646295969773066,-0.6175574628588493,18,10.0,11.0,7.0,0.4540868310134245
2025-04-11 15:59:56.502000+00:00,31,-0.44370286842590295,-0.4314215409031586,-0.5060486712680299,0.47178235866540946,0.646295969773066,-0.5327566830240165,25,10.0,11.0,7.0,0.2921320574555428
2025-04-11 16:00:06.036000+00:00,6,0.3244989101373223,1.4324155564151289,1.6000576197623917,-1.8860013085050982,-1.4235407961668192,1.2302270818067704,23,10.0,11.0,7.0,-1.7120582653232432
2025-04-11 16:00:15.704000+00:00,12,0.7060935184531928,1.0224832338339318,2.524941414941248,-1.7619074312855976,-1.5502654961223223,1.4767197951536966,26,10.0,11.0,7.0,0.3933537909292189
2025-04-11 16:00:25.702000+00:00,87,-0.29769867088972984,0.8261200593760968,1.4441899266016696,-1.9356388593928981,-1.740352546055577,0.6368613086040764,26,10.0,11.0,7.0,0.595797257876571
2025-04-11 16:00:26.594000+00:00,10,0.4408543371000425,1.2012102852846005,1.2563229057059648,-1.7619074312855976,-1.296816096211316,1.083683280814637,26,10.0,11.0,7.0,-0.8213070107548939
2025-04-11 16:00:35.315000+00:00,7,0.698308049921315,0.30811271470830337,1.5487898796278505,-1.0173441679685953,-1.0222459129743924,0.8827787764122705,26,10.0,11.0,7.0,-1.9145017322705955
2025-04-11 16:00:40.950000+00:00,18,0.5118834061716947,1.3917664436303196,1.9572114067399409,-1.6874511049538974,-1.7192317627296598,1.395849859833537,26,10.0,11.0,7.0,-0.39617573016545443
2025-04-11 16:00:41.342000+00:00,4,-0.010489537241144131,0.14777454761266717,1.0218332083791828,-0.3968747818710933,-1.4235407961668192,0.34588294026182814,27,10.0,11.0,7.0,-1.4286374115969502
2025-04-11 16:00:44.994000+00:00,30,0.5867518843823545,1.3566017349513977,3.0407155254223133,-1.6129947786221972,-1.6981109794037426,1.7157343164970995,26,10.0,11.0,7.0,-0.3354426900812488
2025-04-11 16:00:56.260000+00:00,63,0.40821935941847304,1.6123255185553031,4.224862691013099,-1.563357227734397,-1.951560379314749,2.079433308360796,24,10.0,11.0,7.0,-1.6108365318495672
2025-04-11 16:01:07.372000+00:00,16,1.1952982329151551,1.2243308123976537,2.6766801625877785,-1.8860013085050982,-1.2334537462335644,1.8288659391145135,26,10.0,11.0,7.0,-1.5905921851548321
2025-04-11 16:01:11.370000+00:00,44,1.045667926747696,1.4218768975449934,3.6301224975731246,-2.134189062944099,-1.4657823628186535,2.1153382174033566,22,10.0,11.0,7.0,-2.501587786417917
2025-04-11 16:01:11.812000+00:00,5,0.5030314351012037,0.38930340294251253,1.9112768878945632,-1.3896257996270964,0.5195712698175629,0.932201955615048,24,10.0,11.0,7.0,-1.6513252252390376
2025-04-11 16:01:20.058000+00:00,22,0.45749177670241203,0.7810619158394965,2.718485735918966,0.3973260323337093,-1.4869031461445708,1.3112887656398418,24,10.0,11.0,6.0,-0.5176418103338657
2025-04-11 16:01:23.065000+00:00,27,0.14223362628829356,0.46038558164822396,2.2409043714441697,-1.0173441679685953,-1.296816096211316,0.8935646302635067,23,10.0,11.0,7.0,-0.27470964999704317
2025-04-11 16:01:24.170000+00:00,14,-0.21109866475432285,-0.27732053926127614,-0.017628824818481992,-0.22314335376379274,0.30836343655839094,-0.22341839457055168,19,10.0,11.0,7.0,-1.1249722111759222
2025-04-11 16:01:25.751000+00:00,55,0.1027730323595984,1.0618418985938263,3.532920238593203,-1.5137196768465968,-1.5925070627741567,1.503948083987041,27,10.0,11.0,7.0,-1.205949597954863
2025-04-11 16:01:36.058000+00:00,31,-0.21472477338560825,1.0722730201285526,3.1623473786945326,-1.1662568206319959,-1.2334537462335644,1.2626325804887086,26,10.0,11.0,7.0,0.4540868310134245
2025-04-11 16:01:52.347000+00:00,23,3.0198707759749426,-0.45131594795392527,-0.0611547921139155,0.47178235866540946,0.4773297031657285,1.139146538174106,29,10.0,11.0,7.0,-0.6998409305864827
2025-04-11 16:02:22.482000+00:00,6,3.0013136318030695,-0.5620794034257599,0.3243854952736995,0.5710574604410098,0.5618128364693973,1.1888573401462499,24,10.0,11.0,7.0,-0.639107890502277
2025-04-11 16:02:29.808000+00:00,87,2.3961800913938323,-0.4263672861389102,-0.02967158256820611,0.49660113410930956,0.6040544031212317,0.878704120512914,27,10.0,11.0,7.0,-0.6188635438075418
2025-04-11 16:02:39.360000+00:00,4,2.7152776509469585,0.420274155540462,0.46442556396335505,-0.9677066170807951,-0.3886224131968765,1.5372164509770767,28,10.0,11.0,7.0,-0.740329623975953
2025-04-11 16:02:39.930000+00:00,10,3.8400112281686396,-0.4317441529093873,0.029165891009019975,0.5958762358849099,0.5195712698175629,1.5416746039022553,27,10.0,11.0,7.0,-0.537886157028601
2025-04-11 16:02:44.448000+00:00,7,3.0301092003456316,-0.3576509288122086,0.10503526483228529,0.47178235866540946,0.4350881365138941,1.2318090070382859,27,10.0,11.0,7.0,-0.537886157028601
2025-04-11 16:03:00.793000+00:00,18,3.3824816391034958,0.513186413334312,0.7548280651281444,-0.7691564135295945,-1.7192317627296598,1.959446676406817,27,10.0,11.0,7.0,-1.6310808785443025
2025-04-11 16:03:01.477000+00:00,1,3.5446966752265925,-0.021059068980323434,0.18916252968393354,0.17395705333860853,0.3506050032102253,1.6365901177931366,27,10.0,11.0,7.0,-1.5501034917653616
2025-04-11 16:03:11.432000+00:00,30,3.2348776877594028,0.4332861731250176,0.4236522270107155,-1.0173441679685953,-0.6843133797597173,1.7652054328281037,27,10.0,11.0,7.0,-0.8617957041443643
2025-04-11 16:03:21.864000+00:00,5,3.330649615726885,-0.16644954645403215,0.08318626148635641,0.27323215511420884,0.03379325332146739,1.4460400330879577,25,10.0,11.0,7.0,-1.7930356521021842
2025-04-11 16:03:30.544000+00:00,63,3.1442249719772635,-0.3784056345462519,0.10968032853575069,0.6455137867727101,-0.26189771324137334,1.2751441709561429,25,10.0,11.0,7.0,-0.23422095660757272
2025-04-11 16:03:32.525000+00:00,27,3.24906217152296,0.5391029111680131,0.8470411816117507,0.17395705333860853,-0.8321588630411376,1.936724477626879,24,10.0,11.0,7.0,-0.6188635438075418
2025-04-11 16:03:36.252000+00:00,16,3.791911963677176,-0.1682776811559948,0.2590105246323365,0.14913827789470846,0.39284656986205974,1.701544926541694,27,10.0,11.0,7.0,-0.4973974636391305
2025-04-11 16:03:46.232000+00:00,44,3.8593149241175415,-0.19053790958577135,0.6645073820052094,-0.2479621292076928,0.26612186990655656,1.8349060172712062,23,10.0,11.0,7.0,-0.5581305037233362
2025-04-11 16:03:47.949000+00:00,55,3.80897600429499,0.010019220953036137,0.4883390400663797,-0.3720560064271932,-0.4519847631746281,1.8525948175872342,28,10.0,11.0,7.0,-0.37593138347071925
2025-04-11 16:03:53.163000+00:00,31,3.8082294525179603,0.8411752863334335,0.34158943491616295,0.49660113410930956,-0.26189771324137334,2.1818749513834295,27,10.0,11.0,7.0,-0.29495399669177835
2025-04-12 12:32:48.514000+00:00,87,-0.7352092988957641,-0.7426404505048538,-0.934714106123413,0.8041319162277079,0.9433831765713779,-0.9180929761380159,2,10.0,11.0,6.0,0.8159818982977618
2025-04-12 12:34:26.196000+00:00,87,2.1012893737956126,2.4181389084195852,2.146235141084857,-1.8182549651720872,-1.4731138451099488,2.627395523106382,3,10.0,11.0,7.0,-1.678660381775649
2025-04-12 12:35:17.228000+00:00,31,-0.7888088315589442,-0.7986778049038235,-0.95703453961093,0.8241501366964086,1.0469473346434348,-0.9736328046084732,2,10.0,11.0,7.0,0.8159818982977618
2025-04-12 12:35:52.378000+00:00,44,-0.8491558231212127,-0.5064658495615563,1.0392583482529825,0.86418657763381,-0.7136433525815318,-0.3188433296891106,2,10.0,11.0,7.0,0.9095309838005148
2025-04-12 12:36:53.567000+00:00,31,1.2451223706704537,1.6384260201729752,1.8026755276005315,-1.4178905557980725,-1.4731138451099488,1.8001815524552878,3,10.0,11.0,7.0,-1.8033924957793193
2025-04-12 12:40:30.145000+00:00,87,-0.7828216497189082,-0.7411172606141809,-0.9545544914456504,0.8241501366964086,0.9951652556074063,-0.9423328165297837,5,10.0,11.0,6.0,0.8783479552995971
2025-04-12 12:40:53.662000+00:00,44,-0.8452594031935702,-0.8425296401774096,-1.0185980881843422,0.86418657763381,1.0814687206674538,-1.0349384203565843,4,10.0,11.0,7.0,0.9095309838005148
2025-04-12 12:42:01.185000+00:00,16,-0.8415530525306906,-0.8418081291765644,-1.0172851215086058,0.8842047981025107,1.0296866416314254,-1.0327027069223922,2,10.0,11.0,6.0,0.9251224980509736
2025-04-12 12:42:07.275000+00:00,87,0.44578607770944684,1.3534291748391583,2.384465650137895,-1.1576536897049632,-1.4213317660739202,1.4872601177537983,6,10.0,11.0,7.0,-0.11950895672976715
2025-04-12 12:42:28.436000+00:00,44,0.7245226544844596,0.5373200649943624,0.6112312119629565,-0.877398603143153,-0.7481647386055508,0.7262546431889549,5,10.0,11.0,7.0,-1.7878009815288605
2025-04-12 12:42:52.633000+00:00,31,-0.8018285761952132,-0.7966736076792538,-0.9843150694290056,0.8241501366964086,1.0987294136794632,-0.985360494377306,5,10.0,11.0,7.0,0.893939469550056
2025-04-12 12:43:10.733000+00:00,7,-0.8158937017876788,-0.8363567127257344,-0.9687053545063633,0.7841136957590071,1.0469473346434348,-1.0063840452672532,2,10.0,11.0,7.0,0.893939469550056
2025-04-12 12:43:35.980000+00:00,16,0.7694740356009215,0.6921242586201286,0.6825690680112948,-0.6772163984561458,-0.8172075106535887,0.8397269057348827,3,10.0,11.0,7.0,-1.8033924957793193
2025-04-12 12:43:48.526000+00:00,10,-0.8313843468658675,-0.8441329979570651,-0.9990494732344909,0.8441683571651093,0.9951652556074063,-1.024740429253252,2,10.0,11.0,6.0,0.9251224980509736
2025-04-12 12:44:28.719000+00:00,31,-0.32228382119803767,0.062245154882352056,0.3197526099495033,-0.17676088673862766,-0.3856901853533517,-0.01659056260341431,6,10.0,11.0,7.0,-0.384564698987567
2025-04-12 12:44:46.212000+00:00,7,0.7919972434753425,1.1073939235509784,1.2579402423561694,-1.177671910173664,-1.265985528965835,1.2068938084975622,3,10.0,11.0,7.0,-0.821127098000414
2025-04-12 12:45:23.583000+00:00,10,0.8794291052663457,1.7266908659430262,1.7866281571193106,-1.6380909809537807,-1.3868103800499014,1.6881213194467446,3,10.0,11.0,7.0,-0.4469307559894023
2025-04-12 12:45:49.209000+00:00,5,-0.8754804162908952,-0.5472713050537962,-0.9650582248515406,0.9042230185712115,0.5636479303071694,-0.8885580249810564,2,10.0,11.0,7.0,0.9563055265518912
2025-04-12 12:47:00.994000+00:00,22,-0.8105717623743137,-0.8142303753664848,-0.9865033472218995,0.8041319162277079,1.0987294136794632,-0.9981472062991766,2,10.0,11.0,6.0,0.8783479552995971
2025-04-12 12:47:27.664000+00:00,5,0.37089878739280546,0.4743882721428724,0.8555888988360976,-0.8373621622057515,-0.6618612735455034,0.6152142092907454,3,10.0,11.0,7.0,-1.5539282677719783
2025-04-12 12:48:12.356000+00:00,4,-0.8574238361384053,-0.8944784322382568,-1.0585706292012018,0.8842047981025107,1.0814687206674538,-1.0761226151969658,2,10.0,11.0,7.0,0.800390384047303
2025-04-12 12:48:19.936000+00:00,27,-0.8418381564278351,-0.8560780134155007,-0.9946729176487031,0.9242412390399122,1.0814687206674538,-1.0337225060327258,2,10.0,11.0,7.0,0.9251224980509736
2025-04-12 12:48:36.652000+00:00,22,1.4476411722754836,1.909794324379718,1.8400221352659192,-1.8182549651720872,-1.4385924590859298,2.026576954949272,3,10.0,11.0,7.0,-1.2732810112637196
2025-04-12 12:48:53.330000+00:00,1,-0.8830831868814171,-0.2438358452539378,0.19662551280267893,0.86418657763381,-0.3339081063173233,-0.4309035626976538,2,10.0,11.0,7.0,0.893939469550056
2025-04-12 12:49:46.032000+00:00,4,0.8049219534792301,1.067630650615514,1.0235027481441474,-1.1976901306423646,-1.0761179058337307,1.12974208349658,3,10.0,11.0,7.0,-1.7098434102765665
2025-04-12 12:49:54.798000+00:00,27,0.3183446356858224,0.5946401056170565,0.944724747599971,-1.0575625873614596,-0.8172075106535887,0.6763237098253305,3,10.0,11.0,7.0,-0.9458592120040844
2025-04-12 12:50:01.567000+00:00,7,-0.8203603295096106,-0.8321078146096468,-0.9881080842700215,0.86418657763381,1.0642080276554442,-1.011365371690804,5,10.0,11.0,7.0,0.9095309838005148
2025-04-12 12:50:38.629000+00:00,18,-0.8404126369421125,-0.8690652114307126,-0.8804448168596468,0.9242412390399122,1.1159901066914728,-1.0087766508722655,2,10.0,11.0,7.0,0.9095309838005148
2025-04-12 12:50:47.499000+00:00,14,-0.8827980829842725,-0.8810903947781314,-0.9796467434708322,0.9242412390399122,1.0642080276554442,-1.0588252533640061,2,10.0,11.0,6.0,0.9095309838005148
2025-04-12 12:50:58.913000+00:00,10,-0.8378467018678113,-0.8690652114307126,-0.9989035880482978,0.8842047981025107,1.0814687206674538,-1.0395667393957895,5,10.0,11.0,6.0,0.9407140123014324
2025-04-12 12:51:37.005000+00:00,7,0.6010726670208587,1.1140478583365498,1.2585237831009406,-1.177671910173664,-1.2832462219778444,1.1315071204183114,6,10.0,11.0,7.0,-0.4469307559894023
2025-04-12 12:51:45.350000+00:00,81,-0.8757655201880399,-0.9243008869398545,-1.0450033068852602,0.9042230185712115,1.0987294136794632,-1.0946358913537853,2,10.0,11.0,7.0,0.800390384047303
2025-04-12 12:52:14.120000+00:00,18,1.090881162315239,1.0472680068138862,1.0563269150375547,-1.6380909809537807,-1.0588572128217213,1.2466267507578532,3,10.0,11.0,7.0,-1.8813500670316134
2025-04-12 12:52:21.035000+00:00,14,1.2618484659696023,1.7148260183735737,0.5482088115276148,-1.0775808078301603,-1.0243358267977023,1.507185423448001,3,10.0,11.0,7.0,-1.6007028105233547
2025-04-12 12:52:33.436000+00:00,10,0.7380175722826365,1.5799034612155387,1.573198129719069,-1.1176172487675617,-1.196942756917797,1.5005567292308357,6,10.0,11.0,7.0,0.03640618577482102
2025-04-12 12:52:54.748000+00:00,55,-0.8055349268580928,-0.8457363557367211,-0.9908799028076872,0.8842047981025107,1.0987294136794632,-1.0126597321000732,2,10.0,11.0,6.0,0.8783479552995971
2025-04-12 12:53:02.141000+00:00,16,-0.844499126134518,-0.8590442253078638,-1.0350831142241421,0.8842047981025107,1.0124259486194158,-1.0471367866378787,5,10.0,11.0,6.0,0.9251224980509736
2025-04-12 12:53:03.091000+00:00,87,-0.6818948701297286,-0.5898404541036573,-0.8270508387130383,0.6840225934155035,0.511865851271141,-0.7923831242680891,8,10.0,11.0,7.0,0.6600667557931736
2025-04-12 12:53:10.224000+00:00,23,-0.8179844637000726,-0.801243177351273,-0.9720607137888004,0.8041319162277079,1.0469473346434348,-0.9909693894841389,2,10.0,11.0,7.0,0.8783479552995971
2025-04-12 12:53:18.595000+00:00,81,0.4510129824904307,0.9332692686803594,0.8812646916060506,-0.9174350440805545,-0.8862502827016265,0.8796951862514057,3,10.0,11.0,7.0,-1.4291961537683078
2025-04-12 12:54:12.574000+00:00,22,-0.8342353858373133,-0.8388419172842013,-1.0248711511906377,0.86418657763381,1.1505114927154916,-1.0302708782746743,5,10.0,11.0,6.0,0.9095309838005148
2025-04-12 12:54:30.097000+00:00,55,0.9795005731640912,1.3910279147720872,1.682903789736145,-0.6772163984561458,-2.1290201795663086,1.5373087202455376,3,10.0,11.0,7.0,-2.2711379232930837
2025-04-12 12:54:36.565000+00:00,16,1.352321435996814,1.5774182566570727,0.9671910662736801,-1.758200303765985,-1.1278999848697593,1.5899460435558161,6,10.0,11.0,7.0,-1.0082252690059197
2025-04-12 12:54:46.003000+00:00,23,1.2112900415426309,1.217704938791296,0.7924206132145634,-2.3787651382957073,-1.041596519809712,1.308756050402772,3,10.0,11.0,7.0,-2.0528567237866606
2025-04-12 12:55:00.896000+00:00,14,0.9325534647676179,1.0143991723309418,0.6385117417810321,-1.3378176739232697,-1.732024240290091,1.052864919794534,4,10.0,11.0,7.0,0.08318072852619747
2025-04-12 12:55:11.159000+00:00,4,-0.8521969313574216,-0.9020142138026391,-1.0346454586655633,0.8842047981025107,1.0987294136794632,-1.0712197348588253,5,10.0,11.0,7.0,0.8159818982977618
2025-04-12 12:55:18.541000+00:00,27,-0.8507714118716986,-0.8630526197570038,-1.003426028820278,0.8842047981025107,1.1332507997034822,-1.043175259324661,5,10.0,11.0,6.0,0.9251224980509736
2025-04-12 12:55:43.276000+00:00,6,-0.8512465850336062,-0.8515084437434816,-0.9932140657867737,0.8241501366964086,1.1332507997034822,-1.0349776433992897,2,10.0,11.0,6.0,0.9095309838005148
2025-04-12 12:55:47.343000+00:00,22,0.25733240169688304,0.6509981315719577,0.5225330187576617,-0.5971435165813429,-0.6618612735455034,0.5652048298417104,6,10.0,11.0,7.0,-0.7899440694994962
2025-04-12 12:55:53.210000+00:00,30,-0.8572337668736424,-0.8531919694121203,-0.9723524841611866,0.8241501366964086,1.0987294136794632,-1.0326634838796873,2,10.0,11.0,6.0,0.9563055265518912
2025-04-12 12:56:14.691000+00:00,12,-0.8409828447364014,-0.8369980558375969,-1.0080943547784516,0.8842047981025107,1.0814687206674538,-1.0276429344134312,2,10.0,11.0,6.0,0.9095309838005148
2025-04-12 12:56:44.964000+00:00,4,-0.21898117579932036,-0.8066945938021025,-1.0086778955232234,0.5639132706032992,0.6499513953672168,-0.7562587019366689,6,10.0,11.0,7.0,-1.242097982762802
2025-04-12 12:56:53.076000+00:00,27,-0.29605426266073714,-0.46646207295914416,-0.3508815909793486,-0.39696131189433564,0.4600837722351126,-0.44474929677256286,6,10.0,11.0,7.0,0.33264495653353854
2025-04-12 12:56:56.824000+00:00,7,-0.8379417365001925,-0.8605674151985373,-1.0028424880755067,0.86418657763381,1.0987294136794632,-1.0365073420647897,8,10.0,11.0,6.0,0.9563055265518912
2025-04-12 12:57:17.945000+00:00,6,0.5312222122204379,0.6512386352389061,0.5232624446886257,-0.7172528393935472,-0.45473295740138964,0.6785594232595233,3,10.0,11.0,7.0,-0.727578012497661
2025-04-12 12:57:27.953000+00:00,30,0.5415809871500243,0.5200038009740798,0.7498221388462305,-0.7973257212683501,-0.6446005805334939,0.6795399993271506,3,10.0,11.0,7.0,-1.3980131252673902
2025-04-12 12:57:28.977000+00:00,14,-0.8795669054833007,-0.8718710875451104,-0.9959858843244395,0.86418657763381,1.0814687206674538,-1.057374000783916,5,10.0,11.0,7.0,0.9563055265518912
2025-04-12 12:57:37.847000+00:00,18,-0.8550479703288674,-0.8208041422630736,-0.9742489915816943,0.8842047981025107,1.0987294136794632,-1.0164251441997654,5,10.0,11.0,6.0,0.9407140123014324
2025-04-12 12:57:49.652000+00:00,12,0.8881722914454458,1.9748104823447594,2.3405542090938263,-2.6590202248575174,-1.7147635472780813,1.9620550496993405,3,10.0,11.0,7.0,-1.1173658687591315
2025-04-12 12:58:04.447000+00:00,10,-0.8476352690031081,-0.8630526197570038,-1.0175768918809915,0.8842047981025107,1.0814687206674538,-1.0456855340577886,8,10.0,11.0,7.0,0.893939469550056
2025-04-12 12:58:06.636000+00:00,87,-0.6766679653487447,-0.5850303807646897,-0.8470371092214684,0.6640043729468028,0.54638723729516,-0.7932460312076021,11,10.0,11.0,6.0,0.5977006987913385
2025-04-12 12:58:18.589000+00:00,44,-0.8638861911403493,-0.8687445398747816,-1.022245217839165,0.9042230185712115,1.1850328787395106,-1.0564326477589931,7,10.0,11.0,7.0,0.9095309838005148
2025-04-12 12:58:25.895000+00:00,81,-0.8606550136393771,-0.8969636367967232,-1.0466080439333827,0.8842047981025107,1.0642080276554442,-1.0754558234709788,5,10.0,11.0,7.0,0.8159818982977618
2025-04-12 12:58:26.974000+00:00,4,-0.7978371216351893,-0.7956314251224778,-1.0035719140064712,0.86418657763381,0.6326907023552074,-0.9883806686656006,7,10.0,11.0,7.0,0.6444752415427148
2025-04-12 12:58:31.477000+00:00,7,0.41043319446351956,-0.037323363234272204,-0.14007749693057964,-1.2777630125171675,0.6844727813912358,0.11347304700678154,9,10.0,11.0,7.0,-0.21305804223252006
2025-04-12 12:58:55.433000+00:00,5,-0.8331900048811166,-0.8200024633732459,-0.9701642063682927,0.86418657763381,1.0124259486194158,-1.0059133687547916,5,10.0,11.0,6.0,0.8783479552995971
2025-04-12 12:59:03.281000+00:00,14,-0.23209595506797065,-0.5200142227996475,-0.8964921873408684,0.4838403887284963,0.06308783295889465,-0.5912473612762061,6,10.0,11.0,7.0,-1.66306886752519
2025-04-12 12:59:13.056000+00:00,18,1.0848939804752027,3.574961546441237,0.6971575866305859,-1.89832784704689,-1.4213317660739202,2.384291104420016,6,10.0,11.0,7.0,-1.8501670385306959
2025-04-12 12:59:39.025000+00:00,10,0.2991476399447538,1.513043441803892,0.9944715960917567,-0.03663334345772258,-0.9725537477616739,1.1311148899912593,9,10.0,11.0,7.0,-0.6808034697462846
2025-04-12 12:59:39.899000+00:00,55,-0.8301488966449078,-0.7876948041131813,1.117306922866195,0.86418657763381,-0.7481647386055508,-0.42760882711042314,5,10.0,11.0,7.0,0.9874885550528089
2025-04-12 12:59:47.993000+00:00,87,-0.6749573419658772,-0.12246166133399496,0.5136340223998936,0.6239679320094014,-0.575557808485456,-0.20038974071963156,12,10.0,11.0,7.0,0.550926156039962
2025-04-12 12:59:52.792000+00:00,44,0.7181553341148975,2.89048811030618,1.45780294744047,-1.3578358943919704,-1.7838063193261193,2.1025519886690995,8,10.0,11.0,7.0,-1.3668300967664724
2025-04-12 12:59:59.697000+00:00,81,-0.26982470412343595,1.0953687402035595,1.5198041515724603,0.32369462497889046,-1.2142034499298067,0.8331766576031268,6,10.0,11.0,7.0,0.5197431275390443
2025-04-12 13:00:03.032000+00:00,4,-0.7725579094217034,1.1681611833999324,1.0420301667906486,0.8842047981025107,-1.3177676080018634,0.5328458196099823,8,10.0,11.0,7.0,0.5977006987913385
2025-04-12 13:00:11.868000+00:00,23,-0.8237815762753457,1.7311000998370802,3.1863965186403744,0.8241501366964086,-2.0081953284822425,1.3636683101899476,5,10.0,11.0,7.0,0.8627564410491383
2025-04-12 13:00:31.030000+00:00,5,0.8384691787099087,2.9979932494321013,0.677463086494542,-1.4979634376728754,-1.990934635470233,1.995002405571646,6,10.0,11.0,7.0,-0.9458592120040844
2025-04-12 13:00:32.036000+00:00,63,0.38410860129383767,3.2165309147991854,1.2205936346907817,-1.8582914061094886,-1.6802421612540623,2.0604264408037953,2,10.0,11.0,6.0,0.9407140123014324
2025-04-12 13:00:49.313000+00:00,14,0.8093885812011615,1.6553414447483437,-0.13117850057281155,-1.0775808078301603,-1.7838063193261193,1.1086793095639274,7,10.0,11.0,7.0,-1.9748991525343664
2025-04-12 13:01:23.066000+00:00,1,0.9447178977124532,2.064197678560569,-0.3968354246301185,-1.5179816581415762,-0.3856901853533517,1.2931452794061322,4,10.0,11.0,7.0,-1.2109149542618842
2025-04-12 13:02:15.219000+00:00,18,0.7873405464886478,0.7662795559292092,0.30458055058543976,-1.1976901306423646,-1.4731138451099488,0.7817552486167082,7,10.0,11.0,7.0,-1.6007028105233547
2025-04-12 13:02:17.765000+00:00,4,0.650490675859252,-0.6730547228677923,-0.8916779761965019,0.16354886122928466,1.0642080276554442,-0.3005653917885219,9,10.0,11.0,7.0,-1.3356470682655548
2025-04-12 13:02:22.023000+00:00,81,1.3712333278407374,-0.41130656533898485,-0.058965333407316176,0.023421317948379598,0.2702161491030084,0.34885052628023916,7,10.0,11.0,7.0,-2.255546409042625
2025-04-12 13:02:47.681000+00:00,44,0.05177249185564474,0.8434010651306523,0.3652687880416939,0.16354886122928466,-1.3177676080018634,0.5322182509266996,9,10.0,11.0,7.0,-0.7119864982472022
2025-04-12 13:03:06.097000+00:00,31,-0.6598468354172151,-0.6788268108745534,-0.8677528056608629,0.724059034352905,0.8398190184993211,-0.837764184677919,8,10.0,11.0,7.0,0.5041516132885855
2025-04-12 13:03:18.874000+00:00,14,-0.7497495976501376,-0.7926652132301146,-0.9600981285209814,0.8842047981025107,0.8398190184993211,-0.9553940897505904,8,10.0,11.0,7.0,0.5353346417895032
2025-04-12 13:03:48.184000+00:00,12,-0.838702013559245,-0.8523101226333099,-0.9669547322720482,0.86418657763381,1.0987294136794632,-1.0231322845023414,5,10.0,11.0,7.0,0.8783479552995971
2025-04-12 13:03:57.102000+00:00,1,-0.8653117106260718,-0.918849470489025,-1.0368337364584572,0.8041319162277079,1.1159901066914728,-1.0854576993607856,5,10.0,11.0,7.0,0.8627564410491383
2025-04-12 13:04:11.317000+00:00,4,-0.5182452331687427,-0.5898404541036573,0.006974770751883249,0.44380394779109483,-0.14404048318521906,-0.5006029095846616,10,10.0,11.0,7.0,-0.29101561348481414
2025-04-12 13:04:36.406000+00:00,18,-0.8295786888506186,-0.8417279612875813,-0.9812514805189547,0.9042230185712115,1.0124259486194158,-1.0180332889506754,8,10.0,11.0,7.0,0.8471649267986795
2025-04-12 13:04:45.961000+00:00,31,-0.6907330909412104,-0.661911386299185,-0.8683363464056347,0.6239679320094014,0.7707762464512832,-0.8423925037171242,9,10.0,11.0,7.0,0.4261940420362914
2025-04-12 13:04:49.173000+00:00,16,1.006490408760445,0.3405078975416145,-0.6432355041099598,-2.0784918312651968,-0.35116879932933276,0.40905789683260646,10,10.0,11.0,7.0,-0.13510047098022596
2025-04-12 13:04:55.782000+00:00,14,-0.6464469522514197,-0.6614303789652882,-0.07399150758518713,0.5839314910719999,0.6326907023552074,-0.6103097600308972,9,10.0,11.0,7.0,0.5197431275390443
2025-04-12 13:05:02.439000+00:00,44,-0.7884286930294183,-0.7876146362241987,-0.9582016211004732,0.9042230185712115,0.54638723729516,-0.9683769168859865,10,10.0,11.0,7.0,0.6132922130417973
2025-04-12 13:05:08.355000+00:00,23,-0.8482054767973973,-0.8223273321537464,-1.0123250251780462,0.86418657763381,1.0296866416314254,-1.0245835370824314,7,10.0,11.0,7.0,0.9095309838005148
2025-04-12 13:05:22.048000+00:00,12,0.7955135248734588,0.8236797644408859,-0.17377697494114433,-0.877398603143153,-0.23034394824526644,0.6845997718361124,6,10.0,11.0,7.0,-0.7743525552490375
2025-04-12 13:05:31.309000+00:00,1,-0.49277595169049393,-0.5338832675936701,-0.31907862038929213,-1.377854114860671,0.8052976324753022,-0.5503769507774654,6,10.0,11.0,7.0,0.020814671524362203
2025-04-12 13:05:35.163000+00:00,6,-0.8507714118716986,-0.8490232391850152,-1.022391103025358,0.8842047981025107,1.1505114927154916,-1.0414102224029302,5,10.0,11.0,6.0,0.9407140123014324
2025-04-12 13:05:50.847000+00:00,63,-0.8516267235631324,-0.8406857787308052,-1.0061978473579438,0.8842047981025107,1.1332507997034822,-1.0333302756056744,4,10.0,11.0,6.0,0.9095309838005148
2025-04-12 13:05:55.769000+00:00,30,-0.8476352690031081,-0.8600062399756574,-1.0121791399918536,0.86418657763381,1.1505114927154916,-1.0427438058549041,5,10.0,11.0,7.0,0.9563055265518912
2025-04-12 13:06:11.548000+00:00,18,-0.08954400649568313,0.2528042269944427,0.1549023495515037,-0.7572892803309487,-0.8344682036655982,0.128377803234729,9,10.0,11.0,7.0,-0.7899440694994962
2025-04-12 13:06:25.731000+00:00,31,-0.7128761602861058,-0.6841980594364003,-0.8547690240896932,0.6439861524781021,0.8570797115113306,-0.8587877355678663,10,10.0,11.0,7.0,0.6912497842940913
2025-04-12 13:06:43.434000+00:00,23,-0.187429677848654,-0.568595963523218,-0.4689027066094208,0.20358530216668613,0.183912684042961,-0.4816189569153806,8,10.0,11.0,7.0,-0.0727344139783907
2025-04-12 13:07:00.906000+00:00,16,-0.7911846973684825,-0.8081376158037927,-0.9722065989749935,0.86418657763381,0.7707762464512832,-0.9833208961566392,11,10.0,11.0,7.0,0.5977006987913385
2025-04-12 13:07:09.726000+00:00,6,-0.6998564156498368,-0.09255903874341413,-0.40106609502971313,0.503858609197197,-0.4202115713773707,-0.441964460740499,6,10.0,11.0,7.0,0.6132922130417973
2025-04-12 13:07:25.227000+00:00,63,1.2473081672152293,0.9744755636175129,0.7186027090009459,-1.2977812329858682,-0.9725537477616739,1.1847720124118706,5,10.0,11.0,7.0,-1.818984010029778
2025-04-12 13:07:30.326000+00:00,30,0.8608973519519483,-0.004214025084380431,-0.16093907855616726,-1.0175261464240581,-0.1267797901732096,0.30998049095945934,6,10.0,11.0,7.0,-0.3221986419857318
2025-04-12 13:08:05.040000+00:00,31,-0.4978127872067145,-0.4201250331270922,-0.23125573830115445,0.16354886122928466,0.6326907023552074,-0.47318600273377853,11,10.0,11.0,7.0,-0.0727344139783907
2025-04-12 13:08:16.402000+00:00,44,-0.7451879352958243,-0.7195520984778107,-0.2874215349854287,0.8241501366964086,0.8052976324753022,-0.736882518840337,12,10.0,11.0,7.0,0.5665176702904208
2025-04-12 13:08:37.064000+00:00,16,-0.7564020219168444,-0.7533829476285476,-0.21126946779272437,0.7841136957590071,0.9088617905473589,-0.7375885336090287,12,10.0,11.0,7.0,0.550926156039962
2025-04-12 13:10:09.083000+00:00,55,-0.8323346931896829,1.4259009464796006,1.3543703504296893,0.86418657763381,-0.7654254316175602,0.7182531424771103,7,10.0,11.0,7.0,0.893939469550056
2025-04-12 13:10:55.753000+00:00,5,-0.8636010872432046,-0.8734744453247659,-0.9819809064499192,0.9242412390399122,1.2022935717515202,-1.0478035783638655,8,10.0,11.0,6.0,0.9563055265518912
2025-04-12 13:12:28.700000+00:00,55,-0.8109519009038396,-0.8306647926079564,-0.38297633194179076,0.8041319162277079,0.7362548604272642,-0.8440790945534442,8,10.0,11.0,7.0,0.8627564410491383
2025-04-12 13:12:30.008000+00:00,5,0.7233822388958814,1.2740629647461972,1.2003155938099666,-1.0775808078301603,-0.7654254316175602,1.2446263755798923,9,10.0,11.0,7.0,-1.054999811757296
2025-04-12 13:12:51.993000+00:00,63,-0.6523390994590746,0.8167853259883662,-0.3100337388453309,0.724059034352905,0.06308783295889465,0.04702921266429905,7,10.0,11.0,7.0,0.893939469550056
2025-04-12 13:15:14.352000+00:00,22,-0.14238326209981145,1.8596893937654744,1.183392912211588,-1.457926996735474,-1.4731138451099488,1.1692789105433468,9,10.0,11.0,7.0,0.893939469550056
2025-04-12 13:15:27.944000+00:00,14,-0.8872647107062043,-0.8927147386806356,-1.0064896177303295,0.9242412390399122,1.0469473346434348,-1.0735731174211327,11,10.0,11.0,7.0,0.9095309838005148
2025-04-12 13:16:20.944000+00:00,23,-0.8969582432091199,-0.8790060296645786,-1.0175768918809915,0.8842047981025107,1.0469473346434348,-1.0738476787200688,10,10.0,11.0,6.0,0.9095309838005148
2025-04-12 13:17:01.655000+00:00,14,0.6323390610743805,0.9797666442903772,0.9110252695894063,-0.5771252961126422,-0.7999468176415792,0.9852836172136035,12,10.0,11.0,7.0,-0.9926337547554609
2025-04-12 13:17:31.540000+00:00,1,-0.8958178276205415,-0.9286299529449253,-1.0496716328434337,0.86418657763381,1.0987294136794632,-1.1062851350372074,8,10.0,11.0,7.0,0.8783479552995971
2025-04-12 13:17:38.893000+00:00,4,-0.8584692170946021,-0.3842899867517851,2.0693536479611883,0.8041319162277079,-1.0588572128217213,0.01404263374928884,12,10.0,11.0,7.0,0.893939469550056
2025-04-12 13:17:51.455000+00:00,10,-0.8890703687214531,-0.9370475812881179,-1.0524434513810994,0.9242412390399122,1.1505114927154916,-1.108363956300579,11,10.0,11.0,7.0,0.9563055265518912
2025-04-12 13:17:54.702000+00:00,23,1.9518949316918557,1.8866258044636917,1.34342896146522,-2.4588380201705102,-1.4558531520979392,2.089843722832639,11,10.0,11.0,7.0,-2.5361936655508837
2025-04-12 13:17:56.627000+00:00,5,-0.8310042083363416,-0.8350740265020099,-0.6073477483065013,0.86418657763381,1.0987294136794632,-0.9148374635934905,11,10.0,11.0,7.0,0.9407140123014324
2025-04-12 13:18:02.508000+00:00,87,-0.8705386154070557,-0.8850987892272707,-0.976874924933167,0.86418657763381,1.1850328787395106,-1.0549813951789038,14,10.0,11.0,7.0,0.9563055265518912
2025-04-12 13:18:09.906000+00:00,7,-0.9012348016662882,-0.5140016311259386,1.282303068450387,0.944259459508613,-1.1796820639057877,-0.2786789339590622,11,10.0,11.0,7.0,0.9718970408023501
2025-04-12 13:18:26.649000+00:00,81,-0.935162165426493,-0.9729627955524076,-1.1100680999273027,0.9642776799773137,1.1505114927154916,-1.1604521570129855,9,10.0,11.0,7.0,0.893939469550056
2025-04-12 13:18:36.018000+00:00,6,-0.9009496977691437,-0.9149212439288683,-1.0673237403727773,0.9042230185712115,1.1677721857275012,-1.1064420272080282,9,10.0,11.0,7.0,0.9718970408023501
2025-04-12 13:18:54.543000+00:00,12,-0.9177708277006735,-0.9065837834746583,-1.0722838367033365,0.9642776799773137,1.1505114927154916,-1.1106388927774766,8,10.0,11.0,6.0,0.9563055265518912
2025-04-12 13:19:04.520000+00:00,1,0.5825409137064613,1.4406518380524338,0.39575879195601454,-1.3578358943919704,-0.8517288966776075,1.0516882285133802,9,10.0,11.0,7.0,-1.1173658687591315
2025-04-12 13:19:14.150000+00:00,30,-0.8945823773995815,-0.900250520245018,-1.0531728773120639,0.9242412390399122,1.1677721857275012,-1.0928316313893494,9,10.0,11.0,7.0,0.9718970408023501
2025-04-12 13:19:24.311000+00:00,10,0.8317217198108199,1.8646598028824073,1.6986593898449798,-1.758200303765985,-1.2487248359538254,1.7122827137531023,12,10.0,11.0,7.0,-0.22864955648297886
2025-04-12 13:19:36.779000+00:00,87,1.245692578464743,0.11748083039149398,-0.09120595955595144,-2.258655815483503,-0.09225840414919063,0.5470837841119429,15,10.0,11.0,7.0,-1.0861828402582139
2025-04-12 13:19:40.737000+00:00,18,-0.8753853816585137,-0.8983264909094308,0.14775397542805072,0.8842047981025107,1.1159901066914728,-0.7610831361893989,11,10.0,11.0,7.0,0.8783479552995971
2025-04-12 13:19:47.690000+00:00,31,-0.8901157496776501,-0.9171659448203864,-1.0482127809815047,0.9242412390399122,1.1332507997034822,-1.097930626941016,13,10.0,11.0,7.0,0.9095309838005148
2025-04-12 13:19:58.242000+00:00,81,-0.35041407238296973,-0.33065766902229865,0.1667190496331301,0.12351242029188322,-0.2993867202933043,-0.2615776873396272,10,10.0,11.0,7.0,-0.29101561348481414
2025-04-12 13:20:04.130000+00:00,7,1.1146398204106203,1.3862980093221027,1.4042630841076678,-1.1576536897049632,-0.903510975713636,1.515853715885834,12,10.0,11.0,7.0,-1.9281246097829898
2025-04-12 13:20:08.900000+00:00,6,0.3756505190118814,-0.0816562058417551,-0.12330070051839412,-0.39696131189433564,0.8570797115113306,0.08193772067186066,10,10.0,11.0,7.0,-2.4114615515472133
2025-04-12 13:20:27.369000+00:00,12,0.17170619792112868,0.07210580522723496,-0.04014614438842986,-0.6772163984561458,-0.3339081063173233,0.09535200127701349,9,10.0,11.0,7.0,-0.384564698987567
2025-04-12 13:20:47.500000+00:00,30,0.5331229048680687,0.6826644477201592,0.3432401249265636,-1.177671910173664,-0.9380323617376549,0.6463180821559101,10,10.0,11.0,7.0,-0.21305804223252006
2025-04-12 13:21:01.342000+00:00,63,-0.8942972735024369,-0.924942230051717,-1.0878935516259787,0.9242412390399122,1.1677721857275012,-1.1141297435782327,9,10.0,11.0,7.0,0.9251224980509736
2025-04-12 13:21:20.907000+00:00,31,-0.3834861244517403,-0.35767424760949895,-0.2944240239226886,0.04343953841708032,0.6326907023552074,-0.4124295095835396,14,10.0,11.0,7.0,-0.13510047098022596
2025-04-12 13:21:45.674000+00:00,55,-0.8961979661500677,-0.9354442235084625,-1.0272053141697242,0.9242412390399122,1.1159901066914728,-1.1037356372613745,10,10.0,11.0,7.0,0.9095309838005148
2025-04-12 13:22:07.341000+00:00,14,-0.8785215245271041,-0.9187693026000424,-1.0181604326257634,0.944259459508613,1.1159901066914728,-1.0858499297878372,14,10.0,11.0,7.0,0.893939469550056
2025-04-12 13:22:22.276000+00:00,4,-0.9115935765958747,-0.956528378310936,-1.078702784895825,0.9642776799773137,1.1677721857275012,-1.134251164485962,14,10.0,11.0,7.0,0.8627564410491383
2025-04-12 13:22:34.095000+00:00,63,0.25486150125496304,0.24478743809616368,0.21661178331110897,-0.23681554814472983,-0.7481647386055508,0.28319115279185897,10,10.0,11.0,7.0,-1.741026438777484
2025-04-12 13:22:51.301000+00:00,16,-0.911498541963493,-0.9392922821796365,-1.085997044205471,0.944259459508613,1.1159901066914728,-1.1277401393969109,14,10.0,11.0,7.0,0.9251224980509736
2025-04-12 13:22:59.270000+00:00,44,-0.8846037409995217,-0.9231785364940958,-1.0645519218351116,0.86418657763381,1.1677721857275012,-1.1029903994499768,14,10.0,11.0,6.0,0.9407140123014324
2025-04-12 13:23:18.647000+00:00,55,0.36415132849371734,1.0158421943326321,0.8342896616519311,-0.9774897054866567,-1.2832462219778444,0.8716152394541503,11,10.0,11.0,7.0,-1.66306886752519
2025-04-12 13:23:40.844000+00:00,14,-0.5046552807381846,-0.5010946009997094,-0.08989299288021511,0.4037675068536934,0.13213060500693255,-0.47761820655945764,15,10.0,11.0,7.0,0.08318072852619747
2025-04-12 13:23:54.513000+00:00,4,-0.10788569054531792,0.1294258458499297,0.3576827583596621,-0.7773075007996494,-0.8172075106535887,0.11496352262957618,15,10.0,11.0,7.0,-0.29101561348481414
2025-04-12 13:24:23.595000+00:00,16,1.233243041622763,1.857605028651921,1.3679376727456305,-1.7782185242346857,-1.231464142941816,1.7856298036116869,15,10.0,11.0,7.0,-0.9770422405050021
2025-04-12 13:25:02.438000+00:00,7,-0.8713939270984894,-0.9114740247026084,-1.0717002959585646,0.9042230185712115,1.1505114927154916,-1.0937337613715676,14,10.0,11.0,7.0,0.9251224980509736
2025-04-12 13:25:10.266000+00:00,10,0.43732799542749123,1.029230231792758,-0.06961495199939936,-1.0575625873614596,-1.162421370893778,0.6653412578678953,14,10.0,11.0,7.0,0.9251224980509736
2025-04-12 13:26:35.551000+00:00,7,0.4482569781513668,0.6590950883592194,0.7002211755406373,-1.097599028298861,-0.6100791945094749,0.6957391159643678,15,10.0,11.0,7.0,-1.0082252690059197
2025-04-12 13:27:20.918000+00:00,23,-0.8777612474680516,0.6129183843051327,-0.2722494756213647,0.8842047981025107,-1.2832462219778444,-0.1355932741707644,13,10.0,11.0,7.0,0.8315734125482207
2025-04-12 13:27:28.357000+00:00,10,-0.8748151738642245,-0.9281489456110286,-1.073013262634301,0.9242412390399122,1.1332507997034822,-1.1036571911759643,15,10.0,11.0,7.0,0.8783479552995971
2025-04-12 13:27:50.493000+00:00,22,-0.8187447407591247,-0.8361162090587866,-1.008969665895609,0.8041319162277079,1.1159901066914728,-1.0182686272069061,12,10.0,11.0,7.0,0.8471649267986795
2025-04-12 13:28:04.265000+00:00,18,-0.8652166759936905,-0.8749976352154394,-0.9993412436068766,0.944259459508613,1.0469473346434348,-1.05388314998316,13,10.0,11.0,7.0,0.8315734125482207
2025-04-12 13:28:30.524000+00:00,30,-0.8440239529726102,-0.8983264909094308,-1.02049459560485,0.86418657763381,1.1159901066914728,-1.0622376580793516,12,10.0,11.0,7.0,0.8627564410491383
2025-04-12 13:29:01.571000+00:00,10,0.36244070511084986,0.6069057926314232,-0.37684915412168846,-1.2177083511110653,-1.5248959241459772,0.3452027833086618,16,10.0,11.0,7.0,0.25468738528124446
2025-04-12 13:29:25.725000+00:00,22,0.6772904421908418,0.37337673202455784,-0.3613853243852387,-2.358746917827007,-0.2648653342692854,0.36504964291745523,13,10.0,11.0,7.0,-0.5404798414921552
2025-04-12 13:29:31.162000+00:00,6,-0.7107853983737124,-0.735746012052334,-0.9509073617908271,0.7841136957590071,0.8398190184993211,-0.9089932302304268,13,10.0,11.0,7.0,0.4885600990381267
2025-04-12 13:29:37.020000+00:00,1,-0.8873597453385859,0.45971754845902196,-0.062028922317367605,0.8441683571651093,-0.6100791945094749,-0.15798963155539147,11,10.0,11.0,7.0,0.893939469550056
2025-04-12 13:29:38.641000+00:00,18,-0.05723223148596498,0.9282186916744435,-0.2897556979645152,-0.9374532645492553,-0.9725537477616739,0.3526159383799313,14,10.0,11.0,7.0,-0.7587610409985787
2025-04-12 13:29:42.469000+00:00,55,-0.853907554740289,-0.9007315275789146,-0.9993412436068766,0.9242412390399122,1.1159901066914728,-1.0618062046095953,13,10.0,11.0,7.0,0.9563055265518912
2025-04-12 13:29:50.761000+00:00,16,-0.9037057021082079,-0.8458165236257037,-1.0684908218623206,0.9242412390399122,0.8916010975353496,-1.0740830169762996,17,10.0,11.0,7.0,0.9407140123014324
2025-04-12 13:30:04.616000+00:00,30,0.6046839830513571,0.6502766205711126,2.0385718736744822,-0.8373621622057515,-0.6963826595695223,1.115817903336261,13,10.0,11.0,7.0,-1.6007028105233547
2025-04-12 13:30:11.679000+00:00,5,0.025257829421198932,-0.25401716715475225,0.2125269980977069,-1.0375443668927589,-0.575557808485456,-0.05671573529075743,15,10.0,11.0,7.0,-1.4291961537683078
2025-04-12 13:30:31.214000+00:00,87,0.22026889506808822,0.5977666532873854,0.521365937268118,-1.0175261464240581,-0.7826861246295697,0.5235499584888679,17,10.0,11.0,7.0,-0.5404798414921552
2025-04-12 13:30:37.539000+00:00,44,-0.8816576673956942,-0.9287101208339079,1.499963766250223,0.86418657763381,1.1850328787395106,-0.41497900735937265,17,10.0,11.0,7.0,0.9095309838005148
2025-04-12 13:30:42.461000+00:00,12,0.1251392280541819,-0.012471317649607867,0.9073781399345835,-0.9374532645492553,-0.7826861246295697,0.2895060626673842,11,10.0,11.0,7.0,-0.6028458984939905
2025-04-12 13:30:47.920000+00:00,81,0.2687365575826658,0.1203668743948745,1.5683839185747024,-0.51707063470654,-0.0404763251131622,0.591484268454145,12,10.0,11.0,7.0,-0.8679016407517903
2025-04-12 13:30:49.906000+00:00,14,-0.21622517146025583,-0.31189838300032635,0.34513663234707126,-0.1367244458012262,-0.5928185014974654,-0.14904677781862255,17,10.0,11.0,6.0,-1.3668300967664724
2025-04-12 13:30:52.459000+00:00,23,0.6373758965906018,1.0903181631976435,1.6033963632610033,-1.5179816581415762,-1.4213317660739202,1.227603575045868,15,10.0,11.0,7.0,-1.242097982762802
2025-04-12 13:31:08.495000+00:00,6,0.18871739711742183,1.2165825883455372,1.6328651708719728,-1.177671910173664,-1.3695496870378918,1.1121309373219794,14,10.0,11.0,7.0,0.4261940420362914
2025-04-12 13:31:11.604000+00:00,10,-0.49847802963338567,0.8136587783180372,1.2602744053352557,-1.177671910173664,-0.9207716687256455,0.531198451816367,17,10.0,11.0,7.0,0.9563055265518912
2025-04-12 13:31:16.687000+00:00,55,0.4856055886773062,0.9046493323135036,1.6076270336605976,-0.957471485017956,-1.0588572128217213,1.0752612771791605,14,10.0,11.0,7.0,-0.8523101265013315
2025-04-12 13:31:24.601000+00:00,16,-0.825872338187739,-0.19276889997190091,0.9674828366460663,0.8441683571651093,-1.2832462219778444,-0.17505165513212054,18,10.0,11.0,7.0,0.5665176702904208
2025-04-12 13:31:34.197000+00:00,1,0.20506335388704452,-0.14242346569070916,0.9388893401522543,-0.41697953236303636,-0.1267797901732096,0.2673842665816938,12,10.0,11.0,7.0,-1.2109149542618842
2025-04-12 13:31:34.634000+00:00,4,-0.07414839604987616,-0.020167434991955373,0.5423734040798982,-0.25683376861343055,-0.1267797901732096,0.10535387716682085,17,10.0,11.0,7.0,-0.899084669252708
2025-04-12 13:31:36.365000+00:00,22,0.15897155718200429,-0.18387026429481151,0.9294068030497139,-0.5370888551752407,-0.575557808485456,0.22553328001532472,14,10.0,11.0,7.0,-1.491562210770143
2025-04-12 13:31:37.417000+00:00,31,0.508603969713635,0.24550894909700882,1.1768280788329064,-0.6772163984561458,-0.575557808485456,0.646435751284025,16,10.0,11.0,6.0,-1.3356470682655548
2025-04-12 13:31:40.263000+00:00,7,0.3650066401851511,0.4608398989047812,1.4756009401560062,-0.5771252961126422,-0.7481647386055508,0.7728516179226446,17,10.0,11.0,7.0,-1.6162943247738135
2025-04-12 13:31:48.876000+00:00,18,0.10622733621025793,0.571311249923065,1.4996719958778377,-1.2777630125171675,-0.47199365041339914,0.7265684275305964,15,10.0,11.0,7.0,0.8783479552995971
2025-04-12 13:31:56.157000+00:00,63,0.6137122731276018,0.5614505995781822,1.823974764784698,-0.7572892803309487,-1.041596519809712,1.018387865256729,12,10.0,11.0,7.0,-0.1662834994811436
2025-04-12 13:32:11.471000+00:00,5,1.8807139920380933,-0.2549791818225458,0.2005644128298879,0.5438950501345985,-0.575557808485456,0.705387984469829,16,10.0,11.0,7.0,-1.1329573830095903
2025-04-12 13:32:28.260000+00:00,44,1.800884900837612,-0.6455571369466959,-0.415216958090426,0.16354886122928466,-0.23034394824526644,0.31578550127981775,18,10.0,11.0,7.0,-0.041551385477473064
2025-04-12 13:32:34.365000+00:00,30,2.48874557001509,-0.03171161100547692,0.4587811923913551,0.06345775888578105,-0.7309040455935413,1.1349979712190674,14,10.0,11.0,7.0,-0.24424107073343768
2025-04-12 13:32:45.147000+00:00,87,2.0349552003933082,-0.4756813801921651,-0.328415272305639,0.6840225934155035,-0.7309040455935413,0.5188431933642527,18,10.0,11.0,7.0,-0.057142899727931885
2025-04-12 13:32:47.381000+00:00,14,3.0905998968872876,-0.7173875654752753,0.6145865712453941,0.86418657763381,0.5291265442831505,1.0898130260227623,18,10.0,11.0,7.0,0.051997700025279835
2025-04-12 13:32:51.209000+00:00,12,2.9453869786083184,-0.32384339845876203,-0.2988005795084764,0.6039497115407007,-0.506515036437418,0.9768506630320014,12,10.0,11.0,7.0,-0.08832592822884952
2025-04-12 13:33:04.260000+00:00,81,2.437807007058592,-0.5265879896962362,-0.029642410982539766,0.20358530216668613,-0.6791219665575128,0.7405318307336208,13,10.0,11.0,7.0,-0.010368356976555432
2025-04-12 13:33:21.387000+00:00,16,1.7062304069856136,-0.5024574551124165,-0.0058631256330938224,0.14353064076058394,-0.16130117619722853,0.45679233980474343,19,10.0,11.0,7.0,0.08318072852619747
2025-04-12 13:33:25.015000+00:00,23,1.7954679267918656,-0.5806211468706363,0.4768709554792775,0.8241501366964086,-0.7654254316175602,0.5851693585786197,16,10.0,11.0,7.0,0.09877224277665629
2025-04-12 13:33:38.167000+00:00,6,2.1673384433007725,-0.4691877811845589,-0.5476807071535973,0.44380394779109483,0.8570797115113306,0.5177057251258042,15,10.0,11.0,7.0,0.06758921427573865
2025-04-12 13:33:38.475000+00:00,4,2.3893393445440156,-0.1187739384407867,0.2952438986690929,-0.33690665048823343,-0.4029508783653612,1.007405413299294,18,10.0,11.0,7.0,-0.3533816704866494
2025-04-12 13:33:42.269000+00:00,1,2.2445065647945706,-0.6970249216736464,-0.38035039859031866,0.8441683571651093,0.5291265442831505,0.4830717784171781,13,10.0,11.0,7.0,-0.0727344139783907
2025-04-12 13:33:43.462000+00:00,22,2.5998410552690925,-0.43046669080587185,0.14060560130459773,-0.03663334345772258,-0.178561869209238,0.9002088375861861,15,10.0,11.0,7.0,0.09877224277665629
2025-04-12 13:33:45.364000+00:00,55,3.2604267849530735,-0.2114480181048912,-0.04539801109137465,-0.25683376861343055,0.30473753512702734,1.229996180650881,15,10.0,11.0,7.0,-0.0727344139783907
2025-04-12 13:33:55.067000+00:00,31,2.14348475057301,0.34179058376533894,0.13316545680875905,-0.15674266626992692,-0.3856901853533517,1.0876949817166854,17,10.0,11.0,7.0,0.1143637570271151
