date_start,driver_number,duration_sector_1,duration_sector_2,duration_sector_3,i1_speed,i2_speed,is_pit_out_lap,lap_duration,lap_number,meeting_key,segments_sector_1,segments_sector_2,segments_sector_3,session_key,st_speed
,16,,51.656,25.042,189,225,True,,1,1257,"[2064, 2064, 2064, 2049, 2049, 2049, 2049, 2049, 2049, 2049]","[2049, 2049, 2049, 2049, 2049, 2049, 2049, 2049, 2049, 2049, 2051]","[2051, 2051, 2051, 2051, 2051, 2051, 2051]",10008,179
2025-04-11 15:00:08.096000+00:00,87,,51.74,26.254,165,213,True,,1,1257,"[2064, 2064, 2064, 2049, 2049, 2049, 2049, 2049, 2049, 2049]","[2049, 2049, 2049, 2049, 2049, 2049, 2049, 2049, 2049, 2049, 2049]","[2049, 2049, 2049, 2049, 2049, 2051, 2049]",10008,144
2025-04-11 15:00:12.657000+00:00,5,,53.596,28.37,160,192,True,,1,1257,"[2064, 2064, 2064, 2049, 2049, 2049, 2049, 2049, 2049, 2049]","[2049, 2049, 2049, 2049, 2049, 2049, 2049, 2049, 2049, 2049, 2049]","[2049, 2049, 2049, 2049, 2049, 2049, 2049]",10008,87
2025-04-11 15:00:15.538000+00:00,31,,62.406,41.928,171,154,True,,1,1257,"[2064, 2064, 2064, 2049, 2049, 2049, 2049, 2049, 2049, 2049]","[2049, 2049, 2049, 2049, 2049, 2049, 2049, 2049, 2049, 2049, 2049]","[2049, 2049, 2049, 2049, 2049, 2049, 2049]",10008,60
2025-04-11 15:00:20.263000+00:00,27,,55.07,26.46,161,204,True,,1,1257,"[2064, 2064, 2064, 2049, 2049, 2049, 2049, 2049, 2049, 2049]","[2049, 2049, 2049, 2049, 2049, 2049, 2049, 2049, 2049, 2049, 2049]","[2049, 2049, 2049, 2049, 2049, 2051, 2051]",10008,175
2025-04-11 15:00:25.233000+00:00,30,,54.242,32.307,161,189,True,,1,1257,"[2064, 2064, 2064, 2049, 2049, 2049, 2049, 2049, 2049, 2049]","[2049, 2049, 2049, 2049, 2049, 2049, 2049, 2049, 2049, 2049, 2049]","[2049, 2049, 2049, 2049, 2049, 2049, 2049]",10008,58
2025-04-11 15:00:29.441000+00:00,7,,52.048,36.084,212,229,True,,1,1257,"[2064, 2064, 2064, 2049, 2049, 2049, 2049, 2049, 2049, 2049]","[2049, 2049, 2049, 2049, 2049, 2049, 2049, 2049, 2051, 2049, 2049]","[2049, 2049, 2049, 2049, 2049, 2051, 2051]",10008,87
2025-04-11 15:00:31.170000+00:00,10,,47.839,28.797,208,223,True,,1,1257,"[2064, 2064, 2064, 2049, 2049, 2049, 2049, 2049, 2049, 2049]","[2049, 2049, 2051, 2049, 2049, 2049, 2051, 2051, 2049, 2049, 2049]","[2051, 2049, 2049, 2049, 2049, 2051, 2051]",10008,85
2025-04-11 15:00:34.549000+00:00,44,,47.121,42.535,219,237,True,,1,1257,"[2064, 2064, 2064, 2049, 2049, 2049, 2049, 2049, 2049, 2049]","[2049, 2049, 2049, 2049, 2049, 2049, 2049, 2049, 2049, 2049, 2049]","[2051, 2049, 2049, 2049, 2049, 2051, 2051]",10008,97
2025-04-11 15:00:37.390000+00:00,23,,56.102,30.572,214,231,True,,1,1257,"[2064, 2064, 2064, 2049, 2049, 2049, 2049, 2049, 2049, 2049]","[2049, 2049, 2049, 2049, 2049, 2049, 2049, 2049, 2049, 2049, 2051]","[2049, 2049, 2049, 2049, 2049, 2049, 2049]",10008,60
2025-04-11 15:00:38.838000+00:00,55,,53.677,29.296,226,214,True,,1,1257,"[2064, 2064, 2064, 2049, 2049, 2049, 2049, 2049, 2049, 2049]","[2049, 2049, 2049, 2049, 2049, 2049, 2049, 2049, 2049, 2051, 2049]","[2049, 2049, 2049, 2049, 2049, 2049, 2049]",10008,36
2025-04-11 15:00:49.436000+00:00,22,,52.751,38.33,170,182,True,,1,1257,"[2064, 2064, 2064, 2049, 2049, 2049, 2049, 2049, 2049, 2049]","[2049, 2049, 2049, 2049, 2049, 2049, 2049, 2049, 2049, 2049, 2049]","[2049, 2049, 2049, 2049, 2049, 2049, 2049]",10008,32
2025-04-11 15:00:50.393000+00:00,14,,54.089,33.377,204,173,True,,1,1257,"[2064, 2064, 2064, 2049, 2049, 2049, 2049, 2049, 2049, 2049]","[2049, 2049, 2049, 2049, 2049, 2049, 2049, 2049, 2049, 2049, 2049]","[2049, 2049, 2049, 2049, 2049, 2049, 2049]",10008,39
2025-04-11 15:00:56.333000+00:00,1,,67.719,28.187,170,87,True,,1,1257,"[2064, 2064, 2064, 2049, 2049, 2049, 2049, 2049, 2049, 2049]","[2049, 2049, 2049, 2049, 2049, 2049, 2049, 2049, 2049, 2049, 2049]","[2049, 2049, 2049, 2049, 2049, 2049, 2049]",10008,36
2025-04-11 15:01:02.137000+00:00,18,,55.637,30.938,158,156,True,,1,1257,"[2064, 2064, 2064, 2049, 2049, 2049, 2049, 2049, 2049, 2049]","[2049, 2049, 2049, 2049, 2049, 2049, 2049, 2049, 2049, 2049, 2049]","[2049, 2049, 2049, 2049, 2049, 2049, 2049]",10008,94
2025-04-11 15:01:15.818000+00:00,12,,55.973,30.18,183,205,True,,1,1257,"[2064, 2064, 2064, 2049, 2049, 2049, 2049, 2049, 2049, 2049]","[2049, 2049, 2049, 2049, 2049, 2049, 2049, 2049, 2049, 2049, 2049]","[2049, 2049, 2049, 2049, 2049, 2049]",10008,69
2025-04-11 15:01:38.439000+00:00,81,,54.421,33.222,206,220,True,,1,1257,"[2064, 2064, 2064, 2049, 2049, 2049, 2049, 2049, 2049, 2049]","[2049, 2049, 2049, 2049, 2049, 2049, 2049, 2049, 2049, 2049, 2049]","[2049, 2049, 2049, 2049, 2049, 2049, 2049]",10008,71
2025-04-11 15:01:48.922000+00:00,4,,59.469,25.222,112,196,True,,1,1257,"[2064, 2064, 2064, 2049, 2049, 2049, 2049, 2049, 2049, 2049]","[2049, 2049, 2049, 2049, 2049, 2049, 2049, 2049, 2049, 2049, 2049]","[2049, 2049, 2049, 2049, 2049, 2049, 2049]",10008,74
2025-04-11 15:01:56.340000+00:00,6,,52.591,27.593,162,214,True,,1,1257,"[2064, 2064, 2064, 2049, 2049, 2049, 2049, 2049, 2049, 2049]","[2049, 2049, 2049, 2049, 2049, 2049, 2049, 2049, 2049, 2049, 2049]","[2049, 2049, 2049, 2049, 2049, 2049]",10008,112
2025-04-11 15:01:58.347000+00:00,16,29.866,40.217,23.264,239,270,False,93.347,2,1257,"[2049, 2049, 2049, 2049, 2049, 2049, 2049, 2049, 2049, 2049]","[2051, 2049, 2051, 2049, 2051, 2049, 2049, 2049, 2049, 2049, 2051]","[2051, 2051, 2051, 2051, 2051, 2048]",10008,319
2025-04-11 15:02:04.843000+00:00,87,29.929,40.741,24.41,237,266,False,95.08,2,1257,"[2049, 2049, 2049, 2049, 2049, 2049, 2049, 2049, 2049, 2049]","[2049, 2049, 2049, 2049, 2049, 2051, 2049, 2049, 2049, 2049, 2049]","[2049, 2049, 2049, 2049, 2049, 2048]",10008,319
2025-04-11 15:02:20.403000+00:00,27,29.713,40.752,23.293,239,269,False,93.758,2,1257,"[2049, 2049, 2049, 2049, 2049, 2049, 2049, 2049, 2049, 2049]","[2049, 2049, 2049, 2051, 2049, 2049, 2049, 2049, 2049, 2049, 2049]","[2049, 2049, 2049, 2049, 2049, 2048]",10008,322
2025-04-11 15:02:25.635000+00:00,5,29.596,40.561,23.48,240,272,False,93.637,2,1257,"[2049, 2049, 2049, 2049, 2049, 2049, 2049, 2049, 2049, 2049]","[2049, 2049, 2049, 2049, 2049, 2049, 2049, 2049, 2049, 2049, 2051]","[2049, 2049, 2049, 2049, 2049, 2048]",10008,324
2025-04-11 15:02:32.086000+00:00,10,29.385,40.109,23.205,239,269,False,92.699,2,1257,"[2049, 2049, 2049, 2049, 2049, 2049, 2049, 2049, 2049, 2049]","[2049, 2049, 2049, 2049, 2049, 2049, 2051, 2051, 2049, 2049, 2049]","[2051, 2051, 2051, 2049, 2049, 2048]",10008,325
2025-04-11 15:02:39.009000+00:00,30,29.552,40.311,23.308,237,273,False,93.171,2,1257,"[2049, 2049, 2049, 2049, 2049, 2049, 2049, 2049, 2049, 2049]","[2049, 2049, 2049, 2049, 2049, 2049, 2049, 2049, 2049, 2049, 2049]","[2049, 2049, 2049, 2051, 2049, 2048, 2049]",10008,325
2025-04-11 15:02:46.057000+00:00,7,29.765,40.227,23.234,238,268,False,93.226,2,1257,"[2049, 2049, 2049, 2049, 2049, 2049, 2049, 2049, 2049, 2049]","[2049, 2049, 2049, 2049, 2049, 2049, 2049, 2049, 2049, 2049, 2049]","[2049, 2049, 2049, 2049, 2049, 2048]",10008,325
2025-04-11 15:02:53.113000+00:00,23,29.439,40.017,23.544,238,267,False,93.0,2,1257,"[2049, 2049, 2049, 2049, 2049, 2049, 2049, 2049, 2051, 2049]","[2049, 2051, 2049, 2049, 2049, 2049, 2049, 2049, 2051, 2049, 2049]","[2049, 2049, 2049, 2049, 2049, 2048]",10008,319
2025-04-11 15:02:58.765000+00:00,55,29.668,40.74,23.388,239,267,False,93.796,2,1257,"[2049, 2049, 2049, 2049, 2049, 2049, 2049, 2049, 2049, 2049]","[2049, 2049, 2049, 2049, 2049, 2049, 2049, 2049, 2049, 2049, 2049]","[2049, 2049, 2049, 2049, 2049, 2049]",10008,318
2025-04-11 15:03:03.774000+00:00,31,29.726,40.095,23.248,239,270,False,93.069,2,1257,"[2049, 2049, 2049, 2049, 2049, 2049, 2049, 2049, 2049, 2049]","[2049, 2049, 2049, 2049, 2049, 2049, 2049, 2049, 2049, 2049, 2049]","[2049, 2049, 2049, 2049, 2049, 2049, 2049]",10008,318
2025-04-11 15:03:11.766000+00:00,44,29.326,39.769,23.062,238,275,False,92.157,2,1257,"[2049, 2049, 2049, 2049, 2049, 2049, 2051, 2051, 2049, 2049]","[2049, 2049, 2049, 2051, 2049, 2051, 2051, 2051, 2049, 2051, 2051]","[2051, 2049, 2051, 2051, 2049, 2048, 2048]",10008,326
2025-04-11 15:03:17.736000+00:00,14,29.628,63.365,66.825,239,104,False,159.818,2,1257,"[2049, 2049, 2049, 2049, 2049, 2049, 2049, 2049, 2049, 2049]","[2049, 2049, 2049, 2049, 2049, 2048, 2048, 2048, 2048, 2048, 2048]","[2048, 2048, 2048, 2049, 2048, 2048, 2064]",10008,322
2025-04-11 15:03:23.910000+00:00,22,29.408,40.384,23.22,240,272,False,93.012,2,1257,"[2049, 2049, 2051, 2049, 2049, 2049, 2049, 2049, 2049, 2049]","[2049, 2049, 2049, 2049, 2049, 2049, 2049, 2049, 2049, 2049, 2049]","[2049, 2051, 2051, 2049, 2049, 2048]",10008,326
2025-04-11 15:03:30.053000+00:00,18,29.709,40.231,23.473,240,269,False,93.413,2,1257,"[2049, 2049, 2049, 2049, 2049, 2049, 2049, 2049, 2049, 2049]","[2049, 2049, 2049, 2049, 2049, 2049, 2049, 2049, 2049, 2049, 2049]","[2049, 2049, 2049, 2049, 2049, 2048]",10008,322
2025-04-11 15:03:31.695000+00:00,16,51.849,77.365,29.989,117,136,False,159.203,3,1257,"[2048, 2048, 2048, 2048, 2048, 2048, 2048, 2048, 2048, 2048]","[2048, 2048, 2048, 2048, 2048, 2048, 2048, 2048, 2048, 2048, 2048]","[2048, 2048, 2048, 2048, 2048, 2048, 2048]",10008,120
2025-04-11 15:03:36.523000+00:00,1,29.261,62.769,41.975,240,109,False,134.005,2,1257,"[2049, 2049, 2049, 2049, 2051, 2051, 2049, 2049, 2049, 2051]","[2051, 2049, 2051, 2049, 2049, 2048, 2048, 2048, 2049, 2049, 2049]","[2048, 2048, 2048, 2048, 2048, 2048, 2048]",10008,323
2025-04-11 15:03:39.817000+00:00,87,52.948,75.377,36.88,51,128,False,165.205,3,1257,"[2048, 2048, 2048, 2048, 2048, 2048, 2048, 2048, 2048, 2048]","[2048, 2048, 2048, 2048, 2048, 2048, 2048, 2048, 2048, 2048, 2048]","[2048, 2048, 2048, 2048, 2048, 2048, 2048]",10008,155
2025-04-11 15:03:42.524000+00:00,12,29.37,40.111,22.817,241,270,False,92.298,2,1257,"[2049, 2049, 2049, 2049, 2049, 2049, 2049, 2049, 2049, 2049]","[2049, 2049, 2049, 2049, 2049, 2049, 2049, 2049, 2049, 2049, 2049]","[2049, 2049, 2049, 2049, 2051, 2048]",10008,324
2025-04-11 15:03:51.178000+00:00,81,29.817,39.804,23.048,239,270,False,92.669,2,1257,"[2049, 2049, 2049, 2049, 2049, 2049, 2049, 2049, 2049, 2049]","[2049, 2049, 2049, 2049, 2051, 2049, 2049, 2049, 2049, 2049, 2049]","[2051, 2049, 2049, 2049, 2049, 2049, 2049]",10008,319
2025-04-11 15:03:53.185000+00:00,63,,58.702,28.809,180,149,True,,1,1257,"[2064, 2064, 2064, 2049, 2049, 2049, 2049, 2049, 2049, 2049]","[2049, 2049, 2049, 2049, 2049, 2049, 2049, 2049, 2049, 2049, 2049]","[2049, 2049, 2049, 2049, 2049, 2049, 2049]",10008,149
2025-04-11 15:03:54.051000+00:00,27,46.962,74.282,31.369,133,126,False,152.613,3,1257,"[2048, 2048, 2048, 2048, 2048, 2048, 2048, 2048, 2048, 2048]","[2048, 2048, 2048, 2048, 2048, 2048, 2048, 2048, 2048, 2048, 2048]","[2048, 2048, 2048, 2048, 2048, 2048, 2048]",10008,180
2025-04-11 15:03:59.216000+00:00,5,47.78,72.015,40.728,104,156,False,160.523,3,1257,"[2048, 2048, 2048, 2048, 2048, 2048, 2048, 2048, 2048, 2048]","[2048, 2048, 2048, 2048, 2048, 2048, 2048, 2048, 2048, 2048, 2048]","[2048, 2048, 2048, 2048, 2048, 2049, 2049]",10008,179
2025-04-11 15:04:00.265000+00:00,6,29.523,40.114,23.131,236,273,False,92.768,2,1257,"[2051, 2051, 2049, 2051, 2049, 2049, 2049, 2049, 2049, 2049]","[2049, 2049, 2049, 2049, 2049, 2049, 2049, 2049, 2049, 2049, 2049]","[2049, 2049, 2049, 2049, 2049, 2048]",10008,325
2025-04-11 15:04:04.679000+00:00,10,50.675,66.171,29.4,115,166,False,146.246,3,1257,"[2048, 2048, 2048, 2048, 2048, 2048, 2048, 2048, 2048, 2048]","[2048, 2048, 2048, 2048, 2048, 2048, 2048, 2048, 2048, 2048, 2048]","[2048, 2048, 2048, 2048, 2048, 2048, 2048]",10008,240
2025-04-11 15:04:10.501000+00:00,4,29.6,40.185,23.091,241,270,False,92.876,2,1257,"[2049, 2049, 2049, 2049, 2049, 2049, 2049, 2049, 2049, 2049]","[2049, 2049, 2049, 2049, 2049, 2049, 2049, 2049, 2051, 2049, 2049]","[2051, 2049, 2049, 2049, 2049, 2048]",10008,318
2025-04-11 15:04:12.149000+00:00,30,45.648,65.338,32.407,119,155,False,143.393,3,1257,"[2048, 2048, 2048, 2048, 2048, 2048, 2048, 2048, 2048, 2048]","[2048, 2048, 2048, 2048, 2048, 2048, 2048, 2048, 2048, 2048, 2048]","[2048, 2048, 2048, 2048, 2048, 2048, 2064]",10008,265
2025-04-11 15:04:19.301000+00:00,7,48.521,71.199,27.975,120,118,False,147.695,3,1257,"[2048, 2048, 2048, 2048, 2048, 2048, 2048, 2048, 2048, 2048]","[2048, 2048, 2048, 2048, 2048, 2048, 2048, 2048, 2048, 2048, 2048]","[2048, 2048, 2048, 2048, 2048, 2048, 2048]",10008,206
2025-04-11 15:04:25.958000+00:00,23,50.28,79.142,33.707,112,98,False,163.129,3,1257,"[2048, 2048, 2048, 2048, 2048, 2048, 2048, 2048, 2048, 2048]","[2048, 2048, 2048, 2048, 2048, 2048, 2048, 2048, 2048, 2048, 2048]","[2048, 2048, 2048, 2048, 2048, 2049, 2049]",10008,199
2025-04-11 15:04:32.462000+00:00,55,50.908,75.24,47.214,114,112,False,173.362,3,1257,"[2048, 2048, 2048, 2048, 2048, 2048, 2048, 2048, 2048, 2048]","[2048, 2048, 2048, 2048, 2048, 2048, 2048, 2048, 2048, 2048, 2048]","[2048, 2048, 2048, 2048, 2048, 2049]",10008,103
2025-04-11 15:04:36.783000+00:00,31,52.805,73.422,39.571,104,120,False,165.798,3,1257,"[None, 2048, 2048, 2048, 2048, 2048, 2048, 2048, 2048, 2048]","[2048, 2048, 2048, 2048, 2048, 2048, 2048, 2048, 2048, 2048, 2048]","[2048, 2048, 2048, 2048, 2048, 2048, 2048]",10008,118
2025-04-11 15:04:43.792000+00:00,44,37.291,48.786,29.246,213,181,False,115.323,3,1257,"[2048, 2048, 2048, 2048, 2048, 2048, 2048, 2048, 2048, 2048]","[2048, 2048, 2048, 2048, 2048, 2048, 2048, 2048, 2048, 2048, 2048]","[2048, 2048, 2048, 2048, 2048, 2048, 2064]",10008,151
2025-04-11 15:04:56.894000+00:00,22,47.939,71.797,41.681,112,126,False,161.417,3,1257,"[2048, 2048, 2048, 2048, 2048, 2048, 2048, 2048, 2048, 2048]","[2048, 2048, 2048, 2048, 2048, 2048, 2048, 2048, 2048, 2048, 2048]","[2048, 2048, 2048, 2048, 2048, 2048, 2064]",10008,185
2025-04-11 15:05:03.396000+00:00,18,48.121,68.282,39.24,116,115,False,155.643,3,1257,"[2048, 2048, 2048, 2048, 2048, 2048, 2048, 2048, 2048, 2048]","[2048, 2048, 2048, 2048, 2048, 2048, 2048, 2048, 2048, 2048, 2048]","[2048, 2048, 2048, 2048, 2048, 2049, 2049]",10008,182
2025-04-11 15:05:14.766000+00:00,12,44.894,64.118,39.77,131,139,False,148.782,3,1257,"[2048, 2048, 2048, 2048, 2048, 2048, 2048, 2048, 2048, 2048]","[2048, 2048, 2048, 2048, 2048, 2048, 2048, 2048, 2048, 2048, 2048]","[2048, 2048, 2048, 2048, 2048, 2048, 2064]",10008,229
2025-04-11 15:05:23.816000+00:00,81,47.674,68.645,31.325,132,107,False,147.644,3,1257,"[2048, 2048, 2048, 2048, 2048, 2048, 2048, 2048, 2048, 2048]","[2048, 2048, 2048, 2048, 2048, 2048, 2048, 2048, 2048, 2048, 2048]","[2048, 2048, 2048, 2048, 2048, 2049, 2048]",10008,175
2025-04-11 15:05:32.984000+00:00,6,42.548,67.695,34.617,158,135,False,144.86,3,1257,"[2048, 2048, 2048, 2048, 2048, 2048, 2048, 2048, 2048, 2048]","[2048, 2048, 2048, 2048, 2048, 2048, 2048, 2048, 2048, 2048, 2048]","[2048, 2048, 2048, 2048, 2048, 2048, 2064]",10008,187
2025-04-11 15:05:43.217000+00:00,4,48.933,68.669,29.289,134,128,False,146.891,3,1257,"[2048, 2048, 2048, 2048, 2048, 2048, 2048, 2048, 2048, 2048]","[2048, 2048, 2048, 2048, 2048, 2048, 2048, 2048, 2048, 2048, 2048]","[2048, 2048, 2048, 2048, 2048, 2049, 2049]",10008,186
2025-04-11 15:05:50.526000+00:00,1,57.433,68.706,36.18,118,118,False,162.319,3,1257,"[2048, 2048, 2048, 2048, 2048, 2048, 2048, 2048, 2048, 2048]","[2048, 2048, 2048, 2048, 2048, 2048, 2048, 2048, 2049, 2049, 2049]","[2049, 2048, 2048, 2048, 2048, 2048, 2048]",10008,136
2025-04-11 15:06:00.963000+00:00,63,29.308,40.141,23.094,242,272,False,92.543,2,1257,"[2049, 2049, 2049, 2049, 2049, 2049, 2049, 2049, 2049, 2051]","[2049, 2049, 2049, 2049, 2049, 2051, 2049, 2049, 2049, 2051, 2049]","[2049, 2051, 2051, 2049, 2049, 2049]",10008,321
2025-04-11 15:06:10.804000+00:00,16,29.693,39.931,23.131,238,269,False,92.755,4,1257,"[2049, 2049, 2049, 2048, 2049, 2049, 2049, 2048, 2049, 2048]","[2048, 2049, 2048, 2049, 2049, 2049, 2049, 2049, 2049, 2049, 2049]","[2049, 2048, 2048, 2048, 2049, 2049]",10008,320
2025-04-11 15:06:25.095000+00:00,87,52.634,66.857,28.58,116,161,False,148.071,4,1257,"[None, 2048, 2048, 2048, 2048, 2048, 2048, 2048, 2048, 2048]","[2048, 2048, 2048, 2048, 2048, 2048, 2048, 2048, 2048, 2048, 2048]","[2048, 2048, 2048, 2048, 2048, 2048, 2048]",10008,122
2025-04-11 15:06:26.789000+00:00,27,29.784,40.535,23.492,235,271,False,93.811,4,1257,"[2049, 2049, 2048, 2049, 2049, 2048, 2048, 2049, 2049, 2048]","[2048, 2049, 2048, 2049, 2049, 2049, 2049, 2049, 2049, 2049, 2049]","[2048, 2048, 2048, 2049, 2049, 2048, 2048]",10008,321
2025-04-11 15:06:30.966000+00:00,10,29.896,40.336,23.265,239,269,False,93.497,4,1257,"[2049, 2049, 2049, 2049, 2048, 2048, 2048, 2049, 2048, 2048]","[2048, 2049, 2048, 2048, 2049, 2048, 2048, 2049, 2048, 2048, 2049]","[2048, 2048, 2048, 2048, 2049, 2048, 2048]",10008,326
2025-04-11 15:06:39.728000+00:00,5,29.592,40.28,23.733,240,275,False,93.605,4,1257,"[2049, 2051, 2051, 2049, 2048, 2049, 2049, 2051, 2048, 2048]","[2048, 2048, 2048, 2049, 2049, 2049, 2051, 2051, 2048, 2049, 2049]","[2049, 2049, 2049, 2051, 2048, 2048]",10008,327
2025-04-11 15:06:47.123000+00:00,7,29.694,40.266,23.945,240,270,False,93.905,4,1257,"[None, 2048, 2048, 2048, 2049, 2048, 2048, 2048, 2048, 2049]","[2049, 2048, 2048, 2048, 2049, 2048, 2049, 2049, 2049, 2048, 2049]","[2048, 2049, 2049, 2049, 2048, 2048, 2048]",10008,324
2025-04-11 15:07:06.473000+00:00,30,72.87,56.21,29.815,146,197,True,158.895,4,1257,"[2064, 2064, 2064, 2048, 2048, 2048, 2048, 2048, 2048, 2048]","[2048, 2048, 2048, 2048, 2048, 2048, 2048, 2048, 2048, 2048, 2048]","[2048, 2048, 2048, 2048, 2048, 2049, 2051]",10008,145
2025-04-11 15:07:09.206000+00:00,23,40.565,59.628,32.316,193,104,False,132.509,4,1257,"[2049, 2048, 2048, 2051, 2048, 2048, 2048, 2048, 2048, 2048]","[2048, 2048, 2048, 2048, 2048, 2048, 2048, 2048, 2048, 2048, 2048]","[2048, 2048, 2048, 2048, 2048, 2048, 2049]",10008,318
2025-04-11 15:07:22.613000+00:00,31,55.217,71.284,30.779,120,137,False,157.28,4,1257,"[2048, 2048, 2048, 2048, 2048, 2048, 2048, 2048, 2048, 2048]","[2048, 2048, 2048, 2048, 2048, 2048, 2048, 2048, 2048, 2048, 2048]","[2048, 2048, 2048, 2048, 2048, 2048, 2048]",10008,149
2025-04-11 15:07:25.852000+00:00,55,33.156,56.614,35.478,200,142,False,125.248,4,1257,"[2049, 2049, 2048, 2049, 2048, 2048, 2048, 2048, 2048, 2048]","[2048, 2048, 2048, 2048, 2048, 2048, 2048, 2048, 2048, 2048, 2048]","[2048, 2048, 2048, 2048, 2048, 2049, 2049]",10008,318
2025-04-11 15:07:33.431000+00:00,63,59.159,81.599,41.859,107,121,False,182.617,3,1257,"[2048, 2048, 2048, 2048, 2048, 2048, 2048, 2048, 2048, 2048]","[2048, 2048, 2048, 2048, 2048, 2048, 2048, 2048, 2048, 2048, 2048]","[2048, 2048, 2048, 2048, 2048, 2048, 2064]",10008,94
2025-04-11 15:07:39.001000+00:00,18,29.759,40.513,23.579,240,268,False,93.851,4,1257,"[2049, 2048, 2048, 2049, 2048, 2048, 2048, 2048, 2048, 2048]","[2049, 2048, 2048, 2048, 2048, 2048, 2048, 2048, 2048, 2048, 2048]","[2048, 2049, 2049, 2048, 2048, 2048, 2048]",10008,320
2025-04-11 15:07:43.581000+00:00,16,53.373,79.598,40.752,120,142,False,173.723,5,1257,"[None, 2048, 2048, 2048, 2048, 2048, 2048, 2048, 2048, 2048]","[2048, 2048, 2048, 2048, 2048, 2048, 2048, 2048, 2048, 2048, 2048]","[2048, 2048, 2048, 2048, 2048, 2048, 2049]",10008,246
2025-04-11 15:07:51.583000+00:00,81,41.801,61.111,29.094,135,159,False,132.006,4,1257,"[2049, 2049, 2048, 2049, 2048, 2048, 2048, 2048, 2048, 2048]","[2048, 2048, 2048, 2048, 2048, 2048, 2048, 2048, 2048, 2048, 2048]","[2048, 2048, 2048, 2048, 2048, 2049, 2049]",10008,319
2025-04-11 15:08:00.674000+00:00,27,44.029,56.914,35.553,173,162,False,136.496,5,1257,"[2048, 2048, 2048, 2048, 2048, 2048, 2048, 2048, 2048, 2048]","[2048, 2048, 2048, 2048, 2048, 2048, 2048, 2048, 2048, 2048, 2048]","[2048, 2048, 2048, 2048, 2048, 2048, 2064]",10008,205
2025-04-11 15:08:00.781000+00:00,12,67.011,66.517,46.189,132,123,True,179.717,4,1257,"[2064, 2064, 2064, 2048, 2048, 2048, 2048, 2048, 2048, 2048]","[2048, 2048, 2048, 2048, 2048, 2048, 2048, 2048, 2048, 2048, 2048]","[2048, 2048, 2048, 2048, 2048, 2048, 2049]",10008,92
2025-04-11 15:08:04.537000+00:00,10,47.26,64.025,34.439,127,163,False,145.724,5,1257,"[2048, 2048, 2048, 2048, 2048, 2048, 2048, 2048, 2048, 2048]","[2048, 2048, 2048, 2048, 2048, 2048, 2048, 2048, 2048, 2048, 2048]","[2048, 2048, 2048, 2048, 2048, 2048, 2064]",10008,261
2025-04-11 15:08:06.321000+00:00,22,77.85,63.703,28.754,117,148,True,170.307,4,1257,"[2064, 2064, 2064, 2048, 2048, 2048, 2048, 2048, 2048, 2048]","[2048, 2048, 2048, 2048, 2048, 2048, 2048, 2048, 2048, 2048, 2048]","[2048, 2048, 2048, 2048, 2048, 2048, 2048]",10008,77
2025-04-11 15:08:10.264000+00:00,4,29.527,53.433,32.589,241,142,False,115.549,4,1257,"[2049, 2049, 2049, 2049, 2048, 2049, 2049, 2049, 2048, 2048]","[2048, 2049, 2049, 2048, 2048, 2048, 2048, 2048, 2048, 2048, 2048]","[2048, 2048, 2048, 2048, 2048, 2048, 2048]",10008,318
2025-04-11 15:08:13.204000+00:00,5,43.892,66.127,44.657,124,100,False,154.676,5,1257,"[None, 2048, 2048, 2048, 2048, 2048, 2048, 2048, 2048, 2048]","[2048, 2048, 2048, 2048, 2048, 2048, 2048, 2048, 2048, 2048, 2048]","[2048, 2048, 2048, 2048, 2048, 2048, 2048]",10008,217
2025-04-11 15:08:20.912000+00:00,7,46.44,63.316,36.044,131,160,False,145.8,5,1257,"[None, 2048, 2048, 2048, 2048, 2048, 2048, 2048, 2048, 2048]","[2048, 2048, 2048, 2048, 2048, 2048, 2048, 2048, 2048, 2048, 2048]","[2048, 2048, 2048, 2048, 2048, 2048, 2064]",10008,160
2025-04-11 15:08:32.893000+00:00,1,45.914,60.296,37.219,149,188,False,143.429,4,1257,"[None, 2048, 2048, 2048, 2048, 2048, 2048, 2048, 2048, 2048]","[2048, 2048, 2048, 2048, 2048, 2049, 2049, 2049, 2048, 2048, 2049]","[2048, 2048, 2048, 2048, 2048, 2048, 2049]",10008,196
2025-04-11 15:08:53.127000+00:00,87,29.854,40.434,24.211,238,271,False,94.499,5,1257,"[None, 2048, 2048, 2049, 2049, 2049, 2049, 2048, 2048, 2049]","[2049, 2049, 2048, 2048, 2049, 2048, 2048, 2048, 2049, 2048, 2049]","[2049, 2048, 2048, 2048, 2049, 2048]",10008,315
2025-04-11 15:09:12.897000+00:00,18,52.152,82.475,30.668,112,100,False,165.295,5,1257,"[2048, 2048, 2048, 2048, 2048, 2048, 2048, 2048, 2048, 2048]","[2048, 2048, 2048, 2048, 2048, 2048, 2048, 2048, 2048, 2048, 2048]","[2048, 2048, 2048, 2048, 2048, 2048, 2048]",10008,151
2025-04-11 15:09:14.513000+00:00,30,39.019,60.504,29.777,162,192,False,129.3,5,1257,"[2051, 2049, 2049, 2049, 2048, 2048, 2048, 2048, 2048, 2048]","[2048, 2048, 2048, 2048, 2048, 2048, 2048, 2048, 2048, 2048, 2048]","[2048, 2048, 2048, 2048, 2048, 2049, 2048]",10008,326
2025-04-11 15:09:21.666000+00:00,23,29.586,55.338,31.914,238,142,False,116.838,5,1257,"[None, 2049, 2049, 2048, 2048, 2048, 2049, 2049, 2048, 2049]","[2049, 2051, 2048, 2048, 2048, 2048, 2048, 2048, 2048, 2048, 2048]","[2048, 2048, 2048, 2048, 2048, 2048, 2048]",10008,319
2025-04-11 15:09:31.212000+00:00,55,29.712,40.614,23.452,240,267,False,93.778,5,1257,"[None, 2049, 2049, 2048, 2049, 2048, 2048, 2048, 2048, 2048]","[2049, 2049, 2048, 2048, 2049, 2049, 2049, 2049, 2049, 2048, 2049]","[2048, 2048, 2049, 2048, 2048, 2048, 2048]",10008,
2025-04-11 15:09:59.838000+00:00,31,29.931,40.531,23.425,239,267,False,93.887,5,1257,"[None, 2048, 2048, 2048, 2048, 2048, 2048, 2048, 2049, 2049]","[2049, 2049, 2048, 2048, 2048, 2048, 2048, 2048, 2048, 2048, 2048]","[2048, 2048, 2048, 2048, 2048, 2049, 2048]",10008,313
2025-04-11 15:10:03.537000+00:00,81,29.817,40.256,23.208,238,269,False,93.281,5,1257,"[None, 2049, 2049, 2048, 2048, 2048, 2049, 2049, 2048, 2049]","[2048, 2049, 2048, 2048, 2048, 2048, 2049, 2049, 2048, 2048, 2048]","[2048, 2048, 2048, 2049, 2049, 2048, 2049]",10008,320
2025-04-11 15:10:05.832000+00:00,4,43.949,61.901,25.729,136,179,False,131.579,5,1257,"[2048, 2048, 2048, 2048, 2048, 2048, 2048, 2048, 2048, 2048]","[2048, 2048, 2048, 2048, 2048, 2048, 2048, 2048, 2048, 2048, 2048]","[2048, 2048, 2048, 2048, 2048, 2048, 2048]",10008,183
2025-04-11 15:10:27.538000+00:00,87,51.086,70.468,36.534,103,139,False,158.088,6,1257,"[None, 2048, 2048, 2048, 2048, 2048, 2048, 2048, 2048, 2048]","[2048, 2048, 2048, 2048, 2048, 2048, 2048, 2048, 2048, 2048, 2048]","[2048, 2048, 2048, 2048, 2048, 2048, 2064]",10008,162
2025-04-11 15:10:28.716000+00:00,22,45.408,67.875,29.692,119,127,False,142.975,5,1257,"[2049, 2051, 2049, 2048, 2048, 2048, 2048, 2048, 2048, 2048]","[2048, 2048, 2048, 2048, 2048, 2048, 2048, 2048, 2048, 2048, 2048]","[2048, 2048, 2048, 2048, 2048, 2048, 2048]",10008,325
2025-04-11 15:10:37.345000+00:00,16,29.399,39.941,28.805,240,272,False,98.145,6,1257,"[None, 2049, 2049, 2049, 2048, 2049, 2049, 2049, 2049, 2048]","[2049, 2049, 2048, 2048, 2049, 2048, 2049, 2049, 2048, 2049, 2049]","[2048, 2049, 2049, 2049, 2048, 2048, 2064]",10008,325
2025-04-11 15:10:42.783000+00:00,27,69.072,60.065,39.859,143,137,True,168.996,6,1257,"[2064, 2064, 2064, 2048, 2048, 2048, 2048, 2048, 2048, 2048]","[2048, 2048, 2048, 2048, 2048, 2048, 2048, 2048, 2048, 2048, 2048]","[2048, 2048, 2048, 2048, 2048, 2048, 2048]",10008,125
2025-04-11 15:10:43.306000+00:00,12,43.704,57.444,32.03,147,153,False,133.178,5,1257,"[2049, 2049, 2049, 2049, 2048, 2048, 2048, 2048, 2048, 2048]","[2048, 2048, 2048, 2048, 2048, 2048, 2048, 2048, 2048, 2048, 2048]","[2048, 2048, 2048, 2048, 2048, 2048, 2049]",10008,325
2025-04-11 15:10:47.381000+00:00,10,58.504,51.479,26.146,187,195,True,136.129,6,1257,"[2064, 2064, 2064, 2048, 2048, 2048, 2048, 2048, 2048, 2048]","[2048, 2048, 2048, 2048, 2048, 2048, 2048, 2048, 2048, 2048, 2048]","[2048, 2048, 2048, 2048, 2048, 2048, 2048]",10008,98
2025-04-11 15:10:48.006000+00:00,5,30.174,40.848,26.138,239,270,False,97.16,6,1257,"[2048, 2048, 2048, 2048, 2048, 2048, 2048, 2048, 2048, 2048]","[2048, 2048, 2048, 2048, 2048, 2048, 2048, 2048, 2048, 2048, 2048]","[2048, 2048, 2048, 2048, 2048, 2048, 2064]",10008,324
2025-04-11 15:10:56.315000+00:00,1,29.362,39.923,23.091,240,270,False,92.376,5,1257,"[2049, 2049, 2049, 2049, 2048, 2048, 2049, 2049, 2048, 2048]","[2051, 2048, 2048, 2049, 2049, 2049, 2049, 2049, 2049, 2049, 2049]","[2049, 2049, 2049, 2049, 2049, 2048]",10008,323
2025-04-11 15:11:04.897000+00:00,55,54.436,75.84,32.935,140,126,False,163.211,6,1257,"[2048, 2048, 2048, 2048, 2048, 2048, 2048, 2048, 2048, 2048]","[2048, 2048, 2048, 2048, 2048, 2048, 2048, 2048, 2048, 2048, 2048]","[2048, 2048, 2048, 2048, 2048, 2048, 2064]",10008,162
2025-04-11 15:11:08.380000+00:00,7,65.692,58.833,26.829,146,218,True,151.354,6,1257,"[2064, 2064, 2064, 2048, 2048, 2048, 2048, 2048, 2048, 2048]","[2048, 2048, 2048, 2048, 2048, 2048, 2048, 2048, 2048, 2048, 2048]","[2048, 2048, 2048, 2048, 2048, 2048, 2048]",10008,126
2025-04-11 15:11:11.647000+00:00,63,90.257,64.879,31.321,116,142,True,186.457,4,1257,"[2064, 2064, 2064, 2048, 2048, 2048, 2048, 2048, 2048, 2048]","[2048, 2048, 2048, 2048, 2048, 2048, 2048, 2048, 2048, 2048, 2048]","[2048, 2048, 2048, 2048, 2048, 2048, 2049]",10008,100
2025-04-11 15:11:18.518000+00:00,23,47.296,68.149,32.969,117,129,False,148.414,6,1257,"[2048, 2048, 2048, 2048, 2048, 2048, 2048, 2048, 2048, 2048]","[2048, 2048, 2048, 2048, 2048, 2048, 2048, 2048, 2048, 2048, 2048]","[2048, 2048, 2048, 2048, 2048, 2048, 2049]",10008,173
2025-04-11 15:11:23.783000+00:00,30,29.614,61.968,31.478,241,191,False,123.06,6,1257,"[2048, 2048, 2048, 2048, 2048, 2048, 2049, 2049, 2048, 2049]","[2048, 2048, 2048, 2048, 2048, 2048, 2048, 2048, 2048, 2048, 2048]","[2048, 2048, 2048, 2048, 2048, 2048, 2064]",10008,
2025-04-11 15:11:33.814000+00:00,31,48.934,73.115,40.406,117,95,False,162.455,6,1257,"[None, 2048, 2048, 2048, 2048, 2048, 2048, 2048, 2048, 2048]","[2048, 2048, 2048, 2048, 2048, 2048, 2048, 2048, 2048, 2048, 2048]","[2048, 2048, 2048, 2048, 2048, 2048, 2048]",10008,184
2025-04-11 15:11:36.854000+00:00,81,49.306,72.33,39.399,91,149,False,161.035,6,1257,"[2048, 2048, 2048, 2048, 2048, 2048, 2048, 2048, 2048, 2048]","[2048, 2048, 2048, 2048, 2048, 2048, 2048, 2048, 2048, 2048, 2048]","[2048, 2048, 2048, 2048, 2048, 2048, 2048]",10008,158
2025-04-11 15:11:57.302000+00:00,44,,47.012,33.057,201,223,True,434.73,4,1257,"[2064, 2064, 2064, 2048, 2048, 2048, 2048, 2048, 2048, 2048]","[2048, 2048, 2048, 2048, 2048, 2048, 2048, 2048, 2048, 2048, 2048]","[2048, 2048, 2048, 2048, 2048, 2051, 2049]",10008,125
2025-04-11 15:11:58.209000+00:00,18,29.775,40.452,23.646,241,269,False,93.873,6,1257,"[None, 2048, 2048, 2049, 2048, 2048, 2048, 2048, 2049, 2048]","[2048, 2049, 2048, 2048, 2048, 2048, 2048, 2049, 2048, 2048, 2048]","[2048, 2048, 2049, 2048, 2048, 2048, 2048]",10008,319
2025-04-11 15:12:06.571000+00:00,6,,50.642,26.831,182,211,True,365.571,4,1257,"[2064, 2064, 2064, 2048, 2048, 2048, 2048, 2048, 2048, 2048]","[2048, 2048, 2048, 2048, 2048, 2048, 2048, 2048, 2048, 2048, 2048]","[2048, 2048, 2048, 2048, 2048, 2048, 2048]",10008,138
2025-04-11 15:12:17.336000+00:00,4,41.074,57.862,27.696,156,104,False,126.632,6,1257,"[None, 2048, 2048, 2048, 2048, 2048, 2048, 2048, 2048, 2048]","[2048, 2048, 2048, 2048, 2048, 2048, 2048, 2048, 2048, 2048, 2048]","[2048, 2048, 2048, 2048, 2048, 2048]",10008,315
2025-04-11 15:12:28.643000+00:00,1,33.813,42.776,28.801,208,239,False,105.39,6,1257,"[2048, 2048, 2048, 2048, 2048, 2048, 2048, 2048, 2048, 2048]","[2048, 2048, 2048, 2048, 2048, 2048, 2048, 2048, 2048, 2048, 2048]","[2048, 2048, 2048, 2048, 2048, 2048, 2064]",10008,247
2025-04-11 15:12:46.350000+00:00,10,29.734,40.334,23.222,240,269,False,93.29,7,1257,"[2048, 2048, 2048, 2049, 2048, 2048, 2048, 2048, 2048, 2048]","[2048, 2048, 2048, 2049, 2048, 2048, 2048, 2048, 2048, 2048, 2049]","[2048, 2048, 2048, 2048, 2049, 2048, 2048]",10008,323
2025-04-11 15:12:51.590000+00:00,22,29.634,40.521,23.537,238,272,False,93.692,6,1257,"[2048, 2048, 2048, 2048, 2049, 2049, 2048, 2048, 2048, 2048]","[2048, 2049, 2048, 2048, 2049, 2048, 2048, 2048, 2049, 2048, 2048]","[2048, 2048, 2048, 2048, 2048, 2048, 2048]",10008,323
2025-04-11 15:12:56.535000+00:00,12,29.391,40.035,22.867,242,274,False,92.293,6,1257,"[None, 2049, 2049, 2048, 2048, 2048, 2049, 2049, 2049, 2048]","[2048, 2049, 2048, 2049, 2048, 2049, 2049, 2049, 2049, 2048, 2049]","[2048, 2048, 2051, 2049, 2048, 2048, 2049]",10008,
2025-04-11 15:13:06.128000+00:00,27,29.799,41.083,27.126,239,271,False,98.008,7,1257,"[2048, 2049, 2049, 2048, 2049, 2048, 2048, 2048, 2048, 2048]","[2048, 2048, 2048, 2048, 2048, 2048, 2048, 2048, 2048, 2048, 2049]","[2048, 2048, 2048, 2048, 2048, 2048, 2064]",10008,322
2025-04-11 15:13:18.174000+00:00,7,29.888,40.571,23.317,238,269,False,93.776,7,1257,"[2048, 2048, 2048, 2048, 2048, 2048, 2048, 2048, 2048, 2048]","[2048, 2049, 2048, 2049, 2048, 2048, 2048, 2048, 2048, 2048, 2048]","[2048, 2048, 2049, 2048, 2048, 2048, 2048]",10008,322
2025-04-11 15:13:32.012000+00:00,18,46.132,60.725,31.519,139,156,False,138.376,7,1257,"[None, 2048, 2048, 2048, 2048, 2048, 2048, 2048, 2048, 2048]","[2048, 2048, 2048, 2048, 2048, 2048, 2048, 2048, 2048, 2048, 2048]","[2048, 2048, 2048, 2048, 2048, 2048, 2064]",10008,218
2025-04-11 15:13:42.604000+00:00,63,29.278,39.763,22.904,239,273,False,91.945,5,1257,"[2049, 2049, 2049, 2049, 2048, 2048, 2051, 2049, 2051, 2048]","[2049, 2049, 2048, 2051, 2049, 2048, 2049, 2049, 2048, 2051, 2049]","[2049, 2051, 2051, 2049, 2049, 2048, 2049]",10008,323
2025-04-11 15:13:46.984000+00:00,23,29.512,40.543,23.395,238,266,False,93.45,7,1257,"[2049, 2049, 2049, 2048, 2048, 2051, 2049, 2049, 2048, 2048]","[2048, 2048, 2048, 2049, 2048, 2049, 2049, 2049, 2048, 2048, 2048]","[2049, 2049, 2049, 2049, 2048, 2048, 2048]",10008,321
2025-04-11 15:13:53.230000+00:00,87,91.689,55.121,25.987,156,200,True,172.797,7,1257,"[2064, 2064, 2064, 2048, 2048, 2048, 2048, 2048, 2048, 2048]","[2048, 2048, 2048, 2048, 2048, 2048, 2048, 2048, 2048, 2048, 2048]","[2048, 2048, 2048, 2048, 2048, 2049, 2048]",10008,123
2025-04-11 15:13:53.984000+00:00,44,29.117,64.472,41.526,241,123,False,135.115,5,1257,"[2048, 2048, 2048, 2049, 2049, 2048, 2048, 2048, 2049, 2049]","[2049, 2049, 2048, 2048, 2048, 2048, 2048, 2048, 2048, 2048, 2048]","[2048, 2048, 2048, 2048, 2048, 2048, 2048]",10008,325
2025-04-11 15:14:03.565000+00:00,6,29.63,40.578,23.306,237,272,False,93.514,5,1257,"[2048, 2048, 2048, 2048, 2049, 2048, 2048, 2048, 2048, 2048]","[2049, 2048, 2048, 2049, 2048, 2049, 2049, 2049, 2048, 2048, 2048]","[2048, 2048, 2048, 2048, 2048, 2048, 2048]",10008,322
2025-04-11 15:14:12.295000+00:00,55,59.841,51.508,30.614,153,221,True,141.963,7,1257,"[2064, 2064, 2064, 2048, 2048, 2048, 2048, 2048, 2048, 2048]","[2048, 2048, 2048, 2048, 2048, 2048, 2048, 2048, 2048, 2048, 2048]","[2048, 2048, 2048, 2048, 2048, 2049, 2049]",10008,178
2025-04-11 15:14:16.256000+00:00,31,54.591,66.006,28.817,124,166,False,149.414,7,1257,"[None, 2048, 2048, 2048, 2048, 2048, 2048, 2048, 2048, 2048]","[2048, 2048, 2048, 2048, 2048, 2048, 2048, 2048, 2048, 2048, 2048]","[2048, 2048, 2048, 2048, 2048, 2048, 2048]",10008,163
2025-04-11 15:14:17.892000+00:00,81,55.701,58.914,25.628,137,183,False,140.243,7,1257,"[None, 2048, 2048, 2048, 2048, 2048, 2048, 2048, 2048, 2048]","[2048, 2048, 2048, 2048, 2048, 2048, 2048, 2048, 2048, 2048, 2048]","[2048, 2048, 2048, 2048, 2048, 2048, 2048]",10008,89
2025-04-11 15:14:19.703000+00:00,10,40.545,50.191,28.941,191,191,False,119.677,8,1257,"[None, 2048, 2048, 2048, 2048, 2048, 2048, 2048, 2048, 2048]","[2048, 2048, 2048, 2048, 2048, 2048, 2048, 2048, 2048, 2048, 2048]","[2048, 2048, 2048, 2048, 2048, 2048, 2064]",10008,266
2025-04-11 15:14:23.912000+00:00,4,30.122,40.253,31.075,241,270,False,101.45,7,1257,"[None, 2048, 2049, 2048, 2048, 2048, 2048, 2049, 2049, 2048]","[2048, 2048, 2049, 2049, 2048, 2048, 2048, 2048, 2048, 2049, 2048]","[2048, 2048, 2048, 2048, 2048, 2048, 2064]",10008,319
2025-04-11 15:14:25.380000+00:00,22,42.514,53.559,30.359,132,179,False,126.432,7,1257,"[None, 2048, 2048, 2048, 2048, 2048, 2048, 2048, 2048, 2048]","[2048, 2048, 2048, 2048, 2048, 2048, 2048, 2048, 2048, 2048, 2048]","[2048, 2048, 2048, 2048, 2048, 2048, 2064]",10008,228
2025-04-11 15:14:28.756000+00:00,12,35.785,48.578,29.947,193,182,False,114.31,7,1257,"[2048, 2048, 2048, 2048, 2048, 2048, 2048, 2048, 2048, 2048]","[2048, 2048, 2048, 2048, 2048, 2048, 2048, 2048, 2048, 2048, 2048]","[2048, 2048, 2048, 2048, 2048, 2048, 2064]",10008,261
2025-04-11 15:14:51.872000+00:00,7,38.414,47.413,32.415,179,176,False,118.242,8,1257,"[None, 2048, 2048, 2048, 2048, 2048, 2048, 2048, 2048, 2048]","[2048, 2048, 2048, 2048, 2048, 2048, 2048, 2048, 2048, 2048, 2048]","[2048, 2048, 2048, 2048, 2048, 2048, 2064]",10008,238
2025-04-11 15:15:14.389000+00:00,63,36.829,54.446,28.943,160,180,False,120.218,6,1257,"[2048, 2048, 2048, 2048, 2048, 2048, 2048, 2048, 2048, 2048]","[2048, 2048, 2048, 2048, 2048, 2048, 2048, 2048, 2048, 2048, 2048]","[2048, 2048, 2048, 2048, 2048, 2048, 2064]",10008,270
2025-04-11 15:15:20.351000+00:00,23,35.138,51.429,29.928,165,186,False,116.495,8,1257,"[2048, 2048, 2048, 2048, 2048, 2048, 2048, 2048, 2048, 2048]","[2048, 2048, 2048, 2048, 2048, 2048, 2048, 2048, 2048, 2048, 2048]","[2048, 2048, 2048, 2048, 2048, 2048, 2064]",10008,273
2025-04-11 15:15:36.992000+00:00,6,35.056,54.078,31.055,166,202,False,120.189,6,1257,"[None, 2048, 2048, 2048, 2048, 2048, 2048, 2048, 2048, 2048]","[2048, 2048, 2048, 2048, 2048, 2048, 2048, 2048, 2048, 2048, 2048]","[2048, 2048, 2048, 2048, 2048, 2048, 2064]",10008,298
2025-04-11 15:15:58.588000+00:00,87,29.834,40.445,23.539,239,271,False,93.818,8,1257,"[2048, 2048, 2048, 2049, 2048, 2049, 2049, 2048, 2048, 2049]","[2048, 2049, 2048, 2048, 2048, 2048, 2048, 2048, 2048, 2049, 2049]","[2049, 2049, 2048, 2048, 2049, 2048]",10008,315
2025-04-11 15:16:08.976000+00:00,44,51.286,58.451,26.683,160,188,False,136.42,6,1257,"[None, 2048, 2048, 2048, 2048, 2048, 2048, 2048, 2048, 2048]","[2048, 2048, 2048, 2048, 2048, 2048, 2048, 2048, 2048, 2048, 2048]","[2048, 2048, 2048, 2048, 2048, 2051, 2048]",10008,160
2025-04-11 15:16:10.116000+00:00,55,29.768,40.405,23.371,239,268,False,93.544,8,1257,"[2049, 2048, 2048, 2048, 2048, 2048, 2048, 2049, 2048, 2048]","[2048, 2049, 2048, 2048, 2048, 2049, 2049, 2049, 2049, 2048, 2049]","[2048, 2049, 2049, 2049, 2048, 2048]",10008,317
2025-04-11 15:16:31.027000+00:00,30,,54.051,27.247,110,188,True,310.534,7,1257,"[2064, 2064, 2064, 2048, 2048, 2048, 2048, 2048, 2048, 2048]","[2048, 2048, 2048, 2048, 2048, 2048, 2048, 2048, 2048, 2048, 2048]","[2048, 2048, 2048, 2048, 2048, 2048, 2048]",10008,140
2025-04-11 15:16:38.096000+00:00,81,29.707,39.98,26.614,240,271,False,96.301,8,1257,"[None, 2048, 2048, 2048, 2048, 2049, 2049, 2048, 2049, 2049]","[2048, 2048, 2048, 2048, 2048, 2048, 2048, 2048, 2049, 2049, 2049]","[2048, 2048, 2048, 2048, 2048, 2048, 2064]",10008,316
2025-04-11 15:16:45.634000+00:00,31,29.836,40.477,23.352,240,269,False,93.665,8,1257,"[None, 2048, 2048, 2048, 2048, 2049, 2048, 2048, 2048, 2049]","[2048, 2048, 2048, 2048, 2048, 2048, 2049, 2049, 2048, 2048, 2048]","[2048, 2049, 2048, 2048, 2048, 2049, 2048]",10008,314
2025-04-11 15:17:32.311000+00:00,87,31.438,42.67,27.869,225,251,False,101.977,9,1257,"[None, 2048, 2048, 2048, 2048, 2048, 2048, 2048, 2048, 2048]","[2048, 2048, 2048, 2048, 2048, 2048, 2048, 2048, 2048, 2048, 2048]","[2048, 2048, 2048, 2048, 2048, 2048, 2064]",10008,298
2025-04-11 15:17:43.602000+00:00,55,33.238,47.715,31.345,203,200,False,112.298,9,1257,"[2048, 2048, 2048, 2048, 2048, 2048, 2048, 2048, 2048, 2048]","[2048, 2048, 2048, 2048, 2048, 2048, 2048, 2048, 2048, 2048, 2048]","[2048, 2048, 2048, 2048, 2048, 2048, 2064]",10008,298
2025-04-11 15:18:19.298000+00:00,31,38.643,55.678,31.17,175,186,False,125.491,9,1257,"[None, 2048, 2048, 2048, 2048, 2048, 2048, 2048, 2048, 2048]","[2048, 2048, 2048, 2048, 2048, 2048, 2048, 2048, 2048, 2048, 2048]","[2048, 2048, 2048, 2048, 2048, 2048, 2064]",10008,278
2025-04-11 15:18:25.394000+00:00,44,29.148,39.761,23.006,241,274,False,91.915,7,1257,"[None, 2048, 2048, 2048, 2051, 2049, 2049, 2048, 2048, 2049]","[2049, 2048, 2048, 2048, 2049, 2049, 2049, 2049, 2048, 2048, 2048]","[2048, 2049, 2049, 2048, 2049, 2048]",10008,323
2025-04-11 15:18:31.974000+00:00,16,,50.625,25.502,186,206,True,498.961,7,1257,"[2064, 2064, 2064, 2048, 2048, 2048, 2048, 2048, 2048, 2048]","[2048, 2048, 2048, 2048, 2048, 2048, 2048, 2048, 2048, 2048, 2048]","[2048, 2048, 2048, 2048, 2048, 2049, 2049]",10008,63
2025-04-11 15:18:37.413000+00:00,30,29.571,40.423,23.291,241,274,False,93.285,8,1257,"[2048, 2048, 2048, 2048, 2048, 2049, 2049, 2049, 2048, 2049]","[2048, 2049, 2048, 2049, 2048, 2048, 2049, 2049, 2048, 2048, 2049]","[2048, 2049, 2049, 2049, 2049, 2048, 2048]",10008,324
2025-04-11 15:19:57.214000+00:00,44,32.756,43.314,26.994,224,251,False,103.064,8,1257,"[None, 2048, 2048, 2048, 2048, 2048, 2048, 2048, 2048, 2048]","[2048, 2048, 2048, 2048, 2048, 2048, 2048, 2048, 2048, 2048, 2048]","[2048, 2048, 2048, 2048, 2048, 2048, 2064]",10008,236
2025-04-11 15:20:10.657000+00:00,30,33.455,48.661,28.131,186,210,False,110.247,9,1257,"[None, 2048, 2048, 2048, 2048, 2048, 2048, 2048, 2048, 2048]","[2048, 2048, 2048, 2048, 2048, 2048, 2048, 2048, 2048, 2048, 2048]","[2048, 2048, 2048, 2048, 2048, 2048, 2064]",10008,302
2025-04-11 15:20:34.466000+00:00,16,29.141,39.654,22.934,243,271,False,91.729,8,1257,"[2048, 2048, 2048, 2049, 2049, 2049, 2049, 2049, 2049, 2049]","[2049, 2049, 2048, 2051, 2048, 2049, 2049, 2049, 2049, 2049, 2049]","[2049, 2049, 2049, 2051, 2049, 2048]",10008,322
2025-04-11 15:21:01.065000+00:00,23,,46.459,24.598,203,234,True,330.882,9,1257,"[2064, 2064, 2064, 2048, 2048, 2048, 2048, 2048, 2048, 2048]","[2048, 2048, 2048, 2048, 2048, 2048, 2048, 2048, 2048, 2048, 2048]","[2048, 2048, 2048, 2048, 2048, 2051, 2049]",10008,155
2025-04-11 15:21:20.241000+00:00,18,,57.667,26.938,154,132,True,452.456,8,1257,"[2064, 2064, 2064, 2048, 2048, 2048, 2048, 2048, 2048, 2048]","[2048, 2048, 2048, 2048, 2048, 2048, 2048, 2048, 2048, 2048, 2048]","[2048, 2048, 2048, 2048, 2048, 2049, 2049]",10008,130
2025-04-11 15:21:32.073000+00:00,1,,60.206,27.005,146,157,True,566.872,7,1257,"[2064, 2064, 2064, 2048, 2048, 2048, 2048, 2048, 2048, 2048]","[2048, 2048, 2048, 2048, 2048, 2048, 2048, 2048, 2048, 2048, 2048]","[2048, 2048, 2048, 2048, 2048, 2049, 2049]",10008,120
2025-04-11 15:22:06.076000+00:00,16,48.952,72.034,40.187,117,138,False,161.173,9,1257,"[None, 2048, 2048, 2048, 2048, 2048, 2048, 2048, 2048, 2048]","[2048, 2048, 2048, 2048, 2048, 2048, 2048, 2048, 2048, 2048, 2048]","[2048, 2048, 2048, 2048, 2048, 2048, 2064]",10008,179
2025-04-11 15:22:32.947000+00:00,5,,54.033,28.09,177,192,True,727.313,7,1257,"[2064, 2064, 2064, 2048, 2048, 2048, 2048, 2048, 2048, 2048]","[2048, 2048, 2048, 2048, 2048, 2048, 2048, 2048, 2048, 2048, 2048]","[2048, 2048, 2048, 2048, 2048, 2048, 2048]",10008,148
2025-04-11 15:22:47.781000+00:00,23,29.137,39.457,23.102,240,267,False,91.696,10,1257,"[2049, 2048, 2048, 2048, 2049, 2049, 2049, 2049, 2049, 2049]","[2049, 2051, 2049, 2049, 2049, 2049, 2049, 2049, 2051, 2049, 2049]","[2049, 2051, 2049, 2049, 2049, 2048]",10008,319
2025-04-11 15:22:50.312000+00:00,4,,55.332,28.929,173,171,True,524.697,8,1257,"[2064, 2064, 2064, 2048, 2048, 2048, 2048, 2048, 2048, 2048]","[2048, 2048, 2048, 2048, 2048, 2048, 2048, 2048, 2048, 2048, 2048]","[2048, 2048, 2048, 2048, 2048, 2049]",10008,152
2025-04-11 15:23:22.885000+00:00,18,29.275,39.783,23.324,242,269,False,92.382,9,1257,"[2049, 2049, 2048, 2049, 2049, 2049, 2049, 2049, 2049, 2049]","[2049, 2049, 2049, 2049, 2048, 2049, 2049, 2049, 2049, 2049, 2049]","[2049, 2049, 2049, 2049, 2049, 2048]",10008,321
2025-04-11 15:23:31.802000+00:00,81,,51.466,25.994,199,204,True,437.46,9,1257,"[2064, 2064, 2064, 2048, 2048, 2048, 2048, 2048, 2048, 2048]","[2048, 2048, 2048, 2048, 2048, 2048, 2048, 2048, 2048, 2048, 2048]","[2048, 2048, 2048, 2048, 2048, 2049, 2049]",10008,115
2025-04-11 15:23:40.998000+00:00,1,28.926,39.322,23.082,242,271,False,91.33,8,1257,"[2048, 2048, 2048, 2048, 2051, 2049, 2049, 2049, 2049, 2049]","[2051, 2049, 2048, 2049, 2051, 2049, 2049, 2049, 2049, 2049, 2049]","[2049, 2049, 2049, 2049, 2048, 2048]",10008,321
2025-04-11 15:23:45.831000+00:00,10,,51.226,28.324,161,205,True,561.508,9,1257,"[2064, 2064, 2064, 2048, 2048, 2048, 2048, 2048, 2048, 2048]","[2048, 2048, 2048, 2048, 2048, 2048, 2048, 2048, 2048, 2048, 2048]","[2048, 2048, 2048, 2048, 2048, 2048, 2048]",10008,145
2025-04-11 15:23:50.837000+00:00,63,,55.331,27.665,179,212,True,516.866,7,1257,"[2064, 2064, 2064, 2048, 2048, 2048, 2048, 2048, 2048, 2048]","[2048, 2048, 2048, 2048, 2048, 2048, 2048, 2048, 2048, 2048, 2048]","[2048, 2048, 2048, 2048, 2048, 2049, 2049]",10008,140
2025-04-11 15:23:56.972000+00:00,12,,54.191,25.919,161,186,True,579.258,8,1257,"[2064, 2064, 2064, 2048, 2048, 2048, 2048, 2048, 2048, 2048]","[2048, 2048, 2048, 2048, 2048, 2048, 2048, 2048, 2048, 2048, 2048]","[2048, 2048, 2048, 2048, 2048, 2048, 2048]",10008,93
2025-04-11 15:24:04.445000+00:00,7,,47.709,31.722,196,223,True,560.205,9,1257,"[2064, 2064, 2064, 2048, 2048, 2048, 2048, 2048, 2048, 2048]","[2048, 2048, 2048, 2048, 2048, 2048, 2048, 2048, 2048, 2048, 2048]","[2048, 2048, 2048, 2048, 2048, 2049, 2048]",10008,82
2025-04-11 15:24:06.125000+00:00,55,,51.853,29.017,180,209,True,401.201,10,1257,"[2064, 2064, 2064, 2048, 2048, 2048, 2048, 2048, 2048, 2048]","[2048, 2048, 2048, 2048, 2048, 2048, 2048, 2048, 2048, 2048, 2048]","[2048, 2048, 2048, 2048, 2048, 2049, 2049]",10008,44
2025-04-11 15:24:13.003000+00:00,6,,51.392,25.117,192,216,True,528.531,7,1257,"[2064, 2064, 2064, 2048, 2048, 2048, 2048, 2048, 2048, 2048]","[2048, 2048, 2048, 2048, 2048, 2048, 2048, 2048, 2048, 2048, 2048]","[2048, 2048, 2048, 2048, 2048, 2049, 2049]",10008,53
2025-04-11 15:24:19.403000+00:00,23,49.925,67.457,30.421,94,163,False,147.803,11,1257,"[2048, 2048, 2048, 2048, 2048, 2048, 2048, 2048, 2048, 2048]","[2048, 2048, 2048, 2048, 2048, 2048, 2048, 2048, 2048, 2048, 2048]","[2048, 2048, 2048, 2048, 2048, 2048, 2064]",10008,195
2025-04-11 15:24:32.560000+00:00,5,29.21,39.559,23.003,242,274,False,91.772,8,1257,"[2048, 2048, 2048, 2049, 2049, 2049, 2049, 2051, 2049, 2049]","[2049, 2049, 2049, 2049, 2049, 2049, 2048, 2051, 2049, 2049, 2048]","[2049, 2049, 2049, 2051, 2049, 2049, 2048]",10008,324
2025-04-11 15:24:50.064000+00:00,4,28.901,38.903,22.855,243,270,False,90.659,9,1257,"[2049, 2049, 2048, 2048, 2049, 2049, 2049, 2049, 2051, 2049]","[2049, 2049, 2051, 2049, 2049, 2051, 2049, 2049, 2051, 2051, 2049]","[2048, 2049, 2049, 2049, 2049, 2048]",10008,317
2025-04-11 15:24:55.169000+00:00,18,53.868,76.992,40.727,113,144,False,171.587,10,1257,"[2048, 2048, 2048, 2048, 2048, 2048, 2048, 2048, 2048, 2048]","[2048, 2048, 2048, 2048, 2048, 2048, 2048, 2048, 2048, 2048, 2048]","[2048, 2048, 2048, 2048, 2048, 2048, 2048]",10008,151
2025-04-11 15:25:07.994000+00:00,16,74.969,53.831,27.085,152,226,True,155.885,10,1257,"[2064, 2064, 2064, 2048, 2048, 2048, 2048, 2048, 2048, 2048]","[2048, 2048, 2048, 2048, 2048, 2048, 2048, 2048, 2048, 2048, 2048]","[2048, 2048, 2048, 2048, 2048, 2048, 2051]",10008,194
2025-04-11 15:25:12.272000+00:00,1,34.866,44.62,28.803,212,220,False,108.289,9,1257,"[None, 2048, 2048, 2048, 2048, 2048, 2048, 2048, 2048, 2048]","[2048, 2048, 2048, 2048, 2048, 2048, 2048, 2048, 2048, 2048, 2048]","[2048, 2048, 2048, 2048, 2048, 2048, 2064]",10008,205
2025-04-11 15:25:31.823000+00:00,81,28.977,38.894,22.634,242,272,False,90.505,10,1257,"[2049, 2049, 2048, 2048, 2049, 2049, 2049, 2049, 2049, 2049]","[2049, 2051, 2049, 2051, 2049, 2049, 2049, 2049, 2051, 2051, 2049]","[2051, 2049, 2051, 2049, 2049, 2048]",10008,318
2025-04-11 15:25:34.100000+00:00,27,,63.945,27.535,149,110,True,788.646,8,1257,"[2064, 2064, 2064, 2048, 2048, 2048, 2048, 2048, 2048, 2048]","[2048, 2048, 2048, 2048, 2048, 2048, 2048, 2048, 2048, 2048, 2048]","[2048, 2048, 2048, 2048, 2048, 2049, 2049]",10008,92
2025-04-11 15:25:40.776000+00:00,10,29.193,39.599,23.155,241,271,False,91.947,10,1257,"[2048, 2048, 2048, 2049, 2049, 2048, 2049, 2049, 2049, 2049]","[2049, 2049, 2049, 2049, 2049, 2048, 2048, 2048, 2049, 2049, 2049]","[2048, 2048, 2048, 2048, 2049, 2048, 2048]",10008,323
2025-04-11 15:25:51.533000+00:00,63,28.755,39.603,22.674,243,273,False,91.032,8,1257,"[2049, 2049, 2049, 2049, 2049, 2051, 2051, 2049, 2049, 2051]","[2049, 2048, 2049, 2049, 2049, 2048, 2049, 2049, 2049, 2049, 2048]","[2049, 2051, 2051, 2049, 2049, 2048]",10008,325
2025-04-11 15:26:02.446000+00:00,12,29.219,39.362,22.646,242,272,False,91.227,9,1257,"[2048, 2048, 2048, 2048, 2048, 2049, 2049, 2048, 2051, 2048]","[2049, 2049, 2049, 2049, 2049, 2049, 2049, 2049, 2049, 2049, 2048]","[2049, 2049, 2049, 2049, 2051, 2049]",10008,322
2025-04-11 15:26:04.121000+00:00,5,42.147,64.708,38.327,89,152,False,145.182,9,1257,"[None, 2048, 2048, 2048, 2048, 2048, 2048, 2048, 2048, 2048]","[2048, 2048, 2048, 2048, 2048, 2048, 2048, 2048, 2048, 2048, 2048]","[2048, 2048, 2048, 2048, 2048, 2048, 2064]",10008,252
2025-04-11 15:26:10.434000+00:00,7,29.212,39.515,23.061,241,271,False,91.788,10,1257,"[2049, 2048, 2048, 2048, 2049, 2049, 2049, 2049, 2049, 2049]","[2049, 2049, 2049, 2048, 2049, 2049, 2049, 2049, 2049, 2048, 2049]","[2049, 2049, 2049, 2049, 2049, 2048, 2048]",10008,324
2025-04-11 15:26:17.213000+00:00,55,29.076,39.571,22.976,241,269,False,91.623,11,1257,"[2049, 2049, 2049, 2048, 2049, 2049, 2049, 2049, 2049, 2049]","[2049, 2049, 2049, 2049, 2049, 2049, 2049, 2049, 2049, 2049, 2049]","[2049, 2049, 2049, 2049, 2049, 2048, 2048]",10008,321
2025-04-11 15:26:20.660000+00:00,4,37.279,46.147,30.473,177,196,False,113.899,10,1257,"[2048, 2048, 2048, 2048, 2048, 2048, 2048, 2048, 2048, 2048]","[2048, 2048, 2048, 2048, 2048, 2048, 2048, 2048, 2048, 2048, 2048]","[2048, 2048, 2048, 2048, 2048, 2048, 2064]",10008,205
2025-04-11 15:26:25.746000+00:00,6,28.981,39.355,22.902,241,274,False,91.238,8,1257,"[2049, 2049, 2049, 2049, 2048, 2049, 2049, 2049, 2049, 2049]","[2049, 2049, 2049, 2049, 2049, 2049, 2049, 2049, 2049, 2049, 2049]","[2049, 2049, 2049, 2049, 2049, 2048]",10008,326
2025-04-11 15:26:34.018000+00:00,22,,51.209,27.32,179,179,True,719.302,8,1257,"[2064, 2064, 2064, 2048, 2048, 2048, 2048, 2048, 2048, 2048]","[2048, 2048, 2048, 2048, 2048, 2048, 2048, 2048, 2048, 2048, 2048]","[2048, 2048, 2048, 2048, 2048, 2048, 2048]",10008,119
2025-04-11 15:26:41.149000+00:00,30,,51.389,26.398,174,201,True,400.072,10,1257,"[2064, 2064, 2064, 2048, 2048, 2048, 2048, 2048, 2048, 2048]","[2048, 2048, 2048, 2048, 2048, 2048, 2048, 2048, 2048, 2048, 2048]","[2048, 2048, 2048, 2048, 2048, 2049, 2048]",10008,126
2025-04-11 15:26:56.615000+00:00,87,,54.933,25.731,151,165,True,581.205,10,1257,"[2064, 2064, 2064, 2048, 2048, 2048, 2048, 2048, 2048, 2048]","[2048, 2048, 2048, 2048, 2048, 2048, 2048, 2048, 2048, 2048, 2048]","[2048, 2048, 2048, 2048, 2048, 2049, 2049]",10008,155
2025-04-11 15:27:02.210000+00:00,81,36.689,55.858,27.872,186,211,False,120.419,11,1257,"[2048, 2048, 2048, 2048, 2048, 2048, 2048, 2048, 2048, 2048]","[2048, 2048, 2048, 2048, 2048, 2048, 2048, 2048, 2048, 2048, 2048]","[2048, 2048, 2048, 2048, 2048, 2048, 2064]",10008,201
2025-04-11 15:27:06.872000+00:00,31,,60.612,29.406,112,150,True,537.794,10,1257,"[2064, 2064, 2064, 2048, 2048, 2048, 2048, 2048, 2048, 2048]","[2048, 2048, 2048, 2048, 2048, 2048, 2048, 2048, 2048, 2048, 2048]","[2048, 2048, 2048, 2048, 2048, 2049, 2049]",10008,119
2025-04-11 15:27:12.771000+00:00,10,49.44,84.244,49.378,102,105,False,183.062,11,1257,"[None, 2048, 2048, 2048, 2048, 2048, 2048, 2048, 2048, 2048]","[2048, 2048, 2048, 2048, 2048, 2048, 2048, 2048, 2048, 2048, 2048]","[2048, 2048, 2048, 2048, 2048, 2048, 2064]",10008,272
2025-04-11 15:27:22.442000+00:00,63,38.736,55.718,33.198,161,183,False,127.652,9,1257,"[2048, 2048, 2048, 2048, 2048, 2048, 2048, 2048, 2048, 2048]","[2048, 2048, 2048, 2048, 2048, 2048, 2048, 2048, 2048, 2048, 2048]","[2048, 2048, 2048, 2048, 2048, 2048, 2064]",10008,248
2025-04-11 15:27:23.218000+00:00,16,28.965,39.58,23.107,241,272,False,91.652,11,1257,"[2051, 2051, 2051, 2049, 2048, 2048, 2048, 2048, 2049, 2048]","[2049, 2048, 2048, 2048, 2048, 2049, 2049, 2048, 2049, 2049, 2048]","[2049, 2048, 2048, 2051, 2048, 2048]",10008,329
2025-04-11 15:27:33.574000+00:00,12,41.338,56.073,31.258,157,183,False,128.669,10,1257,"[None, 2048, 2048, 2048, 2048, 2048, 2048, 2048, 2048, 2048]","[2048, 2048, 2048, 2048, 2048, 2048, 2048, 2048, 2048, 2048, 2048]","[2048, 2048, 2048, 2048, 2048, 2048, 2064]",10008,249
2025-04-11 15:27:42.056000+00:00,7,45.84,64.877,47.821,73,130,False,158.538,11,1257,"[2048, 2048, 2048, 2048, 2048, 2048, 2048, 2048, 2048, 2048]","[2048, 2048, 2048, 2048, 2048, 2048, 2048, 2048, 2048, 2048, 2048]","[2048, 2048, 2048, 2048, 2048, 2048, 2064]",10008,263
2025-04-11 15:27:46.770000+00:00,18,56.223,70.206,29.752,98,121,False,156.181,11,1257,"[None, 2048, 2048, 2048, 2048, 2048, 2048, 2048, 2048, 2048]","[2048, 2048, 2048, 2048, 2048, 2048, 2048, 2048, 2048, 2048, 2048]","[2048, 2048, 2048, 2048, 2048, 2048, 2049]",10008,
2025-04-11 15:27:48.731000+00:00,55,42.722,63.263,40.028,151,138,False,146.013,12,1257,"[2048, 2048, 2048, 2048, 2048, 2048, 2048, 2048, 2048, 2048]","[2048, 2048, 2048, 2048, 2048, 2048, 2048, 2048, 2048, 2048, 2048]","[2048, 2048, 2048, 2048, 2048, 2048, 2048]",10008,247
2025-04-11 15:27:52.800000+00:00,27,29.286,40.11,23.263,243,273,False,92.659,9,1257,"[2049, 2049, 2049, 2049, 2048, 2048, 2049, 2049, 2049, 2049]","[2049, 2048, 2049, 2051, 2049, 2049, 2049, 2049, 2049, 2049, 2049]","[2049, 2049, 2049, 2051, 2049, 2048]",10008,329
2025-04-11 15:27:56.883000+00:00,6,42.638,60.657,29.681,179,150,False,132.976,9,1257,"[2048, 2048, 2048, 2048, 2048, 2048, 2048, 2048, 2048, 2048]","[2048, 2048, 2048, 2048, 2048, 2048, 2048, 2048, 2048, 2048, 2048]","[2048, 2048, 2048, 2048, 2048, 2048, 2064]",10008,214
2025-04-11 15:28:31.093000+00:00,22,48.541,83.326,28.509,108,124,False,160.376,9,1257,"[2048, 2048, 2048, 2048, 2048, 2048, 2048, 2048, 2048, 2048]","[2048, 2048, 2048, 2048, 2048, 2048, 2048, 2048, 2048, 2048, 2048]","[2048, 2048, 2048, 2048, 2048, 2048, 2049]",10008,258
2025-04-11 15:28:40.944000+00:00,30,29.122,39.571,23.013,240,274,False,91.706,11,1257,"[2048, 2048, 2048, 2048, 2049, 2049, 2049, 2049, 2049, 2049]","[2049, 2048, 2049, 2049, 2049, 2049, 2049, 2049, 2049, 2049, 2049]","[2049, 2049, 2049, 2049, 2049, 2048]",10008,326
2025-04-11 15:28:46.621000+00:00,5,59.302,50.296,27.957,158,220,True,137.555,10,1257,"[2064, 2064, 2064, 2048, 2048, 2048, 2048, 2048, 2048, 2048]","[2048, 2048, 2048, 2048, 2048, 2048, 2048, 2048, 2048, 2048, 2048]","[2048, 2048, 2048, 2048, 2048, 2048, 2064]",10008,140
2025-04-11 15:28:54.762000+00:00,16,36.403,49.95,28.556,193,221,False,114.909,12,1257,"[2048, 2048, 2048, 2048, 2048, 2048, 2048, 2048, 2048, 2048]","[2048, 2048, 2048, 2048, 2048, 2048, 2048, 2048, 2048, 2048, 2048]","[2048, 2048, 2048, 2048, 2048, 2048, 2064]",10008,255
2025-04-11 15:28:55.486000+00:00,87,29.004,39.542,23.038,241,274,False,91.584,11,1257,"[2049, 2049, 2049, 2049, 2049, 2049, 2049, 2049, 2049, 2049]","[2049, 2049, 2049, 2049, 2049, 2049, 2049, 2049, 2049, 2049, 2049]","[2049, 2049, 2049, 2049, 2049, 2048, 2048]",10008,330
2025-04-11 15:29:22.636000+00:00,31,29.261,39.676,22.933,242,272,False,91.87,11,1257,"[2049, 2049, 2048, 2049, 2049, 2049, 2049, 2049, 2049, 2049]","[2049, 2049, 2049, 2049, 2049, 2049, 2049, 2049, 2049, 2049, 2049]","[2049, 2049, 2049, 2049, 2049, 2049]",10008,318
2025-04-11 15:29:25.380000+00:00,27,45.443,66.15,37.094,136,146,False,148.687,10,1257,"[2048, 2048, 2048, 2048, 2048, 2048, 2048, 2048, 2048, 2048]","[2048, 2048, 2048, 2048, 2048, 2048, 2048, 2048, 2048, 2048, 2048]","[2048, 2048, 2048, 2048, 2048, 2048, 2064]",10008,167
2025-04-11 15:30:12.670000+00:00,30,40.689,57.338,30.074,134,184,False,128.101,12,1257,"[None, 2048, 2048, 2048, 2048, 2048, 2048, 2048, 2048, 2048]","[2048, 2048, 2048, 2048, 2048, 2048, 2048, 2048, 2048, 2048, 2048]","[2048, 2048, 2048, 2048, 2048, 2048, 2064]",10008,271
2025-04-11 15:30:14.815000+00:00,55,48.633,54.461,25.507,159,220,False,128.601,13,1257,"[None, 2048, 2048, 2048, 2048, 2048, 2048, 2048, 2048, 2048]","[2048, 2048, 2048, 2048, 2048, 2048, 2048, 2048, 2048, 2048, 2048]","[2048, 2048, 2048, 2048, 2048, 2048, 2048]",10008,109
2025-04-11 15:30:23.103000+00:00,18,29.487,39.859,23.279,242,269,False,92.625,12,1257,"[2049, 2049, 2048, 2048, 2048, 2048, 2048, 2049, 2048, 2049]","[2048, 2048, 2048, 2048, 2048, 2049, 2049, 2048, 2048, 2048, 2049]","[2048, 2048, 2048, 2048, 2048, 2049, 2048]",10008,321
2025-04-11 15:30:27.086000+00:00,87,49.928,71.53,38.385,128,135,False,159.843,12,1257,"[2048, 2048, 2048, 2048, 2048, 2048, 2048, 2048, 2048, 2048]","[2048, 2048, 2048, 2048, 2048, 2048, 2048, 2048, 2048, 2048, 2048]","[2048, 2048, 2048, 2048, 2048, 2048, 2064]",10008,176
2025-04-11 15:30:47.555000+00:00,10,81.581,62.478,28.08,122,168,True,172.139,12,1257,"[2064, 2064, 2064, 2048, 2048, 2048, 2048, 2048, 2048, 2048]","[2048, 2048, 2048, 2048, 2048, 2048, 2048, 2048, 2048, 2048, 2048]","[2048, 2048, 2048, 2048, 2048, 2048, 2048]",10008,106
2025-04-11 15:30:54.351000+00:00,31,49.516,72.502,39.12,124,123,False,161.138,12,1257,"[2048, 2048, 2048, 2048, 2048, 2048, 2048, 2048, 2048, 2048]","[2048, 2048, 2048, 2048, 2048, 2048, 2048, 2048, 2048, 2048, 2048]","[2048, 2048, 2048, 2048, 2048, 2048, 2048]",10008,151
2025-04-11 15:30:56.911000+00:00,14,,54.775,29.141,193,147,True,1618.242,3,1257,"[2064, 2064, 2064, 2048, 2048, 2048, 2048, 2048, 2048, 2048]","[2048, 2048, 2048, 2048, 2048, 2048, 2048, 2049, 2048, 2048, 2048]","[2048, 2048, 2048, 2049, 2049, 2049, 2049]",10008,164
2025-04-11 15:31:00.311000+00:00,7,85.49,59.428,29.275,140,153,True,174.193,12,1257,"[2064, 2064, 2064, 2048, 2048, 2048, 2048, 2048, 2048, 2048]","[2048, 2048, 2048, 2048, 2048, 2048, 2048, 2048, 2048, 2048, 2048]","[2048, 2048, 2048, 2048, 2048, 2048]",10008,117
2025-04-11 15:31:11.445000+00:00,22,29.231,39.659,23.134,240,273,False,92.024,10,1257,"[None, 2048, 2048, 2048, 2049, 2049, 2049, 2049, 2049, 2048]","[2049, 2049, 2049, 2049, 2049, 2049, 2049, 2049, 2049, 2049, 2049]","[2048, 2048, 2048, 2048, 2049, 2048]",10008,323
2025-04-11 15:31:42.401000+00:00,44,,48.291,31.275,202,218,True,717.297,9,1257,"[2064, 2064, 2064, 2048, 2048, 2048, 2048, 2048, 2048, 2048]","[2048, 2048, 2048, 2048, 2048, 2048, 2048, 2048, 2048, 2048, 2048]","[2048, 2048, 2048, 2048, 2048, 2051, 2049]",10008,161
2025-04-11 15:31:55.705000+00:00,18,38.923,51.102,32.945,157,163,False,122.97,13,1257,"[2048, 2048, 2048, 2048, 2048, 2048, 2048, 2048, 2048, 2048]","[2048, 2048, 2048, 2048, 2048, 2048, 2048, 2048, 2048, 2048, 2048]","[2048, 2048, 2048, 2048, 2048, 2048, 2064]",10008,188
2025-04-11 15:32:23.428000+00:00,55,29.339,39.957,26.933,240,268,False,96.229,14,1257,"[None, 2048, 2048, 2048, 2048, 2048, 2048, 2049, 2048, 2048]","[2048, 2048, 2048, 2048, 2049, 2048, 2049, 2049, 2048, 2048, 2048]","[2048, 2048, 2049, 2049, 2048, 2048, 2064]",10008,317
2025-04-11 15:32:42.147000+00:00,27,92.001,60.695,27.407,132,196,True,180.103,11,1257,"[2064, 2064, 2064, 2048, 2048, 2048, 2048, 2048, 2048, 2048]","[2048, 2048, 2048, 2048, 2048, 2048, 2048, 2048, 2048, 2048, 2048]","[2048, 2048, 2048, 2048, 2048, 2049, 2048]",10008,125
2025-04-11 15:32:43.351000+00:00,22,49.512,64.84,29.306,113,196,False,143.658,11,1257,"[None, 2048, 2048, 2048, 2048, 2048, 2048, 2048, 2048, 2048]","[2048, 2048, 2048, 2048, 2048, 2048, 2048, 2048, 2048, 2048, 2048]","[2048, 2048, 2048, 2048, 2048, 2048, 2064]",10008,207
2025-04-11 15:32:55.873000+00:00,14,29.572,39.99,23.384,240,267,False,92.946,4,1257,"[2048, 2048, 2048, 2049, 2048, 2049, 2049, 2048, 2049, 2049]","[2049, 2049, 2049, 2048, 2049, 2049, 2049, 2049, 2049, 2049, 2049]","[2049, 2049, 2049, 2049, 2049, 2048]",10008,318
2025-04-11 15:33:07.946000+00:00,10,29.37,39.673,23.271,240,269,False,92.314,13,1257,"[2048, 2048, 2048, 2048, 2048, 2048, 2048, 2048, 2048, 2049]","[2048, 2048, 2049, 2048, 2048, 2049, 2048, 2048, 2049, 2048, 2048]","[2048, 2049, 2048, 2048, 2049, 2048, 2048]",10008,322
2025-04-11 15:33:13.478000+00:00,23,,42.697,25.266,230,237,True,497.08,12,1257,"[2064, 2064, 2064, 2048, 2048, 2048, 2048, 2048, 2048, 2048]","[2048, 2048, 2048, 2048, 2048, 2048, 2048, 2048, 2048, 2048, 2048]","[2048, 2048, 2048, 2048, 2048, 2048, 2048]",10008,201
2025-04-11 15:33:14.790000+00:00,7,29.407,39.827,23.085,240,269,False,92.319,13,1257,"[2048, 2048, 2048, 2048, 2049, 2048, 2048, 2048, 2048, 2048]","[2048, 2048, 2048, 2048, 2048, 2049, 2049, 2048, 2048, 2048, 2049]","[2048, 2049, 2048, 2048, 2049, 2048, 2048]",10008,322
2025-04-11 15:33:35.676000+00:00,31,52.522,70.344,34.147,116,113,False,157.013,13,1257,"[None, 2048, 2048, 2048, 2048, 2048, 2048, 2048, 2048, 2048]","[2048, 2048, 2048, 2048, 2048, 2048, 2048, 2048, 2048, 2048, 2048]","[2048, 2048, 2048, 2048, 2048, 2048, 2048]",10008,150
2025-04-11 15:33:37.688000+00:00,44,28.846,39.153,23.577,242,276,False,91.576,10,1257,"[2048, 2048, 2048, 2049, 2049, 2049, 2049, 2051, 2049, 2048]","[2049, 2049, 2049, 2051, 2049, 2051, 2051, 2051, 2049, 2049, 2051]","[2048, 2048, 2049, 2051, 2048, 2048]",10008,324
2025-04-11 15:33:39.564000+00:00,16,,50.411,23.915,177,235,True,292.126,13,1257,"[2064, 2064, 2064, 2048, 2048, 2048, 2048, 2048, 2048, 2048]","[2048, 2048, 2048, 2048, 2048, 2048, 2048, 2048, 2048, 2048, 2048]","[2048, 2048, 2048, 2048, 2048, 2051, 2048]",10008,81
2025-04-11 15:33:50.172000+00:00,4,,42.808,24.056,233,229,True,448.313,11,1257,"[2064, 2064, 2064, 2048, 2048, 2048, 2048, 2048, 2048, 2048]","[2048, 2048, 2048, 2048, 2048, 2048, 2048, 2048, 2048, 2048, 2048]","[2048, 2048, 2048, 2048, 2048, 2048, 2048]",10008,204
2025-04-11 15:34:02.820000+00:00,1,,45.074,24.376,223,235,True,537.507,10,1257,"[2064, 2064, 2064, 2048, 2048, 2048, 2048, 2048, 2048, 2048]","[2048, 2048, 2048, 2048, 2048, 2048, 2048, 2048, 2048, 2048, 2048]","[2048, 2048, 2048, 2048, 2048, 2048, 2048]",10008,197
2025-04-11 15:34:13.041000+00:00,81,,42.635,24.052,233,240,True,418.347,12,1257,"[2064, 2064, 2064, 2048, 2048, 2048, 2048, 2048, 2048, 2048]","[2048, 2048, 2048, 2048, 2048, 2048, 2048, 2048, 2048, 2048, 2048]","[2048, 2048, 2048, 2048, 2048, 2048, 2048]",10008,208
2025-04-11 15:34:28.728000+00:00,14,43.119,56.061,29.326,89,164,False,128.506,5,1257,"[None, 2048, 2048, 2048, 2048, 2048, 2048, 2048, 2048, 2048]","[2048, 2048, 2048, 2048, 2048, 2048, 2048, 2048, 2048, 2048, 2048]","[2048, 2048, 2048, 2048, 2048, 2048, 2049]",10008,234
2025-04-11 15:34:40.345000+00:00,10,31.811,43.009,29.387,221,183,False,104.207,14,1257,"[None, 2048, 2048, 2048, 2048, 2048, 2048, 2048, 2048, 2048]","[2048, 2048, 2048, 2048, 2048, 2048, 2048, 2048, 2048, 2048, 2048]","[2048, 2048, 2048, 2048, 2048, 2048, 2064]",10008,269
2025-04-11 15:34:41.900000+00:00,12,,43.161,24.099,231,240,True,416.56,11,1257,"[2064, 2064, 2064, 2048, 2048, 2048, 2048, 2048, 2048, 2048]","[2048, 2048, 2048, 2048, 2048, 2048, 2048, 2048, 2048, 2048, 2048]","[2048, 2048, 2048, 2048, 2048, 2048, 2048]",10008,201
2025-04-11 15:34:47.107000+00:00,7,39.641,52.982,29.392,166,205,False,122.015,14,1257,"[None, 2048, 2048, 2048, 2048, 2048, 2048, 2048, 2048, 2048]","[2048, 2048, 2048, 2048, 2048, 2048, 2048, 2048, 2048, 2048, 2048]","[2048, 2048, 2048, 2048, 2048, 2048, 2064]",10008,212
2025-04-11 15:34:54.247000+00:00,27,29.355,40.08,23.061,241,273,False,92.496,12,1257,"[2048, 2048, 2048, 2048, 2049, 2049, 2049, 2051, 2048, 2048]","[2048, 2048, 2048, 2048, 2048, 2049, 2051, 2049, 2048, 2048, 2049]","[2048, 2048, 2048, 2048, 2049, 2048, 2048]",10008,325
2025-04-11 15:35:04.333000+00:00,23,31.097,42.382,24.407,,247,False,97.886,13,1257,"[2048, 2048, 2048, 2048, 2048, 2048, 2048, 2048, 2048, 2048]","[2048, 2048, 2048, 2048, 2048, 2048, 2048, 2048, 2048, 2048, 2048]","[2048, 2048, 2048, 2048, 2048, 2048, 2048]",10008,292
2025-04-11 15:35:09.164000+00:00,44,38.408,46.567,27.885,184,218,False,112.86,11,1257,"[None, 2048, 2048, 2048, 2048, 2048, 2048, 2048, 2048, 2048]","[2048, 2048, 2048, 2048, 2048, 2048, 2048, 2048, 2048, 2048, 2048]","[2048, 2048, 2048, 2048, 2048, 2048, 2064]",10008,189
2025-04-11 15:35:41.926000+00:00,16,29.034,39.221,22.79,239,272,False,91.045,14,1257,"[2048, 2048, 2048, 2048, 2049, 2048, 2048, 2048, 2049, 2048]","[2051, 2049, 2048, 2049, 2051, 2049, 2049, 2049, 2049, 2048, 2049]","[2049, 2048, 2049, 2048, 2048, 2048]",10008,322
2025-04-11 15:35:43.017000+00:00,4,30.761,42.209,23.944,232,236,False,96.914,12,1257,"[2048, 2048, 2048, 2048, 2048, 2048, 2048, 2048, 2048, 2048]","[2048, 2048, 2048, 2048, 2048, 2048, 2048, 2048, 2048, 2048, 2048]","[2048, 2048, 2048, 2048, 2048, 2048, 2048]",10008,296
2025-04-11 15:35:58.151000+00:00,1,31.201,42.546,24.033,231,236,False,97.78,11,1257,"[2048, 2048, 2048, 2048, 2048, 2048, 2048, 2048, 2048, 2048]","[2048, 2048, 2048, 2048, 2048, 2048, 2048, 2048, 2048, 2048, 2048]","[2048, 2048, 2048, 2048, 2048, 2048, 2048]",10008,290
2025-04-11 15:36:01.107000+00:00,81,31.035,42.309,24.007,235,245,False,97.351,13,1257,"[2048, 2048, 2048, 2048, 2048, 2048, 2048, 2048, 2048, 2048]","[2048, 2048, 2048, 2048, 2048, 2048, 2048, 2048, 2048, 2048, 2048]","[2048, 2048, 2048, 2048, 2048, 2048, 2048]",10008,298
2025-04-11 15:36:12.682000+00:00,31,29.302,39.738,22.962,242,272,False,92.002,14,1257,"[None, 2048, 2048, 2048, 2049, 2048, 2048, 2048, 2049, 2048]","[2048, 2048, 2048, 2048, 2049, 2048, 2048, 2048, 2048, 2048, 2049]","[2049, 2048, 2048, 2048, 2049, 2048, 2048]",10008,318
2025-04-11 15:36:23.524000+00:00,63,,43.232,23.755,228,242,True,543.07,10,1257,"[2064, 2064, 2064, 2048, 2048, 2048, 2048, 2048, 2048, 2048]","[2048, 2048, 2048, 2048, 2048, 2048, 2048, 2048, 2048, 2048, 2048]","[2048, 2048, 2048, 2048, 2048, 2048, 2048]",10008,199
2025-04-11 15:36:26.656000+00:00,27,35.181,53.798,29.681,183,129,False,118.66,13,1257,"[None, 2048, 2048, 2048, 2048, 2048, 2048, 2048, 2048, 2048]","[2048, 2048, 2048, 2048, 2048, 2048, 2048, 2048, 2048, 2048, 2048]","[2048, 2048, 2048, 2048, 2048, 2048, 2064]",10008,272
2025-04-11 15:36:37.262000+00:00,14,29.538,41.79,29.24,239,257,False,100.568,6,1257,"[2049, 2048, 2048, 2048, 2048, 2048, 2049, 2048, 2049, 2048]","[2048, 2049, 2048, 2048, 2048, 2048, 2048, 2048, 2048, 2048, 2048]","[2048, 2048, 2048, 2048, 2048, 2048, 2064]",10008,320
2025-04-11 15:36:38.834000+00:00,12,31.072,42.776,24.119,234,238,False,97.967,12,1257,"[2048, 2048, 2048, 2048, 2048, 2048, 2048, 2048, 2048, 2048]","[2048, 2048, 2048, 2048, 2048, 2048, 2048, 2048, 2048, 2048, 2048]","[2048, 2048, 2048, 2048, 2048, 2048, 2048]",10008,305
2025-04-11 15:36:42.244000+00:00,23,31.067,42.72,24.233,,240,False,98.02,14,1257,"[None, 2048, 2048, 2048, 2048, 2048, 2048, 2048, 2048, 2048]","[2048, 2048, 2048, 2048, 2048, 2048, 2048, 2048, 2048, 2048, 2048]","[2048, 2048, 2048, 2048, 2048, 2048, 2048]",10008,304
2025-04-11 15:37:12.916000+00:00,16,41.491,52.477,31.666,163,190,False,125.634,15,1257,"[None, 2048, 2048, 2048, 2048, 2048, 2048, 2048, 2048, 2048]","[2048, 2048, 2048, 2048, 2048, 2048, 2048, 2048, 2048, 2048, 2048]","[2048, 2048, 2048, 2048, 2048, 2048, 2064]",10008,245
2025-04-11 15:37:20.002000+00:00,4,30.61,42.052,23.851,,237,False,96.513,13,1257,"[None, 2048, 2048, 2048, 2048, 2048, 2048, 2048, 2048, 2048]","[2048, 2048, 2048, 2048, 2048, 2048, 2048, 2048, 2048, 2048, 2048]","[2048, 2048, 2048, 2048, 2048, 2048, 2048]",10008,299
2025-04-11 15:37:35.833000+00:00,1,31.188,42.507,24.112,,238,False,97.807,12,1257,"[None, 2048, 2048, 2048, 2048, 2048, 2048, 2048, 2048, 2048]","[2048, 2048, 2048, 2048, 2048, 2048, 2048, 2048, 2048, 2048, 2048]","[2048, 2048, 2048, 2048, 2048, 2048, 2048]",10008,286
2025-04-11 15:37:38.537000+00:00,81,31.084,42.27,24.611,231,249,False,97.965,14,1257,"[None, 2048, 2048, 2048, 2048, 2048, 2048, 2048, 2048, 2048]","[2048, 2048, 2048, 2048, 2048, 2048, 2048, 2048, 2048, 2048, 2048]","[2048, 2048, 2048, 2048, 2048, 2048, 2048]",10008,296
2025-04-11 15:37:44.638000+00:00,31,32.096,43.689,28.05,223,248,False,103.835,15,1257,"[None, 2048, 2048, 2048, 2048, 2048, 2048, 2048, 2048, 2048]","[2048, 2048, 2048, 2048, 2048, 2048, 2048, 2048, 2048, 2048, 2048]","[2048, 2048, 2048, 2048, 2048, 2048, 2064]",10008,300
2025-04-11 15:37:52.720000+00:00,6,,43.752,24.439,230,237,True,579.307,10,1257,"[2064, 2064, 2064, 2048, 2048, 2048, 2048, 2048, 2048, 2048]","[2048, 2048, 2048, 2048, 2048, 2048, 2048, 2048, 2048, 2048, 2048]","[2048, 2048, 2048, 2048, 2048, 2048, 2048]",10008,197
2025-04-11 15:38:16.834000+00:00,12,31.203,42.62,23.978,232,244,False,97.801,13,1257,"[None, 2048, 2048, 2048, 2048, 2048, 2048, 2048, 2048, 2048]","[2048, 2048, 2048, 2048, 2048, 2048, 2048, 2048, 2048, 2048, 2048]","[2048, 2048, 2048, 2048, 2048, 2048, 2048]",10008,297
2025-04-11 15:38:20.258000+00:00,23,31.319,42.529,24.281,228,248,False,98.129,15,1257,"[None, 2048, 2048, 2048, 2048, 2048, 2048, 2048, 2048, 2048]","[2048, 2048, 2048, 2048, 2048, 2048, 2048, 2048, 2048, 2048, 2048]","[2048, 2048, 2048, 2048, 2048, 2048, 2048]",10008,299
2025-04-11 15:38:33.371000+00:00,63,30.802,42.539,23.871,233,245,False,97.212,11,1257,"[2048, 2048, 2048, 2048, 2048, 2048, 2048, 2048, 2048, 2048]","[2048, 2048, 2048, 2048, 2048, 2048, 2048, 2048, 2048, 2048, 2048]","[2048, 2048, 2048, 2048, 2048, 2048, 2048]",10008,300
2025-04-11 15:38:36.921000+00:00,87,,42.754,24.337,228,242,True,442.479,13,1257,"[2064, 2064, 2064, 2048, 2048, 2048, 2048, 2048, 2048, 2048]","[2048, 2048, 2048, 2048, 2048, 2048, 2048, 2048, 2048, 2048, 2048]","[2048, 2048, 2048, 2048, 2048, 2048, 2048]",10008,200
2025-04-11 15:38:41.646000+00:00,5,,43.355,24.387,227,244,True,591.432,11,1257,"[None, 2064, 2064, 2048, 2048, 2048, 2048, 2048, 2048, 2048]","[2048, 2048, 2048, 2048, 2048, 2048, 2048, 2048, 2048, 2048, 2048]","[2048, 2048, 2048, 2048, 2048, 2048, 2048]",10008,128
2025-04-11 15:38:50.914000+00:00,30,,43.586,24.675,231,240,True,504.171,13,1257,"[2064, 2064, 2064, 2048, 2048, 2048, 2048, 2048, 2048, 2048]","[2048, 2048, 2048, 2048, 2048, 2048, 2048, 2048, 2048, 2048, 2048]","[2048, 2048, 2048, 2048, 2048, 2048, 2048]",10008,205
2025-04-11 15:38:56.433000+00:00,4,30.708,42.322,23.995,,237,False,97.025,14,1257,"[None, 2048, 2048, 2048, 2048, 2048, 2048, 2048, 2048, 2048]","[2048, 2048, 2048, 2048, 2048, 2048, 2048, 2048, 2048, 2048, 2048]","[2048, 2048, 2048, 2048, 2048, 2048, 2048]",10008,298
2025-04-11 15:39:09.327000+00:00,14,90.63,55.601,28.251,165,173,True,174.482,7,1257,"[2064, 2064, 2064, 2048, 2048, 2048, 2048, 2048, 2048, 2048]","[2048, 2048, 2048, 2048, 2048, 2048, 2048, 2048, 2048, 2048, 2048]","[2048, 2048, 2048, 2048, 2048, 2049, 2049]",10008,168
2025-04-11 15:39:13.691000+00:00,1,31.332,42.479,24.171,230,239,False,97.982,13,1257,"[None, 2048, 2048, 2048, 2048, 2048, 2048, 2048, 2048, 2048]","[2048, 2048, 2048, 2048, 2048, 2048, 2048, 2048, 2048, 2048, 2048]","[2048, 2048, 2048, 2048, 2048, 2048, 2048]",10008,288
2025-04-11 15:39:16.396000+00:00,81,31.827,42.261,24.119,234,251,False,98.207,15,1257,"[None, 2048, 2048, 2048, 2048, 2048, 2048, 2048, 2048, 2048]","[2048, 2048, 2048, 2048, 2048, 2048, 2048, 2048, 2048, 2048, 2048]","[2048, 2048, 2048, 2048, 2048, 2048, 2048]",10008,289
2025-04-11 15:39:49.195000+00:00,6,31.391,43.228,24.259,,248,False,98.878,11,1257,"[2048, 2048, 2048, 2048, 2048, 2048, 2048, 2048, 2048, 2048]","[2048, 2048, 2048, 2048, 2048, 2048, 2048, 2048, 2048, 2048, 2048]","[2048, 2048, 2048, 2048, 2048, 2048, 2048]",10008,296
2025-04-11 15:39:54.654000+00:00,12,31.181,45.465,24.216,,240,False,100.862,14,1257,"[None, 2048, 2048, 2048, 2048, 2048, 2048, 2048, 2048, 2048]","[2048, 2048, 2048, 2048, 2048, 2048, 2048, 2048, 2048, 2048, 2048]","[2048, 2048, 2048, 2048, 2048, 2048, 2048]",10008,299
2025-04-11 15:39:58.393000+00:00,23,31.504,42.548,24.512,,244,False,98.564,16,1257,"[None, 2048, 2048, 2048, 2048, 2048, 2048, 2048, 2048, 2048]","[2048, 2048, 2048, 2048, 2048, 2048, 2048, 2048, 2048, 2048, 2048]","[2048, 2048, 2048, 2048, 2048, 2048]",10008,300
2025-04-11 15:40:10.592000+00:00,63,31.126,42.768,23.973,230,248,False,97.867,12,1257,"[None, 2048, 2048, 2048, 2048, 2048, 2048, 2048, 2048, 2048]","[2048, 2048, 2048, 2048, 2048, 2048, 2048, 2048, 2048, 2048, 2048]","[2048, 2048, 2048, 2048, 2048, 2048, 2048]",10008,298
2025-04-11 15:40:14.027000+00:00,18,,47.105,26.194,196,217,True,501.732,14,1257,"[2064, 2064, 2064, 2048, 2048, 2048, 2048, 2048, 2048, 2048]","[2048, 2048, 2048, 2048, 2048, 2048, 2048, 2048, 2048, 2048, 2048]","[2048, 2048, 2048, 2048, 2048, 2048, 2048]",10008,199
2025-04-11 15:40:16.767000+00:00,55,,45.705,26.143,215,224,True,503.863,15,1257,"[2064, 2064, 2064, 2048, 2048, 2048, 2048, 2048, 2048, 2048]","[2048, 2048, 2048, 2048, 2048, 2048, 2048, 2048, 2048, 2048, 2048]","[2048, 2048, 2048, 2048, 2048, 2048, 2048]",10008,183
2025-04-11 15:40:29.450000+00:00,87,31.028,42.622,24.366,231,243,False,98.016,14,1257,"[2048, 2048, 2048, 2048, 2048, 2048, 2048, 2048, 2048, 2048]","[2048, 2048, 2048, 2048, 2048, 2048, 2048, 2048, 2048, 2048, 2048]","[2048, 2048, 2048, 2048, 2048, 2048, 2048]",10008,295
2025-04-11 15:40:33.454000+00:00,4,31.075,42.404,24.121,231,239,False,97.6,15,1257,"[None, 2048, 2048, 2048, 2048, 2048, 2048, 2048, 2048, 2048]","[2048, 2048, 2048, 2048, 2048, 2048, 2048, 2048, 2048, 2048, 2048]","[2048, 2048, 2048, 2048, 2048, 2048, 2048]",10008,300
2025-04-11 15:40:38.447000+00:00,5,31.541,42.806,24.285,232,249,False,98.632,12,1257,"[2048, 2048, 2048, 2048, 2048, 2048, 2048, 2048, 2048, 2048]","[2048, 2048, 2048, 2048, 2048, 2048, 2048, 2048, 2048, 2048, 2048]","[2048, 2048, 2048, 2048, 2048, 2048, 2048]",10008,289
2025-04-11 15:40:45.007000+00:00,30,31.618,43.202,24.771,229,242,False,99.591,14,1257,"[2048, 2048, 2048, 2048, 2048, 2048, 2048, 2048, 2048, 2048]","[2048, 2048, 2048, 2048, 2048, 2048, 2048, 2048, 2048, 2048, 2048]","[2048, 2048, 2048, 2048, 2048, 2048, 2048]",10008,298
2025-04-11 15:40:51.688000+00:00,1,31.255,43.106,24.236,231,237,False,98.597,14,1257,"[None, 2048, 2048, 2048, 2048, 2048, 2048, 2048, 2048, 2048]","[2048, 2048, 2048, 2048, 2048, 2048, 2048, 2048, 2048, 2048, 2048]","[2048, 2048, 2048, 2048, 2048, 2048, 2048]",10008,291
2025-04-11 15:40:54.625000+00:00,81,31.072,42.255,23.962,236,253,False,97.289,16,1257,"[None, 2048, 2048, 2048, 2048, 2048, 2048, 2048, 2048, 2048]","[2048, 2048, 2048, 2048, 2048, 2048, 2048, 2048, 2048, 2048, 2048]","[2048, 2048, 2048, 2048, 2048, 2048, 2048]",10008,303
2025-04-11 15:41:01.559000+00:00,22,,44.017,24.285,215,228,True,474.143,12,1257,"[2064, 2064, 2064, 2048, 2048, 2048, 2048, 2048, 2048, 2048]","[2048, 2048, 2048, 2048, 2048, 2048, 2048, 2048, 2048, 2048, 2048]","[2048, 2048, 2048, 2048, 2048, 2048, 2048]",10008,194
2025-04-11 15:41:12.387000+00:00,14,29.116,39.651,23.058,242,270,False,91.825,8,1257,"[2049, 2049, 2048, 2049, 2049, 2049, 2049, 2049, 2049, 2049]","[2049, 2049, 2049, 2049, 2048, 2048, 2049, 2049, 2049, 2049, 2049]","[2049, 2049, 2049, 2049, 2049, 2048]",10008,321
2025-04-11 15:41:28.140000+00:00,6,31.237,43.126,24.371,231,246,False,98.734,12,1257,"[None, 2048, 2048, 2048, 2048, 2048, 2048, 2048, 2048, 2048]","[2048, 2048, 2048, 2048, 2048, 2048, 2048, 2048, 2048, 2048, 2048]","[2048, 2048, 2048, 2048, 2048, 2048, 2048]",10008,
2025-04-11 15:41:32.849000+00:00,10,,42.324,23.966,233,254,True,419.945,15,1257,"[2064, 2064, 2064, 2048, 2048, 2048, 2048, 2048, 2048, 2048]","[2048, 2048, 2048, 2048, 2048, 2048, 2048, 2048, 2048, 2048, 2048]","[2048, 2048, 2048, 2048, 2048, 2048, 2048]",10008,199
2025-04-11 15:41:35.431000+00:00,12,31.322,43.056,24.104,,243,False,98.482,15,1257,"[None, 2048, 2048, 2048, 2048, 2048, 2048, 2048, 2048, 2048]","[2048, 2048, 2048, 2048, 2048, 2048, 2048, 2048, 2048, 2048, 2048]","[2048, 2048, 2048, 2048, 2048, 2048, 2048]",10008,300
2025-04-11 15:41:36.935000+00:00,23,31.273,43.159,26.966,230,249,False,101.398,17,1257,"[None, 2048, 2048, 2048, 2048, 2048, 2048, 2048, 2048, 2048]","[2048, 2048, 2048, 2048, 2048, 2048, 2048, 2048, 2048, 2048, 2048]","[2048, 2048, 2048, 2048, 2048, 2048, 2064]",10008,320
2025-04-11 15:41:48.368000+00:00,63,31.088,42.982,24.097,231,242,False,98.167,13,1257,"[None, 2048, 2048, 2048, 2048, 2048, 2048, 2048, 2048, 2048]","[2048, 2048, 2048, 2048, 2048, 2048, 2048, 2048, 2048, 2048, 2048]","[2048, 2048, 2048, 2048, 2048, 2048, 2048]",10008,302
2025-04-11 15:42:07.419000+00:00,87,31.549,42.879,24.321,227,244,False,98.749,15,1257,"[None, 2048, 2048, 2048, 2048, 2048, 2048, 2048, 2048, 2048]","[2048, 2048, 2048, 2048, 2048, 2048, 2048, 2048, 2048, 2048, 2048]","[2048, 2048, 2048, 2048, 2048, 2048, 2048]",10008,294
2025-04-11 15:42:11.044000+00:00,4,31.138,42.45,23.966,234,244,False,97.554,16,1257,"[None, 2048, 2048, 2048, 2048, 2048, 2048, 2048, 2048, 2048]","[2048, 2048, 2048, 2048, 2048, 2048, 2048, 2048, 2048, 2048, 2048]","[2048, 2048, 2048, 2048, 2048, 2048, 2048]",10008,
2025-04-11 15:42:17.010000+00:00,5,31.466,43.249,24.412,233,243,False,99.127,13,1257,"[None, 2048, 2048, 2048, 2048, 2048, 2048, 2048, 2048, 2048]","[2048, 2048, 2048, 2048, 2048, 2048, 2048, 2048, 2048, 2048, 2048]","[2048, 2048, 2048, 2048, 2048, 2048, 2048]",10008,
2025-04-11 15:42:20.474000+00:00,18,31.751,43.538,24.469,232,226,False,99.758,15,1257,"[2048, 2048, 2048, 2048, 2048, 2048, 2048, 2048, 2048, 2048]","[2048, 2048, 2048, 2048, 2048, 2048, 2048, 2048, 2048, 2048, 2048]","[2048, 2048, 2048, 2048, 2048, 2048, 2048]",10008,298
2025-04-11 15:42:20.599000+00:00,7,,42.125,24.473,226,255,True,428.386,15,1257,"[2064, 2064, 2064, 2048, 2048, 2048, 2048, 2048, 2048, 2048]","[2048, 2048, 2048, 2048, 2048, 2048, 2048, 2048, 2048, 2048, 2048]","[2048, 2048, 2048, 2048, 2048, 2048, 2048]",10008,201
2025-04-11 15:42:23.545000+00:00,55,31.358,42.935,24.222,230,240,False,98.515,16,1257,"[2048, 2048, 2048, 2048, 2048, 2048, 2048, 2048, 2048, 2048]","[2048, 2048, 2048, 2048, 2048, 2048, 2048, 2048, 2048, 2048, 2048]","[2048, 2048, 2048, 2048, 2048, 2048, 2048]",10008,298
2025-04-11 15:42:24.562000+00:00,30,35.146,43.1,24.557,232,248,False,102.803,15,1257,"[None, 2048, 2048, 2048, 2048, 2048, 2048, 2048, 2048, 2048]","[2048, 2048, 2048, 2048, 2048, 2048, 2048, 2048, 2048, 2048, 2048]","[2048, 2048, 2048, 2048, 2048, 2048, 2048]",10008,309
2025-04-11 15:42:30.224000+00:00,1,31.483,42.755,24.329,230,237,False,98.567,15,1257,"[None, 2048, 2048, 2048, 2048, 2048, 2048, 2048, 2048, 2048]","[2048, 2048, 2048, 2048, 2048, 2048, 2048, 2048, 2048, 2048, 2048]","[2048, 2048, 2048, 2048, 2048, 2048, 2048]",10008,289
2025-04-11 15:42:31.922000+00:00,81,30.976,42.722,28.977,232,254,False,102.675,17,1257,"[None, 2048, 2048, 2048, 2048, 2048, 2048, 2048, 2048, 2048]","[2048, 2048, 2048, 2048, 2048, 2048, 2048, 2048, 2048, 2048, 2048]","[2048, 2048, 2048, 2048, 2048, 2048, 2048]",10008,300
2025-04-11 15:42:44.180000+00:00,14,54.834,67.327,38.234,191,112,False,160.395,9,1257,"[2048, 2048, 2048, 2048, 2048, 2048, 2048, 2048, 2048, 2048]","[2048, 2048, 2048, 2048, 2048, 2048, 2048, 2048, 2048, 2048, 2048]","[2048, 2048, 2048, 2048, 2048, 2048, 2064]",10008,180
2025-04-11 15:43:01.403000+00:00,22,31.537,43.313,24.202,222,232,False,99.052,13,1257,"[2048, 2048, 2048, 2048, 2048, 2048, 2048, 2048, 2048, 2048]","[2048, 2048, 2048, 2048, 2048, 2048, 2048, 2048, 2048, 2048, 2048]","[2048, 2048, 2048, 2048, 2048, 2048, 2048]",10008,294
2025-04-11 15:43:06.831000+00:00,6,31.458,43.15,24.284,230,247,False,98.892,13,1257,"[None, 2048, 2048, 2048, 2048, 2048, 2048, 2048, 2048, 2048]","[2048, 2048, 2048, 2048, 2048, 2048, 2048, 2048, 2048, 2048, 2048]","[2048, 2048, 2048, 2048, 2048, 2048, 2048]",10008,298
2025-04-11 15:43:14.040000+00:00,12,31.348,43.004,24.074,,243,False,98.426,16,1257,"[None, 2048, 2048, 2048, 2048, 2048, 2048, 2048, 2048, 2048]","[2048, 2048, 2048, 2048, 2048, 2048, 2048, 2048, 2048, 2048, 2048]","[2048, 2048, 2048, 2048, 2048, 2048, 2048]",10008,
2025-04-11 15:43:24.573000+00:00,10,31.202,42.217,26.669,226,253,False,100.088,16,1257,"[2048, 2048, 2048, 2048, 2048, 2048, 2048, 2048, 2048, 2048]","[2048, 2048, 2048, 2048, 2048, 2048, 2048, 2048, 2048, 2048, 2048]","[2048, 2048, 2048, 2048, 2048, 2048, 2064]",10008,286
2025-04-11 15:43:26.576000+00:00,63,37.145,43.244,24.108,,240,False,104.497,14,1257,"[None, 2048, 2048, 2048, 2048, 2048, 2048, 2048, 2048, 2048]","[2048, 2048, 2048, 2048, 2048, 2048, 2048, 2048, 2048, 2048, 2048]","[2048, 2048, 2048, 2048, 2048, 2048, 2048]",10008,305
2025-04-11 15:43:39.575000+00:00,44,,44.404,28.32,218,229,True,512.025,12,1257,"[2064, 2064, 2064, 2048, 2048, 2048, 2048, 2048, 2048, 2048]","[2048, 2048, 2048, 2048, 2048, 2048, 2048, 2048, 2048, 2048, 2048]","[2048, 2048, 2048, 2048, 2048, 2048, 2048]",10008,205
2025-04-11 15:43:40.713000+00:00,23,51.533,42.247,23.856,227,237,True,117.636,18,1257,"[2064, 2064, 2064, 2048, 2048, 2048, 2048, 2048, 2048, 2048]","[2048, 2048, 2048, 2048, 2048, 2048, 2048, 2048, 2048, 2048, 2048]","[2048, 2048, 2048, 2048, 2048, 2048, 2048]",10008,218
2025-04-11 15:43:46.263000+00:00,87,31.328,43.075,24.344,228,240,False,98.747,16,1257,"[None, 2048, 2048, 2048, 2048, 2048, 2048, 2048, 2048, 2048]","[2048, 2048, 2048, 2048, 2048, 2048, 2048, 2048, 2048, 2048, 2048]","[2048, 2048, 2048, 2048, 2048, 2048, 2048]",10008,293
2025-04-11 15:43:48.655000+00:00,4,31.286,42.549,24.28,,242,False,98.115,17,1257,"[None, 2048, 2048, 2048, 2048, 2048, 2048, 2048, 2048, 2048]","[2048, 2048, 2048, 2048, 2048, 2048, 2048, 2048, 2048, 2048, 2048]","[2048, 2048, 2048, 2048, 2048, 2048, 2048]",10008,
2025-04-11 15:43:56.238000+00:00,5,31.781,43.126,24.367,,246,False,99.274,14,1257,"[None, 2048, 2048, 2048, 2048, 2048, 2048, 2048, 2048, 2048]","[2048, 2048, 2048, 2048, 2048, 2048, 2048, 2048, 2048, 2048, 2048]","[2048, 2048, 2048, 2048, 2048, 2048, 2048]",10008,292
2025-04-11 15:43:57.520000+00:00,7,31.514,42.837,24.315,224,252,False,98.666,16,1257,"[2048, 2048, 2048, 2048, 2048, 2048, 2048, 2048, 2048, 2048]","[2048, 2048, 2048, 2048, 2048, 2048, 2048, 2048, 2048, 2048, 2048]","[2048, 2048, 2048, 2048, 2048, 2048, 2048]",10008,295
2025-04-11 15:44:00.034000+00:00,18,31.482,43.556,24.382,229,229,False,99.42,16,1257,"[None, 2048, 2048, 2048, 2048, 2048, 2048, 2048, 2048, 2048]","[2048, 2048, 2048, 2048, 2048, 2048, 2048, 2048, 2048, 2048, 2048]","[2048, 2048, 2048, 2048, 2048, 2048, 2048]",10008,295
2025-04-11 15:44:01.975000+00:00,55,31.355,44.274,27.785,226,195,False,103.414,17,1257,"[None, 2048, 2048, 2048, 2048, 2048, 2048, 2048, 2048, 2048]","[2048, 2048, 2048, 2048, 2048, 2048, 2048, 2048, 2048, 2048, 2048]","[2048, 2048, 2048, 2048, 2048, 2048, 2064]",10008,302
2025-04-11 15:44:07.370000+00:00,30,31.529,43.086,24.527,229,251,False,99.142,16,1257,"[None, 2048, 2048, 2048, 2048, 2048, 2048, 2048, 2048, 2048]","[2048, 2048, 2048, 2048, 2048, 2048, 2048, 2048, 2048, 2048, 2048]","[2048, 2048, 2048, 2048, 2048, 2048, 2048]",10008,298
2025-04-11 15:44:08.857000+00:00,1,31.344,42.932,27.808,,250,False,102.084,16,1257,"[None, 2048, 2048, 2048, 2048, 2048, 2048, 2048, 2048, 2048]","[2048, 2048, 2048, 2048, 2048, 2048, 2048, 2048, 2048, 2048, 2048]","[2048, 2048, 2048, 2048, 2048, 2048, 2048]",10008,293
2025-04-11 15:44:14.674000+00:00,81,31.091,42.676,24.095,231,250,False,97.862,18,1257,"[None, 2048, 2048, 2048, 2048, 2048, 2048, 2048, 2048, 2048]","[2048, 2048, 2048, 2048, 2048, 2048, 2048, 2048, 2048, 2048, 2048]","[2048, 2048, 2048, 2048, 2048, 2048, 2048]",10008,
2025-04-11 15:44:22.357000+00:00,16,,43.85,24.194,223,235,True,410.373,16,1257,"[2064, 2064, 2064, 2048, 2048, 2048, 2048, 2048, 2048, 2048]","[2048, 2048, 2048, 2048, 2048, 2048, 2048, 2048, 2048, 2048, 2048]","[2048, 2048, 2048, 2048, 2048, 2048, 2048]",10008,207
2025-04-11 15:44:29.908000+00:00,31,,43.618,31.24,227,232,True,421.077,16,1257,"[2064, 2064, 2064, 2048, 2048, 2048, 2048, 2048, 2048, 2048]","[2048, 2048, 2048, 2048, 2048, 2048, 2048, 2048, 2048, 2048, 2048]","[2048, 2048, 2048, 2048, 2048, 2048, 2048]",10008,201
2025-04-11 15:44:40.327000+00:00,22,31.49,43.75,24.424,220,229,False,99.664,14,1257,"[None, 2048, 2048, 2048, 2048, 2048, 2048, 2048, 2048, 2048]","[2048, 2048, 2048, 2048, 2048, 2048, 2048, 2048, 2048, 2048, 2048]","[2048, 2048, 2048, 2048, 2048, 2048, 2048]",10008,293
2025-04-11 15:44:45.750000+00:00,6,31.526,43.066,24.306,232,252,False,98.898,14,1257,"[None, 2048, 2048, 2048, 2048, 2048, 2048, 2048, 2048, 2048]","[2048, 2048, 2048, 2048, 2048, 2048, 2048, 2048, 2048, 2048, 2048]","[2048, 2048, 2048, 2048, 2048, 2048, 2048]",10008,300
2025-04-11 15:44:52.490000+00:00,12,31.374,43.095,24.201,231,245,False,98.67,17,1257,"[None, 2048, 2048, 2048, 2048, 2048, 2048, 2048, 2048, 2048]","[2048, 2048, 2048, 2048, 2048, 2048, 2048, 2048, 2048, 2048, 2048]","[2048, 2048, 2048, 2048, 2048, 2048, 2048]",10008,301
2025-04-11 15:45:11.085000+00:00,63,31.037,42.851,24.084,232,244,False,97.972,15,1257,"[None, 2048, 2048, 2048, 2048, 2048, 2048, 2048, 2048, 2048]","[2048, 2048, 2048, 2048, 2048, 2048, 2048, 2048, 2048, 2048, 2048]","[2048, 2048, 2048, 2048, 2048, 2048, 2048]",10008,301
2025-04-11 15:45:15.921000+00:00,23,30.94,42.119,23.866,233,246,False,96.925,19,1257,"[2048, 2048, 2048, 2048, 2048, 2048, 2048, 2048, 2048, 2048]","[2048, 2048, 2048, 2048, 2048, 2048, 2048, 2048, 2048, 2048, 2048]","[2048, 2048, 2048, 2048, 2048, 2048, 2048]",10008,295
2025-04-11 15:45:24.919000+00:00,87,31.426,43.318,24.486,,240,False,99.23,17,1257,"[None, 2048, 2048, 2048, 2048, 2048, 2048, 2048, 2048, 2048]","[2048, 2048, 2048, 2048, 2048, 2048, 2048, 2048, 2048, 2048, 2048]","[2048, 2048, 2048, 2048, 2048, 2048, 2048]",10008,295
2025-04-11 15:45:26.765000+00:00,4,31.355,43.128,24.277,232,236,False,98.76,18,1257,"[None, 2048, 2048, 2048, 2048, 2048, 2048, 2048, 2048, 2048]","[2048, 2048, 2048, 2048, 2048, 2048, 2048, 2048, 2048, 2048, 2048]","[2048, 2048, 2048, 2048, 2048, 2048, 2048]",10008,302
2025-04-11 15:45:29.553000+00:00,10,55.382,42.625,24.348,231,249,True,122.355,17,1257,"[2064, 2064, 2064, 2048, 2048, 2048, 2048, 2048, 2048, 2048]","[2048, 2048, 2048, 2048, 2048, 2048, 2048, 2048, 2048, 2048, 2048]","[2048, 2048, 2048, 2048, 2048, 2048, 2048]",10008,191
2025-04-11 15:45:34.136000+00:00,44,30.777,42.615,24.079,228,244,False,97.471,13,1257,"[2048, 2048, 2048, 2048, 2048, 2048, 2048, 2048, 2048, 2048]","[2048, 2048, 2048, 2048, 2048, 2048, 2048, 2048, 2048, 2048, 2048]","[2048, 2048, 2048, 2048, 2048, 2048, 2048]",10008,297
2025-04-11 15:45:35.507000+00:00,5,31.354,43.361,24.556,,249,False,99.271,15,1257,"[None, 2048, 2048, 2048, 2048, 2048, 2048, 2048, 2048, 2048]","[2048, 2048, 2048, 2048, 2048, 2048, 2048, 2048, 2048, 2048, 2048]","[2048, 2048, 2048, 2048, 2048, 2048, 2048]",10008,301
2025-04-11 15:45:36.296000+00:00,7,31.298,43.233,24.499,228,253,False,99.03,17,1257,"[None, 2049, 2048, 2048, 2048, 2048, 2048, 2048, 2048, 2048]","[2048, 2048, 2048, 2048, 2048, 2048, 2048, 2048, 2048, 2048, 2048]","[2048, 2048, 2048, 2048, 2048, 2048, 2048]",10008,315
2025-04-11 15:45:39.575000+00:00,18,31.382,43.448,24.645,,225,False,99.475,17,1257,"[None, 2048, 2048, 2048, 2048, 2048, 2048, 2048, 2048, 2048]","[2048, 2048, 2048, 2048, 2048, 2048, 2048, 2048, 2048, 2048, 2048]","[2048, 2048, 2048, 2048, 2048, 2048, 2048]",10008,300
2025-04-11 15:45:46.462000+00:00,30,31.843,43.23,24.544,226,246,False,99.617,17,1257,"[None, 2048, 2048, 2048, 2048, 2048, 2048, 2048, 2048, 2048]","[2048, 2048, 2048, 2048, 2048, 2048, 2048, 2048, 2048, 2048, 2048]","[2048, 2048, 2048, 2048, 2048, 2048, 2048]",10008,297
2025-04-11 15:45:50.850000+00:00,1,31.415,42.894,24.681,231,243,False,98.99,17,1257,"[None, 2048, 2048, 2048, 2048, 2048, 2048, 2048, 2048, 2048]","[2048, 2048, 2048, 2048, 2048, 2048, 2048, 2048, 2048, 2048, 2048]","[2048, 2048, 2048, 2048, 2048, 2048, 2048]",10008,291
2025-04-11 15:45:52.500000+00:00,81,31.658,42.953,24.346,232,253,False,98.957,19,1257,"[None, 2048, 2048, 2048, 2048, 2048, 2048, 2048, 2048, 2048]","[2048, 2048, 2048, 2048, 2048, 2048, 2048, 2048, 2048, 2048, 2048]","[2048, 2048, 2048, 2048, 2048, 2048, 2048]",10008,303
2025-04-11 15:45:55.062000+00:00,14,67.257,73.776,40.064,197,173,True,181.097,10,1257,"[2064, 2064, 2064, 2048, 2048, 2048, 2048, 2048, 2048, 2048]","[2048, 2048, 2048, 2048, 2048, 2048, 2048, 2048, 2048, 2048, 2048]","[2048, 2048, 2048, 2048, 2048, 2048, 2048]",10008,183
2025-04-11 15:46:08.533000+00:00,55,52.788,43.189,24.288,227,241,True,120.265,18,1257,"[2064, 2064, 2064, 2048, 2048, 2048, 2048, 2048, 2048, 2048]","[2048, 2048, 2048, 2048, 2048, 2048, 2048, 2048, 2048, 2048, 2048]","[2048, 2048, 2048, 2048, 2048, 2048, 2048]",10008,214
2025-04-11 15:46:09.043000+00:00,16,31.332,42.521,29.765,228,252,False,103.618,17,1257,"[2048, 2048, 2048, 2048, 2048, 2048, 2048, 2048, 2048, 2048]","[2048, 2048, 2048, 2048, 2048, 2048, 2048, 2048, 2048, 2048, 2048]","[2048, 2048, 2048, 2048, 2048, 2048, 2048]",10008,290
2025-04-11 15:46:15.431000+00:00,27,,42.999,24.385,229,242,True,578.047,14,1257,"[2064, 2064, 2064, 2048, 2048, 2048, 2048, 2048, 2048, 2048]","[2048, 2048, 2048, 2048, 2048, 2048, 2048, 2048, 2048, 2048, 2048]","[2048, 2048, 2048, 2048, 2048, 2048, 2048]",10008,186
2025-04-11 15:46:20.061000+00:00,22,31.497,43.715,24.382,224,243,False,99.594,15,1257,"[None, 2048, 2048, 2048, 2048, 2048, 2048, 2048, 2048, 2048]","[2048, 2048, 2048, 2048, 2048, 2048, 2048, 2048, 2048, 2048, 2048]","[2048, 2048, 2048, 2048, 2048, 2048, 2048]",10008,297
2025-04-11 15:46:24.652000+00:00,6,31.671,44.253,26.177,231,253,False,102.101,15,1257,"[None, 2048, 2048, 2048, 2048, 2048, 2048, 2048, 2048, 2048]","[2048, 2048, 2048, 2048, 2048, 2048, 2048, 2048, 2048, 2048, 2048]","[2048, 2048, 2048, 2048, 2048, 2048, 2048]",10008,299
2025-04-11 15:46:29.494000+00:00,31,31.273,42.926,24.402,230,246,False,98.601,17,1257,"[2048, 2048, 2048, 2048, 2048, 2048, 2048, 2048, 2048, 2048]","[2048, 2048, 2048, 2048, 2048, 2048, 2048, 2048, 2048, 2048, 2048]","[2048, 2048, 2048, 2048, 2048, 2048, 2048]",10008,295
2025-04-11 15:46:31.047000+00:00,12,35.028,45.257,24.301,176,245,False,104.586,18,1257,"[None, 2048, 2048, 2048, 2048, 2048, 2048, 2048, 2048, 2048]","[2048, 2048, 2048, 2048, 2048, 2048, 2048, 2048, 2048, 2048, 2048]","[2048, 2048, 2048, 2048, 2048, 2048, 2048]",10008,305
2025-04-11 15:46:49.025000+00:00,63,31.164,42.999,24.205,233,240,False,98.368,16,1257,"[None, 2048, 2048, 2048, 2048, 2048, 2048, 2048, 2048, 2048]","[2048, 2048, 2048, 2048, 2048, 2048, 2048, 2048, 2048, 2048, 2048]","[2048, 2048, 2048, 2048, 2048, 2048, 2048]",10008,302
2025-04-11 15:46:52.848000+00:00,23,31.042,42.435,23.979,232,243,False,97.456,20,1257,"[None, 2048, 2048, 2048, 2048, 2048, 2048, 2048, 2048, 2048]","[2048, 2048, 2048, 2048, 2048, 2048, 2048, 2048, 2048, 2048, 2048]","[2048, 2048, 2048, 2048, 2048, 2048, 2048]",10008,299
2025-04-11 15:47:04.205000+00:00,87,31.53,43.425,24.52,,240,False,99.475,18,1257,"[None, 2048, 2048, 2048, 2048, 2048, 2048, 2048, 2048, 2048]","[2048, 2048, 2048, 2048, 2048, 2048, 2048, 2048, 2048, 2048, 2048]","[2048, 2048, 2048, 2048, 2048, 2048, 2048]",10008,
2025-04-11 15:47:05.497000+00:00,4,31.344,43.236,24.456,233,243,False,99.036,19,1257,"[None, 2048, 2048, 2048, 2048, 2048, 2048, 2048, 2048, 2048]","[2048, 2048, 2048, 2048, 2048, 2048, 2048, 2048, 2048, 2048, 2048]","[2048, 2048, 2048, 2048, 2048, 2048, 2048]",10008,303
2025-04-11 15:47:06.867000+00:00,10,31.018,42.767,24.445,227,252,False,98.23,18,1257,"[2048, 2048, 2048, 2048, 2048, 2048, 2048, 2048, 2048, 2048]","[2048, 2048, 2048, 2048, 2048, 2048, 2048, 2048, 2048, 2048, 2048]","[2048, 2048, 2048, 2048, 2048, 2048]",10008,317
2025-04-11 15:47:11.623000+00:00,44,31.356,42.947,24.399,,243,False,98.702,14,1257,"[None, 2048, 2048, 2048, 2048, 2048, 2048, 2048, 2048, 2048]","[2048, 2048, 2048, 2048, 2048, 2048, 2048, 2048, 2048, 2048, 2048]","[2048, 2048, 2048, 2048, 2048, 2048, 2048]",10008,295
2025-04-11 15:47:14.747000+00:00,5,32.49,43.883,24.707,228,249,False,101.08,16,1257,"[None, 2048, 2048, 2048, 2048, 2048, 2048, 2048, 2048, 2048]","[2048, 2048, 2048, 2048, 2048, 2048, 2048, 2048, 2048, 2048, 2048]","[2048, 2048, 2048, 2048, 2048, 2048, 2048]",10008,295
2025-04-11 15:47:15.322000+00:00,7,31.212,43.175,24.375,227,254,False,98.762,18,1257,"[None, 2048, 2049, 2048, 2048, 2048, 2048, 2048, 2048, 2048]","[2048, 2048, 2048, 2048, 2048, 2048, 2048, 2048, 2048, 2048, 2048]","[2048, 2048, 2048, 2048, 2048, 2048, 2048]",10008,324
2025-04-11 15:47:19.036000+00:00,18,31.557,43.462,24.563,,239,False,99.582,18,1257,"[None, 2048, 2048, 2048, 2048, 2048, 2048, 2048, 2048, 2048]","[2048, 2048, 2048, 2048, 2048, 2048, 2048, 2048, 2048, 2048, 2048]","[2048, 2048, 2048, 2048, 2048, 2048, 2048]",10008,303
2025-04-11 15:47:26.109000+00:00,30,31.71,43.597,24.543,228,250,False,99.85,18,1257,"[None, 2048, 2048, 2048, 2048, 2048, 2048, 2048, 2048, 2048]","[2048, 2048, 2048, 2048, 2048, 2048, 2048, 2048, 2048, 2048, 2048]","[2048, 2048, 2048, 2048, 2048, 2048, 2048]",10008,300
2025-04-11 15:47:29.817000+00:00,1,31.39,43.036,24.552,229,244,False,98.978,18,1257,"[None, 2048, 2048, 2048, 2048, 2048, 2048, 2048, 2048, 2048]","[2048, 2048, 2048, 2048, 2048, 2048, 2048, 2048, 2048, 2048, 2048]","[2048, 2048, 2048, 2048, 2048, 2048, 2048]",10008,288
2025-04-11 15:47:31.396000+00:00,81,31.516,42.936,24.485,,257,False,98.937,20,1257,"[None, 2048, 2048, 2048, 2048, 2048, 2048, 2048, 2048, 2048]","[2048, 2048, 2048, 2048, 2048, 2048, 2048, 2048, 2048, 2048, 2048]","[2048, 2048, 2048, 2048, 2048, 2048, 2048]",10008,302
2025-04-11 15:47:45.704000+00:00,55,31.475,43.12,24.254,229,241,False,98.849,19,1257,"[2048, 2048, 2048, 2048, 2048, 2048, 2048, 2048, 2048, 2048]","[2048, 2048, 2048, 2048, 2048, 2048, 2048, 2048, 2048, 2048, 2048]","[2048, 2048, 2048, 2048, 2048, 2048, 2048]",10008,298
2025-04-11 15:47:52.674000+00:00,16,31.241,42.686,24.137,231,250,False,98.064,18,1257,"[None, 2048, 2048, 2048, 2048, 2048, 2048, 2048, 2048, 2048]","[2048, 2048, 2048, 2048, 2048, 2048, 2048, 2048, 2048, 2048, 2048]","[2048, 2048, 2048, 2048, 2048, 2048, 2048]",10008,294
2025-04-11 15:47:59.560000+00:00,22,31.4,43.564,24.437,225,236,False,99.401,16,1257,"[None, 2048, 2048, 2048, 2048, 2048, 2048, 2048, 2048, 2048]","[2048, 2048, 2048, 2048, 2048, 2048, 2048, 2048, 2048, 2048, 2048]","[2048, 2048, 2048, 2048, 2048, 2048, 2048]",10008,298
2025-04-11 15:48:03.392000+00:00,27,31.231,43.185,24.295,235,240,False,98.711,15,1257,"[2048, 2048, 2048, 2048, 2048, 2048, 2048, 2048, 2048, 2048]","[2048, 2048, 2048, 2048, 2048, 2048, 2048, 2048, 2048, 2048, 2048]","[2048, 2048, 2048, 2048, 2048, 2048, 2048]",10008,293
2025-04-11 15:48:06.859000+00:00,6,31.427,43.427,24.468,233,250,False,99.322,16,1257,"[None, 2048, 2048, 2048, 2048, 2048, 2048, 2048, 2048, 2048]","[2048, 2048, 2048, 2048, 2048, 2048, 2048, 2048, 2048, 2048, 2048]","[2048, 2048, 2048, 2048, 2048, 2048, 2048]",10008,302
2025-04-11 15:48:08.152000+00:00,31,44.001,42.962,24.466,229,249,False,111.429,18,1257,"[None, 2048, 2048, 2048, 2048, 2048, 2048, 2048, 2048, 2048]","[2048, 2048, 2048, 2048, 2048, 2048, 2048, 2048, 2048, 2048, 2048]","[2048, 2048, 2048, 2048, 2048, 2048, 2048]",10008,102
2025-04-11 15:48:15.674000+00:00,12,31.305,43.312,24.258,229,246,False,98.875,19,1257,"[None, 2048, 2048, 2048, 2048, 2048, 2048, 2048, 2048, 2048]","[2048, 2048, 2048, 2048, 2048, 2048, 2048, 2048, 2048, 2048, 2048]","[2048, 2048, 2048, 2048, 2048, 2048, 2048]",10008,301
2025-04-11 15:48:25.606000+00:00,14,29.23,43.694,25.271,240,228,False,98.195,11,1257,"[2048, 2048, 2048, 2049, 2049, 2048, 2048, 2049, 2048, 2048]","[2048, 2048, 2048, 2048, 2048, 2048, 2048, 2048, 2048, 2048, 2048]","[2048, 2048, 2048, 2048, 2048, 2048, 2048]",10008,320
2025-04-11 15:48:27.541000+00:00,63,31.358,43.085,24.236,232,240,False,98.679,17,1257,"[None, 2048, 2048, 2048, 2048, 2048, 2048, 2048, 2048, 2048]","[2048, 2048, 2048, 2048, 2048, 2048, 2048, 2048, 2048, 2048, 2048]","[2048, 2048, 2048, 2048, 2048, 2048, 2048]",10008,307
2025-04-11 15:48:30.406000+00:00,23,31.178,42.696,24.023,,238,False,97.897,21,1257,"[None, 2048, 2048, 2048, 2048, 2048, 2048, 2048, 2048, 2048]","[2048, 2048, 2048, 2048, 2048, 2048, 2048, 2048, 2048, 2048, 2048]","[2048, 2048, 2048, 2048, 2048, 2048, 2048]",10008,302
2025-04-11 15:48:43.726000+00:00,87,31.551,43.427,24.567,,241,False,99.545,19,1257,"[None, 2048, 2048, 2048, 2048, 2048, 2048, 2048, 2048, 2048]","[2048, 2048, 2048, 2048, 2048, 2048, 2048, 2048, 2048, 2048, 2048]","[2048, 2048, 2048, 2048, 2048, 2048, 2048]",10008,
2025-04-11 15:48:44.533000+00:00,4,31.222,43.665,24.412,234,245,False,99.299,20,1257,"[None, 2048, 2049, 2048, 2048, 2048, 2048, 2048, 2048, 2048]","[2048, 2048, 2048, 2048, 2048, 2048, 2048, 2048, 2048, 2048, 2048]","[2048, 2048, 2048, 2048, 2048, 2048, 2048]",10008,305
2025-04-11 15:48:45.063000+00:00,10,31.143,43.457,28.496,231,247,False,103.096,19,1257,"[None, 2049, 2049, 2048, 2048, 2048, 2048, 2048, 2048, 2048]","[2048, 2048, 2048, 2048, 2048, 2048, 2048, 2048, 2048, 2048, 2048]","[2048, 2048, 2048, 2048, 2048, 2048, 2048]",10008,322
2025-04-11 15:48:50.327000+00:00,44,32.716,43.555,25.297,225,239,False,101.568,15,1257,"[None, 2048, 2048, 2048, 2048, 2048, 2048, 2048, 2048, 2048]","[2048, 2048, 2048, 2048, 2048, 2048, 2048, 2048, 2048, 2048, 2048]","[2048, 2048, 2048, 2048, 2048, 2048, 2048]",10008,303
2025-04-11 15:48:53.964000+00:00,7,31.829,43.272,24.419,224,254,False,99.52,19,1257,"[None, 2048, 2048, 2048, 2048, 2048, 2048, 2048, 2048, 2048]","[2048, 2048, 2048, 2048, 2048, 2048, 2048, 2048, 2048, 2048, 2048]","[2048, 2048, 2048, 2048, 2048, 2048, 2048]",10008,298
2025-04-11 15:48:55.850000+00:00,5,31.775,43.635,24.648,232,250,False,100.058,17,1257,"[None, 2048, 2048, 2048, 2048, 2048, 2048, 2048, 2048, 2048]","[2048, 2048, 2048, 2048, 2048, 2048, 2048, 2048, 2048, 2048, 2048]","[2048, 2048, 2048, 2048, 2048, 2048, 2048]",10008,297
2025-04-11 15:48:58.514000+00:00,18,31.623,44.921,24.703,225,224,False,101.247,19,1257,"[None, 2048, 2048, 2048, 2048, 2048, 2048, 2048, 2048, 2048]","[2048, 2048, 2048, 2048, 2048, 2048, 2048, 2048, 2048, 2048, 2048]","[2048, 2048, 2048, 2048, 2048, 2048, 2048]",10008,302
2025-04-11 15:49:05.967000+00:00,30,31.698,43.432,24.572,226,250,False,99.702,19,1257,"[None, 2048, 2048, 2048, 2048, 2048, 2048, 2048, 2048, 2048]","[2048, 2048, 2048, 2048, 2048, 2048, 2048, 2048, 2048, 2048, 2048]","[2048, 2048, 2048, 2048, 2048, 2048, 2048]",10008,298
2025-04-11 15:49:08.921000+00:00,1,31.689,42.966,24.465,232,248,False,99.12,19,1257,"[None, 2048, 2048, 2048, 2048, 2048, 2048, 2048, 2048, 2048]","[2048, 2048, 2048, 2048, 2048, 2048, 2048, 2048, 2048, 2048, 2048]","[2048, 2048, 2048, 2048, 2048, 2048, 2048]",10008,294
2025-04-11 15:49:10.317000+00:00,81,31.398,43.25,27.176,233,257,False,101.824,21,1257,"[None, 2048, 2048, 2048, 2048, 2048, 2048, 2048, 2048, 2048]","[2048, 2048, 2048, 2048, 2048, 2048, 2048, 2048, 2048, 2048, 2048]","[2048, 2048, 2048, 2048, 2048, 2048, 2064]",10008,305
2025-04-11 15:49:24.464000+00:00,55,31.631,43.219,24.374,,241,False,99.224,20,1257,"[None, 2048, 2048, 2048, 2048, 2048, 2048, 2048, 2048, 2048]","[2048, 2048, 2048, 2048, 2048, 2048, 2048, 2048, 2048, 2048, 2048]","[2048, 2048, 2048, 2048, 2048, 2048, 2048]",10008,299
2025-04-11 15:49:30.683000+00:00,16,31.28,42.821,24.197,229,254,False,98.298,19,1257,"[None, 2048, 2048, 2048, 2048, 2048, 2048, 2048, 2048, 2048]","[2048, 2048, 2048, 2048, 2048, 2048, 2048, 2048, 2048, 2048, 2048]","[2048, 2048, 2048, 2048, 2048, 2048, 2048]",10008,
2025-04-11 15:49:38.999000+00:00,22,31.464,43.844,24.493,222,241,False,99.801,17,1257,"[None, 2048, 2048, 2048, 2048, 2048, 2048, 2048, 2048, 2048]","[2048, 2048, 2048, 2048, 2048, 2048, 2048, 2048, 2048, 2048, 2048]","[2048, 2048, 2048, 2048, 2048, 2048, 2048]",10008,300
2025-04-11 15:49:42.136000+00:00,27,31.539,43.661,24.545,229,239,False,99.745,16,1257,"[None, 2048, 2048, 2048, 2048, 2048, 2048, 2048, 2048, 2048]","[2048, 2048, 2048, 2048, 2048, 2048, 2048, 2048, 2048, 2048, 2048]","[2048, 2048, 2048, 2048, 2048, 2048, 2048]",10008,289
2025-04-11 15:49:46.144000+00:00,6,31.664,43.401,24.528,230,252,False,99.593,17,1257,"[None, 2048, 2048, 2048, 2048, 2048, 2048, 2048, 2048, 2048]","[2048, 2048, 2048, 2048, 2048, 2048, 2048, 2048, 2048, 2048, 2048]","[2048, 2048, 2048, 2048, 2048, 2048, 2048]",10008,300
2025-04-11 15:49:54.521000+00:00,12,31.453,43.284,24.32,233,247,False,99.057,20,1257,"[None, 2048, 2048, 2048, 2048, 2048, 2048, 2048, 2048, 2048]","[2048, 2048, 2048, 2048, 2048, 2048, 2048, 2048, 2048, 2048, 2048]","[2048, 2048, 2048, 2048, 2048, 2048, 2048]",10008,
2025-04-11 15:49:59.549000+00:00,31,31.35,43.217,24.485,228,250,False,99.052,19,1257,"[None, 2048, 2048, 2048, 2048, 2048, 2048, 2048, 2048, 2048]","[2048, 2048, 2048, 2048, 2048, 2048, 2048, 2048, 2048, 2048, 2048]","[2048, 2048, 2048, 2048, 2048, 2048]",10008,297
2025-04-11 15:50:03.775000+00:00,14,30.694,42.266,23.833,241,241,False,96.793,12,1257,"[None, 2048, 2048, 2048, 2048, 2048, 2048, 2048, 2048, 2048]","[2048, 2048, 2048, 2048, 2048, 2048, 2048, 2048, 2048, 2048, 2048]","[2048, 2048, 2048, 2048, 2048, 2048, 2048]",10008,299
2025-04-11 15:50:06.031000+00:00,63,31.529,50.202,24.423,,239,False,106.154,18,1257,"[None, 2048, 2048, 2048, 2048, 2048, 2048, 2048, 2048, 2048]","[2048, 2048, 2048, 2048, 2048, 2048, 2048, 2048, 2048, 2048, 2048]","[2048, 2048, 2048, 2048, 2048, 2048, 2048]",10008,304
2025-04-11 15:50:08.234000+00:00,23,31.308,42.758,24.11,231,248,False,98.176,22,1257,"[None, 2048, 2048, 2048, 2048, 2048, 2048, 2048, 2048, 2048]","[2048, 2048, 2048, 2048, 2048, 2048, 2048, 2048, 2048, 2048, 2048]","[2048, 2048, 2048, 2048, 2048, 2048, 2048]",10008,
2025-04-11 15:50:23.241000+00:00,87,32.251,44.302,24.634,224,238,False,101.187,20,1257,"[None, 2048, 2048, 2048, 2048, 2048, 2048, 2048, 2048, 2048]","[2048, 2048, 2048, 2048, 2048, 2048, 2048, 2048, 2048, 2048, 2048]","[2048, 2048, 2048, 2048, 2048, 2048, 2048]",10008,293
2025-04-11 15:50:23.793000+00:00,4,31.066,43.13,24.291,227,244,False,98.487,21,1257,"[None, 2049, 2049, 2048, 2048, 2048, 2048, 2048, 2048, 2048]","[2048, 2048, 2048, 2048, 2048, 2048, 2048, 2048, 2048, 2048, 2048]","[2048, 2048, 2048, 2048, 2048, 2048, 2048]",10008,322
2025-04-11 15:50:28.150000+00:00,10,31.402,43.008,24.536,227,253,False,98.946,20,1257,"[None, 2048, 2048, 2048, 2048, 2048, 2048, 2048, 2048, 2048]","[2048, 2048, 2048, 2048, 2048, 2048, 2048, 2048, 2048, 2048, 2048]","[2048, 2048, 2048, 2048, 2048, 2048, 2048]",10008,298
2025-04-11 15:50:31.844000+00:00,44,31.223,42.986,24.368,229,246,False,98.577,16,1257,"[None, 2048, 2048, 2048, 2048, 2048, 2048, 2048, 2048, 2048]","[2048, 2048, 2048, 2048, 2048, 2048, 2048, 2048, 2048, 2048, 2048]","[2048, 2048, 2048, 2048, 2048, 2048, 2048]",10008,304
2025-04-11 15:50:33.473000+00:00,7,31.853,43.29,24.466,228,255,False,99.609,20,1257,"[None, 2048, 2048, 2048, 2048, 2048, 2048, 2048, 2048, 2048]","[2048, 2048, 2048, 2048, 2048, 2048, 2048, 2048, 2048, 2048, 2048]","[2048, 2048, 2048, 2048, 2048, 2048, 2048]",10008,299
2025-04-11 15:50:35.964000+00:00,5,31.793,43.642,24.637,231,253,False,100.072,18,1257,"[None, 2048, 2048, 2048, 2048, 2048, 2048, 2048, 2048, 2048]","[2048, 2048, 2048, 2048, 2048, 2048, 2048, 2048, 2048, 2048, 2048]","[2048, 2048, 2048, 2048, 2048, 2048, 2048]",10008,296
2025-04-11 15:50:39.923000+00:00,18,31.485,43.431,24.591,234,238,False,99.507,20,1257,"[None, 2048, 2048, 2048, 2048, 2048, 2048, 2048, 2048, 2048]","[2048, 2048, 2048, 2048, 2048, 2048, 2048, 2048, 2048, 2048, 2048]","[2048, 2048, 2048, 2048, 2048, 2048, 2048]",10008,301
2025-04-11 15:50:45.656000+00:00,30,31.682,43.392,24.591,224,247,False,99.665,20,1257,"[None, 2048, 2048, 2048, 2048, 2048, 2048, 2048, 2048, 2048]","[2048, 2048, 2048, 2048, 2048, 2048, 2048, 2048, 2048, 2048, 2048]","[2048, 2048, 2048, 2048, 2048, 2048, 2048]",10008,297
2025-04-11 15:50:48.060000+00:00,1,31.662,43.145,24.408,231,252,False,99.215,20,1257,"[None, 2048, 2048, 2048, 2048, 2048, 2048, 2048, 2048, 2048]","[2048, 2048, 2048, 2048, 2048, 2048, 2048, 2048, 2048, 2048, 2048]","[2048, 2048, 2048, 2048, 2048, 2048, 2048]",10008,
2025-04-11 15:51:03.686000+00:00,55,31.608,43.541,24.414,226,239,False,99.563,21,1257,"[None, 2048, 2048, 2048, 2048, 2048, 2048, 2048, 2048, 2048]","[2048, 2048, 2048, 2048, 2048, 2048, 2048, 2048, 2048, 2048, 2048]","[2048, 2048, 2048, 2048, 2048, 2048, 2048]",10008,
2025-04-11 15:51:09.023000+00:00,16,31.681,42.918,24.316,225,248,False,98.915,20,1257,"[None, 2048, 2048, 2048, 2048, 2048, 2048, 2048, 2048, 2048]","[2048, 2048, 2048, 2048, 2048, 2048, 2048, 2048, 2048, 2048, 2048]","[2048, 2048, 2048, 2048, 2048, 2048, 2048]",10008,297
2025-04-11 15:51:16.985000+00:00,81,53.979,42.523,23.665,231,234,True,120.167,22,1257,"[2064, 2064, 2064, 2048, 2048, 2048, 2048, 2048, 2048, 2048]","[2048, 2048, 2048, 2048, 2048, 2048, 2048, 2048, 2048, 2048, 2048]","[2048, 2048, 2048, 2048, 2048, 2048, 2048]",10008,217
2025-04-11 15:51:18.838000+00:00,22,31.562,43.69,24.519,226,231,False,99.771,18,1257,"[None, 2048, 2048, 2048, 2048, 2048, 2048, 2048, 2048, 2048]","[2048, 2048, 2048, 2048, 2048, 2048, 2048, 2048, 2048, 2048, 2048]","[2048, 2048, 2048, 2048, 2048, 2048, 2048]",10008,
2025-04-11 15:51:21.887000+00:00,27,31.599,43.494,24.418,230,244,False,99.511,17,1257,"[None, 2048, 2048, 2048, 2048, 2048, 2048, 2048, 2048, 2048]","[2048, 2048, 2048, 2048, 2048, 2048, 2048, 2048, 2048, 2048, 2048]","[2048, 2048, 2048, 2048, 2048, 2048, 2048]",10008,
2025-04-11 15:51:25.672000+00:00,6,31.842,43.416,24.479,231,256,False,99.737,18,1257,"[None, 2048, 2048, 2048, 2048, 2048, 2048, 2048, 2048, 2048]","[2048, 2048, 2048, 2048, 2048, 2048, 2048, 2048, 2048, 2048, 2048]","[2048, 2048, 2048, 2048, 2048, 2048, 2048]",10008,297
2025-04-11 15:51:33.583000+00:00,12,31.601,43.481,24.462,232,244,False,99.544,21,1257,"[None, 2048, 2048, 2048, 2048, 2048, 2048, 2048, 2048, 2048]","[2048, 2048, 2048, 2048, 2048, 2048, 2048, 2048, 2048, 2048, 2048]","[2048, 2048, 2048, 2048, 2048, 2048, 2048]",10008,
2025-04-11 15:51:38.531000+00:00,31,31.467,43.039,24.432,229,250,False,98.938,20,1257,"[None, 2048, 2048, 2048, 2048, 2048, 2048, 2048, 2048, 2048]","[2048, 2048, 2048, 2048, 2048, 2048, 2048, 2048, 2048, 2048, 2048]","[2048, 2048, 2048, 2048, 2048, 2048, 2048]",10008,296
2025-04-11 15:51:40.719000+00:00,14,30.906,42.059,24.057,238,247,False,97.022,13,1257,"[None, 2048, 2048, 2048, 2048, 2048, 2048, 2048, 2048, 2048]","[2048, 2048, 2048, 2048, 2048, 2048, 2048, 2048, 2048, 2048, 2048]","[2048, 2048, 2048, 2048, 2048, 2048, 2049]",10008,297
2025-04-11 15:51:46.463000+00:00,23,31.262,42.829,24.254,230,249,False,98.345,23,1257,"[None, 2048, 2048, 2048, 2048, 2048, 2048, 2048, 2048, 2048]","[2048, 2048, 2048, 2048, 2048, 2048, 2048, 2048, 2048, 2048, 2048]","[2048, 2048, 2048, 2048, 2048, 2048, 2048]",10008,301
2025-04-11 15:51:52.353000+00:00,63,31.47,43.495,24.345,230,244,False,99.31,19,1257,"[None, 2048, 2048, 2048, 2048, 2048, 2048, 2048, 2048, 2048]","[2048, 2048, 2048, 2048, 2048, 2048, 2048, 2048, 2048, 2048, 2048]","[2048, 2048, 2048, 2048, 2048, 2048, 2048]",10008,
2025-04-11 15:52:02.360000+00:00,4,31.455,43.426,24.599,232,245,False,99.48,22,1257,"[None, 2048, 2048, 2048, 2048, 2048, 2048, 2048, 2048, 2048]","[2048, 2048, 2048, 2048, 2048, 2048, 2048, 2048, 2048, 2048, 2048]","[2048, 2048, 2048, 2048, 2048, 2048, 2048]",10008,300
2025-04-11 15:52:04.371000+00:00,87,31.752,43.772,24.602,,241,False,100.126,21,1257,"[None, 2048, 2048, 2048, 2048, 2048, 2048, 2048, 2048, 2048]","[2048, 2048, 2048, 2048, 2048, 2048, 2048, 2048, 2048, 2048, 2048]","[2048, 2048, 2048, 2048, 2048, 2048, 2048]",10008,296
2025-04-11 15:52:07.141000+00:00,10,31.675,43.255,24.51,228,254,False,99.44,21,1257,"[None, 2048, 2048, 2048, 2048, 2048, 2048, 2048, 2048, 2048]","[2048, 2048, 2048, 2048, 2048, 2048, 2048, 2048, 2048, 2048, 2048]","[2048, 2048, 2048, 2048, 2048, 2048, 2048]",10008,288
2025-04-11 15:52:10.531000+00:00,44,31.658,43.362,24.553,226,247,False,99.573,17,1257,"[None, 2048, 2048, 2048, 2048, 2048, 2048, 2048, 2048, 2048]","[2048, 2048, 2048, 2048, 2048, 2048, 2048, 2048, 2048, 2048, 2048]","[2048, 2048, 2048, 2048, 2048, 2048, 2048]",10008,298
2025-04-11 15:52:13.111000+00:00,7,31.725,43.441,24.536,227,255,False,99.702,21,1257,"[None, 2048, 2048, 2048, 2048, 2048, 2048, 2048, 2048, 2048]","[2048, 2048, 2048, 2048, 2048, 2048, 2048, 2048, 2048, 2048, 2048]","[2048, 2048, 2048, 2048, 2048, 2048, 2048]",10008,297
2025-04-11 15:52:15.977000+00:00,5,31.616,43.353,24.582,229,252,False,99.551,19,1257,"[None, 2048, 2048, 2048, 2048, 2048, 2048, 2048, 2048, 2048]","[2048, 2048, 2048, 2048, 2048, 2048, 2048, 2048, 2048, 2048, 2048]","[2048, 2048, 2048, 2048, 2048, 2048, 2048]",10008,304
2025-04-11 15:52:19.322000+00:00,18,31.487,43.473,24.657,,244,False,99.617,21,1257,"[None, 2048, 2048, 2048, 2048, 2048, 2048, 2048, 2048, 2048]","[2048, 2048, 2048, 2048, 2048, 2048, 2048, 2048, 2048, 2048, 2048]","[2048, 2048, 2048, 2048, 2048, 2048, 2048]",10008,303
2025-04-11 15:52:25.282000+00:00,30,31.766,43.309,24.802,226,254,False,99.877,21,1257,"[None, 2048, 2048, 2048, 2048, 2048, 2048, 2048, 2048, 2048]","[2048, 2048, 2048, 2048, 2048, 2048, 2048, 2048, 2048, 2048, 2048]","[2048, 2048, 2048, 2048, 2048, 2048, 2048]",10008,298
2025-04-11 15:52:27.243000+00:00,1,31.664,43.157,24.557,,255,False,99.378,21,1257,"[None, 2048, 2048, 2048, 2048, 2048, 2048, 2048, 2048, 2048]","[2048, 2048, 2048, 2048, 2048, 2048, 2048, 2048, 2048, 2048, 2048]","[2048, 2048, 2048, 2048, 2048, 2048, 2048]",10008,295
2025-04-11 15:52:43.314000+00:00,55,31.885,43.503,24.436,223,240,False,99.824,22,1257,"[None, 2048, 2048, 2048, 2048, 2048, 2048, 2048, 2048, 2048]","[2048, 2048, 2048, 2048, 2048, 2048, 2048, 2048, 2048, 2048, 2048]","[2048, 2048, 2048, 2048, 2048, 2048, 2048]",10008,298
2025-04-11 15:52:47.958000+00:00,16,31.378,43.203,24.349,226,249,False,98.93,21,1257,"[None, 2048, 2048, 2048, 2048, 2048, 2048, 2048, 2048, 2048]","[2048, 2048, 2048, 2048, 2048, 2048, 2048, 2048, 2048, 2048, 2048]","[2048, 2048, 2048, 2048, 2048, 2048, 2048]",10008,299
2025-04-11 15:52:52.336000+00:00,81,30.711,41.782,23.606,234,248,False,96.099,23,1257,"[2048, 2048, 2048, 2048, 2048, 2048, 2048, 2048, 2048, 2048]","[2048, 2048, 2048, 2048, 2048, 2048, 2048, 2048, 2048, 2048, 2048]","[2048, 2048, 2048, 2048, 2048, 2048, 2048]",10008,297
2025-04-11 15:52:58.589000+00:00,22,31.613,43.715,24.49,225,241,False,99.818,19,1257,"[None, 2048, 2048, 2048, 2048, 2048, 2048, 2048, 2048, 2048]","[2048, 2048, 2048, 2048, 2048, 2048, 2048, 2048, 2048, 2048, 2048]","[2048, 2048, 2048, 2048, 2048, 2048, 2048]",10008,296
2025-04-11 15:53:01.436000+00:00,27,31.574,43.264,24.649,231,250,False,99.487,18,1257,"[None, 2048, 2048, 2048, 2048, 2048, 2048, 2048, 2048, 2048]","[2048, 2048, 2048, 2048, 2048, 2048, 2048, 2048, 2048, 2048, 2048]","[2048, 2048, 2048, 2048, 2048, 2048, 2048]",10008,290
2025-04-11 15:53:05.435000+00:00,6,31.847,43.717,24.607,,251,False,100.171,19,1257,"[None, 2048, 2048, 2048, 2048, 2048, 2048, 2048, 2048, 2048]","[2048, 2048, 2048, 2048, 2048, 2048, 2048, 2048, 2048, 2048, 2048]","[2048, 2048, 2048, 2048, 2048, 2048, 2048]",10008,291
2025-04-11 15:53:13.191000+00:00,12,31.652,43.548,24.435,231,246,False,99.635,22,1257,"[None, 2048, 2048, 2048, 2048, 2048, 2048, 2048, 2048, 2048]","[2048, 2048, 2048, 2048, 2048, 2048, 2048, 2048, 2048, 2048, 2048]","[2048, 2048, 2048, 2048, 2048, 2048, 2048]",10008,
2025-04-11 15:53:17.523000+00:00,31,32.161,43.212,24.577,228,258,False,99.95,21,1257,"[None, 2048, 2048, 2048, 2048, 2048, 2048, 2048, 2048, 2048]","[2048, 2048, 2048, 2048, 2048, 2048, 2048, 2048, 2048, 2048, 2048]","[2048, 2048, 2048, 2048, 2048, 2048, 2048]",10008,277
2025-04-11 15:53:17.662000+00:00,14,30.632,42.16,23.85,240,237,False,96.642,14,1257,"[2049, 2049, 2048, 2048, 2048, 2048, 2048, 2048, 2048, 2048]","[2048, 2048, 2048, 2048, 2048, 2048, 2048, 2048, 2048, 2048, 2048]","[2048, 2048, 2048, 2048, 2048, 2048, 2048]",10008,308
2025-04-11 15:53:24.733000+00:00,23,31.293,43.092,24.224,232,240,False,98.609,24,1257,"[None, 2048, 2048, 2048, 2048, 2048, 2048, 2048, 2048, 2048]","[2048, 2048, 2048, 2048, 2048, 2048, 2048, 2048, 2048, 2048, 2048]","[2048, 2048, 2048, 2048, 2048, 2048, 2048]",10008,
2025-04-11 15:53:31.614000+00:00,63,31.495,43.644,24.473,,249,False,99.612,20,1257,"[None, 2048, 2048, 2048, 2048, 2048, 2048, 2048, 2048, 2048]","[2048, 2048, 2048, 2048, 2048, 2048, 2048, 2048, 2048, 2048, 2048]","[2048, 2048, 2048, 2048, 2048, 2048, 2048]",10008,303
2025-04-11 15:53:41.750000+00:00,4,31.495,43.131,24.439,234,249,False,99.065,23,1257,"[None, 2048, 2048, 2048, 2048, 2048, 2048, 2048, 2048, 2048]","[2048, 2048, 2048, 2048, 2048, 2048, 2048, 2048, 2048, 2048, 2048]","[2048, 2048, 2048, 2048, 2048, 2048, 2048]",10008,299
2025-04-11 15:53:44.466000+00:00,87,31.685,43.716,24.515,227,242,False,99.916,22,1257,"[None, 2048, 2048, 2048, 2048, 2048, 2048, 2048, 2048, 2048]","[2048, 2048, 2048, 2048, 2048, 2048, 2048, 2048, 2048, 2048, 2048]","[2048, 2048, 2048, 2048, 2048, 2048, 2048]",10008,297
2025-04-11 15:53:46.637000+00:00,10,31.693,43.176,24.451,229,254,False,99.32,22,1257,"[None, 2048, 2048, 2048, 2048, 2048, 2048, 2048, 2048, 2048]","[2048, 2048, 2048, 2048, 2048, 2048, 2048, 2048, 2048, 2048, 2048]","[2048, 2048, 2048, 2048, 2048, 2048, 2048]",10008,295
2025-04-11 15:53:50.006000+00:00,44,31.48,43.161,29.384,228,255,False,104.025,18,1257,"[None, 2048, 2048, 2048, 2048, 2048, 2048, 2048, 2048, 2048]","[2048, 2048, 2048, 2048, 2048, 2048, 2048, 2048, 2048, 2048, 2048]","[2048, 2048, 2048, 2048, 2048, 2048, 2064]",10008,296
2025-04-11 15:53:52.856000+00:00,7,31.904,44.205,24.744,,242,False,100.853,22,1257,"[None, 2048, 2048, 2048, 2048, 2048, 2048, 2048, 2048, 2048]","[2048, 2048, 2048, 2048, 2048, 2048, 2048, 2048, 2048, 2048, 2048]","[2048, 2048, 2048, 2048, 2048, 2048, 2048]",10008,
2025-04-11 15:53:55.531000+00:00,5,31.688,43.44,24.637,230,251,False,99.765,20,1257,"[None, 2048, 2048, 2048, 2048, 2048, 2048, 2048, 2048, 2048]","[2048, 2048, 2048, 2048, 2048, 2048, 2048, 2048, 2048, 2048, 2048]","[2048, 2048, 2048, 2048, 2048, 2048, 2048]",10008,303
2025-04-11 15:53:59.005000+00:00,18,31.835,43.664,24.607,232,245,False,100.106,22,1257,"[None, 2048, 2048, 2048, 2048, 2048, 2048, 2048, 2048, 2048]","[2048, 2048, 2048, 2048, 2048, 2048, 2048, 2048, 2048, 2048, 2048]","[2048, 2048, 2048, 2048, 2048, 2048, 2048]",10008,299
2025-04-11 15:54:05.283000+00:00,30,31.715,43.444,24.635,,249,False,99.794,22,1257,"[None, 2048, 2048, 2048, 2048, 2048, 2048, 2048, 2048, 2048]","[2048, 2048, 2048, 2048, 2048, 2048, 2048, 2048, 2048, 2048, 2048]","[2048, 2048, 2048, 2048, 2048, 2048, 2048]",10008,301
2025-04-11 15:54:06.637000+00:00,1,31.314,43.262,33.476,228,251,False,108.052,22,1257,"[None, 2048, 2048, 2048, 2048, 2048, 2048, 2048, 2048, 2048]","[2048, 2048, 2048, 2048, 2048, 2048, 2048, 2048, 2048, 2048, 2048]","[2048, 2048, 2048, 2048, 2048, 2048, 2048]",10008,314
2025-04-11 15:54:23.219000+00:00,55,31.646,43.797,24.537,228,236,False,99.98,23,1257,"[None, 2048, 2048, 2048, 2048, 2048, 2048, 2048, 2048, 2048]","[2048, 2048, 2048, 2048, 2048, 2048, 2048, 2048, 2048, 2048, 2048]","[2048, 2048, 2048, 2048, 2048, 2048, 2048]",10008,300
2025-04-11 15:54:26.887000+00:00,16,31.443,43.063,24.451,230,256,False,98.957,22,1257,"[None, 2048, 2048, 2048, 2048, 2048, 2048, 2048, 2048, 2048]","[2048, 2048, 2048, 2048, 2048, 2048, 2048, 2048, 2048, 2048, 2048]","[2048, 2048, 2048, 2048, 2048, 2048, 2048]",10008,298
2025-04-11 15:54:28.578000+00:00,81,30.782,42.429,24.24,232,252,False,97.451,24,1257,"[None, 2048, 2048, 2048, 2048, 2048, 2048, 2048, 2048, 2048]","[2048, 2048, 2048, 2048, 2048, 2048, 2048, 2048, 2048, 2048, 2048]","[2048, 2048, 2048, 2048, 2048, 2048, 2049]",10008,304
2025-04-11 15:54:38.452000+00:00,22,31.757,43.542,24.571,224,246,False,99.87,20,1257,"[None, 2048, 2048, 2048, 2048, 2048, 2048, 2048, 2048, 2048]","[2048, 2048, 2048, 2048, 2048, 2048, 2048, 2048, 2048, 2048, 2048]","[2048, 2048, 2048, 2048, 2048, 2048, 2048]",10008,300
2025-04-11 15:54:40.926000+00:00,27,31.594,43.513,24.644,,246,False,99.751,19,1257,"[None, 2048, 2048, 2048, 2048, 2048, 2048, 2048, 2048, 2048]","[2048, 2048, 2048, 2048, 2048, 2048, 2048, 2048, 2048, 2048, 2048]","[2048, 2048, 2048, 2048, 2048, 2048, 2048]",10008,293
2025-04-11 15:54:45.648000+00:00,6,31.783,43.64,24.608,,254,False,100.031,20,1257,"[None, 2048, 2048, 2048, 2048, 2048, 2048, 2048, 2048, 2048]","[2048, 2048, 2048, 2048, 2048, 2048, 2048, 2048, 2048, 2048, 2048]","[2048, 2048, 2048, 2048, 2048, 2048, 2048]",10008,297
2025-04-11 15:54:52.823000+00:00,12,31.798,44.515,24.721,232,241,False,101.034,23,1257,"[None, 2048, 2048, 2048, 2048, 2048, 2048, 2048, 2048, 2048]","[2048, 2048, 2048, 2048, 2048, 2048, 2048, 2048, 2048, 2048, 2048]","[2048, 2048, 2048, 2048, 2048, 2048, 2048]",10008,300
2025-04-11 15:54:54.317000+00:00,14,31.097,42.719,23.978,239,242,False,97.794,15,1257,"[2048, 2048, 2048, 2048, 2048, 2048, 2048, 2048, 2048, 2048]","[2048, 2048, 2048, 2048, 2048, 2048, 2048, 2048, 2048, 2048, 2048]","[2048, 2048, 2048, 2048, 2048, 2048, 2048]",10008,294
2025-04-11 15:54:57.486000+00:00,31,31.509,43.267,24.661,229,249,False,99.437,22,1257,"[None, 2048, 2048, 2048, 2048, 2048, 2048, 2048, 2048, 2048]","[2048, 2048, 2048, 2048, 2048, 2048, 2048, 2048, 2048, 2048, 2048]","[2048, 2048, 2048, 2048, 2048, 2048, 2048]",10008,297
2025-04-11 15:55:03.501000+00:00,23,31.372,43.071,24.342,233,247,False,98.785,25,1257,"[None, 2048, 2048, 2048, 2048, 2048, 2048, 2048, 2048, 2048]","[2048, 2048, 2048, 2048, 2048, 2048, 2048, 2048, 2048, 2048, 2048]","[2048, 2048, 2048, 2048, 2048, 2048, 2048]",10008,
2025-04-11 15:55:11.240000+00:00,63,31.554,43.519,24.49,229,252,False,99.563,21,1257,"[None, 2048, 2048, 2048, 2048, 2048, 2048, 2048, 2048, 2048]","[2048, 2048, 2048, 2048, 2048, 2048, 2048, 2048, 2048, 2048, 2048]","[2048, 2048, 2048, 2048, 2048, 2048, 2048]",10008,
2025-04-11 15:55:20.848000+00:00,4,31.773,43.377,24.48,231,251,False,99.63,24,1257,"[None, 2048, 2048, 2048, 2048, 2048, 2048, 2048, 2048, 2048]","[2048, 2048, 2048, 2048, 2048, 2048, 2048, 2048, 2048, 2048, 2048]","[2048, 2048, 2048, 2048, 2048, 2048, 2048]",10008,300
2025-04-11 15:55:24.561000+00:00,87,31.847,43.897,24.604,225,240,False,100.348,23,1257,"[None, 2048, 2048, 2048, 2048, 2048, 2048, 2048, 2048, 2048]","[2048, 2048, 2048, 2048, 2048, 2048, 2048, 2048, 2048, 2048, 2048]","[2048, 2048, 2048, 2048, 2048, 2048, 2048]",10008,
2025-04-11 15:55:25.996000+00:00,10,31.747,43.443,24.771,226,254,False,99.961,23,1257,"[None, 2048, 2048, 2048, 2048, 2048, 2048, 2048, 2048, 2048]","[2048, 2048, 2048, 2048, 2048, 2048, 2048, 2048, 2048, 2048, 2048]","[2048, 2048, 2048, 2048, 2048, 2048, 2048]",10008,300
2025-04-11 15:55:33.657000+00:00,7,31.845,43.767,24.572,226,253,False,100.184,23,1257,"[None, 2048, 2048, 2048, 2048, 2048, 2048, 2048, 2048, 2048]","[2048, 2048, 2048, 2048, 2048, 2048, 2048, 2048, 2048, 2048, 2048]","[2048, 2048, 2048, 2048, 2048, 2048, 2048]",10008,
2025-04-11 15:55:35.326000+00:00,5,31.663,43.813,27.168,229,250,False,102.644,21,1257,"[None, 2048, 2048, 2048, 2048, 2048, 2048, 2048, 2048, 2048]","[2048, 2048, 2048, 2048, 2048, 2048, 2048, 2048, 2048, 2048, 2048]","[2048, 2048, 2048, 2048, 2048, 2048, 2064]",10008,305
2025-04-11 15:55:39.050000+00:00,18,31.721,43.637,24.788,233,247,False,100.146,23,1257,"[None, 2048, 2048, 2048, 2048, 2048, 2048, 2048, 2048, 2048]","[2048, 2048, 2048, 2048, 2048, 2048, 2048, 2048, 2048, 2048, 2048]","[2048, 2048, 2048, 2048, 2048, 2048, 2048]",10008,303
2025-04-11 15:55:45.007000+00:00,30,31.757,43.584,24.701,227,252,False,100.042,23,1257,"[None, 2048, 2048, 2048, 2048, 2048, 2048, 2048, 2048, 2048]","[2048, 2048, 2048, 2048, 2048, 2048, 2048, 2048, 2048, 2048, 2048]","[2048, 2048, 2048, 2048, 2048, 2048, 2048]",10008,297
2025-04-11 15:55:54.657000+00:00,1,31.713,43.427,24.644,230,255,False,99.784,23,1257,"[None, 2048, 2048, 2048, 2048, 2048, 2048, 2048, 2048, 2048]","[2048, 2048, 2048, 2048, 2048, 2048, 2048, 2048, 2048, 2048, 2048]","[2048, 2048, 2048, 2048, 2048, 2048, 2048]",10008,294
2025-04-11 15:56:03.232000+00:00,55,31.912,43.754,24.566,224,241,False,100.232,24,1257,"[None, 2048, 2048, 2048, 2048, 2048, 2048, 2048, 2048, 2048]","[2048, 2048, 2048, 2048, 2048, 2048, 2048, 2048, 2048, 2048, 2048]","[2048, 2048, 2048, 2048, 2048, 2048, 2048]",10008,
2025-04-11 15:56:05.824000+00:00,16,33.032,43.842,27.505,225,250,False,104.379,23,1257,"[None, 2048, 2048, 2048, 2048, 2048, 2048, 2048, 2048, 2048]","[2048, 2048, 2048, 2048, 2048, 2048, 2048, 2048, 2048, 2048, 2048]","[2048, 2048, 2048, 2048, 2048, 2048, 2048]",10008,300
2025-04-11 15:56:05.902000+00:00,81,30.888,42.423,24.309,233,251,False,97.62,25,1257,"[2049, 2049, 2049, 2048, 2048, 2048, 2048, 2048, 2048, 2048]","[2048, 2048, 2048, 2048, 2048, 2048, 2048, 2048, 2048, 2048, 2048]","[2048, 2048, 2048, 2048, 2048, 2048, 2048]",10008,319
2025-04-11 15:56:06.389000+00:00,44,63.715,49.077,25.9,225,207,True,138.692,19,1257,"[2064, 2064, 2064, 2048, 2048, 2048, 2048, 2048, 2048, 2048]","[2048, 2048, 2048, 2048, 2048, 2048, 2048, 2048, 2048, 2048, 2048]","[2048, 2048, 2048, 2048, 2048, 2048, 2048]",10008,188
2025-04-11 15:56:18.271000+00:00,22,32.199,43.639,24.742,228,247,False,100.58,21,1257,"[None, 2048, 2048, 2048, 2048, 2048, 2048, 2048, 2048, 2048]","[2048, 2048, 2048, 2048, 2048, 2048, 2048, 2048, 2048, 2048, 2048]","[2048, 2048, 2048, 2048, 2048, 2048, 2048]",10008,303
2025-04-11 15:56:20.668000+00:00,27,31.689,43.397,24.596,,245,False,99.682,20,1257,"[None, 2048, 2048, 2048, 2048, 2048, 2048, 2048, 2048, 2048]","[2048, 2048, 2048, 2048, 2048, 2048, 2048, 2048, 2048, 2048, 2048]","[2048, 2048, 2048, 2048, 2048, 2048, 2048]",10008,
2025-04-11 15:56:25.680000+00:00,6,31.77,43.74,27.225,,254,False,102.735,21,1257,"[None, 2048, 2048, 2048, 2048, 2048, 2048, 2048, 2048, 2048]","[2048, 2048, 2048, 2048, 2048, 2048, 2048, 2048, 2048, 2048, 2048]","[2048, 2048, 2048, 2048, 2048, 2048, 2064]",10008,295
2025-04-11 15:56:32.028000+00:00,14,31.092,42.133,23.937,240,244,False,97.162,16,1257,"[None, 2048, 2048, 2048, 2048, 2048, 2048, 2048, 2048, 2048]","[2048, 2048, 2048, 2048, 2048, 2048, 2048, 2048, 2048, 2048, 2048]","[2048, 2048, 2048, 2048, 2048, 2048, 2048]",10008,291
2025-04-11 15:56:33.885000+00:00,12,31.773,44.346,26.875,229,245,False,102.994,24,1257,"[None, 2048, 2048, 2048, 2048, 2048, 2048, 2048, 2048, 2048]","[2048, 2048, 2048, 2048, 2048, 2048, 2048, 2048, 2048, 2048, 2048]","[2048, 2048, 2048, 2048, 2048, 2048, 2064]",10008,305
2025-04-11 15:56:36.937000+00:00,31,31.765,43.579,24.654,228,247,False,99.998,23,1257,"[None, 2048, 2048, 2048, 2048, 2048, 2048, 2048, 2048, 2048]","[2048, 2048, 2048, 2048, 2048, 2048, 2048, 2048, 2048, 2048, 2048]","[2048, 2048, 2048, 2048, 2048, 2048, 2048]",10008,298
2025-04-11 15:56:42.225000+00:00,23,31.488,43.288,24.545,231,251,False,99.321,26,1257,"[None, 2048, 2048, 2048, 2048, 2048, 2048, 2048, 2048, 2048]","[2048, 2048, 2048, 2048, 2048, 2048, 2048, 2048, 2048, 2048, 2048]","[2048, 2048, 2048, 2048, 2048, 2048, 2048]",10008,302
2025-04-11 15:56:50.784000+00:00,63,31.565,43.815,27.178,232,250,False,102.558,22,1257,"[None, 2048, 2048, 2048, 2048, 2048, 2048, 2048, 2048, 2048]","[2048, 2048, 2048, 2048, 2048, 2048, 2048, 2048, 2048, 2048, 2048]","[2048, 2048, 2048, 2048, 2048, 2048, 2064]",10008,304
2025-04-11 15:57:00.488000+00:00,4,31.829,43.492,27.468,233,249,False,102.789,25,1257,"[None, 2048, 2048, 2048, 2048, 2048, 2048, 2048, 2048, 2048]","[2048, 2048, 2048, 2048, 2048, 2048, 2048, 2048, 2048, 2048, 2048]","[2048, 2048, 2048, 2048, 2048, 2048, 2064]",10008,
2025-04-11 15:57:04.812000+00:00,87,31.814,44.015,24.609,226,242,False,100.438,24,1257,"[None, 2048, 2048, 2048, 2048, 2048, 2048, 2048, 2048, 2048]","[2048, 2048, 2048, 2048, 2048, 2048, 2048, 2048, 2048, 2048, 2048]","[2048, 2048, 2048, 2048, 2048, 2048, 2048]",10008,296
2025-04-11 15:57:05.811000+00:00,10,31.689,43.938,24.78,228,255,False,100.407,24,1257,"[None, 2048, 2048, 2048, 2048, 2048, 2048, 2048, 2048, 2048]","[2048, 2048, 2048, 2048, 2048, 2048, 2048, 2048, 2048, 2048, 2048]","[2048, 2048, 2048, 2048, 2048, 2048, 2048]",10008,313
2025-04-11 15:57:13.907000+00:00,7,31.969,44.043,24.659,228,252,False,100.671,24,1257,"[None, 2048, 2048, 2048, 2048, 2048, 2048, 2048, 2048, 2048]","[2048, 2048, 2048, 2048, 2048, 2048, 2048, 2048, 2048, 2048, 2048]","[2048, 2048, 2048, 2048, 2048, 2048, 2048]",10008,296
2025-04-11 15:57:19.234000+00:00,18,31.771,43.896,24.883,,246,False,100.55,24,1257,"[None, 2048, 2048, 2048, 2048, 2048, 2048, 2048, 2048, 2048]","[2048, 2048, 2048, 2048, 2048, 2048, 2048, 2048, 2048, 2048, 2048]","[2048, 2048, 2048, 2048, 2048, 2048, 2048]",10008,302
2025-04-11 15:57:25.004000+00:00,30,31.672,43.453,24.627,229,251,False,99.752,24,1257,"[None, 2048, 2048, 2048, 2048, 2048, 2048, 2048, 2048, 2048]","[2048, 2048, 2048, 2048, 2048, 2048, 2048, 2048, 2048, 2048, 2048]","[2048, 2048, 2048, 2048, 2048, 2048, 2048]",10008,298
2025-04-11 15:57:34.395000+00:00,1,31.645,43.789,24.481,,249,False,99.915,24,1257,"[None, 2048, 2048, 2048, 2048, 2048, 2048, 2048, 2048, 2048]","[2048, 2048, 2048, 2048, 2048, 2048, 2048, 2048, 2048, 2048, 2048]","[2048, 2048, 2048, 2048, 2048, 2048, 2048]",10008,290
2025-04-11 15:57:41.810000+00:00,5,68.153,41.999,24.153,230,256,True,134.305,22,1257,"[2064, 2064, 2064, 2048, 2048, 2048, 2048, 2048, 2048, 2048]","[2048, 2048, 2048, 2048, 2048, 2048, 2048, 2048, 2048, 2048, 2048]","[2048, 2048, 2048, 2048, 2048, 2048, 2048]",10008,165
2025-04-11 15:57:43.441000+00:00,55,32.23,55.237,34.373,230,156,False,121.84,25,1257,"[None, 2048, 2048, 2048, 2048, 2048, 2048, 2048, 2048, 2048]","[2048, 2048, 2048, 2048, 2048, 2048, 2048, 2048, 2048, 2048, 2048]","[2048, 2048, 2048, 2048, 2048, 2048, 2048]",10008,301
2025-04-11 15:57:43.594000+00:00,81,30.69,42.031,23.832,232,253,False,96.553,26,1257,"[2048, 2048, 2048, 2048, 2048, 2048, 2048, 2048, 2048, 2048]","[2048, 2048, 2048, 2048, 2048, 2048, 2048, 2048, 2048, 2048, 2048]","[2048, 2048, 2048, 2048, 2048, 2048, 2048]",10008,318
2025-04-11 15:57:50.160000+00:00,16,31.216,42.817,24.312,233,261,False,98.345,24,1257,"[None, 2048, 2048, 2048, 2048, 2048, 2048, 2048, 2048, 2048]","[2048, 2048, 2048, 2048, 2048, 2048, 2048, 2048, 2048, 2048, 2048]","[2048, 2048, 2048, 2048, 2048, 2048, 2048]",10008,306
2025-04-11 15:57:52.756000+00:00,44,31.306,43.077,24.439,229,255,False,98.822,20,1257,"[2048, 2048, 2048, 2048, 2048, 2048, 2048, 2048, 2048, 2048]","[2048, 2048, 2048, 2048, 2048, 2048, 2048, 2048, 2048, 2048, 2048]","[2048, 2048, 2048, 2048, 2048, 2048, 2048]",10008,301
2025-04-11 15:57:58.902000+00:00,22,31.708,43.691,24.615,,240,False,100.014,22,1257,"[None, 2048, 2048, 2048, 2048, 2048, 2048, 2048, 2048, 2048]","[2048, 2048, 2048, 2048, 2048, 2048, 2048, 2048, 2048, 2048, 2048]","[2048, 2048, 2048, 2048, 2048, 2048, 2048]",10008,
2025-04-11 15:58:00.347000+00:00,27,31.691,43.795,27.655,233,238,False,103.141,21,1257,"[None, 2048, 2048, 2048, 2048, 2048, 2048, 2048, 2048, 2048]","[2048, 2048, 2048, 2048, 2048, 2048, 2048, 2048, 2048, 2048, 2048]","[2048, 2048, 2048, 2048, 2048, 2048, 2048]",10008,292
2025-04-11 15:58:09.233000+00:00,14,31.035,42.066,23.877,239,240,False,96.978,17,1257,"[None, 2048, 2048, 2048, 2048, 2048, 2048, 2048, 2048, 2048]","[2048, 2048, 2048, 2048, 2048, 2048, 2048, 2048, 2048, 2048, 2048]","[2048, 2048, 2048, 2048, 2048, 2048, 2048]",10008,292
2025-04-11 15:58:16.932000+00:00,31,31.531,43.408,24.571,231,254,False,99.51,24,1257,"[None, 2048, 2048, 2048, 2048, 2048, 2048, 2048, 2048, 2048]","[2048, 2048, 2048, 2048, 2048, 2048, 2048, 2048, 2048, 2048, 2048]","[2048, 2048, 2048, 2048, 2048, 2048, 2048]",10008,297
2025-04-11 15:58:21.556000+00:00,23,31.477,43.524,24.595,,249,False,99.596,27,1257,"[None, 2048, 2048, 2048, 2048, 2048, 2048, 2048, 2048, 2048]","[2048, 2048, 2048, 2048, 2048, 2048, 2048, 2048, 2048, 2048, 2048]","[2048, 2048, 2048, 2048, 2048, 2048, 2048]",10008,301
2025-04-11 15:58:31.045000+00:00,6,51.606,42.191,23.91,233,254,True,117.707,22,1257,"[2064, 2064, 2064, 2048, 2048, 2048, 2048, 2048, 2048, 2048]","[2048, 2048, 2048, 2048, 2048, 2048, 2048, 2048, 2048, 2048, 2048]","[2048, 2048, 2048, 2048, 2048, 2048, 2048]",10008,218
2025-04-11 15:58:39.857000+00:00,12,52.622,42.381,23.858,230,249,True,118.861,25,1257,"[2064, 2064, 2064, 2048, 2048, 2048, 2048, 2048, 2048, 2048]","[2048, 2048, 2048, 2048, 2048, 2048, 2048, 2048, 2048, 2048, 2048]","[2048, 2048, 2048, 2048, 2048, 2048, 2048]",10008,215
2025-04-11 15:58:45.202000+00:00,87,31.707,43.995,24.729,,247,False,100.431,25,1257,"[None, 2048, 2048, 2048, 2048, 2048, 2048, 2048, 2048, 2048]","[2048, 2048, 2048, 2048, 2048, 2048, 2048, 2048, 2048, 2048, 2048]","[2048, 2048, 2048, 2048, 2048, 2048, 2048]",10008,295
2025-04-11 15:58:46.238000+00:00,10,31.751,43.748,24.791,227,254,False,100.29,25,1257,"[None, 2048, 2048, 2048, 2048, 2048, 2048, 2048, 2048, 2048]","[2048, 2048, 2048, 2048, 2048, 2048, 2048, 2048, 2048, 2048, 2048]","[2048, 2048, 2048, 2048, 2048, 2048, 2048]",10008,315
2025-04-11 15:58:54.547000+00:00,7,32.124,43.953,24.658,230,252,False,100.735,25,1257,"[None, 2048, 2048, 2048, 2048, 2048, 2048, 2048, 2048, 2048]","[2048, 2048, 2048, 2048, 2048, 2048, 2048, 2048, 2048, 2048, 2048]","[2048, 2048, 2048, 2048, 2048, 2048, 2048]",10008,293
2025-04-11 15:58:58.188000+00:00,63,74.251,44.124,24.657,194,216,True,143.032,23,1257,"[2064, 2064, 2064, 2048, 2048, 2048, 2048, 2048, 2048, 2048]","[2048, 2048, 2048, 2048, 2048, 2048, 2048, 2048, 2048, 2048, 2048]","[2048, 2048, 2048, 2048, 2048, 2048, 2048]",10008,179
2025-04-11 15:58:59.687000+00:00,18,31.814,44.356,24.926,231,231,False,101.096,25,1257,"[None, 2048, 2048, 2048, 2048, 2048, 2048, 2048, 2048, 2048]","[2048, 2048, 2048, 2048, 2048, 2048, 2048, 2048, 2048, 2048, 2048]","[2048, 2048, 2048, 2048, 2048, 2048, 2048]",10008,299
2025-04-11 15:59:04.791000+00:00,30,31.868,43.572,24.751,231,250,False,100.191,25,1257,"[None, 2048, 2048, 2048, 2048, 2048, 2048, 2048, 2048, 2048]","[2048, 2048, 2048, 2048, 2048, 2048, 2048, 2048, 2048, 2048, 2048]","[2048, 2048, 2048, 2048, 2048, 2048, 2048]",10008,301
2025-04-11 15:59:05.665000+00:00,4,51.944,41.999,24.138,233,254,True,118.081,26,1257,"[2064, 2064, 2064, 2048, 2048, 2048, 2048, 2048, 2048, 2048]","[2048, 2048, 2048, 2048, 2048, 2048, 2048, 2048, 2048, 2048, 2048]","[2048, 2048, 2048, 2048, 2048, 2048, 2048]",10008,217
2025-04-11 15:59:14.285000+00:00,1,33.047,45.467,25.353,197,253,False,103.867,25,1257,"[None, 2048, 2048, 2048, 2048, 2048, 2048, 2048, 2048, 2048]","[2048, 2048, 2048, 2048, 2048, 2048, 2048, 2048, 2048, 2048, 2048]","[2048, 2048, 2048, 2048, 2048, 2048, 2048]",10008,287
2025-04-11 15:59:20.111000+00:00,81,30.96,42.13,24.37,233,258,False,97.46,27,1257,"[None, 2048, 2048, 2048, 2048, 2048, 2048, 2048, 2048, 2048]","[2048, 2048, 2048, 2048, 2048, 2048, 2048, 2048, 2048, 2048, 2048]","[2048, 2048, 2048, 2048, 2048, 2048, 2048]",10008,301
2025-04-11 15:59:28.514000+00:00,16,31.427,43.088,24.321,229,253,False,98.836,25,1257,"[None, 2048, 2048, 2048, 2048, 2048, 2048, 2048, 2048, 2048]","[2048, 2048, 2048, 2048, 2048, 2048, 2048, 2048, 2048, 2048, 2048]","[2048, 2048, 2048, 2048, 2048, 2048, 2048]",10008,297
2025-04-11 15:59:31.613000+00:00,44,31.493,43.654,24.602,224,252,False,99.749,21,1257,"[None, 2048, 2048, 2048, 2048, 2048, 2048, 2048, 2048, 2048]","[2048, 2048, 2048, 2048, 2048, 2048, 2048, 2048, 2048, 2048, 2048]","[2048, 2048, 2048, 2048, 2048, 2048, 2048]",10008,300
2025-04-11 15:59:32.257000+00:00,5,31.098,43.889,24.561,226,249,False,99.548,23,1257,"[2048, 2048, 2048, 2048, 2048, 2048, 2048, 2048, 2048, 2048]","[2048, 2048, 2048, 2048, 2048, 2048, 2048, 2048, 2048, 2048, 2048]","[2048, 2048, 2048, 2048, 2048, 2048, 2048]",10008,308
2025-04-11 15:59:38.961000+00:00,22,32.074,44.455,24.624,,242,False,101.153,23,1257,"[None, 2048, 2048, 2048, 2048, 2048, 2048, 2048, 2048, 2048]","[2048, 2048, 2048, 2048, 2048, 2048, 2048, 2048, 2048, 2048, 2048]","[2048, 2048, 2048, 2048, 2048, 2048, 2048]",10008,305
2025-04-11 15:59:43.436000+00:00,27,31.481,43.661,24.475,234,253,False,99.617,22,1257,"[None, 2048, 2048, 2048, 2048, 2048, 2048, 2048, 2048, 2048]","[2048, 2048, 2048, 2048, 2048, 2048, 2048, 2048, 2048, 2048, 2048]","[2048, 2048, 2048, 2048, 2048, 2048, 2048]",10008,297
2025-04-11 15:59:45.297000+00:00,55,31.955,43.953,24.629,221,245,False,100.537,26,1257,"[None, 2048, 2048, 2048, 2048, 2048, 2048, 2048, 2048, 2048]","[2048, 2048, 2048, 2048, 2048, 2048, 2048, 2048, 2048, 2048, 2048]","[2048, 2048, 2048, 2048, 2048, 2048, 2048]",10008,303
2025-04-11 15:59:46.149000+00:00,14,31.112,42.912,23.852,240,256,False,97.876,18,1257,"[None, 2048, 2048, 2048, 2048, 2048, 2048, 2048, 2048, 2048]","[2048, 2048, 2048, 2048, 2048, 2048, 2048, 2048, 2048, 2048, 2048]","[2048, 2048, 2048, 2049, 2048, 2048, 2048]",10008,303
2025-04-11 15:59:56.502000+00:00,31,31.634,43.456,24.555,229,256,False,99.645,25,1257,"[None, 2048, 2048, 2048, 2048, 2048, 2048, 2048, 2048, 2048]","[2048, 2048, 2048, 2048, 2048, 2048, 2048, 2048, 2048, 2048, 2048]","[2048, 2048, 2048, 2048, 2048, 2048, 2048]",10008,295
2025-04-11 16:00:01.081000+00:00,23,31.613,47.464,32.229,230,158,False,111.306,28,1257,"[None, 2048, 2048, 2048, 2048, 2048, 2048, 2048, 2048, 2048]","[2048, 2048, 2048, 2048, 2048, 2048, 2048, 2048, 2048, 2048, 2048]","[2048, 2048, 2048, 2048, 2048, 2048, 2048]",10008,
2025-04-11 16:00:06.036000+00:00,6,38.837,60.788,36.797,134,158,False,136.422,23,1257,"[2048, 2048, 2048, 2048, 2048, 2048, 2048, 2048, 2048, 2048]","[2048, 2048, 2048, 2048, 2048, 2048, 2048, 2048, 2048, 2048, 2048]","[2048, 2048, 2048, 2048, 2048, 2048, 2048]",10008,196
2025-04-11 16:00:15.704000+00:00,12,42.415,56.976,42.173,139,152,False,141.564,26,1257,"[2048, 2048, 2048, 2048, 2048, 2048, 2048, 2048, 2048, 2048]","[2048, 2048, 2048, 2048, 2048, 2048, 2048, 2048, 2048, 2048, 2048]","[2048, 2048, 2048, 2048, 2048, 2048, 2048]",10008,300
2025-04-11 16:00:25.702000+00:00,87,33.003,55.15,35.891,132,143,False,124.044,26,1257,"[None, 2048, 2048, 2048, 2048, 2048, 2048, 2048, 2048, 2048]","[2048, 2048, 2048, 2048, 2048, 2048, 2048, 2048, 2048, 2048, 2048]","[2048, 2048, 2048, 2048, 2048, 2048, 2048]",10008,310
2025-04-11 16:00:26.594000+00:00,10,39.928,58.638,34.799,139,164,False,133.365,26,1257,"[None, 2048, 2048, 2048, 2048, 2048, 2048, 2048, 2048, 2048]","[2048, 2048, 2048, 2048, 2048, 2048, 2048, 2048, 2048, 2048, 2048]","[2048, 2048, 2048, 2048, 2048, 2048, 2048]",10008,240
2025-04-11 16:00:35.315000+00:00,7,42.342,50.333,36.499,169,177,False,129.174,26,1257,"[None, 2048, 2048, 2048, 2048, 2048, 2048, 2048, 2048, 2048]","[2048, 2048, 2048, 2048, 2048, 2048, 2048, 2048, 2048, 2048, 2048]","[2048, 2048, 2048, 2048, 2048, 2048, 2048]",10008,186
2025-04-11 16:00:40.950000+00:00,18,40.594,60.41,38.873,142,144,False,139.877,26,1257,"[None, 2048, 2048, 2048, 2048, 2048, 2048, 2048, 2048, 2048]","[2048, 2048, 2048, 2048, 2048, 2048, 2048, 2048, 2048, 2048, 2048]","[2048, 2048, 2048, 2048, 2048, 2048, 2048]",10008,261
2025-04-11 16:00:41.342000+00:00,4,35.696,48.842,33.436,194,158,False,117.974,27,1257,"[2048, 2048, 2048, 2048, 2048, 2048, 2048, 2048, 2048, 2048]","[2048, 2048, 2048, 2048, 2048, 2048, 2048, 2048, 2048, 2048, 2048]","[2048, 2048, 2048, 2048, 2048, 2048, 2048]",10008,210
2025-04-11 16:00:44.994000+00:00,30,41.296,60.083,45.171,145,145,False,146.55,26,1257,"[None, 2048, 2048, 2048, 2048, 2048, 2048, 2048, 2048, 2048]","[2048, 2048, 2048, 2048, 2048, 2048, 2048, 2048, 2048, 2048, 2048]","[2048, 2048, 2048, 2048, 2048, 2048, 2048]",10008,264
2025-04-11 16:00:56.260000+00:00,63,39.622,62.461,52.054,147,133,False,154.137,24,1257,"[2048, 2048, 2048, 2048, 2048, 2048, 2048, 2048, 2048, 2048]","[2048, 2048, 2048, 2048, 2048, 2048, 2048, 2048, 2048, 2048, 2048]","[2048, 2048, 2048, 2048, 2048, 2048, 2048]",10008,201
2025-04-11 16:00:57.501000+00:00,81,31.003,47.509,39.299,230,207,False,117.811,28,1257,"[None, 2048, 2048, 2048, 2048, 2048, 2048, 2048, 2048, 2048]","[2048, 2048, 2048, 2048, 2048, 2048, 2048, 2048, 2048, 2048, 2048]","[2048, 2048, 2048, 2048, 2048, 2048]",10008,
2025-04-11 16:00:58.249000+00:00,1,37.427,49.753,36.139,,185,False,123.319,26,1257,"[None, 2048, 2048, 2048, 2048, 2048, 2048, 2048, 2048, 2048]","[2048, 2048, 2048, 2048, 2048, 2048, 2048, 2048, 2048, 2048, 2048]","[2048, 2048, 2048, 2048, 2048, 2048, 2048]",10008,180
2025-04-11 16:01:07.372000+00:00,16,47.002,58.853,43.055,134,167,False,148.91,26,1257,"[None, 2048, 2048, 2048, 2048, 2048, 2048, 2048, 2048, 2048]","[2048, 2048, 2048, 2048, 2048, 2048, 2048, 2048, 2048, 2048, 2048]","[2048, 2048, 2048, 2048, 2048, 2048, 2048]",10008,202
2025-04-11 16:01:11.370000+00:00,44,45.599,60.69,48.597,124,156,False,154.886,22,1257,"[None, 2048, 2048, 2048, 2048, 2048, 2048, 2048, 2048, 2048]","[2048, 2048, 2048, 2048, 2048, 2048, 2048, 2048, 2048, 2048, 2048]","[2048, 2048, 2048, 2048, 2048, 2048, 2048]",10008,157
2025-04-11 16:01:11.812000+00:00,5,40.511,51.088,38.606,154,250,False,130.205,24,1257,"[None, 2048, 2048, 2048, 2048, 2048, 2048, 2048, 2048, 2048]","[2048, 2048, 2048, 2048, 2048, 2048, 2048, 2048, 2048, 2048, 2048]","[2048, 2048, 2048, 2048, 2048, 2048, 2048]",10008,199
2025-04-11 16:01:20.058000+00:00,22,40.084,54.731,43.298,226,155,False,138.113,24,1257,"[None, 2048, 2048, 2048, 2048, 2048, 2048, 2048, 2048, 2048]","[2048, 0, 0, 0, 0, 0, 0, 0, 0, 0, 0]","[0, 0, 0, 0, 0, 0]",10008,255
2025-04-11 16:01:23.065000+00:00,27,37.128,51.749,40.522,169,164,False,129.399,23,1257,"[None, 2048, 2048, 2048, 2048, 2048, 2048, 2048, 2048, 2048]","[2048, 2048, 2048, 2048, 2048, 2048, 2048, 2048, 2048, 2048, 2048]","[2048, 2048, 2048, 2048, 2048, 2048, 2048]",10008,267
2025-04-11 16:01:24.170000+00:00,14,33.815,44.889,27.394,201,240,False,106.098,19,1257,"[None, 2048, 2048, 2048, 2048, 2048, 2048, 2048, 2048, 2048]","[2048, 2048, 2048, 2048, 2048, 2048, 2048, 2048, 2048, 2048, 2048]","[2048, 2048, 2048, 2048, 2048, 2048, 2064]",10008,225
2025-04-11 16:01:25.751000+00:00,55,36.758,57.342,48.032,149,150,False,142.132,27,1257,"[None, 2048, 2048, 2048, 2048, 2048, 2048, 2048, 2048, 2048]","[2048, 2048, 2048, 2048, 2048, 2048, 2048, 2048, 2048, 2048, 2048]","[2048, 2048, 2048, 2048, 2048, 2048, 2048]",10008,221
2025-04-11 16:01:36.058000+00:00,31,33.781,57.439,45.878,163,167,False,137.098,26,1257,"[None, 2048, 2048, 2048, 2048, 2048, 2048, 2048, 2048, 2048]","[2048, 2048, 2048, 2048, 2048, 2048, 2048, 2048, 2048, 2048, 2048]","[2048, 2048, 2048, 2048, 2048, 2048, 2048]",10008,303
2025-04-11 16:01:52.347000+00:00,23,64.11,43.271,27.141,229,248,False,134.522,29,1257,"[None, 2048, 2048, 2048, 2048, 2048, 2048, 2048, 2048, 2048]","[2048, 2048, 2048, 2048, 2048, 2048, 2048, 2048, 2048, 2048, 2048]","[2048, 2048, 2048, 2048, 2048, 2048, 2064]",10008,246
2025-04-11 16:02:22.482000+00:00,6,63.936,42.241,29.382,233,252,False,135.559,24,1257,"[None, 2048, 2048, 2048, 2048, 2048, 2048, 2048, 2048, 2048]","[2048, 2048, 2048, 2048, 2048, 2048, 2048, 2048, 2048, 2048, 2048]","[2048, 2048, 2048, 2048, 2048, 2048, 2064]",10008,249
2025-04-11 16:02:29.808000+00:00,87,58.262,43.503,27.324,230,254,False,129.089,27,1257,"[None, 2048, 2048, 2048, 2048, 2048, 2048, 2048, 2048, 2048]","[2048, 2048, 2048, 2048, 2048, 2048, 2048, 2048, 2048, 2048, 2048]","[2048, 2048, 2048, 2048, 2048, 2048, 2064]",10008,250
2025-04-11 16:02:37.386000+00:00,12,67.392,55.177,90.154,182,172,False,212.723,27,1257,"[None, 2048, 2048, 2048, 2048, 2048, 2048, 2048, 2048, 2048]","[2048, 2048, 2048, 2048, 2048, 2048, 2048, 2048, 2048, 2048, 2048]","[2048, 2048, 2048, 2048, 2048, 2048, 2064]",10008,255
2025-04-11 16:02:39.360000+00:00,4,61.254,51.376,30.196,171,207,False,142.826,28,1257,"[None, 2048, 2048, 2048, 2048, 2048, 2048, 2048, 2048, 2048]","[2048, 2048, 2048, 2048, 2048, 2048, 2048, 2048, 2048, 2048, 2048]","[2048, 2048, 2048, 2048, 2048, 2048, 2064]",10008,244
2025-04-11 16:02:39.930000+00:00,10,71.8,43.453,27.666,234,250,False,142.919,27,1257,"[None, 2048, 2048, 2048, 2048, 2048, 2048, 2048, 2048, 2048]","[2048, 2048, 2048, 2048, 2048, 2048, 2048, 2048, 2048, 2048, 2048]","[2048, 2048, 2048, 2048, 2048, 2048, 2064]",10008,254
2025-04-11 16:02:44.448000+00:00,7,64.206,44.142,28.107,229,246,False,136.455,27,1257,"[None, 2048, 2048, 2048, 2048, 2048, 2048, 2048, 2048, 2048]","[2048, 2048, 2048, 2048, 2048, 2048, 2048, 2048, 2048, 2048, 2048]","[2048, 2048, 2048, 2048, 2048, 2048, 2064]",10008,254
2025-04-11 16:02:55.266000+00:00,81,63.144,49.838,28.436,195,225,False,141.418,29,1257,"[None, 2048, 2048, 2048, 2048, 2048, 2048, 2048, 2048, 2048]","[2048, 2048, 2048, 2048, 2048, 2048, 2048, 2048, 2048, 2048, 2048]","[2048, 2048, 2048, 2048, 2048, 2048, 2064]",10008,244
2025-04-11 16:03:00.793000+00:00,18,67.51,52.24,31.884,179,144,False,151.634,27,1257,"[None, 2048, 2048, 2048, 2048, 2048, 2048, 2048, 2048, 2048]","[2048, 2048, 2048, 2048, 2048, 2048, 2048, 2048, 2048, 2048, 2048]","[2048, 2048, 2048, 2048, 2048, 2048, 2064]",10008,200
2025-04-11 16:03:01.477000+00:00,1,69.031,47.272,28.596,217,242,False,144.899,27,1257,"[None, 2048, 2048, 2048, 2048, 2048, 2048, 2048, 2048, 2048]","[2048, 2048, 2048, 2048, 2048, 2048, 2048, 2048, 2048, 2048, 2048]","[2048, 2048, 2048, 2048, 2048, 2048, 2064]",10008,204
2025-04-11 16:03:11.432000+00:00,30,66.126,51.497,29.959,169,193,False,147.582,27,1257,"[None, 2048, 2048, 2048, 2048, 2048, 2048, 2048, 2048, 2048]","[2048, 2048, 2048, 2048, 2048, 2048, 2048, 2048, 2048, 2048, 2048]","[2048, 2048, 2048, 2048, 2048, 2048, 2064]",10008,238
2025-04-11 16:03:21.864000+00:00,5,67.024,45.92,27.98,221,227,False,140.924,25,1257,"[None, 2048, 2048, 2048, 2048, 2048, 2048, 2048, 2048, 2048]","[2048, 2048, 2048, 2048, 2048, 2048, 2048, 2048, 2048, 2048, 2048]","[2048, 2048, 2048, 2048, 2048, 2048, 2064]",10008,192
2025-04-11 16:03:30.544000+00:00,63,65.276,43.949,28.134,236,213,False,137.359,25,1257,"[None, 2048, 2048, 2048, 2048, 2048, 2048, 2048, 2048, 2048]","[2048, 2048, 2048, 2048, 2048, 2048, 2048, 2048, 2048, 2048, 2048]","[2048, 2048, 2048, 2048, 2048, 2048, 2064]",10008,269
2025-04-11 16:03:32.525000+00:00,27,66.259,52.481,32.42,217,186,False,151.16,24,1257,"[None, 2048, 2048, 2048, 2048, 2048, 2048, 2048, 2048, 2048]","[2048, 2048, 2048, 2048, 2048, 2048, 2048, 2048, 2048, 2048, 2048]","[2048, 2048, 2048, 2048, 2048, 2048, 2064]",10008,250
2025-04-11 16:03:36.252000+00:00,16,71.349,45.903,29.002,216,244,False,146.254,27,1257,"[None, 2048, 2048, 2048, 2048, 2048, 2048, 2048, 2048, 2048]","[2048, 2048, 2048, 2048, 2048, 2048, 2048, 2048, 2048, 2048, 2048]","[2048, 2048, 2048, 2048, 2048, 2048, 2064]",10008,256
2025-04-11 16:03:46.232000+00:00,44,71.981,45.696,31.359,200,238,False,149.036,23,1257,"[None, 2048, 2048, 2048, 2048, 2048, 2048, 2048, 2048, 2048]","[2048, 2048, 2048, 2048, 2048, 2048, 2048, 2048, 2048, 2048, 2048]","[2048, 2048, 2048, 2048, 2048, 2048, 2064]",10008,253
2025-04-11 16:03:47.949000+00:00,55,71.509,47.561,30.335,195,204,False,149.405,28,1257,"[None, 2048, 2048, 2048, 2048, 2048, 2048, 2048, 2048, 2048]","[2048, 2048, 2048, 2048, 2048, 2048, 2048, 2048, 2048, 2048, 2048]","[2048, 2048, 2048, 2048, 2048, 2048, 2064]",10008,262
2025-04-11 16:03:53.163000+00:00,31,71.502,55.29,29.482,230,213,False,156.274,27,1257,"[None, 2048, 2048, 2048, 2048, 2048, 2048, 2048, 2048, 2048]","[2048, 2048, 2048, 2048, 2048, 2048, 2048, 2048, 2048, 2048, 2048]","[2048, 2048, 2048, 2048, 2048, 2048, 2064]",10008,266
2025-04-11 16:05:25.952000+00:00,22,,46.143,28.868,,203,False,152.321,25,1257,,"[None, None, None, None, None, None, None, None, None, 2048, 2048]","[2048, 2048, 2048, 2048, 2048, 2048, 2064]",10008,
