air_temperature,date,humidity,meeting_key,pressure,rainfall,session_key,track_temperature,wind_direction,wind_speed
14.3,2025-02-26 06:46:42.313000+00:00,49.0,1253,1023.8,0,9683,23.8,76,1.8
14.4,2025-02-26 06:47:42.314000+00:00,49.0,1253,1023.8,0,9683,24.1,30,0.7
14.4,2025-02-26 06:48:42.317000+00:00,48.0,1253,1023.8,0,9683,24.1,45,1.9
14.4,2025-02-26 06:49:42.317000+00:00,47.0,1253,1023.8,0,9683,24.0,23,2.0
14.4,2025-02-26 06:50:42.315000+00:00,47.0,1253,1023.8,0,9683,23.9,49,2.5
14.4,2025-02-26 06:51:42.316000+00:00,47.0,1253,1023.7,0,9683,23.8,330,1.6
14.5,2025-02-26 06:52:42.318000+00:00,47.0,1253,1023.8,0,9683,23.7,28,2.1
14.5,2025-02-26 06:53:42.319000+00:00,47.0,1253,1023.7,0,9683,23.4,60,2.3
14.5,2025-02-26 06:54:42.319000+00:00,47.0,1253,1023.6,0,9683,23.4,37,2.1
14.5,2025-02-26 06:55:42.330000+00:00,47.0,1253,1023.6,0,9683,23.6,21,2.1
14.6,2025-02-26 06:56:42.320000+00:00,47.0,1253,1023.6,0,9683,23.7,10,1.8
14.5,2025-02-26 06:57:42.320000+00:00,46.0,1253,1023.6,0,9683,23.9,15,1.6
14.6,2025-02-26 06:58:42.323000+00:00,46.0,1253,1023.6,0,9683,24.1,16,2.5
14.6,2025-02-26 06:59:42.323000+00:00,45.0,1253,1023.6,0,9683,24.2,15,1.8
14.6,2025-02-26 07:00:42.322000+00:00,45.0,1253,1023.7,0,9683,24.6,61,1.8
14.6,2025-02-26 07:01:42.323000+00:00,45.0,1253,1023.5,0,9683,24.6,69,2.7
14.5,2025-02-26 07:02:42.324000+00:00,45.0,1253,1023.6,0,9683,24.6,5,3.6
14.5,2025-02-26 07:03:42.325000+00:00,46.0,1253,1023.6,0,9683,24.9,48,2.8
14.5,2025-02-26 07:04:42.323000+00:00,46.0,1253,1023.6,0,9683,25.1,21,1.9
14.7,2025-02-26 07:05:42.326000+00:00,45.0,1253,1023.6,0,9683,25.3,50,1.6
14.7,2025-02-26 07:05:56.184000+00:00,45.0,1253,1023.5,0,9683,25.7,31,2.4
14.8,2025-02-26 07:06:53.825000+00:00,45.0,1253,1023.6,0,9683,25.9,9,2.3
14.7,2025-02-26 07:07:53.827000+00:00,45.0,1253,1023.7,0,9683,25.9,61,2.7
14.7,2025-02-26 07:08:53.827000+00:00,45.0,1253,1023.6,0,9683,25.7,59,2.6
14.6,2025-02-26 07:09:53.831000+00:00,46.0,1253,1023.5,0,9683,25.7,33,3.1
14.6,2025-02-26 07:10:53.828000+00:00,46.0,1253,1023.5,0,9683,26.2,8,2.6
14.6,2025-02-26 07:11:53.829000+00:00,46.0,1253,1023.5,0,9683,26.2,8,2.6
14.7,2025-02-26 07:12:53.829000+00:00,45.0,1253,1023.4,0,9683,26.2,75,1.8
14.8,2025-02-26 07:13:53.830000+00:00,45.0,1253,1023.4,0,9683,26.1,34,2.8
14.7,2025-02-26 07:14:53.846000+00:00,45.0,1253,1023.4,0,9683,25.4,87,2.5
14.6,2025-02-26 07:15:53.831000+00:00,46.0,1253,1023.3,0,9683,25.3,64,2.0
14.6,2025-02-26 07:16:53.832000+00:00,47.0,1253,1023.3,0,9683,25.3,26,1.9
14.6,2025-02-26 07:17:53.833000+00:00,47.0,1253,1023.3,0,9683,25.4,20,2.6
14.6,2025-02-26 07:18:53.833000+00:00,46.0,1253,1023.2,0,9683,25.8,38,2.7
14.7,2025-02-26 07:19:53.836000+00:00,47.0,1253,1023.3,0,9683,25.6,13,1.9
14.7,2025-02-26 07:20:53.835000+00:00,47.0,1253,1023.2,0,9683,25.4,12,3.4
14.7,2025-02-26 07:21:53.836000+00:00,46.0,1253,1023.2,0,9683,25.3,38,2.1
14.7,2025-02-26 07:22:53.837000+00:00,46.0,1253,1023.4,0,9683,25.3,25,2.6
14.7,2025-02-26 07:23:53.839000+00:00,46.0,1253,1023.3,0,9683,25.3,25,1.9
14.7,2025-02-26 07:24:53.839000+00:00,46.0,1253,1023.3,0,9683,25.3,6,2.0
14.7,2025-02-26 07:25:53.838000+00:00,46.0,1253,1023.2,0,9683,25.3,14,2.5
14.8,2025-02-26 07:26:53.855000+00:00,46.0,1253,1023.3,0,9683,25.4,40,2.2
14.8,2025-02-26 07:27:53.871000+00:00,46.0,1253,1023.2,0,9683,25.5,15,2.0
14.8,2025-02-26 07:28:53.874000+00:00,46.0,1253,1023.1,0,9683,25.6,44,3.4
14.8,2025-02-26 07:29:53.873000+00:00,47.0,1253,1023.3,0,9683,25.8,44,2.4
14.7,2025-02-26 07:30:53.889000+00:00,47.0,1253,1023.2,0,9683,26.0,47,2.2
14.8,2025-02-26 07:31:53.892000+00:00,47.0,1253,1023.1,0,9683,26.4,24,1.5
14.9,2025-02-26 07:32:53.890000+00:00,47.0,1253,1023.1,0,9683,27.0,72,2.6
14.9,2025-02-26 07:33:53.892000+00:00,47.0,1253,1023.1,0,9683,27.1,27,3.1
15.0,2025-02-26 07:34:53.894000+00:00,47.0,1253,1023.0,0,9683,27.0,3,1.8
15.0,2025-02-26 07:35:53.893000+00:00,47.0,1253,1023.0,0,9683,27.3,13,2.4
15.0,2025-02-26 07:36:53.909000+00:00,46.0,1253,1023.0,0,9683,27.6,12,2.0
15.1,2025-02-26 07:37:53.924000+00:00,46.0,1253,1022.9,0,9683,27.6,40,2.9
15.1,2025-02-26 07:38:53.946000+00:00,47.0,1253,1023.1,0,9683,27.5,76,2.6
15.2,2025-02-26 07:39:53.941000+00:00,48.0,1253,1023.0,0,9683,27.5,38,2.3
15.4,2025-02-26 07:40:53.945000+00:00,48.0,1253,1022.8,0,9683,27.9,51,3.9
15.4,2025-02-26 07:41:53.943000+00:00,48.0,1253,1022.8,0,9683,27.9,37,3.0
15.3,2025-02-26 07:42:53.945000+00:00,48.0,1253,1022.8,0,9683,27.8,48,3.4
15.2,2025-02-26 07:43:53.960000+00:00,48.0,1253,1022.9,0,9683,27.7,16,2.8
15.3,2025-02-26 07:44:53.979000+00:00,48.0,1253,1022.9,0,9683,27.7,33,2.7
15.3,2025-02-26 07:46:53.982000+00:00,48.0,1253,1022.8,0,9683,27.2,43,1.5
15.4,2025-02-26 07:47:53.982000+00:00,48.0,1253,1022.7,0,9683,27.0,49,3.1
15.3,2025-02-26 07:48:53.983000+00:00,48.0,1253,1022.7,0,9683,26.9,45,2.3
15.3,2025-02-26 07:49:53.986000+00:00,49.0,1253,1022.8,0,9683,26.9,26,2.6
15.3,2025-02-26 07:50:53.989000+00:00,48.0,1253,1022.8,0,9683,26.8,84,2.7
15.4,2025-02-26 07:51:53.985000+00:00,48.0,1253,1022.8,0,9683,26.5,43,1.7
15.3,2025-02-26 07:52:53.991000+00:00,49.0,1253,1022.7,0,9683,26.5,9,1.8
15.3,2025-02-26 07:53:53.992000+00:00,48.0,1253,1022.8,0,9683,26.7,26,1.9
15.3,2025-02-26 07:54:53.990000+00:00,48.0,1253,1022.8,0,9683,26.9,27,2.1
15.3,2025-02-26 07:55:53.983000+00:00,48.0,1253,1022.8,0,9683,27.0,7,2.5
15.3,2025-02-26 07:56:53.994000+00:00,48.0,1253,1022.7,0,9683,27.2,29,2.4
15.4,2025-02-26 07:57:53.994000+00:00,48.0,1253,1022.8,0,9683,27.3,7,2.0
15.4,2025-02-26 07:58:53.984000+00:00,48.0,1253,1022.8,0,9683,27.2,29,2.0
15.4,2025-02-26 07:59:53.994000+00:00,48.0,1253,1022.8,0,9683,27.0,40,1.9
15.3,2025-02-26 08:00:53.992000+00:00,48.0,1253,1022.8,0,9683,26.9,1,2.1
15.3,2025-02-26 08:01:54.003000+00:00,48.0,1253,1022.8,0,9683,27.0,8,1.6
15.3,2025-02-26 08:02:53.999000+00:00,48.0,1253,1022.7,0,9683,27.2,41,2.4
15.3,2025-02-26 08:03:53.994000+00:00,49.0,1253,1022.9,0,9683,27.4,30,2.0
15.2,2025-02-26 08:04:53.993000+00:00,48.0,1253,1022.7,0,9683,27.4,54,2.5
15.2,2025-02-26 08:05:53.993000+00:00,49.0,1253,1022.7,0,9683,27.6,37,1.4
15.1,2025-02-26 08:06:53.993000+00:00,49.0,1253,1022.6,0,9683,27.6,33,2.2
15.3,2025-02-26 08:07:53.997000+00:00,49.0,1253,1022.7,0,9683,27.7,90,1.2
15.3,2025-02-26 08:08:53.984000+00:00,49.0,1253,1022.5,0,9683,27.8,140,1.3
15.4,2025-02-26 08:09:53.993000+00:00,49.0,1253,1022.6,0,9683,27.8,60,1.6
15.3,2025-02-26 08:10:54.019000+00:00,50.0,1253,1022.5,0,9683,27.8,354,1.2
15.3,2025-02-26 08:11:54.024000+00:00,49.0,1253,1022.5,0,9683,27.8,18,1.9
15.3,2025-02-26 08:12:54.025000+00:00,48.0,1253,1022.5,0,9683,27.8,110,2.6
15.4,2025-02-26 08:13:54.042000+00:00,49.0,1253,1022.5,0,9683,27.6,38,1.7
15.4,2025-02-26 08:14:54.042000+00:00,49.0,1253,1022.5,0,9683,27.5,44,1.8
15.4,2025-02-26 08:15:54.044000+00:00,49.0,1253,1022.6,0,9683,27.4,31,1.7
15.4,2025-02-26 08:16:54.046000+00:00,49.0,1253,1022.5,0,9683,27.1,39,1.7
15.3,2025-02-26 08:17:54.046000+00:00,49.0,1253,1022.6,0,9683,27.0,73,2.3
15.1,2025-02-26 08:18:54.053000+00:00,50.0,1253,1022.6,0,9683,27.0,30,2.5
15.1,2025-02-26 08:19:54.055000+00:00,51.0,1253,1022.6,0,9683,27.0,43,2.1
15.2,2025-02-26 08:20:54.048000+00:00,50.0,1253,1022.6,0,9683,27.0,1,1.8
15.3,2025-02-26 08:21:54.069000+00:00,50.0,1253,1022.7,0,9683,27.1,27,2.7
15.3,2025-02-26 08:22:54.064000+00:00,50.0,1253,1022.6,0,9683,27.1,30,2.6
15.3,2025-02-26 08:23:54.081000+00:00,50.0,1253,1022.6,0,9683,27.2,34,1.5
15.3,2025-02-26 08:24:54.096000+00:00,49.0,1253,1022.4,0,9683,27.3,11,2.5
15.3,2025-02-26 08:25:54.097000+00:00,50.0,1253,1022.4,0,9683,27.3,38,2.8
15.2,2025-02-26 08:26:54.098000+00:00,51.0,1253,1022.4,0,9683,27.0,42,4.4
15.1,2025-02-26 08:27:54.099000+00:00,52.0,1253,1022.4,0,9683,27.0,45,1.5
15.1,2025-02-26 08:28:54.101000+00:00,51.0,1253,1022.4,0,9683,27.1,32,1.4
15.2,2025-02-26 08:29:54.100000+00:00,50.0,1253,1022.4,0,9683,27.1,40,2.1
15.2,2025-02-26 08:30:54.106000+00:00,50.0,1253,1022.3,0,9683,26.9,30,2.0
15.2,2025-02-26 08:31:54.100000+00:00,50.0,1253,1022.3,0,9683,26.8,60,2.2
15.2,2025-02-26 08:32:54.109000+00:00,51.0,1253,1022.3,0,9683,26.7,28,1.8
15.1,2025-02-26 08:33:54.105000+00:00,51.0,1253,1022.3,0,9683,26.7,30,3.4
15.1,2025-02-26 08:34:54.104000+00:00,52.0,1253,1022.3,0,9683,26.7,34,3.1
15.2,2025-02-26 08:35:54.105000+00:00,52.0,1253,1022.2,0,9683,26.7,56,1.8
15.1,2025-02-26 08:36:54.105000+00:00,51.0,1253,1022.2,0,9683,26.4,39,2.3
15.1,2025-02-26 08:37:54.105000+00:00,51.0,1253,1022.0,0,9683,26.3,87,2.4
15.1,2025-02-26 08:38:54.107000+00:00,51.0,1253,1022.0,0,9683,26.1,58,1.8
15.1,2025-02-26 08:39:54.119000+00:00,51.0,1253,1022.0,0,9683,26.0,27,1.3
15.2,2025-02-26 08:40:54.114000+00:00,51.0,1253,1022.0,0,9683,26.0,3,1.5
15.2,2025-02-26 08:41:54.109000+00:00,51.0,1253,1021.9,0,9683,26.1,72,2.1
15.4,2025-02-26 08:42:54.133000+00:00,51.0,1253,1021.9,0,9683,26.1,98,1.4
15.3,2025-02-26 08:43:54.142000+00:00,51.0,1253,1021.9,0,9683,26.0,71,1.0
15.3,2025-02-26 08:44:54.145000+00:00,51.0,1253,1022.1,0,9683,25.7,61,2.5
15.2,2025-02-26 08:45:54.173000+00:00,52.0,1253,1021.8,0,9683,25.7,44,1.8
15.2,2025-02-26 08:46:54.173000+00:00,52.0,1253,1021.9,0,9683,25.8,359,1.2
15.2,2025-02-26 08:47:54.191000+00:00,51.0,1253,1021.8,0,9683,25.9,34,2.0
15.2,2025-02-26 08:48:54.205000+00:00,51.0,1253,1021.8,0,9683,25.9,62,1.4
15.2,2025-02-26 08:49:54.222000+00:00,50.0,1253,1021.8,0,9683,25.9,23,1.5
15.3,2025-02-26 08:50:54.230000+00:00,50.0,1253,1021.8,0,9683,25.9,23,1.5
15.1,2025-02-26 08:51:54.240000+00:00,50.0,1253,1021.8,0,9683,25.8,66,2.8
15.2,2025-02-26 08:52:54.256000+00:00,50.0,1253,1021.8,0,9683,25.9,80,2.0
15.2,2025-02-26 08:53:54.270000+00:00,50.0,1253,1021.8,0,9683,25.9,62,2.4
15.2,2025-02-26 08:54:54.286000+00:00,51.0,1253,1021.7,0,9683,25.9,19,1.7
15.3,2025-02-26 08:55:54.310000+00:00,50.0,1253,1021.8,0,9683,25.9,36,1.8
15.3,2025-02-26 08:56:54.273000+00:00,50.0,1253,1021.7,0,9683,25.9,38,2.0
15.4,2025-02-26 08:57:54.273000+00:00,51.0,1253,1021.7,0,9683,25.8,19,2.2
15.4,2025-02-26 08:58:54.275000+00:00,51.0,1253,1021.7,0,9683,25.7,27,2.7
15.4,2025-02-26 08:59:54.276000+00:00,51.0,1253,1021.6,0,9683,25.5,19,3.2
15.4,2025-02-26 09:00:54.278000+00:00,52.0,1253,1021.6,0,9683,25.3,31,2.8
15.4,2025-02-26 09:01:54.276000+00:00,52.0,1253,1021.5,0,9683,25.2,47,2.9
15.3,2025-02-26 09:02:54.276000+00:00,52.0,1253,1021.5,0,9683,25.2,33,1.9
15.3,2025-02-26 09:03:54.280000+00:00,52.0,1253,1021.5,0,9683,25.2,46,2.3
15.1,2025-02-26 09:04:54.279000+00:00,52.0,1253,1021.5,0,9683,25.1,41,1.8
15.1,2025-02-26 09:05:54.280000+00:00,52.0,1253,1021.5,0,9683,25.0,39,2.2
15.2,2025-02-26 09:06:54.285000+00:00,52.0,1253,1021.4,0,9683,25.0,30,2.2
15.2,2025-02-26 09:07:54.282000+00:00,52.0,1253,1021.6,0,9683,25.1,22,1.1
15.2,2025-02-26 09:08:54.282000+00:00,52.0,1253,1021.4,0,9683,25.1,55,2.5
15.2,2025-02-26 09:09:54.283000+00:00,52.0,1253,1021.4,0,9683,25.2,46,3.4
15.2,2025-02-26 09:10:54.283000+00:00,52.0,1253,1021.6,0,9683,25.2,41,2.6
15.3,2025-02-26 09:11:54.284000+00:00,52.0,1253,1021.3,0,9683,25.2,66,2.9
15.3,2025-02-26 09:12:54.284000+00:00,51.0,1253,1021.4,0,9683,25.4,6,2.0
15.4,2025-02-26 09:13:54.284000+00:00,50.0,1253,1021.3,0,9683,25.4,43,3.1
15.4,2025-02-26 09:14:54.285000+00:00,49.0,1253,1021.4,0,9683,25.6,349,2.0
15.5,2025-02-26 09:15:54.287000+00:00,49.0,1253,1021.5,0,9683,25.6,25,1.9
15.6,2025-02-26 09:16:54.286000+00:00,48.0,1253,1021.6,0,9683,25.6,24,2.3
15.6,2025-02-26 09:17:54.290000+00:00,46.0,1253,1021.6,0,9683,25.8,27,2.3
15.6,2025-02-26 09:18:54.294000+00:00,47.0,1253,1021.6,0,9683,25.8,11,3.2
15.6,2025-02-26 09:19:54.291000+00:00,48.0,1253,1021.6,0,9683,25.7,60,2.6
15.6,2025-02-26 09:20:54.290000+00:00,48.0,1253,1021.6,0,9683,25.6,27,2.1
15.6,2025-02-26 09:21:54.290000+00:00,48.0,1253,1021.5,0,9683,25.6,21,1.9
15.6,2025-02-26 09:22:54.295000+00:00,48.0,1253,1021.5,0,9683,25.7,32,2.3
15.6,2025-02-26 09:23:54.292000+00:00,48.0,1253,1021.3,0,9683,25.6,61,3.0
15.4,2025-02-26 09:24:54.299000+00:00,48.0,1253,1021.3,0,9683,25.6,66,2.9
15.4,2025-02-26 09:25:54.298000+00:00,49.0,1253,1021.3,0,9683,25.5,31,2.7
15.4,2025-02-26 09:26:54.296000+00:00,49.0,1253,1021.5,0,9683,25.7,29,3.1
15.4,2025-02-26 09:27:54.296000+00:00,49.0,1253,1021.4,0,9683,25.6,37,3.9
15.4,2025-02-26 09:28:54.296000+00:00,49.0,1253,1021.4,0,9683,25.6,37,3.9
15.4,2025-02-26 09:29:54.299000+00:00,49.0,1253,1021.4,0,9683,25.6,37,3.9
15.4,2025-02-26 09:30:54.319000+00:00,47.0,1253,1021.2,0,9683,25.5,7,2.8
15.4,2025-02-26 09:31:54.297000+00:00,48.0,1253,1021.1,0,9683,25.5,30,1.8
15.4,2025-02-26 09:32:54.304000+00:00,48.0,1253,1021.0,0,9683,25.3,36,3.1
15.3,2025-02-26 09:33:54.298000+00:00,48.0,1253,1021.1,0,9683,25.3,34,2.1
15.3,2025-02-26 09:34:54.300000+00:00,48.0,1253,1021.1,0,9683,25.3,33,2.6
15.2,2025-02-26 09:35:54.299000+00:00,48.0,1253,1021.2,0,9683,25.3,23,2.1
15.2,2025-02-26 09:36:54.300000+00:00,48.0,1253,1021.0,0,9683,25.3,22,2.7
15.2,2025-02-26 09:37:54.303000+00:00,47.0,1253,1021.0,0,9683,25.1,357,2.2
15.2,2025-02-26 09:38:54.301000+00:00,47.0,1253,1021.1,0,9683,25.1,14,2.3
15.3,2025-02-26 09:39:54.297000+00:00,47.0,1253,1021.0,0,9683,24.8,26,2.1
15.3,2025-02-26 09:40:54.304000+00:00,47.0,1253,1021.1,0,9683,24.7,23,2.3
15.3,2025-02-26 09:41:54.304000+00:00,48.0,1253,1021.1,0,9683,24.6,40,1.8
15.2,2025-02-26 09:42:54.304000+00:00,48.0,1253,1021.1,0,9683,24.5,18,1.8
15.2,2025-02-26 09:43:54.305000+00:00,48.0,1253,1021.1,0,9683,24.5,80,2.4
15.1,2025-02-26 09:44:54.307000+00:00,48.0,1253,1021.0,0,9683,24.3,34,2.9
15.1,2025-02-26 09:45:54.307000+00:00,49.0,1253,1020.9,0,9683,24.4,32,2.8
15.1,2025-02-26 09:46:54.307000+00:00,49.0,1253,1020.9,0,9683,24.5,27,2.5
15.1,2025-02-26 09:47:54.307000+00:00,48.0,1253,1020.9,0,9683,24.5,73,2.4
15.1,2025-02-26 09:48:54.309000+00:00,48.0,1253,1020.9,0,9683,24.3,25,2.3
15.1,2025-02-26 09:49:54.312000+00:00,48.0,1253,1020.8,0,9683,24.3,64,2.1
15.1,2025-02-26 09:50:54.310000+00:00,48.0,1253,1020.9,0,9683,24.2,27,1.8
15.1,2025-02-26 09:51:54.365000+00:00,48.0,1253,1020.9,0,9683,24.2,23,2.2
15.1,2025-02-26 09:52:54.310000+00:00,48.0,1253,1020.7,0,9683,24.4,44,2.2
15.1,2025-02-26 09:53:54.311000+00:00,48.0,1253,1020.8,0,9683,24.3,29,1.5
15.1,2025-02-26 09:54:54.312000+00:00,46.0,1253,1020.7,0,9683,24.2,30,2.9
15.1,2025-02-26 09:55:54.318000+00:00,47.0,1253,1020.8,0,9683,24.2,61,2.1
15.1,2025-02-26 09:56:54.313000+00:00,46.0,1253,1020.7,0,9683,24.2,55,2.3
15.1,2025-02-26 09:57:54.314000+00:00,46.0,1253,1020.8,0,9683,24.2,36,3.7
15.1,2025-02-26 09:58:54.325000+00:00,47.0,1253,1020.6,0,9683,24.2,34,3.2
15.2,2025-02-26 09:59:54.317000+00:00,47.0,1253,1020.6,0,9683,24.3,41,3.5
15.1,2025-02-26 10:00:54.316000+00:00,47.0,1253,1020.7,0,9683,24.2,19,2.2
15.1,2025-02-26 10:01:54.317000+00:00,48.0,1253,1020.7,0,9683,24.1,57,2.1
15.1,2025-02-26 10:02:54.318000+00:00,48.0,1253,1020.7,0,9683,24.1,44,2.8
15.0,2025-02-26 10:03:54.319000+00:00,48.0,1253,1020.7,0,9683,24.1,0,2.9
15.0,2025-02-26 10:04:54.320000+00:00,49.0,1253,1020.8,0,9683,24.0,37,2.9
15.1,2025-02-26 10:05:54.320000+00:00,49.0,1253,1020.8,0,9683,24.0,41,2.3
15.1,2025-02-26 10:06:54.320000+00:00,49.0,1253,1020.7,0,9683,24.2,65,1.7
15.1,2025-02-26 10:07:54.322000+00:00,49.0,1253,1020.7,0,9683,24.2,22,2.5
15.1,2025-02-26 10:08:54.322000+00:00,49.0,1253,1020.7,0,9683,24.2,36,2.3
15.1,2025-02-26 10:09:54.322000+00:00,49.0,1253,1020.8,0,9683,24.0,73,1.8
15.1,2025-02-26 10:10:54.324000+00:00,49.0,1253,1020.7,0,9683,24.0,18,2.3
15.2,2025-02-26 10:11:54.324000+00:00,49.0,1253,1020.8,0,9683,24.1,28,2.3
15.2,2025-02-26 10:12:54.361000+00:00,48.0,1253,1020.9,0,9683,24.1,44,1.9
15.2,2025-02-26 10:13:54.325000+00:00,48.0,1253,1020.7,0,9683,24.0,35,2.1
15.2,2025-02-26 10:14:54.325000+00:00,48.0,1253,1020.7,0,9683,23.9,18,3.2
15.1,2025-02-26 10:15:54.326000+00:00,48.0,1253,1020.7,0,9683,23.9,30,3.5
15.1,2025-02-26 10:16:54.330000+00:00,48.0,1253,1020.6,0,9683,24.0,24,2.7
15.1,2025-02-26 10:17:54.328000+00:00,48.0,1253,1020.6,0,9683,24.0,11,2.5
15.1,2025-02-26 10:18:54.340000+00:00,47.0,1253,1020.6,0,9683,23.8,22,2.8
15.1,2025-02-26 10:19:54.330000+00:00,48.0,1253,1020.6,0,9683,23.7,19,3.0
15.1,2025-02-26 10:20:54.337000+00:00,48.0,1253,1020.5,0,9683,23.8,11,2.5
15.1,2025-02-26 10:21:54.330000+00:00,48.0,1253,1020.6,0,9683,23.7,27,4.3
14.9,2025-02-26 10:22:54.331000+00:00,49.0,1253,1020.6,0,9683,23.7,30,4.6
14.9,2025-02-26 10:23:54.331000+00:00,49.0,1253,1020.6,0,9683,23.6,24,3.5
14.9,2025-02-26 10:24:54.331000+00:00,49.0,1253,1020.4,0,9683,23.6,31,2.3
14.9,2025-02-26 10:25:54.324000+00:00,49.0,1253,1020.4,0,9683,23.6,47,3.1
15.0,2025-02-26 10:26:54.333000+00:00,49.0,1253,1020.3,0,9683,23.7,37,4.3
15.0,2025-02-26 10:27:54.333000+00:00,49.0,1253,1020.2,0,9683,23.7,38,3.8
15.0,2025-02-26 10:28:54.336000+00:00,50.0,1253,1020.3,0,9683,23.5,33,3.2
14.9,2025-02-26 10:29:54.336000+00:00,50.0,1253,1020.3,0,9683,23.5,62,1.9
14.9,2025-02-26 10:30:54.336000+00:00,50.0,1253,1020.2,0,9683,23.6,32,3.2
14.9,2025-02-26 10:31:54.337000+00:00,50.0,1253,1020.3,0,9683,23.6,14,3.1
15.0,2025-02-26 10:32:54.338000+00:00,50.0,1253,1020.2,0,9683,23.6,48,1.9
15.1,2025-02-26 10:33:54.339000+00:00,49.0,1253,1020.3,0,9683,23.7,20,2.1
15.1,2025-02-26 10:34:54.376000+00:00,49.0,1253,1020.1,0,9683,23.7,30,2.7
15.2,2025-02-26 10:35:54.386000+00:00,48.0,1253,1020.2,0,9683,23.7,32,3.1
15.1,2025-02-26 10:36:54.341000+00:00,49.0,1253,1020.2,0,9683,23.7,40,2.7
15.1,2025-02-26 10:37:54.341000+00:00,49.0,1253,1020.3,0,9683,23.7,14,2.6
15.1,2025-02-26 10:38:54.342000+00:00,49.0,1253,1020.2,0,9683,23.9,19,1.9
15.2,2025-02-26 10:39:54.343000+00:00,48.0,1253,1020.1,0,9683,24.0,69,1.9
15.1,2025-02-26 10:40:54.352000+00:00,48.0,1253,1020.2,0,9683,23.9,40,3.3
15.2,2025-02-26 10:41:54.344000+00:00,48.0,1253,1020.1,0,9683,23.9,4,2.6
15.3,2025-02-26 10:42:54.343000+00:00,48.0,1253,1020.1,0,9683,24.0,37,2.2
15.3,2025-02-26 10:43:54.345000+00:00,47.0,1253,1020.1,0,9683,24.1,17,2.7
15.3,2025-02-26 10:44:54.347000+00:00,47.0,1253,1020.1,0,9683,23.9,70,1.9
15.3,2025-02-26 10:45:54.346000+00:00,47.0,1253,1020.0,0,9683,23.9,34,1.4
15.2,2025-02-26 10:46:54.350000+00:00,47.0,1253,1019.9,0,9683,24.1,340,1.8
15.1,2025-02-26 10:47:54.348000+00:00,47.0,1253,1019.7,0,9683,24.4,20,2.4
15.1,2025-02-26 10:48:54.349000+00:00,47.0,1253,1019.7,0,9683,24.4,20,2.4
15.3,2025-02-26 10:49:54.350000+00:00,47.0,1253,1019.9,0,9683,24.3,70,3.2
15.3,2025-02-26 10:50:54.351000+00:00,47.0,1253,1019.8,0,9683,24.3,11,2.7
15.3,2025-02-26 10:51:54.352000+00:00,47.0,1253,1019.8,0,9683,24.3,11,2.7
15.3,2025-02-26 10:52:54.352000+00:00,47.0,1253,1019.9,0,9683,24.7,9,2.5
15.4,2025-02-26 10:53:54.358000+00:00,47.0,1253,1019.8,0,9683,24.5,16,3.1
15.4,2025-02-26 10:54:54.354000+00:00,47.0,1253,1019.8,0,9683,24.5,16,3.1
15.4,2025-02-26 10:55:54.363000+00:00,47.0,1253,1019.8,0,9683,24.3,17,2.8
15.3,2025-02-26 10:56:54.358000+00:00,47.0,1253,1019.8,0,9683,24.3,28,3.9
15.2,2025-02-26 10:57:54.355000+00:00,47.0,1253,1019.8,0,9683,24.3,28,3.9
15.2,2025-02-26 10:58:54.356000+00:00,47.0,1253,1019.7,0,9683,24.2,45,2.8
15.2,2025-02-26 10:59:54.356000+00:00,47.0,1253,1019.7,0,9683,24.3,29,3.3
15.3,2025-02-26 11:00:54.358000+00:00,47.0,1253,1019.7,0,9683,24.3,29,3.3
15.3,2025-02-26 11:01:54.358000+00:00,47.0,1253,1019.9,0,9683,24.4,20,3.0
15.2,2025-02-26 11:02:54.359000+00:00,47.0,1253,1019.7,0,9683,24.3,20,3.0
15.3,2025-02-26 11:03:54.359000+00:00,47.0,1253,1019.7,0,9683,24.3,20,3.0
15.2,2025-02-26 11:04:54.360000+00:00,47.0,1253,1019.9,0,9683,24.1,17,2.8
15.2,2025-02-26 11:05:54.362000+00:00,47.0,1253,1019.7,0,9683,24.1,12,2.9
15.1,2025-02-26 11:06:33.271000+00:00,47.0,1253,1019.7,0,9683,24.1,12,2.9
15.1,2025-02-26 11:06:54.361000+00:00,47.0,1253,1019.7,0,9683,24.1,12,2.9
15.1,2025-02-26 11:07:54.363000+00:00,47.0,1253,1019.8,0,9683,24.1,17,3.6
15.1,2025-02-26 11:08:54.371000+00:00,47.0,1253,1019.8,0,9683,24.1,17,3.6
15.1,2025-02-26 11:09:54.366000+00:00,47.0,1253,1019.8,0,9683,24.1,17,3.6
15.1,2025-02-26 11:09:58.362000+00:00,47.0,1253,1019.8,0,9683,24.1,17,3.6
15.1,2025-02-26 11:11:52.447000+00:00,48.0,1253,1019.9,0,9683,23.8,24,2.0
15.1,2025-02-26 11:12:02.579000+00:00,48.0,1253,1019.9,0,9683,23.8,24,2.0
15.1,2025-02-26 11:13:02.585000+00:00,48.0,1253,1019.9,0,9683,23.8,24,2.0
15.1,2025-02-26 11:14:02.586000+00:00,47.0,1253,1019.9,0,9683,23.8,15,2.5
15.1,2025-02-26 11:15:02.578000+00:00,47.0,1253,1020.0,0,9683,23.7,9,3.2
15.2,2025-02-26 11:16:02.585000+00:00,47.0,1253,1020.0,0,9683,23.7,9,3.2
15.1,2025-02-26 11:17:02.597000+00:00,46.0,1253,1019.9,0,9683,23.7,10,2.9
15.2,2025-02-26 11:18:02.620000+00:00,47.0,1253,1019.9,0,9683,23.6,17,2.3
15.2,2025-02-26 11:19:02.627000+00:00,47.0,1253,1019.9,0,9683,23.6,17,2.3
15.3,2025-02-26 11:20:02.627000+00:00,47.0,1253,1020.0,0,9683,23.5,25,2.9
15.2,2025-02-26 11:21:02.654000+00:00,47.0,1253,1020.0,0,9683,23.5,18,2.2
15.2,2025-02-26 11:22:02.669000+00:00,47.0,1253,1020.0,0,9683,23.5,18,2.2
15.3,2025-02-26 11:23:02.672000+00:00,47.0,1253,1019.9,0,9683,23.5,16,3.1
15.2,2025-02-26 11:24:02.660000+00:00,47.0,1253,1019.9,0,9683,23.5,2,2.6
15.3,2025-02-26 11:25:02.674000+00:00,47.0,1253,1019.9,0,9683,23.5,2,2.6
15.2,2025-02-26 11:26:02.667000+00:00,47.0,1253,1019.8,0,9683,23.3,44,3.8
15.1,2025-02-26 11:27:02.688000+00:00,48.0,1253,1019.9,0,9683,23.3,44,2.5
15.1,2025-02-26 11:28:02.689000+00:00,48.0,1253,1019.9,0,9683,23.3,44,2.5
15.0,2025-02-26 11:29:02.690000+00:00,48.0,1253,1019.9,0,9683,23.2,41,2.5
15.0,2025-02-26 11:30:02.690000+00:00,48.0,1253,1020.0,0,9683,23.2,30,2.3
15.0,2025-02-26 11:31:02.698000+00:00,48.0,1253,1020.0,0,9683,23.2,30,2.3
15.0,2025-02-26 11:32:02.694000+00:00,48.0,1253,1019.8,0,9683,23.3,17,2.4
15.1,2025-02-26 11:33:02.697000+00:00,48.0,1253,1019.8,0,9683,23.2,20,3.1
15.1,2025-02-26 11:34:02.692000+00:00,48.0,1253,1019.8,0,9683,23.2,20,3.1
15.1,2025-02-26 11:35:02.701000+00:00,49.0,1253,1019.6,0,9683,23.1,10,3.1
15.1,2025-02-26 11:36:02.711000+00:00,47.0,1253,1019.6,0,9683,23.2,15,2.9
15.1,2025-02-26 11:37:02.728000+00:00,45.0,1253,1019.6,0,9683,23.2,12,3.6
15.1,2025-02-26 11:38:02.730000+00:00,45.0,1253,1019.5,0,9683,23.2,12,3.3
15.1,2025-02-26 11:39:02.728000+00:00,45.0,1253,1019.5,0,9683,23.2,21,3.7
15.0,2025-02-26 11:40:02.729000+00:00,45.0,1253,1019.4,0,9683,23.2,23,3.2
15.0,2025-02-26 11:41:02.732000+00:00,46.0,1253,1019.5,0,9683,23.2,30,3.2
15.0,2025-02-26 11:42:02.734000+00:00,47.0,1253,1019.4,0,9683,23.3,32,3.5
15.1,2025-02-26 11:43:02.745000+00:00,47.0,1253,1019.5,0,9683,23.3,26,2.3
15.1,2025-02-26 11:44:02.750000+00:00,48.0,1253,1019.5,0,9683,23.3,25,3.4
15.1,2025-02-26 11:45:02.767000+00:00,48.0,1253,1019.5,0,9683,23.3,30,3.5
15.0,2025-02-26 11:46:02.767000+00:00,47.0,1253,1019.6,0,9683,23.2,17,3.6
15.1,2025-02-26 11:47:02.764000+00:00,47.0,1253,1019.6,0,9683,23.2,29,3.4
15.1,2025-02-26 11:48:02.764000+00:00,47.0,1253,1019.6,0,9683,23.2,34,3.6
15.1,2025-02-26 11:49:02.765000+00:00,47.0,1253,1019.6,0,9683,23.2,34,3.6
15.1,2025-02-26 11:50:02.766000+00:00,46.0,1253,1019.5,0,9683,23.1,41,3.5
15.1,2025-02-26 11:51:02.767000+00:00,47.0,1253,1019.4,0,9683,23.1,11,3.6
15.1,2025-02-26 11:52:02.767000+00:00,47.0,1253,1019.5,0,9683,23.1,31,2.7
15.0,2025-02-26 11:53:02.770000+00:00,47.0,1253,1019.3,0,9683,23.2,12,2.5
15.1,2025-02-26 11:54:02.770000+00:00,47.0,1253,1019.3,0,9683,23.2,33,3.0
15.1,2025-02-26 11:55:02.772000+00:00,47.0,1253,1019.2,0,9683,23.1,36,3.4
15.1,2025-02-26 11:56:02.771000+00:00,48.0,1253,1019.3,0,9683,23.1,10,2.8
15.1,2025-02-26 11:57:02.786000+00:00,48.0,1253,1019.3,0,9683,23.2,11,2.7
15.1,2025-02-26 11:58:02.788000+00:00,47.0,1253,1019.3,0,9683,23.1,30,2.6
15.2,2025-02-26 11:59:02.787000+00:00,47.0,1253,1019.4,0,9683,23.0,28,2.5
15.1,2025-02-26 12:00:02.788000+00:00,46.0,1253,1019.3,0,9683,23.0,14,2.5
15.1,2025-02-26 12:01:02.805000+00:00,46.0,1253,1019.4,0,9683,23.0,15,2.4
15.1,2025-02-26 12:02:02.821000+00:00,46.0,1253,1019.3,0,9683,23.0,11,1.9
15.1,2025-02-26 12:03:02.821000+00:00,46.0,1253,1019.4,0,9683,22.9,28,2.4
15.2,2025-02-26 12:04:02.839000+00:00,46.0,1253,1019.4,0,9683,22.8,10,2.6
15.2,2025-02-26 12:05:02.839000+00:00,46.0,1253,1019.3,0,9683,22.8,20,3.3
15.2,2025-02-26 12:06:02.828000+00:00,46.0,1253,1019.4,0,9683,22.7,24,3.2
15.1,2025-02-26 12:07:02.857000+00:00,46.0,1253,1019.4,0,9683,22.7,24,3.2
15.1,2025-02-26 12:08:02.873000+00:00,47.0,1253,1019.3,0,9683,22.5,26,3.3
15.0,2025-02-26 12:09:02.873000+00:00,48.0,1253,1019.4,0,9683,22.5,9,3.1
14.9,2025-02-26 12:10:02.876000+00:00,48.0,1253,1019.3,0,9683,22.4,359,2.2
15.0,2025-02-26 12:11:02.875000+00:00,48.0,1253,1019.4,0,9683,22.6,14,2.3
15.0,2025-02-26 12:12:02.877000+00:00,48.0,1253,1019.4,0,9683,22.6,54,2.7
15.0,2025-02-26 12:13:02.876000+00:00,48.0,1253,1019.3,0,9683,22.6,14,2.2
15.0,2025-02-26 12:14:02.876000+00:00,48.0,1253,1019.4,0,9683,22.6,32,2.5
15.1,2025-02-26 12:15:02.893000+00:00,48.0,1253,1019.4,0,9683,22.6,47,3.4
15.1,2025-02-26 12:16:02.908000+00:00,48.0,1253,1019.3,0,9683,22.5,32,2.6
15.0,2025-02-26 12:17:02.912000+00:00,48.0,1253,1019.5,0,9683,22.5,18,2.9
15.0,2025-02-26 12:18:02.911000+00:00,48.0,1253,1019.5,0,9683,22.6,32,2.7
15.0,2025-02-26 12:19:02.912000+00:00,48.0,1253,1019.4,0,9683,22.6,40,3.3
15.0,2025-02-26 12:20:02.912000+00:00,48.0,1253,1019.5,0,9683,22.6,4,3.1
15.0,2025-02-26 12:21:02.938000+00:00,48.0,1253,1019.5,0,9683,22.6,30,2.6
15.1,2025-02-26 12:22:02.949000+00:00,48.0,1253,1019.5,0,9683,22.6,35,2.8
15.1,2025-02-26 12:23:02.961000+00:00,48.0,1253,1019.4,0,9683,22.6,9,3.4
15.1,2025-02-26 12:24:02.978000+00:00,48.0,1253,1019.4,0,9683,22.4,11,3.8
15.1,2025-02-26 12:25:02.996000+00:00,48.0,1253,1019.5,0,9683,22.4,22,2.5
15.1,2025-02-26 12:26:03.013000+00:00,48.0,1253,1019.4,0,9683,22.4,24,2.7
15.1,2025-02-26 12:27:03.013000+00:00,48.0,1253,1019.5,0,9683,22.4,19,3.4
15.1,2025-02-26 12:28:03.010000+00:00,49.0,1253,1019.4,0,9683,22.5,30,2.9
15.0,2025-02-26 12:29:03.018000+00:00,49.0,1253,1019.5,0,9683,22.5,28,2.5
15.1,2025-02-26 12:30:03.042000+00:00,49.0,1253,1019.3,0,9683,22.5,28,2.1
15.1,2025-02-26 12:31:03.043000+00:00,50.0,1253,1019.3,0,9683,22.5,2,2.8
15.0,2025-02-26 12:32:03.046000+00:00,50.0,1253,1019.5,0,9683,22.4,16,2.7
15.0,2025-02-26 12:33:03.045000+00:00,50.0,1253,1019.4,0,9683,22.4,26,3.3
15.1,2025-02-26 12:34:03.046000+00:00,51.0,1253,1019.4,0,9683,22.4,31,2.4
15.1,2025-02-26 12:35:03.046000+00:00,51.0,1253,1019.4,0,9683,22.3,6,1.9
15.1,2025-02-26 12:36:03.047000+00:00,50.0,1253,1019.3,0,9683,22.4,52,2.6
15.1,2025-02-26 12:37:03.047000+00:00,50.0,1253,1019.4,0,9683,22.3,38,2.4
15.1,2025-02-26 12:38:03.048000+00:00,51.0,1253,1019.4,0,9683,22.3,28,3.0
15.0,2025-02-26 12:39:03.052000+00:00,51.0,1253,1019.6,0,9683,22.1,36,2.5
15.0,2025-02-26 12:40:03.052000+00:00,51.0,1253,1019.5,0,9683,22.1,13,2.6
15.0,2025-02-26 12:41:03.055000+00:00,51.0,1253,1019.5,0,9683,22.1,358,2.3
15.0,2025-02-26 12:42:03.054000+00:00,50.0,1253,1019.5,0,9683,22.1,17,2.9
15.0,2025-02-26 12:43:03.055000+00:00,50.0,1253,1019.5,0,9683,22.0,3,2.7
15.0,2025-02-26 12:44:03.057000+00:00,50.0,1253,1019.6,0,9683,21.9,17,2.7
15.0,2025-02-26 12:45:03.055000+00:00,50.0,1253,1019.6,0,9683,21.9,23,3.6
15.0,2025-02-26 12:46:03.057000+00:00,50.0,1253,1019.5,0,9683,21.8,12,3.8
15.0,2025-02-26 12:47:03.057000+00:00,50.0,1253,1019.5,0,9683,21.9,8,2.9
15.0,2025-02-26 12:48:03.056000+00:00,50.0,1253,1019.6,0,9683,21.8,12,2.8
15.0,2025-02-26 12:49:03.056000+00:00,50.0,1253,1019.6,0,9683,21.7,41,2.6
15.0,2025-02-26 12:50:03.063000+00:00,50.0,1253,1019.6,0,9683,21.7,2,2.3
15.0,2025-02-26 12:51:03.059000+00:00,50.0,1253,1019.6,0,9683,21.7,45,2.5
15.0,2025-02-26 12:52:03.235000+00:00,50.0,1253,1019.5,0,9683,21.5,48,3.3
15.0,2025-02-26 12:53:03.232000+00:00,51.0,1253,1019.6,0,9683,21.4,47,2.9
14.9,2025-02-26 12:54:03.232000+00:00,51.0,1253,1019.6,0,9683,21.4,16,2.7
14.9,2025-02-26 12:55:03.234000+00:00,51.0,1253,1019.5,0,9683,21.3,16,3.1
14.9,2025-02-26 12:56:03.235000+00:00,51.0,1253,1019.5,0,9683,21.4,11,2.8
14.9,2025-02-26 12:57:03.241000+00:00,50.0,1253,1019.4,0,9683,21.3,20,2.6
14.9,2025-02-26 12:58:03.235000+00:00,50.0,1253,1019.5,0,9683,21.2,32,3.6
14.9,2025-02-26 12:59:03.236000+00:00,50.0,1253,1019.4,0,9683,21.2,24,3.8
14.9,2025-02-26 13:00:03.251000+00:00,50.0,1253,1019.4,0,9683,21.1,24,3.9
14.9,2025-02-26 13:01:03.270000+00:00,51.0,1253,1019.4,0,9683,21.1,19,3.4
14.8,2025-02-26 13:02:03.284000+00:00,51.0,1253,1019.3,0,9683,21.1,16,3.7
14.8,2025-02-26 13:03:03.286000+00:00,51.0,1253,1019.4,0,9683,21.0,23,3.2
14.8,2025-02-26 13:04:03.285000+00:00,51.0,1253,1019.5,0,9683,21.0,21,2.8
14.8,2025-02-26 13:05:03.288000+00:00,51.0,1253,1019.5,0,9683,20.9,6,3.6
14.8,2025-02-26 13:06:03.288000+00:00,51.0,1253,1019.5,0,9683,20.9,2,3.5
14.8,2025-02-26 13:07:03.290000+00:00,51.0,1253,1019.5,0,9683,20.9,17,2.8
14.8,2025-02-26 13:08:03.305000+00:00,51.0,1253,1019.6,0,9683,20.9,25,2.4
14.8,2025-02-26 13:09:03.329000+00:00,51.0,1253,1019.5,0,9683,20.9,35,2.7
14.8,2025-02-26 13:10:03.321000+00:00,51.0,1253,1019.5,0,9683,21.0,12,3.0
14.8,2025-02-26 13:11:03.322000+00:00,52.0,1253,1019.6,0,9683,20.9,2,2.3
14.8,2025-02-26 13:12:03.323000+00:00,52.0,1253,1019.6,0,9683,20.8,25,2.3
14.8,2025-02-26 13:13:03.323000+00:00,52.0,1253,1019.6,0,9683,20.8,18,2.9
14.8,2025-02-26 13:14:03.323000+00:00,52.0,1253,1019.6,0,9683,20.8,8,2.9
14.8,2025-02-26 13:15:03.326000+00:00,51.0,1253,1019.7,0,9683,20.8,12,2.6
14.8,2025-02-26 13:16:03.326000+00:00,51.0,1253,1019.6,0,9683,20.8,19,3.6
14.8,2025-02-26 13:17:03.325000+00:00,51.0,1253,1019.5,0,9683,20.6,26,3.4
14.8,2025-02-26 13:18:03.327000+00:00,51.0,1253,1019.5,0,9683,20.6,18,3.1
14.7,2025-02-26 13:19:03.325000+00:00,52.0,1253,1019.5,0,9683,20.6,28,3.7
14.7,2025-02-26 13:20:03.328000+00:00,52.0,1253,1019.5,0,9683,20.4,9,3.4
14.7,2025-02-26 13:21:03.332000+00:00,52.0,1253,1019.5,0,9683,20.4,19,3.2
14.7,2025-02-26 13:22:03.329000+00:00,52.0,1253,1019.5,0,9683,20.4,20,3.4
14.7,2025-02-26 13:23:03.331000+00:00,52.0,1253,1019.5,0,9683,20.4,14,3.3
14.7,2025-02-26 13:24:03.332000+00:00,52.0,1253,1019.5,0,9683,20.4,22,2.9
14.6,2025-02-26 13:25:03.338000+00:00,52.0,1253,1019.5,0,9683,20.4,45,3.0
14.6,2025-02-26 13:26:03.332000+00:00,53.0,1253,1019.5,0,9683,20.4,14,2.7
14.6,2025-02-26 13:27:03.331000+00:00,53.0,1253,1019.5,0,9683,20.4,18,2.6
14.7,2025-02-26 13:28:03.335000+00:00,52.0,1253,1019.5,0,9683,20.5,21,3.4
14.8,2025-02-26 13:29:03.334000+00:00,52.0,1253,1019.5,0,9683,20.5,28,3.0
14.7,2025-02-26 13:30:03.334000+00:00,52.0,1253,1019.6,0,9683,20.5,14,2.7
14.7,2025-02-26 13:31:03.335000+00:00,52.0,1253,1019.6,0,9683,20.5,9,2.9
14.8,2025-02-26 13:32:03.340000+00:00,52.0,1253,1019.5,0,9683,20.4,11,2.8
14.8,2025-02-26 13:33:03.327000+00:00,51.0,1253,1019.5,0,9683,20.2,347,3.0
14.8,2025-02-26 13:34:03.336000+00:00,52.0,1253,1019.6,0,9683,20.2,1,3.3
14.8,2025-02-26 13:35:03.336000+00:00,52.0,1253,1019.6,0,9683,20.1,29,3.6
14.8,2025-02-26 13:36:03.340000+00:00,52.0,1253,1019.5,0,9683,20.2,16,2.9
14.7,2025-02-26 13:37:03.339000+00:00,52.0,1253,1019.6,0,9683,20.1,22,3.5
14.7,2025-02-26 13:38:03.342000+00:00,53.0,1253,1019.5,0,9683,20.1,25,3.1
14.7,2025-02-26 13:39:03.342000+00:00,53.0,1253,1019.5,0,9683,20.0,46,3.4
14.7,2025-02-26 13:40:03.341000+00:00,53.0,1253,1019.6,0,9683,20.0,19,2.9
14.7,2025-02-26 13:41:03.341000+00:00,53.0,1253,1019.5,0,9683,20.0,17,2.7
14.6,2025-02-26 13:42:03.342000+00:00,53.0,1253,1019.6,0,9683,20.1,3,2.3
14.6,2025-02-26 13:43:03.343000+00:00,53.0,1253,1019.6,0,9683,20.1,1,2.5
14.6,2025-02-26 13:44:03.344000+00:00,53.0,1253,1019.5,0,9683,20.1,16,2.1
14.6,2025-02-26 13:45:03.355000+00:00,53.0,1253,1019.4,0,9683,20.1,22,2.1
14.6,2025-02-26 13:46:03.345000+00:00,53.0,1253,1019.5,0,9683,20.1,20,1.9
14.6,2025-02-26 13:47:03.366000+00:00,52.0,1253,1019.6,0,9683,20.0,28,2.3
14.6,2025-02-26 13:48:03.361000+00:00,52.0,1253,1019.5,0,9683,20.0,11,2.6
14.6,2025-02-26 13:49:03.362000+00:00,52.0,1253,1019.6,0,9683,20.0,11,2.0
14.6,2025-02-26 13:50:03.378000+00:00,52.0,1253,1019.6,0,9683,19.9,358,1.8
14.6,2025-02-26 13:51:03.395000+00:00,52.0,1253,1019.6,0,9683,19.9,19,2.3
14.6,2025-02-26 13:52:03.395000+00:00,51.0,1253,1019.5,0,9683,19.9,21,3.6
14.6,2025-02-26 13:53:03.397000+00:00,51.0,1253,1019.6,0,9683,19.8,15,2.7
14.6,2025-02-26 13:54:03.412000+00:00,52.0,1253,1019.6,0,9683,19.8,347,2.1
14.6,2025-02-26 13:55:03.429000+00:00,52.0,1253,1019.6,0,9683,19.9,13,2.0
14.6,2025-02-26 13:56:03.445000+00:00,52.0,1253,1019.7,0,9683,19.8,29,2.2
14.6,2025-02-26 13:57:03.446000+00:00,52.0,1253,1019.7,0,9683,19.7,10,2.4
14.6,2025-02-26 13:58:03.450000+00:00,52.0,1253,1019.7,0,9683,19.7,21,1.6
14.6,2025-02-26 13:59:03.448000+00:00,52.0,1253,1019.7,0,9683,19.9,0,1.8
14.6,2025-02-26 14:00:03.450000+00:00,52.0,1253,1019.8,0,9683,19.8,35,1.5
14.6,2025-02-26 14:01:03.465000+00:00,52.0,1253,1019.8,0,9683,19.8,35,1.5
14.6,2025-02-26 14:02:03.470000+00:00,52.0,1253,1019.8,0,9683,19.7,9,1.7
14.6,2025-02-26 14:03:03.481000+00:00,52.0,1253,1019.8,0,9683,19.7,9,1.7
14.6,2025-02-26 14:04:03.481000+00:00,52.0,1253,1019.8,0,9683,19.7,9,1.7
14.6,2025-02-26 14:05:03.485000+00:00,52.0,1253,1019.8,0,9683,19.7,9,1.7
14.5,2025-02-26 14:06:03.483000+00:00,52.0,1253,1019.8,0,9683,19.7,9,1.7
14.5,2025-02-26 14:07:03.483000+00:00,52.0,1253,1019.8,0,9683,19.7,9,1.7
14.5,2025-02-26 14:08:03.492000+00:00,52.0,1253,1019.8,0,9683,19.7,9,1.7
14.5,2025-02-26 14:09:03.485000+00:00,52.0,1253,1019.8,0,9683,19.7,9,1.7
14.5,2025-02-26 14:10:03.485000+00:00,52.0,1253,1019.8,0,9683,19.7,9,1.7
14.4,2025-02-26 14:11:03.503000+00:00,52.0,1253,1019.8,0,9683,19.7,9,1.7
14.4,2025-02-26 14:12:03.518000+00:00,52.0,1253,1019.8,0,9683,19.7,9,1.7
14.5,2025-02-26 14:13:03.542000+00:00,52.0,1253,1019.8,0,9683,19.7,9,1.7
14.5,2025-02-26 14:14:03.537000+00:00,52.0,1253,1019.8,0,9683,19.7,9,1.7
14.5,2025-02-26 14:15:03.551000+00:00,52.0,1253,1019.8,0,9683,19.7,9,1.7
14.4,2025-02-26 14:16:03.569000+00:00,52.0,1253,1019.8,0,9683,19.7,9,1.7
14.4,2025-02-26 14:17:03.584000+00:00,52.0,1253,1019.8,0,9683,19.7,9,1.7
14.4,2025-02-26 14:18:03.601000+00:00,52.0,1253,1019.8,0,9683,19.7,9,1.7
14.4,2025-02-26 14:19:03.616000+00:00,52.0,1253,1019.8,0,9683,19.7,9,1.7
14.4,2025-02-26 14:20:03.619000+00:00,52.0,1253,1019.8,0,9683,19.7,9,1.7
14.4,2025-02-26 14:21:03.618000+00:00,52.0,1253,1019.8,0,9683,19.7,9,1.7
14.4,2025-02-26 14:22:03.620000+00:00,52.0,1253,1019.8,0,9683,19.7,9,1.7
14.4,2025-02-26 14:23:03.620000+00:00,52.0,1253,1019.8,0,9683,19.7,9,1.7
14.4,2025-02-26 14:24:03.622000+00:00,52.0,1253,1019.8,0,9683,19.7,9,1.7
14.4,2025-02-26 14:25:03.623000+00:00,52.0,1253,1019.8,0,9683,19.7,9,1.7
14.4,2025-02-26 14:26:03.623000+00:00,52.0,1253,1019.8,0,9683,19.7,9,1.7
14.4,2025-02-26 14:27:03.623000+00:00,52.0,1253,1019.8,0,9683,19.7,9,1.7
14.3,2025-02-26 14:28:03.630000+00:00,52.0,1253,1019.8,0,9683,19.7,9,1.7
14.4,2025-02-26 14:29:03.632000+00:00,52.0,1253,1019.8,0,9683,19.7,9,1.7
14.4,2025-02-26 14:30:03.626000+00:00,52.0,1253,1019.8,0,9683,19.7,9,1.7
14.4,2025-02-26 14:31:03.626000+00:00,52.0,1253,1019.8,0,9683,19.7,9,1.7
14.4,2025-02-26 14:32:03.643000+00:00,52.0,1253,1019.8,0,9683,19.7,9,1.7
14.4,2025-02-26 14:33:03.644000+00:00,52.0,1253,1020.0,0,9683,19.0,33,2.4
14.4,2025-02-26 14:34:03.659000+00:00,52.0,1253,1020.0,0,9683,19.0,33,2.4
14.4,2025-02-26 14:35:03.676000+00:00,52.0,1253,1020.0,0,9683,19.0,33,2.4
14.3,2025-02-26 14:36:03.677000+00:00,52.0,1253,1020.0,0,9683,19.0,33,2.4
14.3,2025-02-26 14:37:03.676000+00:00,52.0,1253,1020.0,0,9683,19.0,33,2.4
14.3,2025-02-26 14:38:03.676000+00:00,52.0,1253,1020.0,0,9683,19.0,33,2.4
14.3,2025-02-26 14:39:03.684000+00:00,52.0,1253,1019.9,0,9683,18.7,31,2.3
14.4,2025-02-26 14:40:03.693000+00:00,52.0,1253,1020.0,0,9683,18.8,16,2.3
14.4,2025-02-26 14:41:03.713000+00:00,52.0,1253,1020.0,0,9683,18.8,16,2.3
14.4,2025-02-26 14:42:03.724000+00:00,51.0,1253,1020.0,0,9683,18.7,38,2.8
14.4,2025-02-26 14:43:03.741000+00:00,52.0,1253,1020.1,0,9683,18.7,16,2.2
14.4,2025-02-26 14:44:03.741000+00:00,52.0,1253,1020.1,0,9683,18.7,29,2.7
14.4,2025-02-26 14:45:03.758000+00:00,52.0,1253,1020.1,0,9683,18.7,15,2.4
14.4,2025-02-26 14:46:03.784000+00:00,52.0,1253,1020.1,0,9683,18.7,33,2.3
14.4,2025-02-26 14:47:03.778000+00:00,52.0,1253,1020.1,0,9683,18.6,9,2.8
14.4,2025-02-26 14:48:03.792000+00:00,52.0,1253,1020.3,0,9683,18.6,7,2.1
14.4,2025-02-26 14:49:03.811000+00:00,52.0,1253,1020.3,0,9683,18.6,6,2.6
14.4,2025-02-26 14:50:03.809000+00:00,52.0,1253,1020.2,0,9683,18.7,24,2.0
14.4,2025-02-26 14:51:03.811000+00:00,52.0,1253,1020.3,0,9683,18.6,31,2.7
14.4,2025-02-26 14:52:03.853000+00:00,52.0,1253,1020.4,0,9683,18.6,28,2.8
14.4,2025-02-26 14:53:03.828000+00:00,52.0,1253,1020.5,0,9683,18.6,20,2.9
14.4,2025-02-26 14:54:03.830000+00:00,52.0,1253,1020.5,0,9683,18.6,16,2.6
14.4,2025-02-26 14:55:03.830000+00:00,52.0,1253,1020.4,0,9683,18.6,31,2.4
14.4,2025-02-26 14:56:03.848000+00:00,52.0,1253,1020.5,0,9683,18.5,39,2.4
14.4,2025-02-26 14:57:03.865000+00:00,52.0,1253,1020.6,0,9683,18.5,31,2.4
14.4,2025-02-26 14:58:03.868000+00:00,52.0,1253,1020.6,0,9683,18.6,24,2.0
14.4,2025-02-26 14:59:03.884000+00:00,52.0,1253,1020.5,0,9683,18.6,26,2.0
14.4,2025-02-26 15:00:03.896000+00:00,52.0,1253,1020.4,0,9683,18.6,25,1.4
14.4,2025-02-26 15:01:03.898000+00:00,52.0,1253,1020.4,0,9683,18.6,20,2.1
14.5,2025-02-26 15:02:03.897000+00:00,52.0,1253,1020.4,0,9683,18.6,15,2.1
14.5,2025-02-26 15:03:03.903000+00:00,52.0,1253,1020.2,0,9683,18.5,19,2.1
14.5,2025-02-26 15:04:03.897000+00:00,52.0,1253,1020.0,0,9683,18.5,356,3.6
14.4,2025-02-26 15:05:03.898000+00:00,51.0,1253,1019.9,0,9683,18.4,17,3.4
14.4,2025-02-26 15:06:03.899000+00:00,52.0,1253,1019.8,0,9683,18.4,22,3.7
14.4,2025-02-26 15:07:03.899000+00:00,52.0,1253,1019.8,0,9683,18.4,20,2.7
14.4,2025-02-26 15:08:03.900000+00:00,52.0,1253,1019.8,0,9683,18.4,15,2.5
14.4,2025-02-26 15:09:03.901000+00:00,51.0,1253,1019.8,0,9683,18.4,14,3.2
14.4,2025-02-26 15:10:03.901000+00:00,52.0,1253,1020.1,0,9683,18.4,13,2.7
14.4,2025-02-26 15:11:03.903000+00:00,52.0,1253,1019.9,0,9683,18.4,20,2.8
14.4,2025-02-26 15:12:03.904000+00:00,52.0,1253,1019.9,0,9683,18.3,18,3.3
14.4,2025-02-26 15:13:03.904000+00:00,52.0,1253,1019.9,0,9683,18.3,14,2.6
14.4,2025-02-26 15:14:03.904000+00:00,51.0,1253,1019.9,0,9683,18.3,40,3.5
14.4,2025-02-26 15:15:03.905000+00:00,52.0,1253,1019.8,0,9683,18.3,18,3.1
14.4,2025-02-26 15:16:03.905000+00:00,52.0,1253,1019.8,0,9683,18.3,26,2.9
14.5,2025-02-26 15:17:03.906000+00:00,52.0,1253,1019.8,0,9683,18.3,34,2.9
14.4,2025-02-26 15:18:03.907000+00:00,52.0,1253,1020.0,0,9683,18.3,354,1.8
14.4,2025-02-26 15:19:03.907000+00:00,52.0,1253,1020.1,0,9683,18.3,343,1.9
14.5,2025-02-26 15:20:03.909000+00:00,52.0,1253,1020.1,0,9683,18.3,7,1.8
14.5,2025-02-26 15:21:03.909000+00:00,52.0,1253,1020.2,0,9683,18.5,356,1.3
14.5,2025-02-26 15:22:03.911000+00:00,52.0,1253,1020.3,0,9683,18.5,26,1.3
14.5,2025-02-26 15:23:03.911000+00:00,52.0,1253,1020.2,0,9683,18.4,31,1.9
14.5,2025-02-26 15:24:03.917000+00:00,52.0,1253,1020.2,0,9683,18.4,356,2.8
14.5,2025-02-26 15:25:03.912000+00:00,52.0,1253,1020.2,0,9683,18.3,27,3.7
14.5,2025-02-26 15:26:03.913000+00:00,52.0,1253,1020.1,0,9683,18.2,11,2.8
14.5,2025-02-26 15:27:03.915000+00:00,53.0,1253,1020.1,0,9683,18.2,18,2.6
14.5,2025-02-26 15:28:03.914000+00:00,53.0,1253,1020.1,0,9683,18.2,26,2.3
14.5,2025-02-26 15:29:03.915000+00:00,53.0,1253,1020.1,0,9683,18.2,34,1.8
14.5,2025-02-26 15:30:03.915000+00:00,53.0,1253,1020.0,0,9683,18.2,27,2.4
14.5,2025-02-26 15:31:03.916000+00:00,53.0,1253,1020.0,0,9683,18.1,18,2.2
14.5,2025-02-26 15:32:03.917000+00:00,53.0,1253,1020.0,0,9683,18.1,17,2.6
14.5,2025-02-26 15:33:03.921000+00:00,53.0,1253,1020.0,0,9683,18.0,32,2.2
14.4,2025-02-26 15:34:03.928000+00:00,53.0,1253,1020.0,0,9683,18.0,40,1.9
14.4,2025-02-26 15:35:03.919000+00:00,54.0,1253,1020.1,0,9683,18.1,60,1.2
14.4,2025-02-26 15:36:03.919000+00:00,53.0,1253,1020.1,0,9683,18.2,25,1.9
14.4,2025-02-26 15:37:03.920000+00:00,53.0,1253,1020.2,0,9683,18.2,52,2.2
14.4,2025-02-26 15:38:03.921000+00:00,53.0,1253,1020.1,0,9683,18.1,14,2.5
14.4,2025-02-26 15:39:03.921000+00:00,53.0,1253,1020.1,0,9683,18.1,9,2.0
14.4,2025-02-26 15:40:03.922000+00:00,53.0,1253,1020.0,0,9683,18.0,23,2.2
14.4,2025-02-26 15:41:03.923000+00:00,54.0,1253,1020.1,0,9683,18.1,14,1.7
14.4,2025-02-26 15:42:03.924000+00:00,54.0,1253,1020.1,0,9683,18.1,14,1.7
14.4,2025-02-26 15:43:03.924000+00:00,53.0,1253,1020.0,0,9683,18.0,29,3.0
14.4,2025-02-26 15:44:03.926000+00:00,54.0,1253,1020.1,0,9683,18.0,26,3.1
14.4,2025-02-26 15:45:03.926000+00:00,54.0,1253,1020.0,0,9683,17.9,358,2.8
14.4,2025-02-26 15:46:03.927000+00:00,54.0,1253,1019.9,1,9683,18.0,15,2.0
14.4,2025-02-26 15:47:03.926000+00:00,54.0,1253,1019.9,1,9683,18.0,18,2.9
14.4,2025-02-26 15:48:03.928000+00:00,54.0,1253,1019.9,0,9683,17.9,9,2.1
14.4,2025-02-26 15:49:03.928000+00:00,54.0,1253,1019.9,1,9683,17.9,4,2.3
14.4,2025-02-26 15:50:03.929000+00:00,54.0,1253,1019.9,1,9683,17.9,12,2.1
14.4,2025-02-26 15:51:03.930000+00:00,54.0,1253,1019.9,1,9683,17.7,16,1.8
14.4,2025-02-26 15:52:03.942000+00:00,54.0,1253,1019.9,0,9683,17.8,354,2.1
14.4,2025-02-26 15:53:03.953000+00:00,54.0,1253,1019.8,1,9683,17.8,18,2.2
14.4,2025-02-26 15:54:03.951000+00:00,54.0,1253,1019.9,1,9683,17.7,22,2.6
14.4,2025-02-26 15:55:03.947000+00:00,54.0,1253,1020.0,1,9683,17.7,26,2.3
14.4,2025-02-26 15:56:03.949000+00:00,54.0,1253,1020.0,1,9683,17.7,24,1.9
14.4,2025-02-26 15:57:03.964000+00:00,54.0,1253,1019.9,0,9683,17.9,20,2.0
14.4,2025-02-26 15:58:03.981000+00:00,53.0,1253,1020.1,0,9683,17.9,28,2.0
14.4,2025-02-26 15:59:03.981000+00:00,53.0,1253,1019.9,1,9683,17.9,20,2.6
14.4,2025-02-26 16:00:03.988000+00:00,53.0,1253,1019.9,1,9683,17.9,5,2.5
14.4,2025-02-26 16:01:04.009000+00:00,53.0,1253,1019.9,0,9683,17.8,6,2.4
14.4,2025-02-26 16:02:03.998000+00:00,53.0,1253,1020.1,0,9683,17.9,14,1.9
14.4,2025-02-26 16:03:04.016000+00:00,53.0,1253,1020.1,0,9683,17.9,37,2.4
14.4,2025-02-26 16:04:04.032000+00:00,53.0,1253,1020.0,0,9683,17.8,51,2.6
14.4,2025-02-26 16:05:04.033000+00:00,53.0,1253,1020.1,0,9683,17.9,15,2.1
14.4,2025-02-26 16:06:04.051000+00:00,53.0,1253,1019.9,0,9683,17.9,14,2.4
14.4,2025-02-26 16:07:04.066000+00:00,53.0,1253,1020.0,0,9683,17.8,10,2.3
14.4,2025-02-26 16:08:04.066000+00:00,53.0,1253,1020.1,0,9683,17.8,6,2.9
14.4,2025-02-26 16:09:04.068000+00:00,53.0,1253,1020.0,0,9683,17.8,4,2.2
14.4,2025-02-26 16:10:04.072000+00:00,53.0,1253,1020.0,0,9683,17.8,8,2.0
14.4,2025-02-26 16:11:04.072000+00:00,53.0,1253,1020.1,0,9683,17.9,24,2.3
14.4,2025-02-26 16:12:04.076000+00:00,53.0,1253,1020.2,0,9683,17.8,10,1.6
14.4,2025-02-26 16:13:04.070000+00:00,53.0,1253,1020.2,0,9683,17.8,8,1.7
14.4,2025-02-26 16:14:04.072000+00:00,53.0,1253,1020.1,0,9683,17.8,17,2.2
14.4,2025-02-26 16:15:04.070000+00:00,53.0,1253,1020.2,0,9683,17.7,16,2.9
14.4,2025-02-26 16:16:04.073000+00:00,53.0,1253,1020.3,0,9683,17.7,19,2.4
14.4,2025-02-26 16:17:04.072000+00:00,54.0,1253,1020.4,0,9683,17.7,24,2.8
14.4,2025-02-26 16:18:04.073000+00:00,54.0,1253,1020.3,0,9683,17.8,17,2.4
14.4,2025-02-26 16:19:04.073000+00:00,53.0,1253,1020.4,0,9683,17.8,18,1.8
14.4,2025-02-26 16:20:04.081000+00:00,53.0,1253,1020.4,0,9683,17.8,16,2.1
14.4,2025-02-26 16:21:04.076000+00:00,53.0,1253,1020.5,0,9683,17.9,2,1.9
14.4,2025-02-26 16:22:04.077000+00:00,53.0,1253,1020.5,0,9683,17.8,29,1.4
14.5,2025-02-26 16:23:04.077000+00:00,53.0,1253,1020.5,0,9683,17.8,7,2.0
14.5,2025-02-26 16:24:04.077000+00:00,53.0,1253,1020.6,0,9683,17.8,16,2.7
14.5,2025-02-26 16:25:04.079000+00:00,53.0,1253,1020.7,0,9683,17.8,13,1.7
14.5,2025-02-26 16:26:04.079000+00:00,53.0,1253,1020.6,0,9683,17.8,21,2.0
14.5,2025-02-26 16:27:04.078000+00:00,53.0,1253,1020.5,0,9683,17.9,30,1.7
14.5,2025-02-26 16:28:04.078000+00:00,53.0,1253,1020.6,0,9683,17.9,22,1.7
14.5,2025-02-26 16:29:04.078000+00:00,53.0,1253,1020.5,0,9683,17.7,53,2.0
14.5,2025-02-26 16:30:04.078000+00:00,53.0,1253,1020.6,0,9683,17.6,29,2.2
14.5,2025-02-26 16:31:04.082000+00:00,53.0,1253,1020.5,0,9683,17.8,16,1.9
14.5,2025-02-26 16:32:04.080000+00:00,53.0,1253,1020.6,0,9683,17.8,32,2.0
14.5,2025-02-26 16:33:04.081000+00:00,53.0,1253,1020.5,0,9683,17.8,20,2.2
14.5,2025-02-26 16:34:04.081000+00:00,53.0,1253,1020.6,0,9683,17.8,37,1.9
14.5,2025-02-26 16:35:04.085000+00:00,53.0,1253,1020.6,0,9683,17.8,7,1.6
14.5,2025-02-26 16:36:04.083000+00:00,53.0,1253,1020.5,0,9683,17.8,0,1.5
14.5,2025-02-26 16:37:04.089000+00:00,53.0,1253,1020.7,0,9683,17.8,14,1.9
14.5,2025-02-26 16:38:04.085000+00:00,53.0,1253,1020.7,0,9683,17.7,27,2.3
14.6,2025-02-26 16:39:04.085000+00:00,53.0,1253,1020.8,0,9683,17.8,18,2.2
14.5,2025-02-26 16:40:04.086000+00:00,53.0,1253,1020.8,0,9683,17.9,10,1.3
14.5,2025-02-26 16:41:04.088000+00:00,53.0,1253,1020.8,0,9683,17.9,23,1.6
14.6,2025-02-26 16:42:04.089000+00:00,53.0,1253,1020.9,0,9683,17.9,43,2.4
14.5,2025-02-26 16:43:04.090000+00:00,53.0,1253,1020.9,0,9683,17.9,6,2.1
14.6,2025-02-26 16:44:04.091000+00:00,53.0,1253,1020.8,0,9683,17.9,27,2.5
14.6,2025-02-26 16:45:04.101000+00:00,53.0,1253,1020.8,0,9683,17.9,0,2.0
14.6,2025-02-26 16:46:04.090000+00:00,53.0,1253,1020.8,0,9683,17.8,30,1.7
14.6,2025-02-26 16:47:04.093000+00:00,53.0,1253,1020.8,0,9683,17.8,16,1.5
14.6,2025-02-26 16:48:04.095000+00:00,53.0,1253,1020.8,0,9683,17.8,358,1.5
14.6,2025-02-26 16:49:04.093000+00:00,53.0,1253,1020.9,0,9683,17.8,69,1.5
14.6,2025-02-26 16:50:04.097000+00:00,53.0,1253,1020.9,0,9683,17.8,27,1.3
14.6,2025-02-26 16:51:04.094000+00:00,52.0,1253,1020.7,0,9683,17.8,24,2.4
14.6,2025-02-26 16:52:04.096000+00:00,52.0,1253,1020.7,0,9683,17.7,36,1.6
14.6,2025-02-26 16:53:04.096000+00:00,53.0,1253,1020.6,0,9683,17.7,14,1.5
14.6,2025-02-26 16:54:04.097000+00:00,52.0,1253,1020.6,0,9683,17.7,57,2.3
14.6,2025-02-26 16:55:04.118000+00:00,53.0,1253,1020.7,0,9683,17.7,38,1.9
14.6,2025-02-26 16:56:04.098000+00:00,53.0,1253,1020.8,0,9683,17.8,11,1.6
14.6,2025-02-26 16:57:04.099000+00:00,53.0,1253,1020.8,0,9683,17.8,3,1.5
14.6,2025-02-26 16:58:04.100000+00:00,53.0,1253,1020.7,0,9683,17.8,357,1.6
14.6,2025-02-26 16:59:04.100000+00:00,53.0,1253,1020.7,0,9683,17.8,39,2.2
14.6,2025-02-26 17:00:04.104000+00:00,53.0,1253,1020.7,0,9683,17.7,1,2.1
14.6,2025-02-26 17:01:04.105000+00:00,53.0,1253,1020.7,0,9683,17.8,17,1.3
14.6,2025-02-26 17:02:04.108000+00:00,53.0,1253,1020.7,0,9683,17.8,3,1.9
14.6,2025-02-26 17:03:04.103000+00:00,53.0,1253,1020.8,0,9683,17.8,51,2.1
14.6,2025-02-26 17:04:04.103000+00:00,53.0,1253,1020.8,0,9683,17.7,332,1.8
14.6,2025-02-26 17:05:04.106000+00:00,53.0,1253,1020.9,0,9683,17.8,13,1.5
14.6,2025-02-26 17:06:04.154000+00:00,53.0,1253,1020.9,0,9683,17.8,29,2.3
13.0,2025-02-27 06:45:07.660000+00:00,46.0,1253,1022.1,0,9684,14.5,57,1.2
13.0,2025-02-27 06:46:07.660000+00:00,46.0,1253,1022.1,0,9684,14.5,0,1.1
13.0,2025-02-27 06:47:07.663000+00:00,46.0,1253,1022.1,0,9684,14.5,61,0.6
13.1,2025-02-27 06:48:07.662000+00:00,46.0,1253,1022.0,0,9684,14.5,82,1.7
13.1,2025-02-27 06:49:07.663000+00:00,45.0,1253,1022.0,0,9684,14.4,60,0.6
13.1,2025-02-27 06:50:07.679000+00:00,46.0,1253,1021.9,0,9684,14.4,351,0.8
13.1,2025-02-27 06:51:07.697000+00:00,46.0,1253,1021.9,0,9684,14.4,107,0.7
13.1,2025-02-27 06:52:07.714000+00:00,46.0,1253,1021.9,0,9684,14.4,31,0.6
13.1,2025-02-27 06:53:07.713000+00:00,46.0,1253,1022.0,0,9684,14.4,50,1.0
13.1,2025-02-27 06:54:07.712000+00:00,46.0,1253,1021.9,0,9684,14.4,46,1.2
13.1,2025-02-27 06:55:07.714000+00:00,45.0,1253,1022.0,0,9684,14.4,33,1.4
13.1,2025-02-27 06:56:07.714000+00:00,45.0,1253,1021.9,0,9684,14.3,89,1.2
13.1,2025-02-27 06:57:07.737000+00:00,45.0,1253,1021.9,0,9684,14.3,48,0.9
13.1,2025-02-27 06:58:07.747000+00:00,45.0,1253,1021.8,0,9684,14.3,51,1.5
13.1,2025-02-27 06:59:07.763000+00:00,45.0,1253,1021.9,0,9684,14.4,80,0.7
13.1,2025-02-27 07:00:07.754000+00:00,46.0,1253,1021.9,0,9684,14.4,349,0.8
13.1,2025-02-27 07:01:07.764000+00:00,45.0,1253,1021.8,0,9684,14.4,0,0.6
13.1,2025-02-27 07:02:07.765000+00:00,46.0,1253,1021.9,0,9684,14.4,29,0.0
13.1,2025-02-27 07:03:07.766000+00:00,46.0,1253,1022.0,1,9684,14.5,38,1.1
13.1,2025-02-27 07:04:07.768000+00:00,46.0,1253,1022.0,1,9684,14.5,79,1.2
13.1,2025-02-27 07:05:07.768000+00:00,47.0,1253,1022.0,1,9684,14.5,29,1.2
13.1,2025-02-27 07:06:07.783000+00:00,46.0,1253,1022.0,1,9684,14.4,45,1.2
13.1,2025-02-27 07:07:07.802000+00:00,46.0,1253,1022.2,1,9684,14.4,0,1.0
13.1,2025-02-27 07:08:07.801000+00:00,47.0,1253,1022.2,1,9684,14.4,75,0.5
13.1,2025-02-27 07:09:07.805000+00:00,47.0,1253,1022.2,0,9684,14.5,57,1.4
13.1,2025-02-27 07:10:07.809000+00:00,46.0,1253,1022.3,0,9684,14.5,37,1.5
13.1,2025-02-27 07:11:07.820000+00:00,47.0,1253,1022.4,0,9684,14.6,66,1.5
13.1,2025-02-27 07:12:07.834000+00:00,46.0,1253,1022.4,1,9684,14.6,84,1.2
13.2,2025-02-27 07:13:07.852000+00:00,47.0,1253,1022.3,1,9684,14.6,102,1.9
13.2,2025-02-27 07:14:07.851000+00:00,47.0,1253,1022.5,1,9684,14.7,6,0.8
13.2,2025-02-27 07:15:07.852000+00:00,46.0,1253,1022.3,0,9684,14.8,37,1.6
13.2,2025-02-27 07:16:07.853000+00:00,46.0,1253,1022.2,0,9684,14.8,32,1.2
13.3,2025-02-27 07:17:07.854000+00:00,46.0,1253,1022.1,0,9684,14.9,18,1.1
13.3,2025-02-27 07:18:07.853000+00:00,45.0,1253,1022.1,0,9684,14.9,32,1.2
13.3,2025-02-27 07:19:07.854000+00:00,45.0,1253,1022.1,0,9684,14.9,25,1.7
13.3,2025-02-27 07:20:07.855000+00:00,45.0,1253,1022.1,0,9684,15.0,343,1.5
13.3,2025-02-27 07:21:07.856000+00:00,45.0,1253,1022.1,0,9684,15.0,338,0.9
13.3,2025-02-27 07:22:07.857000+00:00,45.0,1253,1022.0,0,9684,15.0,48,0.9
13.3,2025-02-27 07:23:07.858000+00:00,45.0,1253,1022.0,1,9684,15.1,22,1.6
13.3,2025-02-27 07:24:07.874000+00:00,45.0,1253,1022.0,1,9684,15.2,36,1.1
13.3,2025-02-27 07:25:07.874000+00:00,45.0,1253,1021.9,1,9684,15.2,10,1.6
13.3,2025-02-27 07:26:07.891000+00:00,44.0,1253,1021.8,0,9684,15.2,349,1.3
13.3,2025-02-27 07:27:07.910000+00:00,44.0,1253,1021.8,0,9684,15.3,67,1.4
13.4,2025-02-27 07:28:07.923000+00:00,45.0,1253,1021.8,0,9684,15.3,43,1.0
13.4,2025-02-27 07:29:07.939000+00:00,44.0,1253,1021.7,0,9684,15.4,78,1.5
13.4,2025-02-27 07:30:07.940000+00:00,44.0,1253,1021.7,0,9684,15.4,53,2.0
13.4,2025-02-27 07:31:07.941000+00:00,44.0,1253,1021.8,0,9684,15.5,25,1.4
13.4,2025-02-27 07:32:07.941000+00:00,44.0,1253,1021.8,1,9684,15.6,13,1.0
13.3,2025-02-27 07:33:07.942000+00:00,44.0,1253,1021.7,1,9684,15.6,26,1.4
13.4,2025-02-27 07:34:07.948000+00:00,44.0,1253,1021.7,1,9684,15.6,74,1.5
13.4,2025-02-27 07:35:07.944000+00:00,44.0,1253,1021.7,1,9684,15.7,15,1.5
13.4,2025-02-27 07:36:07.945000+00:00,43.0,1253,1021.7,0,9684,15.7,76,1.2
13.4,2025-02-27 07:37:07.946000+00:00,43.0,1253,1021.8,1,9684,15.8,33,1.7
13.4,2025-02-27 07:38:07.952000+00:00,43.0,1253,1021.7,1,9684,15.8,0,1.7
13.4,2025-02-27 07:39:07.950000+00:00,44.0,1253,1021.6,0,9684,15.8,38,1.3
13.4,2025-02-27 07:40:07.947000+00:00,43.0,1253,1021.7,0,9684,16.0,39,1.5
13.4,2025-02-27 07:41:07.949000+00:00,43.0,1253,1021.7,0,9684,16.0,74,1.3
13.4,2025-02-27 07:42:07.954000+00:00,43.0,1253,1021.8,0,9684,16.0,6,1.5
13.4,2025-02-27 07:43:07.951000+00:00,43.0,1253,1021.8,0,9684,16.0,0,2.1
13.4,2025-02-27 07:44:07.951000+00:00,43.0,1253,1021.7,0,9684,16.1,11,1.2
13.4,2025-02-27 07:45:07.951000+00:00,43.0,1253,1021.8,0,9684,16.1,19,1.2
13.5,2025-02-27 07:46:07.951000+00:00,43.0,1253,1021.9,1,9684,16.2,15,1.7
13.5,2025-02-27 07:47:07.952000+00:00,43.0,1253,1021.8,1,9684,16.2,37,1.3
13.5,2025-02-27 07:48:07.957000+00:00,43.0,1253,1021.8,1,9684,16.2,68,1.2
13.5,2025-02-27 07:49:07.954000+00:00,42.0,1253,1021.7,1,9684,16.1,38,1.6
13.4,2025-02-27 07:50:07.955000+00:00,42.0,1253,1021.8,0,9684,16.1,53,1.5
13.4,2025-02-27 07:51:07.954000+00:00,42.0,1253,1021.8,1,9684,16.2,42,1.2
13.4,2025-02-27 07:52:07.956000+00:00,43.0,1253,1021.7,1,9684,16.3,20,1.1
13.5,2025-02-27 07:53:07.959000+00:00,43.0,1253,1021.8,1,9684,16.4,37,1.3
13.5,2025-02-27 07:54:07.957000+00:00,42.0,1253,1021.7,1,9684,16.3,137,1.0
13.5,2025-02-27 07:55:07.963000+00:00,42.0,1253,1021.8,1,9684,16.2,71,1.0
13.5,2025-02-27 07:56:07.958000+00:00,42.0,1253,1021.8,1,9684,16.2,70,1.7
13.5,2025-02-27 07:57:07.958000+00:00,42.0,1253,1021.8,1,9684,16.3,87,2.0
13.4,2025-02-27 07:58:07.961000+00:00,43.0,1253,1021.8,1,9684,16.3,34,1.0
13.4,2025-02-27 07:59:07.964000+00:00,43.0,1253,1021.8,1,9684,16.4,35,1.8
13.5,2025-02-27 08:00:07.954000+00:00,43.0,1253,1021.7,1,9684,16.4,44,1.7
13.5,2025-02-27 08:01:07.966000+00:00,43.0,1253,1021.7,1,9684,16.4,42,2.5
13.5,2025-02-27 08:02:07.962000+00:00,43.0,1253,1021.6,1,9684,16.4,357,1.7
13.5,2025-02-27 08:03:07.962000+00:00,44.0,1253,1021.5,1,9684,16.3,6,1.3
13.5,2025-02-27 08:04:07.967000+00:00,44.0,1253,1021.6,1,9684,16.2,1,0.9
13.5,2025-02-27 08:05:07.966000+00:00,45.0,1253,1021.6,1,9684,16.2,10,1.1
13.5,2025-02-27 08:06:07.966000+00:00,44.0,1253,1021.6,1,9684,16.1,47,1.4
13.4,2025-02-27 08:07:07.965000+00:00,44.0,1253,1021.5,1,9684,16.1,46,1.1
13.4,2025-02-27 08:08:07.966000+00:00,46.0,1253,1021.5,1,9684,16.2,44,1.0
13.5,2025-02-27 08:09:07.968000+00:00,46.0,1253,1021.4,1,9684,16.2,24,1.0
13.5,2025-02-27 08:10:07.968000+00:00,44.0,1253,1021.4,1,9684,16.2,1,1.2
13.6,2025-02-27 08:11:07.968000+00:00,45.0,1253,1021.4,1,9684,16.2,68,1.3
13.6,2025-02-27 08:12:07.967000+00:00,45.0,1253,1021.4,1,9684,16.1,31,1.6
13.5,2025-02-27 08:13:07.971000+00:00,46.0,1253,1021.5,1,9684,16.0,70,1.7
13.5,2025-02-27 08:14:07.971000+00:00,46.0,1253,1021.5,1,9684,15.8,51,1.5
13.5,2025-02-27 08:15:07.970000+00:00,46.0,1253,1021.6,1,9684,15.7,65,1.2
13.5,2025-02-27 08:16:07.971000+00:00,47.0,1253,1021.7,1,9684,15.7,84,1.4
13.5,2025-02-27 08:17:07.978000+00:00,47.0,1253,1021.6,1,9684,15.7,58,1.3
13.4,2025-02-27 08:18:08.004000+00:00,47.0,1253,1021.7,1,9684,15.7,66,1.1
13.4,2025-02-27 08:19:08.021000+00:00,47.0,1253,1021.6,1,9684,15.7,36,1.1
13.4,2025-02-27 08:20:08.036000+00:00,47.0,1253,1021.6,1,9684,15.6,67,1.3
13.4,2025-02-27 08:21:08.057000+00:00,48.0,1253,1021.5,1,9684,15.6,28,1.4
13.4,2025-02-27 08:22:08.054000+00:00,47.0,1253,1021.5,1,9684,15.6,75,1.5
13.4,2025-02-27 08:23:08.070000+00:00,48.0,1253,1021.4,1,9684,15.7,50,0.9
13.4,2025-02-27 08:24:08.086000+00:00,49.0,1253,1021.5,1,9684,15.6,2,1.0
13.4,2025-02-27 08:25:08.102000+00:00,49.0,1253,1021.5,1,9684,15.6,27,1.3
13.4,2025-02-27 08:26:08.095000+00:00,48.0,1253,1021.5,1,9684,15.6,52,1.3
13.4,2025-02-27 08:27:08.105000+00:00,48.0,1253,1021.5,1,9684,15.5,65,1.3
13.4,2025-02-27 08:28:08.104000+00:00,49.0,1253,1021.5,1,9684,15.5,70,1.2
13.4,2025-02-27 08:29:08.105000+00:00,50.0,1253,1021.4,1,9684,15.6,42,1.5
13.4,2025-02-27 08:30:08.108000+00:00,48.0,1253,1021.6,1,9684,15.7,40,1.3
13.4,2025-02-27 08:31:08.106000+00:00,48.0,1253,1021.5,1,9684,15.8,51,1.8
13.4,2025-02-27 08:32:08.106000+00:00,50.0,1253,1021.5,1,9684,15.8,36,1.3
13.4,2025-02-27 08:33:08.100000+00:00,48.0,1253,1021.4,1,9684,15.8,44,2.0
13.4,2025-02-27 08:34:08.108000+00:00,50.0,1253,1021.4,1,9684,15.7,81,1.7
13.4,2025-02-27 08:35:08.108000+00:00,51.0,1253,1021.4,1,9684,15.8,37,1.1
13.4,2025-02-27 08:36:08.110000+00:00,50.0,1253,1021.4,1,9684,15.8,64,1.1
13.4,2025-02-27 08:37:08.111000+00:00,52.0,1253,1021.3,1,9684,15.9,45,0.4
13.3,2025-02-27 08:38:08.105000+00:00,52.0,1253,1021.3,1,9684,16.0,19,1.1
13.4,2025-02-27 08:39:08.113000+00:00,52.0,1253,1021.3,1,9684,16.0,85,1.1
13.4,2025-02-27 08:40:08.112000+00:00,51.0,1253,1021.3,1,9684,16.0,35,1.0
13.4,2025-02-27 08:41:08.113000+00:00,51.0,1253,1021.3,1,9684,16.1,37,1.3
13.4,2025-02-27 08:42:08.113000+00:00,52.0,1253,1021.3,1,9684,16.2,16,0.6
13.4,2025-02-27 08:43:08.114000+00:00,53.0,1253,1021.3,1,9684,16.3,37,1.2
13.4,2025-02-27 08:44:08.107000+00:00,51.0,1253,1021.3,1,9684,16.3,35,1.6
13.4,2025-02-27 08:45:08.117000+00:00,51.0,1253,1021.1,1,9684,16.4,81,1.6
13.4,2025-02-27 08:46:08.120000+00:00,51.0,1253,1021.1,1,9684,16.4,49,1.9
13.4,2025-02-27 08:47:08.118000+00:00,51.0,1253,1021.1,1,9684,16.4,60,1.6
13.4,2025-02-27 08:48:08.119000+00:00,51.0,1253,1021.0,1,9684,16.5,47,1.4
13.5,2025-02-27 08:49:08.119000+00:00,52.0,1253,1021.0,1,9684,16.6,93,0.9
13.5,2025-02-27 08:50:08.121000+00:00,52.0,1253,1021.0,0,9684,16.7,23,1.3
13.6,2025-02-27 08:51:08.113000+00:00,51.0,1253,1020.9,0,9684,16.9,48,1.5
13.6,2025-02-27 08:52:08.120000+00:00,52.0,1253,1020.9,0,9684,17.0,10,1.2
13.6,2025-02-27 08:53:08.132000+00:00,52.0,1253,1021.0,0,9684,17.1,22,0.6
13.6,2025-02-27 08:54:08.121000+00:00,53.0,1253,1020.9,0,9684,17.1,358,1.0
13.7,2025-02-27 08:55:08.123000+00:00,52.0,1253,1020.9,0,9684,17.2,15,1.1
13.8,2025-02-27 08:56:08.140000+00:00,51.0,1253,1020.9,0,9684,17.2,113,0.8
13.8,2025-02-27 08:57:08.155000+00:00,50.0,1253,1020.9,0,9684,17.1,61,1.1
13.8,2025-02-27 08:58:08.161000+00:00,51.0,1253,1020.9,1,9684,17.1,49,1.3
13.9,2025-02-27 08:59:08.176000+00:00,50.0,1253,1020.8,1,9684,17.1,69,1.2
13.9,2025-02-27 09:00:08.176000+00:00,51.0,1253,1020.7,1,9684,17.2,35,1.2
13.9,2025-02-27 09:01:08.178000+00:00,49.0,1253,1020.8,1,9684,17.2,11,1.8
14.0,2025-02-27 09:02:08.175000+00:00,50.0,1253,1020.7,1,9684,17.2,357,1.6
14.0,2025-02-27 09:03:08.176000+00:00,49.0,1253,1020.8,1,9684,17.3,41,1.4
14.1,2025-02-27 09:04:08.180000+00:00,49.0,1253,1020.9,1,9684,17.3,20,1.2
14.1,2025-02-27 09:05:08.178000+00:00,50.0,1253,1020.8,1,9684,17.2,12,1.2
14.1,2025-02-27 09:06:08.177000+00:00,50.0,1253,1020.9,1,9684,17.2,52,1.6
14.1,2025-02-27 09:07:08.178000+00:00,51.0,1253,1020.7,1,9684,17.2,29,1.2
14.1,2025-02-27 09:08:08.197000+00:00,49.0,1253,1020.7,1,9684,17.3,60,1.5
14.1,2025-02-27 09:09:08.210000+00:00,48.0,1253,1020.7,1,9684,17.3,49,1.6
14.1,2025-02-27 09:10:08.227000+00:00,48.0,1253,1020.6,1,9684,17.1,60,1.4
14.1,2025-02-27 09:11:08.227000+00:00,47.0,1253,1020.6,0,9684,16.9,86,2.1
14.1,2025-02-27 09:12:08.244000+00:00,48.0,1253,1020.5,0,9684,16.9,32,1.7
14.1,2025-02-27 09:13:08.246000+00:00,48.0,1253,1020.5,0,9684,16.9,55,1.3
14.1,2025-02-27 09:14:08.246000+00:00,46.0,1253,1020.4,0,9684,16.9,61,1.7
14.2,2025-02-27 09:15:08.265000+00:00,47.0,1253,1020.4,0,9684,16.8,59,0.6
14.2,2025-02-27 09:16:08.263000+00:00,47.0,1253,1020.4,0,9684,16.8,91,1.4
14.2,2025-02-27 09:17:08.264000+00:00,47.0,1253,1020.5,0,9684,16.8,42,1.6
14.2,2025-02-27 09:18:08.265000+00:00,47.0,1253,1020.4,0,9684,16.6,81,1.6
14.2,2025-02-27 09:19:08.266000+00:00,47.0,1253,1020.3,0,9684,16.7,38,1.1
14.2,2025-02-27 09:20:08.276000+00:00,47.0,1253,1020.3,0,9684,16.7,122,1.6
14.3,2025-02-27 09:21:08.266000+00:00,47.0,1253,1020.2,0,9684,16.7,47,1.1
14.3,2025-02-27 09:22:08.268000+00:00,46.0,1253,1020.1,0,9684,16.6,70,1.2
14.3,2025-02-27 09:23:08.269000+00:00,46.0,1253,1020.0,0,9684,16.7,53,1.2
14.3,2025-02-27 09:24:08.268000+00:00,46.0,1253,1019.8,0,9684,16.8,36,1.8
14.3,2025-02-27 09:25:08.275000+00:00,45.0,1253,1019.8,0,9684,16.9,13,1.6
14.4,2025-02-27 09:26:08.269000+00:00,46.0,1253,1019.6,0,9684,17.0,13,1.4
14.3,2025-02-27 09:27:08.276000+00:00,46.0,1253,1019.5,1,9684,17.0,5,1.6
14.4,2025-02-27 09:28:08.271000+00:00,46.0,1253,1019.5,1,9684,16.9,19,1.7
14.4,2025-02-27 09:29:08.271000+00:00,46.0,1253,1019.5,1,9684,16.9,24,2.0
14.4,2025-02-27 09:30:08.273000+00:00,45.0,1253,1019.3,1,9684,16.8,29,1.8
14.4,2025-02-27 09:31:08.272000+00:00,46.0,1253,1019.1,1,9684,16.8,34,1.8
14.4,2025-02-27 09:32:08.274000+00:00,46.0,1253,1019.1,1,9684,16.8,63,1.6
14.4,2025-02-27 09:33:08.276000+00:00,46.0,1253,1019.1,1,9684,16.8,46,1.3
14.4,2025-02-27 09:34:08.279000+00:00,47.0,1253,1019.1,1,9684,16.8,16,0.8
14.4,2025-02-27 09:35:08.278000+00:00,47.0,1253,1019.1,1,9684,16.8,344,0.7
14.4,2025-02-27 09:36:08.275000+00:00,48.0,1253,1019.1,1,9684,16.9,34,1.1
14.4,2025-02-27 09:37:08.278000+00:00,48.0,1253,1019.2,1,9684,16.9,29,1.1
14.4,2025-02-27 09:38:08.278000+00:00,47.0,1253,1019.2,1,9684,17.0,8,0.9
14.4,2025-02-27 09:39:08.277000+00:00,48.0,1253,1019.2,1,9684,17.0,357,0.5
14.4,2025-02-27 09:40:08.280000+00:00,47.0,1253,1019.2,1,9684,17.1,48,0.6
14.5,2025-02-27 09:41:08.282000+00:00,47.0,1253,1019.2,1,9684,17.2,4,0.8
14.5,2025-02-27 09:42:08.282000+00:00,49.0,1253,1019.3,0,9684,17.3,32,0.5
14.6,2025-02-27 09:43:08.283000+00:00,47.0,1253,1019.4,0,9684,17.3,46,1.0
14.6,2025-02-27 09:44:08.285000+00:00,46.0,1253,1019.3,0,9684,17.3,75,1.0
14.6,2025-02-27 09:45:08.282000+00:00,48.0,1253,1019.3,0,9684,17.4,42,0.8
14.6,2025-02-27 09:46:08.282000+00:00,46.0,1253,1019.2,0,9684,17.5,62,0.8
14.7,2025-02-27 09:47:08.283000+00:00,47.0,1253,1019.2,0,9684,17.5,354,1.3
14.7,2025-02-27 09:48:08.284000+00:00,46.0,1253,1019.2,0,9684,17.5,357,0.8
14.7,2025-02-27 09:49:08.285000+00:00,47.0,1253,1019.1,0,9684,17.5,63,0.9
14.8,2025-02-27 09:50:08.289000+00:00,46.0,1253,1019.3,0,9684,17.5,57,1.2
14.8,2025-02-27 09:51:08.285000+00:00,45.0,1253,1019.3,1,9684,17.4,37,1.7
14.8,2025-02-27 09:52:08.287000+00:00,46.0,1253,1019.3,1,9684,17.4,37,1.1
14.8,2025-02-27 09:53:08.289000+00:00,46.0,1253,1019.4,1,9684,17.4,45,0.9
14.8,2025-02-27 09:54:08.288000+00:00,46.0,1253,1019.2,1,9684,17.4,30,1.4
14.7,2025-02-27 09:55:08.288000+00:00,46.0,1253,1019.4,1,9684,17.5,0,1.4
14.7,2025-02-27 09:56:08.290000+00:00,46.0,1253,1019.4,1,9684,17.7,91,0.8
14.7,2025-02-27 09:57:08.291000+00:00,45.0,1253,1019.4,0,9684,17.8,65,1.0
14.8,2025-02-27 09:58:08.295000+00:00,46.0,1253,1019.4,0,9684,18.0,70,1.4
14.8,2025-02-27 09:59:08.291000+00:00,45.0,1253,1019.3,1,9684,18.3,81,0.8
14.9,2025-02-27 10:00:08.295000+00:00,46.0,1253,1019.3,1,9684,18.4,19,0.8
14.9,2025-02-27 10:01:08.293000+00:00,45.0,1253,1019.2,1,9684,18.4,82,1.0
14.9,2025-02-27 10:02:08.310000+00:00,46.0,1253,1019.3,1,9684,18.5,77,0.8
15.0,2025-02-27 10:03:08.315000+00:00,45.0,1253,1019.2,0,9684,18.5,82,0.9
15.0,2025-02-27 10:04:08.327000+00:00,46.0,1253,1019.2,0,9684,18.5,19,1.2
15.0,2025-02-27 10:05:08.347000+00:00,45.0,1253,1019.3,0,9684,18.5,62,1.2
15.0,2025-02-27 10:06:08.343000+00:00,45.0,1253,1019.3,0,9684,18.6,40,0.6
15.1,2025-02-27 10:07:08.343000+00:00,45.0,1253,1019.2,0,9684,18.6,29,1.7
15.0,2025-02-27 10:08:08.347000+00:00,45.0,1253,1019.2,0,9684,18.5,57,1.2
15.0,2025-02-27 10:09:08.359000+00:00,45.0,1253,1019.3,0,9684,18.4,67,0.7
15.0,2025-02-27 10:10:08.346000+00:00,45.0,1253,1019.2,0,9684,18.4,63,0.8
15.1,2025-02-27 10:11:08.372000+00:00,46.0,1253,1019.3,0,9684,18.4,355,1.7
15.0,2025-02-27 10:12:08.381000+00:00,46.0,1253,1019.2,0,9684,18.4,12,1.4
15.0,2025-02-27 10:13:08.379000+00:00,46.0,1253,1019.3,0,9684,18.2,110,0.8
15.0,2025-02-27 10:14:08.396000+00:00,46.0,1253,1019.3,0,9684,18.2,71,0.7
15.0,2025-02-27 10:15:08.396000+00:00,46.0,1253,1019.3,0,9684,18.3,73,1.3
15.0,2025-02-27 10:16:08.413000+00:00,46.0,1253,1019.3,0,9684,18.3,16,1.4
15.1,2025-02-27 10:17:08.419000+00:00,46.0,1253,1019.4,0,9684,18.2,190,1.1
15.0,2025-02-27 10:18:08.429000+00:00,47.0,1253,1019.3,0,9684,18.1,99,0.5
14.9,2025-02-27 10:19:08.430000+00:00,47.0,1253,1019.2,0,9684,18.1,53,1.3
14.9,2025-02-27 10:20:08.429000+00:00,47.0,1253,1019.2,0,9684,18.1,62,1.1
14.9,2025-02-27 10:21:08.448000+00:00,47.0,1253,1019.1,0,9684,18.2,30,1.3
14.9,2025-02-27 10:22:08.464000+00:00,47.0,1253,1019.1,0,9684,18.2,2,1.9
14.9,2025-02-27 10:23:08.469000+00:00,48.0,1253,1019.1,0,9684,18.4,37,1.2
15.0,2025-02-27 10:24:08.470000+00:00,48.0,1253,1019.2,0,9684,18.4,32,1.0
15.0,2025-02-27 10:25:08.480000+00:00,48.0,1253,1019.2,0,9684,18.3,8,1.6
15.0,2025-02-27 10:26:08.482000+00:00,48.0,1253,1019.2,0,9684,18.4,32,1.6
15.0,2025-02-27 10:27:08.482000+00:00,48.0,1253,1019.2,0,9684,18.4,99,1.3
14.9,2025-02-27 10:28:08.482000+00:00,48.0,1253,1019.2,0,9684,18.3,31,1.5
15.0,2025-02-27 10:29:08.484000+00:00,49.0,1253,1019.2,0,9684,18.3,63,1.6
15.0,2025-02-27 10:30:08.486000+00:00,49.0,1253,1019.2,0,9684,18.3,34,1.1
15.0,2025-02-27 10:31:08.484000+00:00,49.0,1253,1019.3,0,9684,18.3,46,1.3
15.0,2025-02-27 10:32:08.485000+00:00,49.0,1253,1019.3,0,9684,18.3,39,2.4
15.0,2025-02-27 10:33:08.487000+00:00,49.0,1253,1019.3,0,9684,18.2,45,1.6
15.0,2025-02-27 10:34:08.487000+00:00,49.0,1253,1019.3,0,9684,18.2,16,1.8
15.0,2025-02-27 10:35:08.490000+00:00,50.0,1253,1019.2,0,9684,18.2,42,1.6
15.0,2025-02-27 10:36:08.488000+00:00,50.0,1253,1019.3,0,9684,18.2,35,1.6
15.0,2025-02-27 10:37:08.504000+00:00,50.0,1253,1019.3,0,9684,18.2,88,1.3
15.0,2025-02-27 10:38:08.512000+00:00,50.0,1253,1019.3,0,9684,18.2,61,1.2
15.0,2025-02-27 10:39:08.538000+00:00,50.0,1253,1019.3,0,9684,18.2,94,0.9
14.9,2025-02-27 10:40:08.538000+00:00,51.0,1253,1019.3,0,9684,18.2,53,1.1
14.9,2025-02-27 10:41:08.539000+00:00,51.0,1253,1019.2,0,9684,18.3,44,1.7
14.9,2025-02-27 10:42:08.556000+00:00,51.0,1253,1019.2,0,9684,18.4,62,1.3
14.9,2025-02-27 10:43:08.572000+00:00,52.0,1253,1019.3,0,9684,18.4,37,1.3
15.0,2025-02-27 10:44:08.575000+00:00,52.0,1253,1019.3,0,9684,18.5,0,1.2
15.1,2025-02-27 10:45:08.575000+00:00,52.0,1253,1019.3,0,9684,18.5,109,1.1
15.1,2025-02-27 10:46:08.580000+00:00,52.0,1253,1019.2,0,9684,18.4,326,1.9
15.1,2025-02-27 10:47:08.574000+00:00,52.0,1253,1019.4,0,9684,18.4,106,0.9
15.1,2025-02-27 10:48:08.575000+00:00,52.0,1253,1019.3,0,9684,18.4,56,1.3
15.1,2025-02-27 10:49:08.574000+00:00,52.0,1253,1019.4,0,9684,18.5,59,1.6
15.1,2025-02-27 10:50:08.573000+00:00,52.0,1253,1019.4,0,9684,18.5,50,1.5
15.1,2025-02-27 10:51:08.575000+00:00,52.0,1253,1019.5,0,9684,18.4,77,1.5
15.1,2025-02-27 10:52:08.576000+00:00,52.0,1253,1019.5,0,9684,18.3,37,2.0
15.1,2025-02-27 10:53:08.579000+00:00,52.0,1253,1019.5,0,9684,18.3,39,2.2
15.2,2025-02-27 10:54:08.581000+00:00,52.0,1253,1019.5,0,9684,18.3,73,2.3
15.1,2025-02-27 10:55:08.578000+00:00,52.0,1253,1019.4,0,9684,18.3,33,1.4
15.1,2025-02-27 10:56:08.580000+00:00,52.0,1253,1019.4,0,9684,18.2,55,1.4
15.1,2025-02-27 10:57:08.579000+00:00,52.0,1253,1019.2,0,9684,18.2,57,2.2
15.1,2025-02-27 10:58:08.581000+00:00,52.0,1253,1019.2,0,9684,18.2,24,2.3
15.1,2025-02-27 10:59:08.581000+00:00,53.0,1253,1019.1,0,9684,18.2,62,1.7
15.1,2025-02-27 11:00:08.584000+00:00,53.0,1253,1019.2,0,9684,18.2,26,1.0
15.1,2025-02-27 11:01:08.582000+00:00,53.0,1253,1019.1,0,9684,18.2,27,1.3
15.2,2025-02-27 11:02:08.584000+00:00,53.0,1253,1019.0,0,9684,18.1,54,1.4
15.1,2025-02-27 11:03:08.584000+00:00,53.0,1253,1018.9,0,9684,18.2,55,1.3
15.1,2025-02-27 11:04:08.585000+00:00,53.0,1253,1018.9,0,9684,18.2,41,1.3
15.1,2025-02-27 11:05:08.585000+00:00,54.0,1253,1018.9,0,9684,18.2,88,1.5
15.1,2025-02-27 11:06:08.586000+00:00,54.0,1253,1018.9,0,9684,18.2,67,0.9
15.2,2025-02-27 11:07:08.586000+00:00,54.0,1253,1018.9,0,9684,18.2,355,1.1
15.2,2025-02-27 11:08:08.605000+00:00,54.0,1253,1019.0,0,9684,18.2,34,1.2
15.2,2025-02-27 11:09:08.604000+00:00,54.0,1253,1019.1,0,9684,18.2,357,1.0
15.2,2025-02-27 11:10:08.604000+00:00,54.0,1253,1019.2,0,9684,18.4,32,1.4
15.2,2025-02-27 11:11:08.597000+00:00,54.0,1253,1019.3,0,9684,18.4,67,2.0
15.3,2025-02-27 11:12:08.614000+00:00,55.0,1253,1019.4,0,9684,18.3,86,1.5
15.3,2025-02-27 11:13:08.628000+00:00,55.0,1253,1019.3,0,9684,18.4,62,1.3
15.3,2025-02-27 11:14:08.640000+00:00,55.0,1253,1019.2,0,9684,18.5,354,1.5
15.3,2025-02-27 11:15:08.642000+00:00,55.0,1253,1019.3,0,9684,18.6,77,0.8
15.3,2025-02-27 11:16:08.657000+00:00,55.0,1253,1019.4,0,9684,18.6,89,1.2
15.3,2025-02-27 11:17:08.663000+00:00,55.0,1253,1019.4,0,9684,18.6,32,1.2
15.4,2025-02-27 11:18:08.690000+00:00,55.0,1253,1019.5,0,9684,18.7,356,1.2
15.4,2025-02-27 11:19:08.706000+00:00,55.0,1253,1019.8,0,9684,18.7,341,1.2
15.4,2025-02-27 11:20:08.704000+00:00,55.0,1253,1019.8,0,9684,18.6,37,1.8
15.4,2025-02-27 11:21:08.700000+00:00,55.0,1253,1019.9,0,9684,18.6,81,2.3
15.4,2025-02-27 11:22:08.715000+00:00,56.0,1253,1020.0,0,9684,18.5,43,1.7
15.4,2025-02-27 11:23:08.725000+00:00,56.0,1253,1019.9,0,9684,18.4,103,2.5
15.4,2025-02-27 11:24:08.725000+00:00,57.0,1253,1020.0,0,9684,18.4,30,1.6
15.4,2025-02-27 11:25:08.726000+00:00,57.0,1253,1019.9,0,9684,18.4,71,2.2
15.4,2025-02-27 11:26:08.718000+00:00,57.0,1253,1019.9,0,9684,18.4,33,1.7
15.4,2025-02-27 11:27:08.719000+00:00,57.0,1253,1019.8,0,9684,18.4,33,1.6
15.4,2025-02-27 11:28:08.725000+00:00,57.0,1253,1019.7,0,9684,18.3,28,1.9
15.4,2025-02-27 11:29:08.727000+00:00,57.0,1253,1019.7,0,9684,18.3,44,2.7
15.4,2025-02-27 11:30:08.730000+00:00,57.0,1253,1019.6,0,9684,18.4,35,2.9
15.4,2025-02-27 11:31:08.721000+00:00,57.0,1253,1019.5,0,9684,18.4,32,1.9
15.4,2025-02-27 11:32:08.733000+00:00,57.0,1253,1019.5,0,9684,18.4,18,1.4
15.4,2025-02-27 11:33:08.739000+00:00,57.0,1253,1019.4,0,9684,18.4,33,1.7
15.4,2025-02-27 11:34:08.730000+00:00,57.0,1253,1019.3,0,9684,18.4,7,1.9
15.4,2025-02-27 11:35:08.740000+00:00,57.0,1253,1019.4,0,9684,18.5,20,1.4
15.4,2025-02-27 11:36:08.748000+00:00,57.0,1253,1019.5,0,9684,18.4,44,1.4
15.4,2025-02-27 11:37:08.752000+00:00,57.0,1253,1019.4,0,9684,18.5,44,1.8
15.5,2025-02-27 11:38:08.764000+00:00,56.0,1253,1019.4,0,9684,18.5,54,1.8
15.5,2025-02-27 11:39:08.757000+00:00,56.0,1253,1019.3,0,9684,18.4,64,2.0
15.5,2025-02-27 11:40:08.787000+00:00,56.0,1253,1019.3,0,9684,18.4,38,1.7
15.4,2025-02-27 11:41:08.781000+00:00,56.0,1253,1019.3,0,9684,18.3,33,2.0
15.5,2025-02-27 11:42:08.783000+00:00,56.0,1253,1019.3,0,9684,18.3,15,2.1
15.5,2025-02-27 11:43:08.793000+00:00,57.0,1253,1019.4,0,9684,18.3,359,1.1
15.5,2025-02-27 11:44:08.815000+00:00,57.0,1253,1019.3,0,9684,18.3,7,1.7
15.5,2025-02-27 11:45:08.831000+00:00,56.0,1253,1019.3,0,9684,18.3,43,2.0
15.5,2025-02-27 11:46:08.821000+00:00,57.0,1253,1019.3,0,9684,18.3,25,1.7
15.5,2025-02-27 11:47:08.832000+00:00,56.0,1253,1019.2,0,9684,18.3,44,2.1
15.5,2025-02-27 11:48:08.848000+00:00,56.0,1253,1019.2,0,9684,18.3,19,2.4
15.5,2025-02-27 11:49:08.851000+00:00,56.0,1253,1019.3,0,9684,18.2,29,2.8
15.5,2025-02-27 11:50:08.851000+00:00,56.0,1253,1019.2,0,9684,18.2,12,2.5
15.5,2025-02-27 11:51:08.842000+00:00,56.0,1253,1019.1,0,9684,18.3,13,2.4
15.5,2025-02-27 11:52:08.851000+00:00,56.0,1253,1019.2,0,9684,18.4,14,2.3
15.5,2025-02-27 11:53:08.867000+00:00,56.0,1253,1019.1,0,9684,18.4,2,2.0
15.5,2025-02-27 11:54:08.867000+00:00,56.0,1253,1019.1,0,9684,18.5,5,1.6
15.6,2025-02-27 11:55:08.870000+00:00,56.0,1253,1019.1,0,9684,18.5,36,1.4
15.6,2025-02-27 11:56:08.885000+00:00,56.0,1253,1019.1,0,9684,18.6,13,2.2
15.6,2025-02-27 11:57:08.901000+00:00,56.0,1253,1019.0,0,9684,18.6,19,2.2
15.6,2025-02-27 11:58:08.918000+00:00,56.0,1253,1019.1,0,9684,18.6,19,0.9
15.6,2025-02-27 11:59:08.920000+00:00,56.0,1253,1019.0,0,9684,18.6,15,1.3
15.6,2025-02-27 12:00:08.918000+00:00,55.0,1253,1019.0,0,9684,18.7,0,1.7
15.6,2025-02-27 12:01:08.921000+00:00,55.0,1253,1019.1,0,9684,18.7,20,1.8
15.6,2025-02-27 12:02:08.938000+00:00,54.0,1253,1019.1,0,9684,18.6,19,1.6
15.6,2025-02-27 12:03:08.954000+00:00,54.0,1253,1019.1,0,9684,18.6,11,2.1
15.6,2025-02-27 12:04:08.954000+00:00,54.0,1253,1019.3,0,9684,18.5,107,1.6
15.6,2025-02-27 12:05:08.971000+00:00,54.0,1253,1019.1,0,9684,18.5,8,1.7
15.6,2025-02-27 12:06:08.987000+00:00,54.0,1253,1019.2,0,9684,18.4,41,2.3
15.6,2025-02-27 12:07:09.004000+00:00,54.0,1253,1019.2,0,9684,18.4,19,2.6
15.6,2025-02-27 12:08:09.004000+00:00,54.0,1253,1019.3,0,9684,18.4,45,2.1
15.6,2025-02-27 12:09:09.006000+00:00,55.0,1253,1019.4,0,9684,18.4,2,1.2
15.6,2025-02-27 12:10:09.005000+00:00,55.0,1253,1019.5,0,9684,18.4,38,1.2
15.6,2025-02-27 12:11:09.006000+00:00,55.0,1253,1019.5,0,9684,18.4,54,2.1
15.6,2025-02-27 12:12:09.008000+00:00,55.0,1253,1019.5,0,9684,18.3,88,1.7
15.6,2025-02-27 12:13:09.008000+00:00,55.0,1253,1019.4,0,9684,18.3,30,2.0
15.6,2025-02-27 12:14:09.008000+00:00,56.0,1253,1019.3,0,9684,18.2,39,1.8
15.5,2025-02-27 12:15:09.010000+00:00,56.0,1253,1019.3,0,9684,18.3,2,1.2
15.5,2025-02-27 12:16:09.009000+00:00,56.0,1253,1019.2,0,9684,18.2,13,1.0
15.5,2025-02-27 12:17:09.013000+00:00,56.0,1253,1019.2,0,9684,18.2,14,1.5
15.6,2025-02-27 12:18:09.011000+00:00,56.0,1253,1019.3,0,9684,18.1,40,1.7
15.5,2025-02-27 12:19:09.016000+00:00,56.0,1253,1019.3,0,9684,18.1,29,1.8
15.5,2025-02-27 12:20:09.015000+00:00,56.0,1253,1019.2,0,9684,18.1,91,1.7
15.5,2025-02-27 12:21:09.016000+00:00,56.0,1253,1019.3,0,9684,18.0,36,1.4
15.5,2025-02-27 12:22:09.016000+00:00,56.0,1253,1019.2,0,9684,17.9,45,2.3
15.5,2025-02-27 12:23:09.017000+00:00,55.0,1253,1019.2,0,9684,18.0,49,2.0
15.5,2025-02-27 12:24:09.015000+00:00,56.0,1253,1019.2,0,9684,18.0,12,1.4
15.5,2025-02-27 12:25:09.024000+00:00,56.0,1253,1019.2,0,9684,18.0,21,2.3
15.5,2025-02-27 12:26:09.018000+00:00,55.0,1253,1019.2,0,9684,18.0,29,1.8
15.6,2025-02-27 12:27:09.016000+00:00,55.0,1253,1019.3,0,9684,18.0,30,2.6
15.6,2025-02-27 12:28:09.018000+00:00,54.0,1253,1019.3,0,9684,18.0,44,2.1
15.5,2025-02-27 12:29:09.019000+00:00,55.0,1253,1019.2,0,9684,17.9,41,1.6
15.6,2025-02-27 12:30:09.020000+00:00,54.0,1253,1019.3,0,9684,17.9,48,2.3
15.6,2025-02-27 12:31:09.022000+00:00,54.0,1253,1019.2,0,9684,17.9,36,2.1
15.5,2025-02-27 12:32:09.021000+00:00,54.0,1253,1019.2,1,9684,18.0,52,2.0
15.6,2025-02-27 12:33:09.026000+00:00,54.0,1253,1019.4,1,9684,18.0,9,2.4
15.6,2025-02-27 12:34:09.017000+00:00,54.0,1253,1019.5,1,9684,17.8,8,2.5
15.6,2025-02-27 12:35:09.022000+00:00,54.0,1253,1019.6,1,9684,17.6,7,2.2
15.6,2025-02-27 12:36:09.027000+00:00,54.0,1253,1019.5,0,9684,17.6,28,1.7
15.5,2025-02-27 12:37:09.025000+00:00,53.0,1253,1019.4,1,9684,17.6,12,2.5
15.5,2025-02-27 12:38:09.025000+00:00,53.0,1253,1019.2,1,9684,17.6,1,2.2
15.5,2025-02-27 12:39:09.024000+00:00,53.0,1253,1019.3,1,9684,17.7,34,2.5
15.5,2025-02-27 12:40:09.027000+00:00,52.0,1253,1019.4,0,9684,17.7,32,1.7
15.5,2025-02-27 12:41:09.026000+00:00,52.0,1253,1019.2,0,9684,17.8,19,2.3
15.5,2025-02-27 12:42:09.032000+00:00,52.0,1253,1019.1,0,9684,17.9,15,2.6
15.5,2025-02-27 12:43:09.027000+00:00,51.0,1253,1019.0,0,9684,17.9,24,2.1
15.5,2025-02-27 12:44:09.029000+00:00,51.0,1253,1019.1,0,9684,18.0,11,2.3
15.5,2025-02-27 12:45:09.028000+00:00,51.0,1253,1019.1,0,9684,18.0,5,1.4
15.5,2025-02-27 12:46:09.030000+00:00,51.0,1253,1019.0,0,9684,18.0,26,1.9
15.5,2025-02-27 12:47:09.029000+00:00,51.0,1253,1018.9,0,9684,18.0,18,1.9
15.6,2025-02-27 12:48:09.025000+00:00,51.0,1253,1019.1,0,9684,18.2,358,1.0
15.6,2025-02-27 12:49:09.033000+00:00,51.0,1253,1019.1,0,9684,18.2,39,2.3
15.6,2025-02-27 12:50:09.032000+00:00,51.0,1253,1019.3,0,9684,18.1,40,2.4
15.6,2025-02-27 12:51:09.034000+00:00,51.0,1253,1019.5,0,9684,18.0,20,2.3
15.6,2025-02-27 12:52:09.034000+00:00,52.0,1253,1019.6,0,9684,18.0,70,1.9
15.6,2025-02-27 12:53:09.034000+00:00,52.0,1253,1019.5,0,9684,18.0,355,1.6
15.6,2025-02-27 12:54:09.036000+00:00,52.0,1253,1019.5,0,9684,18.0,29,1.3
15.5,2025-02-27 12:55:09.036000+00:00,52.0,1253,1019.6,0,9684,17.9,35,1.6
15.5,2025-02-27 12:56:09.038000+00:00,52.0,1253,1019.6,0,9684,17.9,38,1.6
15.6,2025-02-27 12:57:09.037000+00:00,52.0,1253,1019.6,0,9684,17.9,20,1.9
15.5,2025-02-27 12:58:09.038000+00:00,52.0,1253,1019.7,0,9684,17.9,49,1.8
15.6,2025-02-27 12:59:09.039000+00:00,52.0,1253,1019.6,0,9684,17.9,41,1.2
15.5,2025-02-27 13:00:09.040000+00:00,52.0,1253,1019.6,0,9684,18.0,28,1.8
15.5,2025-02-27 13:01:09.041000+00:00,52.0,1253,1019.7,0,9684,17.9,1,1.6
15.5,2025-02-27 13:02:09.041000+00:00,52.0,1253,1019.6,0,9684,17.9,18,1.8
15.5,2025-02-27 13:03:09.041000+00:00,51.0,1253,1019.5,0,9684,17.9,20,2.4
15.5,2025-02-27 13:04:09.041000+00:00,51.0,1253,1019.5,0,9684,17.9,12,2.4
15.5,2025-02-27 13:05:09.047000+00:00,51.0,1253,1019.4,0,9684,17.9,19,2.3
15.5,2025-02-27 13:06:09.043000+00:00,51.0,1253,1019.4,0,9684,17.9,9,2.2
15.4,2025-02-27 13:07:09.047000+00:00,51.0,1253,1019.3,0,9684,17.9,35,3.2
15.4,2025-02-27 13:08:09.046000+00:00,51.0,1253,1019.4,0,9684,17.9,27,1.9
15.4,2025-02-27 13:09:09.046000+00:00,52.0,1253,1019.4,0,9684,17.9,20,1.8
15.4,2025-02-27 13:10:09.045000+00:00,51.0,1253,1019.3,0,9684,17.9,39,2.8
15.4,2025-02-27 13:11:09.046000+00:00,50.0,1253,1019.3,0,9684,17.8,8,2.4
15.4,2025-02-27 13:12:09.047000+00:00,50.0,1253,1019.3,0,9684,17.8,16,1.7
15.4,2025-02-27 13:13:09.050000+00:00,51.0,1253,1019.3,0,9684,17.8,9,2.6
15.4,2025-02-27 13:14:09.050000+00:00,51.0,1253,1019.4,0,9684,17.7,17,2.2
15.4,2025-02-27 13:15:09.051000+00:00,52.0,1253,1019.5,0,9684,17.7,25,1.7
15.4,2025-02-27 13:16:09.053000+00:00,52.0,1253,1019.4,0,9684,17.7,24,2.3
15.4,2025-02-27 13:17:09.051000+00:00,52.0,1253,1019.5,0,9684,17.7,59,1.9
15.4,2025-02-27 13:18:09.051000+00:00,52.0,1253,1019.4,0,9684,17.7,359,2.1
15.4,2025-02-27 13:19:09.060000+00:00,53.0,1253,1019.5,0,9684,17.7,351,1.8
15.3,2025-02-27 13:20:09.055000+00:00,53.0,1253,1019.4,0,9684,17.7,21,1.9
15.3,2025-02-27 13:21:09.053000+00:00,52.0,1253,1019.5,0,9684,17.7,4,2.4
15.3,2025-02-27 13:22:09.054000+00:00,52.0,1253,1019.4,0,9684,17.7,11,2.3
15.3,2025-02-27 13:23:09.061000+00:00,52.0,1253,1019.3,0,9684,17.7,25,2.7
15.3,2025-02-27 13:24:09.058000+00:00,52.0,1253,1019.3,0,9684,17.6,32,2.8
15.2,2025-02-27 13:25:09.058000+00:00,52.0,1253,1019.3,0,9684,17.6,33,2.6
15.2,2025-02-27 13:26:09.062000+00:00,52.0,1253,1019.3,0,9684,17.4,43,2.9
15.1,2025-02-27 13:27:09.059000+00:00,52.0,1253,1019.3,0,9684,17.4,40,2.0
15.1,2025-02-27 13:28:09.065000+00:00,52.0,1253,1019.3,1,9684,17.4,34,1.1
15.1,2025-02-27 13:29:09.062000+00:00,52.0,1253,1019.4,1,9684,17.5,56,2.0
15.1,2025-02-27 13:30:09.064000+00:00,52.0,1253,1019.5,1,9684,17.4,17,1.8
15.1,2025-02-27 13:31:09.066000+00:00,53.0,1253,1019.5,1,9684,17.3,47,1.4
15.1,2025-02-27 13:32:09.066000+00:00,53.0,1253,1019.6,1,9684,17.2,43,2.4
15.1,2025-02-27 13:33:09.063000+00:00,54.0,1253,1019.6,1,9684,17.1,357,1.6
15.1,2025-02-27 13:34:09.066000+00:00,54.0,1253,1019.6,1,9684,17.0,61,1.6
15.0,2025-02-27 13:35:09.066000+00:00,54.0,1253,1019.6,1,9684,17.0,67,1.8
15.0,2025-02-27 13:36:09.068000+00:00,55.0,1253,1019.7,1,9684,16.9,32,1.8
15.0,2025-02-27 13:37:09.068000+00:00,55.0,1253,1019.8,1,9684,16.8,55,1.7
14.9,2025-02-27 13:38:09.069000+00:00,55.0,1253,1019.9,1,9684,16.7,73,2.2
14.9,2025-02-27 13:39:09.071000+00:00,56.0,1253,1020.0,1,9684,16.7,20,2.0
14.9,2025-02-27 13:40:09.069000+00:00,56.0,1253,1019.9,1,9684,16.8,15,1.9
14.9,2025-02-27 13:41:09.068000+00:00,55.0,1253,1020.1,0,9684,16.8,17,2.3
14.9,2025-02-27 13:42:09.068000+00:00,55.0,1253,1020.0,0,9684,16.9,11,2.8
14.9,2025-02-27 13:43:09.070000+00:00,54.0,1253,1020.0,0,9684,16.9,27,2.7
14.9,2025-02-27 13:44:09.075000+00:00,53.0,1253,1020.0,0,9684,16.9,14,2.6
14.9,2025-02-27 13:45:09.072000+00:00,53.0,1253,1019.9,0,9684,16.9,6,2.5
14.8,2025-02-27 13:46:09.071000+00:00,53.0,1253,1019.8,0,9684,16.9,27,2.0
14.8,2025-02-27 13:47:09.071000+00:00,52.0,1253,1019.7,0,9684,16.9,22,2.1
14.8,2025-02-27 13:48:09.071000+00:00,52.0,1253,1019.7,0,9684,16.9,23,3.1
14.8,2025-02-27 13:49:09.074000+00:00,52.0,1253,1019.7,0,9684,16.9,13,2.7
14.7,2025-02-27 13:50:09.072000+00:00,52.0,1253,1019.6,0,9684,17.0,6,2.4
14.8,2025-02-27 13:51:09.075000+00:00,52.0,1253,1019.7,0,9684,16.9,13,2.4
14.8,2025-02-27 13:52:09.075000+00:00,52.0,1253,1019.6,0,9684,16.9,10,2.2
14.8,2025-02-27 13:53:09.075000+00:00,53.0,1253,1019.7,0,9684,16.9,9,2.2
14.7,2025-02-27 13:54:09.078000+00:00,53.0,1253,1019.7,0,9684,16.9,26,2.1
14.7,2025-02-27 13:55:09.076000+00:00,54.0,1253,1019.8,0,9684,17.0,34,2.3
14.7,2025-02-27 13:56:09.099000+00:00,54.0,1253,1019.7,1,9684,17.0,31,3.0
14.7,2025-02-27 13:57:09.083000+00:00,55.0,1253,1019.9,1,9684,16.9,34,2.1
14.7,2025-02-27 13:58:09.080000+00:00,55.0,1253,1019.8,1,9684,16.7,35,2.6
14.7,2025-02-27 13:59:09.078000+00:00,55.0,1253,1019.9,1,9684,16.7,9,2.2
14.7,2025-02-27 14:00:09.080000+00:00,56.0,1253,1020.0,1,9684,16.6,51,1.8
14.6,2025-02-27 14:01:09.080000+00:00,56.0,1253,1019.9,1,9684,16.6,14,2.6
14.6,2025-02-27 14:02:09.091000+00:00,57.0,1253,1019.9,1,9684,16.6,20,1.5
14.6,2025-02-27 14:03:09.082000+00:00,57.0,1253,1019.8,0,9684,16.7,31,1.6
14.6,2025-02-27 14:04:09.096000+00:00,56.0,1253,1019.8,0,9684,16.7,52,1.5
14.6,2025-02-27 14:05:09.083000+00:00,56.0,1253,1019.7,0,9684,16.7,47,2.1
14.6,2025-02-27 14:06:09.092000+00:00,55.0,1253,1019.7,0,9684,16.7,37,1.8
14.6,2025-02-27 14:07:09.087000+00:00,55.0,1253,1019.9,0,9684,16.7,29,1.8
14.6,2025-02-27 14:08:09.085000+00:00,55.0,1253,1019.8,0,9684,16.8,15,2.0
14.6,2025-02-27 14:09:09.085000+00:00,54.0,1253,1019.8,0,9684,16.8,53,2.4
14.6,2025-02-27 14:10:09.088000+00:00,54.0,1253,1019.9,0,9684,16.8,68,1.5
14.6,2025-02-27 14:11:09.089000+00:00,53.0,1253,1019.8,0,9684,16.7,42,2.2
14.6,2025-02-27 14:12:09.088000+00:00,53.0,1253,1020.0,0,9684,16.7,36,2.4
14.6,2025-02-27 14:13:09.090000+00:00,53.0,1253,1020.1,0,9684,16.7,36,1.9
14.6,2025-02-27 14:14:09.091000+00:00,53.0,1253,1020.2,0,9684,16.7,59,2.1
14.6,2025-02-27 14:15:09.090000+00:00,53.0,1253,1020.2,0,9684,16.8,30,2.2
14.6,2025-02-27 14:16:09.091000+00:00,53.0,1253,1020.0,0,9684,16.7,25,1.7
14.6,2025-02-27 14:17:09.092000+00:00,54.0,1253,1020.0,0,9684,16.7,50,2.3
14.7,2025-02-27 14:18:09.092000+00:00,54.0,1253,1019.9,0,9684,16.7,55,1.3
14.7,2025-02-27 14:19:09.094000+00:00,55.0,1253,1019.8,0,9684,16.8,36,1.9
14.6,2025-02-27 14:20:09.095000+00:00,55.0,1253,1019.9,0,9684,16.8,19,1.4
14.6,2025-02-27 14:21:09.101000+00:00,55.0,1253,1019.8,0,9684,16.7,14,1.2
14.6,2025-02-27 14:22:09.100000+00:00,56.0,1253,1019.9,0,9684,16.7,14,1.7
14.6,2025-02-27 14:23:09.100000+00:00,56.0,1253,1019.7,0,9684,16.8,17,1.7
14.6,2025-02-27 14:24:09.096000+00:00,56.0,1253,1019.7,0,9684,16.7,81,1.4
14.6,2025-02-27 14:25:09.101000+00:00,56.0,1253,1019.6,0,9684,16.7,24,1.6
14.6,2025-02-27 14:26:09.100000+00:00,57.0,1253,1019.7,0,9684,16.7,91,2.3
14.6,2025-02-27 14:27:09.099000+00:00,57.0,1253,1019.6,0,9684,16.7,73,0.9
14.6,2025-02-27 14:28:09.100000+00:00,57.0,1253,1019.6,0,9684,16.8,62,1.4
14.6,2025-02-27 14:29:09.106000+00:00,57.0,1253,1019.6,0,9684,16.8,57,1.8
14.6,2025-02-27 14:30:09.105000+00:00,57.0,1253,1019.5,0,9684,16.7,38,1.4
14.6,2025-02-27 14:31:09.109000+00:00,57.0,1253,1019.5,0,9684,16.7,72,1.3
14.6,2025-02-27 14:32:09.102000+00:00,57.0,1253,1019.5,0,9684,16.7,38,0.6
14.6,2025-02-27 14:33:09.110000+00:00,57.0,1253,1019.5,0,9684,16.7,350,1.4
14.6,2025-02-27 14:34:09.103000+00:00,57.0,1253,1019.5,0,9684,16.7,1,1.5
14.6,2025-02-27 14:35:09.105000+00:00,58.0,1253,1019.7,0,9684,16.7,45,1.7
14.6,2025-02-27 14:36:09.106000+00:00,58.0,1253,1019.7,0,9684,16.7,7,1.2
14.6,2025-02-27 14:37:09.113000+00:00,58.0,1253,1019.6,0,9684,16.8,92,1.6
14.6,2025-02-27 14:38:09.106000+00:00,58.0,1253,1019.6,0,9684,16.7,53,1.7
14.6,2025-02-27 14:39:09.111000+00:00,58.0,1253,1019.5,0,9684,16.6,19,2.0
14.6,2025-02-27 14:40:09.112000+00:00,58.0,1253,1019.7,0,9684,16.6,57,1.6
14.6,2025-02-27 14:41:09.112000+00:00,58.0,1253,1019.6,0,9684,16.5,15,2.2
14.6,2025-02-27 14:42:09.109000+00:00,58.0,1253,1019.7,0,9684,16.5,73,1.9
14.6,2025-02-27 14:43:09.112000+00:00,58.0,1253,1019.6,0,9684,16.6,17,1.7
14.6,2025-02-27 14:44:09.110000+00:00,58.0,1253,1019.7,0,9684,16.6,10,1.6
14.5,2025-02-27 14:45:09.111000+00:00,58.0,1253,1019.7,0,9684,16.6,28,1.2
14.6,2025-02-27 14:46:09.111000+00:00,58.0,1253,1019.8,0,9684,16.5,68,1.4
14.6,2025-02-27 14:47:09.112000+00:00,58.0,1253,1019.8,0,9684,16.5,26,1.3
14.5,2025-02-27 14:48:09.113000+00:00,59.0,1253,1019.9,0,9684,16.6,66,0.9
14.6,2025-02-27 14:49:09.115000+00:00,58.0,1253,1019.8,0,9684,16.6,48,1.5
14.6,2025-02-27 14:50:09.113000+00:00,58.0,1253,1019.8,0,9684,16.6,15,1.7
14.6,2025-02-27 14:51:09.115000+00:00,58.0,1253,1019.7,0,9684,16.5,35,1.4
14.6,2025-02-27 14:52:09.117000+00:00,58.0,1253,1019.6,0,9684,16.5,9,1.5
14.5,2025-02-27 14:53:09.118000+00:00,58.0,1253,1019.6,0,9684,16.5,37,1.2
14.5,2025-02-27 14:54:09.117000+00:00,58.0,1253,1019.7,0,9684,16.6,35,1.4
14.5,2025-02-27 14:55:09.118000+00:00,58.0,1253,1019.7,0,9684,16.5,28,1.5
14.5,2025-02-27 14:56:09.118000+00:00,58.0,1253,1019.9,0,9684,16.5,12,0.8
14.5,2025-02-27 14:57:09.118000+00:00,58.0,1253,1019.9,0,9684,16.5,12,1.5
14.6,2025-02-27 14:58:09.120000+00:00,58.0,1253,1020.0,0,9684,16.5,70,1.0
14.6,2025-02-27 14:59:09.120000+00:00,58.0,1253,1020.0,0,9684,16.5,72,1.2
14.6,2025-02-27 15:00:09.121000+00:00,58.0,1253,1020.0,0,9684,16.5,3,1.1
14.6,2025-02-27 15:01:09.170000+00:00,57.0,1253,1020.0,0,9684,16.5,46,1.1
14.6,2025-02-27 15:02:09.171000+00:00,57.0,1253,1019.9,0,9684,16.5,52,1.3
14.6,2025-02-27 15:03:09.170000+00:00,57.0,1253,1020.0,0,9684,16.5,81,1.5
14.6,2025-02-27 15:04:09.170000+00:00,58.0,1253,1020.0,0,9684,16.5,134,1.2
14.6,2025-02-27 15:05:09.173000+00:00,58.0,1253,1020.0,0,9684,16.5,83,0.6
14.6,2025-02-27 15:06:09.175000+00:00,58.0,1253,1020.1,0,9684,16.5,95,0.6
14.6,2025-02-27 15:07:09.172000+00:00,58.0,1253,1020.0,0,9684,16.5,88,1.3
14.6,2025-02-27 15:08:09.174000+00:00,58.0,1253,1020.2,0,9684,16.5,63,1.0
14.6,2025-02-27 15:09:09.182000+00:00,58.0,1253,1020.2,0,9684,16.5,46,1.3
14.6,2025-02-27 15:10:09.175000+00:00,57.0,1253,1020.3,0,9684,16.6,69,1.8
14.6,2025-02-27 15:11:09.180000+00:00,57.0,1253,1020.3,0,9684,16.6,40,2.1
14.6,2025-02-27 15:12:09.179000+00:00,57.0,1253,1020.4,0,9684,16.5,60,1.6
14.6,2025-02-27 15:13:09.178000+00:00,56.0,1253,1020.3,0,9684,16.5,44,1.5
14.6,2025-02-27 15:14:09.179000+00:00,56.0,1253,1020.3,0,9684,16.5,27,2.0
14.7,2025-02-27 15:15:09.178000+00:00,56.0,1253,1020.3,0,9684,16.5,66,2.1
14.7,2025-02-27 15:16:09.199000+00:00,57.0,1253,1020.2,0,9684,16.5,36,1.6
14.7,2025-02-27 15:17:09.213000+00:00,57.0,1253,1020.1,0,9684,16.5,67,3.0
14.7,2025-02-27 15:18:09.212000+00:00,57.0,1253,1020.2,0,9684,16.4,15,1.8
14.6,2025-02-27 15:19:09.228000+00:00,57.0,1253,1020.3,0,9684,16.5,54,1.5
14.6,2025-02-27 15:20:09.229000+00:00,57.0,1253,1020.4,0,9684,16.5,70,1.4
14.6,2025-02-27 15:21:09.229000+00:00,57.0,1253,1020.4,0,9684,16.4,56,2.1
14.6,2025-02-27 15:22:09.231000+00:00,57.0,1253,1020.5,0,9684,16.4,356,2.7
14.6,2025-02-27 15:23:09.231000+00:00,57.0,1253,1020.5,0,9684,16.4,26,2.0
14.6,2025-02-27 15:24:09.232000+00:00,57.0,1253,1020.5,0,9684,16.4,40,2.1
14.6,2025-02-27 15:25:09.253000+00:00,57.0,1253,1020.5,0,9684,16.5,75,1.8
14.6,2025-02-27 15:26:09.248000+00:00,57.0,1253,1020.3,0,9684,16.4,48,1.9
14.6,2025-02-27 15:27:09.248000+00:00,57.0,1253,1020.4,0,9684,16.4,24,1.8
14.6,2025-02-27 15:28:09.266000+00:00,57.0,1253,1020.3,0,9684,16.4,28,1.9
14.6,2025-02-27 15:29:09.269000+00:00,57.0,1253,1020.2,0,9684,16.4,61,1.5
14.5,2025-02-27 15:30:09.267000+00:00,57.0,1253,1020.3,0,9684,16.4,22,1.0
14.5,2025-02-27 15:31:09.268000+00:00,56.0,1253,1020.3,0,9684,16.3,31,1.4
14.5,2025-02-27 15:32:09.267000+00:00,56.0,1253,1020.2,0,9684,16.3,69,0.9
14.5,2025-02-27 15:33:09.269000+00:00,56.0,1253,1020.3,0,9684,16.3,60,1.6
14.5,2025-02-27 15:34:09.270000+00:00,56.0,1253,1020.5,0,9684,16.3,68,1.4
14.4,2025-02-27 15:35:09.271000+00:00,56.0,1253,1020.5,0,9684,16.2,36,1.0
14.4,2025-02-27 15:36:09.271000+00:00,56.0,1253,1020.5,0,9684,16.2,68,2.1
14.4,2025-02-27 15:37:09.273000+00:00,55.0,1253,1020.4,0,9684,16.2,58,1.7
14.4,2025-02-27 15:38:09.273000+00:00,55.0,1253,1020.2,0,9684,16.3,25,1.5
14.4,2025-02-27 15:39:09.264000+00:00,55.0,1253,1020.0,0,9684,16.3,40,2.0
14.4,2025-02-27 15:40:09.276000+00:00,55.0,1253,1019.8,0,9684,16.3,27,1.5
14.4,2025-02-27 15:41:09.274000+00:00,55.0,1253,1019.8,0,9684,16.2,39,2.1
14.4,2025-02-27 15:42:09.275000+00:00,55.0,1253,1019.9,0,9684,16.2,51,1.8
14.4,2025-02-27 15:43:09.277000+00:00,55.0,1253,1019.9,0,9684,16.1,10,1.4
14.4,2025-02-27 15:44:09.281000+00:00,55.0,1253,1020.0,0,9684,16.1,22,1.2
14.4,2025-02-27 15:45:09.277000+00:00,55.0,1253,1020.1,0,9684,16.1,6,1.3
14.4,2025-02-27 15:46:09.278000+00:00,55.0,1253,1020.0,0,9684,16.0,44,1.3
14.3,2025-02-27 15:47:09.278000+00:00,55.0,1253,1020.1,0,9684,16.0,41,1.3
14.3,2025-02-27 15:48:09.281000+00:00,55.0,1253,1020.1,0,9684,16.0,32,1.1
14.3,2025-02-27 15:49:09.282000+00:00,55.0,1253,1020.2,0,9684,15.9,76,1.2
14.3,2025-02-27 15:50:09.284000+00:00,54.0,1253,1020.2,0,9684,15.9,31,1.6
14.3,2025-02-27 15:51:09.281000+00:00,54.0,1253,1020.2,0,9684,15.9,54,1.7
14.3,2025-02-27 15:52:09.284000+00:00,54.0,1253,1020.0,0,9684,15.9,47,1.6
14.3,2025-02-27 15:53:09.284000+00:00,54.0,1253,1020.1,0,9684,15.8,8,1.9
14.3,2025-02-27 15:54:09.285000+00:00,54.0,1253,1020.1,0,9684,15.8,49,0.9
14.3,2025-02-27 15:55:09.285000+00:00,54.0,1253,1020.2,0,9684,15.8,77,1.3
14.3,2025-02-27 15:56:09.285000+00:00,55.0,1253,1020.1,0,9684,15.8,21,0.9
14.3,2025-02-27 15:57:09.286000+00:00,54.0,1253,1020.1,0,9684,15.8,8,0.9
14.3,2025-02-27 15:58:09.285000+00:00,54.0,1253,1020.0,0,9684,15.8,0,1.5
14.3,2025-02-27 15:59:09.287000+00:00,54.0,1253,1020.1,0,9684,15.8,38,0.9
14.2,2025-02-27 16:00:09.287000+00:00,54.0,1253,1020.1,0,9684,15.8,46,1.2
14.2,2025-02-27 16:01:09.288000+00:00,54.0,1253,1020.2,0,9684,15.8,51,1.4
14.2,2025-02-27 16:02:09.291000+00:00,54.0,1253,1020.1,0,9684,15.7,39,1.1
14.1,2025-02-27 16:03:09.296000+00:00,54.0,1253,1020.0,0,9684,15.7,40,1.4
14.2,2025-02-27 16:04:09.291000+00:00,54.0,1253,1019.9,0,9684,15.6,30,1.7
14.1,2025-02-27 16:05:09.292000+00:00,54.0,1253,1019.9,0,9684,15.6,58,1.3
14.1,2025-02-27 16:06:09.296000+00:00,54.0,1253,1020.0,0,9684,15.6,98,1.6
14.1,2025-02-27 16:07:09.293000+00:00,54.0,1253,1020.1,0,9684,15.6,7,1.4
16.1,2025-02-28 06:45:13.153000+00:00,54.0,1253,1020.8,0,9685,23.8,40,1.8
16.3,2025-02-28 06:46:13.143000+00:00,52.0,1253,1020.7,0,9685,24.1,19,2.3
16.4,2025-02-28 06:47:13.151000+00:00,51.0,1253,1020.7,0,9685,24.7,47,2.4
16.5,2025-02-28 06:48:13.153000+00:00,50.0,1253,1020.7,0,9685,24.8,32,1.8
16.5,2025-02-28 06:49:13.153000+00:00,49.0,1253,1020.6,0,9685,24.9,30,2.3
16.5,2025-02-28 06:50:13.155000+00:00,49.0,1253,1020.7,0,9685,24.8,80,2.3
16.5,2025-02-28 06:51:13.158000+00:00,50.0,1253,1020.7,0,9685,24.2,353,2.1
16.5,2025-02-28 06:52:13.156000+00:00,50.0,1253,1020.7,0,9685,23.8,40,1.4
16.6,2025-02-28 06:53:13.156000+00:00,50.0,1253,1020.8,0,9685,23.8,54,2.0
16.6,2025-02-28 06:54:13.157000+00:00,50.0,1253,1020.7,0,9685,24.1,42,1.5
16.6,2025-02-28 06:55:13.159000+00:00,49.0,1253,1020.6,0,9685,24.5,33,1.9
16.7,2025-02-28 06:56:13.158000+00:00,49.0,1253,1020.6,0,9685,24.8,33,1.7
16.7,2025-02-28 06:57:13.158000+00:00,49.0,1253,1020.7,0,9685,24.9,57,3.1
16.7,2025-02-28 06:58:13.163000+00:00,49.0,1253,1020.6,0,9685,25.0,57,2.9
16.6,2025-02-28 06:59:13.161000+00:00,50.0,1253,1020.5,0,9685,25.1,61,2.7
16.8,2025-02-28 07:00:13.161000+00:00,50.0,1253,1020.6,0,9685,25.5,56,2.0
16.8,2025-02-28 07:01:13.161000+00:00,49.0,1253,1020.6,0,9685,25.6,15,2.1
16.8,2025-02-28 07:02:13.163000+00:00,48.0,1253,1020.4,0,9685,25.7,23,2.1
16.8,2025-02-28 07:03:13.162000+00:00,49.0,1253,1020.5,0,9685,25.9,32,2.0
16.8,2025-02-28 07:04:13.165000+00:00,49.0,1253,1020.6,0,9685,25.7,24,2.1
16.8,2025-02-28 07:05:13.164000+00:00,48.0,1253,1020.4,0,9685,25.5,30,1.8
16.8,2025-02-28 07:06:13.166000+00:00,49.0,1253,1020.6,0,9685,25.5,10,1.8
16.8,2025-02-28 07:07:13.167000+00:00,49.0,1253,1020.6,0,9685,25.5,29,1.7
17.0,2025-02-28 07:08:13.167000+00:00,48.0,1253,1020.6,0,9685,25.7,39,1.8
17.1,2025-02-28 07:09:13.168000+00:00,48.0,1253,1020.5,0,9685,26.3,89,1.9
17.2,2025-02-28 07:10:13.168000+00:00,47.0,1253,1020.5,0,9685,26.4,68,1.6
17.3,2025-02-28 07:11:13.167000+00:00,47.0,1253,1020.6,0,9685,26.3,122,1.1
17.2,2025-02-28 07:12:13.168000+00:00,47.0,1253,1020.5,0,9685,26.2,88,1.7
17.3,2025-02-28 07:13:13.169000+00:00,48.0,1253,1020.4,0,9685,26.4,79,1.8
17.2,2025-02-28 07:14:13.168000+00:00,47.0,1253,1020.5,0,9685,26.3,14,1.5
17.3,2025-02-28 07:15:13.174000+00:00,48.0,1253,1020.4,0,9685,26.5,23,1.5
17.2,2025-02-28 07:16:13.172000+00:00,47.0,1253,1020.4,0,9685,26.7,59,2.2
17.2,2025-02-28 07:17:13.173000+00:00,47.0,1253,1020.5,0,9685,26.7,72,2.4
17.2,2025-02-28 07:18:13.174000+00:00,47.0,1253,1020.5,0,9685,26.7,27,1.4
17.3,2025-02-28 07:19:13.171000+00:00,47.0,1253,1020.5,0,9685,27.1,79,1.8
17.2,2025-02-28 07:20:13.173000+00:00,47.0,1253,1020.6,0,9685,27.1,9,1.8
17.2,2025-02-28 07:21:13.173000+00:00,47.0,1253,1020.6,0,9685,27.0,24,2.1
17.2,2025-02-28 07:22:13.176000+00:00,47.0,1253,1020.5,0,9685,26.9,58,1.4
17.3,2025-02-28 07:23:13.180000+00:00,46.0,1253,1020.5,0,9685,27.0,42,1.9
17.4,2025-02-28 07:24:13.175000+00:00,46.0,1253,1020.4,0,9685,27.0,47,3.0
17.3,2025-02-28 07:25:13.176000+00:00,46.0,1253,1020.4,0,9685,27.1,30,2.3
17.3,2025-02-28 07:26:13.177000+00:00,46.0,1253,1020.3,0,9685,27.3,4,2.7
17.3,2025-02-28 07:27:13.179000+00:00,46.0,1253,1020.3,0,9685,27.4,4,1.5
17.4,2025-02-28 07:28:13.179000+00:00,45.0,1253,1020.3,0,9685,27.4,61,2.3
17.3,2025-02-28 07:29:13.182000+00:00,46.0,1253,1020.4,0,9685,27.4,41,2.2
17.4,2025-02-28 07:30:13.180000+00:00,46.0,1253,1020.5,0,9685,27.5,78,2.5
17.3,2025-02-28 07:31:13.188000+00:00,46.0,1253,1020.3,0,9685,28.1,27,2.2
17.3,2025-02-28 07:32:13.189000+00:00,46.0,1253,1020.3,0,9685,28.1,41,2.0
17.4,2025-02-28 07:33:13.175000+00:00,46.0,1253,1020.3,0,9685,28.1,41,2.0
17.2,2025-02-28 07:34:13.187000+00:00,46.0,1253,1020.3,0,9685,28.0,50,2.4
17.1,2025-02-28 07:35:13.187000+00:00,46.0,1253,1020.2,0,9685,28.0,18,2.2
17.1,2025-02-28 07:36:13.187000+00:00,45.0,1253,1020.2,0,9685,28.0,22,2.5
17.1,2025-02-28 07:37:13.187000+00:00,45.0,1253,1020.2,0,9685,28.3,2,1.5
17.2,2025-02-28 07:38:13.186000+00:00,44.0,1253,1020.2,0,9685,28.3,59,2.0
17.3,2025-02-28 07:39:13.187000+00:00,45.0,1253,1020.1,0,9685,28.0,71,2.9
17.3,2025-02-28 07:40:13.186000+00:00,45.0,1253,1020.2,0,9685,28.0,351,2.6
17.3,2025-02-28 07:41:13.189000+00:00,46.0,1253,1020.1,0,9685,28.1,43,2.2
17.4,2025-02-28 07:42:13.190000+00:00,45.0,1253,1020.2,0,9685,28.6,4,2.8
17.5,2025-02-28 07:43:13.189000+00:00,44.0,1253,1020.1,0,9685,28.6,24,2.3
17.5,2025-02-28 07:44:13.194000+00:00,44.0,1253,1020.1,0,9685,28.6,80,1.9
17.4,2025-02-28 07:45:13.191000+00:00,45.0,1253,1020.0,0,9685,28.4,17,2.3
17.4,2025-02-28 07:46:13.182000+00:00,45.0,1253,1020.2,0,9685,28.3,345,3.2
17.4,2025-02-28 07:47:13.192000+00:00,46.0,1253,1020.2,0,9685,28.4,50,2.2
17.3,2025-02-28 07:48:13.193000+00:00,46.0,1253,1020.1,0,9685,28.5,31,2.9
17.3,2025-02-28 07:49:13.193000+00:00,46.0,1253,1020.1,0,9685,28.7,34,2.4
17.3,2025-02-28 07:50:13.194000+00:00,46.0,1253,1020.2,0,9685,28.7,68,1.7
17.3,2025-02-28 07:51:13.200000+00:00,45.0,1253,1020.1,0,9685,28.8,23,2.1
17.3,2025-02-28 07:52:13.195000+00:00,45.0,1253,1020.2,0,9685,28.8,60,2.0
17.2,2025-02-28 07:53:13.197000+00:00,45.0,1253,1020.2,0,9685,29.1,42,2.1
17.3,2025-02-28 07:54:13.213000+00:00,45.0,1253,1020.1,0,9685,29.6,25,2.4
17.4,2025-02-28 07:55:13.220000+00:00,45.0,1253,1020.1,0,9685,29.6,348,2.1
17.5,2025-02-28 07:56:13.215000+00:00,45.0,1253,1020.0,0,9685,29.5,33,1.9
17.5,2025-02-28 07:57:13.215000+00:00,45.0,1253,1020.1,0,9685,29.7,42,2.3
17.5,2025-02-28 07:58:13.234000+00:00,45.0,1253,1020.0,0,9685,29.7,85,2.5
17.6,2025-02-28 07:59:13.250000+00:00,46.0,1253,1020.1,0,9685,29.7,12,2.5
17.6,2025-02-28 08:00:13.248000+00:00,46.0,1253,1020.1,0,9685,30.0,41,2.4
17.6,2025-02-28 08:01:13.249000+00:00,46.0,1253,1020.1,0,9685,30.1,31,2.4
17.5,2025-02-28 08:02:13.251000+00:00,44.0,1253,1020.0,0,9685,30.1,22,3.0
17.6,2025-02-28 08:03:13.268000+00:00,44.0,1253,1020.1,0,9685,29.8,70,2.6
17.5,2025-02-28 08:04:13.284000+00:00,44.0,1253,1020.0,0,9685,29.5,5,3.4
17.5,2025-02-28 08:05:13.299000+00:00,45.0,1253,1019.9,0,9685,29.3,50,1.9
17.4,2025-02-28 08:06:13.301000+00:00,46.0,1253,1019.9,0,9685,29.0,31,2.2
17.3,2025-02-28 08:07:13.300000+00:00,46.0,1253,1020.0,0,9685,29.2,27,2.6
17.3,2025-02-28 08:08:13.308000+00:00,46.0,1253,1019.9,0,9685,29.4,14,2.6
17.4,2025-02-28 08:09:13.316000+00:00,45.0,1253,1020.0,0,9685,29.4,28,2.2
17.4,2025-02-28 08:10:13.318000+00:00,45.0,1253,1019.9,0,9685,29.4,21,2.2
17.4,2025-02-28 08:11:13.335000+00:00,45.0,1253,1019.9,0,9685,29.8,22,2.0
17.5,2025-02-28 08:12:13.338000+00:00,44.0,1253,1019.9,0,9685,29.8,21,3.1
17.6,2025-02-28 08:13:13.336000+00:00,43.0,1253,1019.9,0,9685,30.6,28,2.7
17.6,2025-02-28 08:14:13.337000+00:00,44.0,1253,1019.8,0,9685,30.6,5,3.6
17.7,2025-02-28 08:15:13.338000+00:00,44.0,1253,1019.9,0,9685,30.5,23,2.6
17.7,2025-02-28 08:16:13.340000+00:00,44.0,1253,1019.9,0,9685,30.6,24,2.4
17.8,2025-02-28 08:17:13.339000+00:00,43.0,1253,1019.9,0,9685,30.6,30,2.9
17.9,2025-02-28 08:18:13.348000+00:00,43.0,1253,1019.8,0,9685,29.9,31,3.1
17.8,2025-02-28 08:19:13.343000+00:00,43.0,1253,1019.9,0,9685,29.8,17,2.6
17.8,2025-02-28 08:20:13.342000+00:00,43.0,1253,1019.8,0,9685,29.5,30,2.0
17.8,2025-02-28 08:21:13.344000+00:00,44.0,1253,1019.9,0,9685,29.4,32,2.3
17.7,2025-02-28 08:22:13.347000+00:00,43.0,1253,1019.8,0,9685,29.3,21,2.5
17.7,2025-02-28 08:23:13.344000+00:00,42.0,1253,1019.9,0,9685,29.4,8,2.4
17.8,2025-02-28 08:24:13.344000+00:00,42.0,1253,1019.8,0,9685,29.7,28,2.2
17.9,2025-02-28 08:25:13.344000+00:00,41.0,1253,1019.7,0,9685,30.0,30,3.9
18.0,2025-02-28 08:26:13.347000+00:00,41.0,1253,1019.8,0,9685,30.3,7,2.5
18.0,2025-02-28 08:27:13.348000+00:00,40.0,1253,1019.7,0,9685,30.3,15,3.9
18.1,2025-02-28 08:28:13.347000+00:00,41.0,1253,1019.9,0,9685,30.5,26,3.1
18.0,2025-02-28 08:29:13.351000+00:00,40.0,1253,1019.6,0,9685,30.2,19,3.1
17.9,2025-02-28 08:30:13.350000+00:00,41.0,1253,1019.6,0,9685,30.0,16,3.0
17.9,2025-02-28 08:31:13.350000+00:00,39.0,1253,1019.5,0,9685,29.8,31,3.5
17.9,2025-02-28 08:32:13.352000+00:00,38.0,1253,1019.6,0,9685,29.7,45,3.9
17.9,2025-02-28 08:33:13.352000+00:00,38.0,1253,1019.5,0,9685,29.8,26,3.3
17.9,2025-02-28 08:34:13.353000+00:00,37.0,1253,1019.6,0,9685,29.8,356,3.0
17.9,2025-02-28 08:35:13.362000+00:00,37.0,1253,1019.6,0,9685,29.7,12,3.0
17.9,2025-02-28 08:36:13.353000+00:00,37.0,1253,1019.5,0,9685,29.9,8,3.2
18.0,2025-02-28 08:37:13.354000+00:00,37.0,1253,1019.5,0,9685,30.2,29,3.1
18.0,2025-02-28 08:38:13.354000+00:00,37.0,1253,1019.3,0,9685,30.6,61,4.1
18.0,2025-02-28 08:39:13.355000+00:00,38.0,1253,1019.4,0,9685,30.8,41,2.5
18.0,2025-02-28 08:40:13.358000+00:00,38.0,1253,1019.3,0,9685,30.9,3,2.5
18.0,2025-02-28 08:41:13.348000+00:00,39.0,1253,1019.4,0,9685,31.1,28,3.6
18.1,2025-02-28 08:42:13.358000+00:00,40.0,1253,1019.4,0,9685,31.0,38,4.4
18.1,2025-02-28 08:43:13.356000+00:00,41.0,1253,1019.4,0,9685,30.8,12,4.2
18.1,2025-02-28 08:44:13.359000+00:00,39.0,1253,1019.3,0,9685,30.8,16,4.6
18.0,2025-02-28 08:45:13.358000+00:00,39.0,1253,1019.3,0,9685,30.7,17,3.1
18.0,2025-02-28 08:46:13.358000+00:00,38.0,1253,1019.3,0,9685,30.8,17,3.3
18.0,2025-02-28 08:47:13.360000+00:00,38.0,1253,1019.3,0,9685,30.8,4,3.7
18.0,2025-02-28 08:48:13.358000+00:00,38.0,1253,1019.4,0,9685,30.7,25,3.9
18.0,2025-02-28 08:49:13.360000+00:00,39.0,1253,1019.4,0,9685,30.7,13,3.5
17.9,2025-02-28 08:50:13.362000+00:00,38.0,1253,1019.3,0,9685,31.3,20,3.2
17.9,2025-02-28 08:51:13.364000+00:00,38.0,1253,1019.2,0,9685,31.7,19,3.4
18.0,2025-02-28 08:52:13.365000+00:00,38.0,1253,1019.3,0,9685,31.9,26,2.9
18.0,2025-02-28 08:53:13.370000+00:00,38.0,1253,1019.3,0,9685,32.0,20,3.2
18.1,2025-02-28 08:54:13.365000+00:00,38.0,1253,1019.4,0,9685,32.3,12,3.9
18.2,2025-02-28 08:55:13.365000+00:00,37.0,1253,1019.3,0,9685,32.0,16,4.5
18.3,2025-02-28 08:56:13.365000+00:00,38.0,1253,1019.3,0,9685,31.9,27,4.3
18.1,2025-02-28 08:57:13.366000+00:00,38.0,1253,1019.2,0,9685,31.9,7,4.0
18.2,2025-02-28 08:58:13.366000+00:00,39.0,1253,1019.1,0,9685,31.8,17,3.2
18.2,2025-02-28 08:59:13.389000+00:00,39.0,1253,1019.2,0,9685,31.8,12,3.6
18.1,2025-02-28 09:00:13.385000+00:00,40.0,1253,1019.2,0,9685,31.9,12,4.0
18.0,2025-02-28 09:01:13.386000+00:00,39.0,1253,1019.0,0,9685,31.8,359,4.5
18.1,2025-02-28 09:02:13.386000+00:00,39.0,1253,1019.1,0,9685,31.8,359,4.7
18.2,2025-02-28 09:03:13.387000+00:00,39.0,1253,1019.1,0,9685,31.9,0,4.6
18.3,2025-02-28 09:04:13.387000+00:00,38.0,1253,1019.2,0,9685,32.2,7,4.7
18.4,2025-02-28 09:05:13.386000+00:00,37.0,1253,1019.1,0,9685,32.2,355,4.2
18.3,2025-02-28 09:06:13.406000+00:00,37.0,1253,1019.1,0,9685,32.2,14,5.1
18.3,2025-02-28 09:07:13.422000+00:00,38.0,1253,1019.0,0,9685,32.4,25,3.9
18.3,2025-02-28 09:08:13.436000+00:00,38.0,1253,1019.0,0,9685,32.2,12,2.6
18.4,2025-02-28 09:09:13.439000+00:00,39.0,1253,1019.1,0,9685,32.2,30,2.9
18.4,2025-02-28 09:10:13.455000+00:00,38.0,1253,1019.0,0,9685,32.2,17,2.8
18.3,2025-02-28 09:11:13.473000+00:00,39.0,1253,1019.0,0,9685,32.3,13,2.8
18.4,2025-02-28 09:12:13.472000+00:00,38.0,1253,1019.2,0,9685,32.2,33,3.2
18.4,2025-02-28 09:13:13.488000+00:00,37.0,1253,1019.0,0,9685,32.2,20,3.5
18.4,2025-02-28 09:14:13.489000+00:00,38.0,1253,1019.1,0,9685,32.2,21,2.7
18.4,2025-02-28 09:15:13.488000+00:00,37.0,1253,1019.1,0,9685,32.4,24,3.3
18.4,2025-02-28 09:16:13.505000+00:00,37.0,1253,1019.0,0,9685,32.5,28,3.8
18.4,2025-02-28 09:17:13.504000+00:00,37.0,1253,1019.1,0,9685,32.8,23,4.0
18.3,2025-02-28 09:18:13.505000+00:00,37.0,1253,1019.1,0,9685,32.8,345,3.5
18.3,2025-02-28 09:19:13.508000+00:00,37.0,1253,1019.0,0,9685,32.8,16,3.3
18.2,2025-02-28 09:20:13.507000+00:00,37.0,1253,1019.0,0,9685,32.4,11,5.4
18.2,2025-02-28 09:21:13.516000+00:00,38.0,1253,1018.9,0,9685,32.3,16,4.0
18.1,2025-02-28 09:22:13.501000+00:00,38.0,1253,1018.8,0,9685,32.1,5,3.4
18.0,2025-02-28 09:23:13.510000+00:00,39.0,1253,1019.0,0,9685,32.2,358,2.5
18.1,2025-02-28 09:24:13.512000+00:00,38.0,1253,1018.8,0,9685,32.5,36,3.7
18.2,2025-02-28 09:25:13.513000+00:00,38.0,1253,1018.9,0,9685,32.9,28,3.6
18.4,2025-02-28 09:26:13.517000+00:00,38.0,1253,1018.8,0,9685,33.0,24,2.5
18.5,2025-02-28 09:27:13.514000+00:00,38.0,1253,1018.9,0,9685,32.9,5,3.7
18.4,2025-02-28 09:28:13.515000+00:00,38.0,1253,1018.8,0,9685,32.9,26,3.7
18.4,2025-02-28 09:29:13.518000+00:00,38.0,1253,1018.8,0,9685,32.9,352,3.5
18.4,2025-02-28 09:30:13.515000+00:00,38.0,1253,1018.8,0,9685,33.4,2,3.8
18.3,2025-02-28 09:31:13.517000+00:00,38.0,1253,1018.8,0,9685,33.0,14,4.6
18.2,2025-02-28 09:32:13.517000+00:00,38.0,1253,1018.8,0,9685,33.0,3,3.7
18.2,2025-02-28 09:33:13.518000+00:00,37.0,1253,1018.6,0,9685,33.1,4,3.6
18.2,2025-02-28 09:34:13.520000+00:00,38.0,1253,1018.6,0,9685,33.1,5,4.6
18.3,2025-02-28 09:35:13.520000+00:00,38.0,1253,1018.6,0,9685,32.8,11,4.9
18.3,2025-02-28 09:36:13.519000+00:00,39.0,1253,1018.6,0,9685,32.8,11,4.7
18.2,2025-02-28 09:37:13.522000+00:00,39.0,1253,1018.6,0,9685,32.6,0,4.4
18.3,2025-02-28 09:38:13.522000+00:00,39.0,1253,1018.6,0,9685,32.5,12,4.4
18.3,2025-02-28 09:39:13.522000+00:00,40.0,1253,1018.6,0,9685,32.5,1,4.3
18.2,2025-02-28 09:40:13.522000+00:00,39.0,1253,1018.5,0,9685,32.5,17,3.7
18.2,2025-02-28 09:41:13.524000+00:00,39.0,1253,1018.6,0,9685,32.7,5,5.2
18.3,2025-02-28 09:42:13.533000+00:00,39.0,1253,1018.6,0,9685,32.8,14,3.9
18.2,2025-02-28 09:43:13.524000+00:00,38.0,1253,1018.6,0,9685,33.0,17,3.7
18.3,2025-02-28 09:44:13.525000+00:00,38.0,1253,1018.6,0,9685,33.1,13,3.8
18.3,2025-02-28 09:45:13.531000+00:00,37.0,1253,1018.4,0,9685,33.1,32,4.3
18.3,2025-02-28 09:46:13.528000+00:00,38.0,1253,1018.5,0,9685,32.8,6,3.7
18.3,2025-02-28 09:47:13.527000+00:00,38.0,1253,1018.4,0,9685,32.7,10,2.6
18.4,2025-02-28 09:48:13.527000+00:00,37.0,1253,1018.3,0,9685,33.0,21,3.8
18.4,2025-02-28 09:49:13.531000+00:00,37.0,1253,1018.5,0,9685,33.3,22,3.5
18.4,2025-02-28 09:50:13.531000+00:00,36.0,1253,1018.5,0,9685,33.3,55,3.7
18.4,2025-02-28 09:51:13.530000+00:00,37.0,1253,1018.5,0,9685,33.1,2,2.4
18.3,2025-02-28 09:52:13.533000+00:00,37.0,1253,1018.5,0,9685,33.1,3,2.3
18.2,2025-02-28 09:53:13.527000+00:00,37.0,1253,1018.6,0,9685,33.2,50,2.5
18.3,2025-02-28 09:54:13.533000+00:00,36.0,1253,1018.5,0,9685,33.2,19,2.7
18.3,2025-02-28 09:55:13.534000+00:00,36.0,1253,1018.4,0,9685,33.2,22,3.8
18.1,2025-02-28 09:56:13.535000+00:00,37.0,1253,1018.5,0,9685,33.1,35,3.0
18.1,2025-02-28 09:57:13.537000+00:00,38.0,1253,1018.3,0,9685,33.1,28,2.9
18.1,2025-02-28 09:58:13.537000+00:00,39.0,1253,1018.4,0,9685,33.3,359,2.3
18.1,2025-02-28 09:59:13.536000+00:00,38.0,1253,1018.4,0,9685,33.3,6,3.0
18.1,2025-02-28 10:00:13.540000+00:00,37.0,1253,1018.3,0,9685,33.3,22,2.9
18.2,2025-02-28 10:01:13.540000+00:00,36.0,1253,1018.2,0,9685,33.5,16,4.3
18.2,2025-02-28 10:02:13.539000+00:00,37.0,1253,1018.3,0,9685,33.5,10,5.5
18.2,2025-02-28 10:03:13.557000+00:00,38.0,1253,1018.4,0,9685,32.9,27,4.1
18.1,2025-02-28 10:04:13.573000+00:00,39.0,1253,1018.3,0,9685,33.2,21,2.9
18.3,2025-02-28 10:05:13.574000+00:00,39.0,1253,1018.2,0,9685,33.3,27,3.2
18.4,2025-02-28 10:06:13.590000+00:00,39.0,1253,1018.3,0,9685,33.3,37,2.7
18.2,2025-02-28 10:07:13.590000+00:00,39.0,1253,1018.2,0,9685,33.2,40,2.8
18.1,2025-02-28 10:08:13.591000+00:00,38.0,1253,1018.1,0,9685,33.0,35,3.8
18.1,2025-02-28 10:09:13.608000+00:00,38.0,1253,1018.3,0,9685,33.1,23,3.2
18.0,2025-02-28 10:10:13.615000+00:00,38.0,1253,1018.2,0,9685,33.0,14,3.6
18.1,2025-02-28 10:11:13.608000+00:00,38.0,1253,1018.2,0,9685,33.2,45,2.8
18.1,2025-02-28 10:12:13.610000+00:00,38.0,1253,1018.2,0,9685,33.2,48,3.4
18.2,2025-02-28 10:13:13.615000+00:00,38.0,1253,1018.3,0,9685,33.0,7,4.0
18.2,2025-02-28 10:14:13.617000+00:00,39.0,1253,1018.1,0,9685,33.3,22,3.8
18.3,2025-02-28 10:15:13.612000+00:00,39.0,1253,1018.2,0,9685,33.3,15,2.8
18.3,2025-02-28 10:16:13.627000+00:00,38.0,1253,1018.2,0,9685,33.5,20,2.9
18.3,2025-02-28 10:17:13.635000+00:00,38.0,1253,1018.2,0,9685,33.1,9,3.4
18.2,2025-02-28 10:18:13.645000+00:00,39.0,1253,1018.3,0,9685,33.0,16,2.5
18.2,2025-02-28 10:19:13.645000+00:00,39.0,1253,1018.3,0,9685,32.5,13,2.8
18.2,2025-02-28 10:20:13.644000+00:00,38.0,1253,1018.2,0,9685,32.5,36,3.2
18.1,2025-02-28 10:21:13.663000+00:00,38.0,1253,1018.1,0,9685,32.6,20,2.9
18.0,2025-02-28 10:22:13.666000+00:00,38.0,1253,1018.1,0,9685,32.7,0,3.6
18.0,2025-02-28 10:23:13.680000+00:00,38.0,1253,1018.1,0,9685,32.9,13,4.3
18.0,2025-02-28 10:24:13.681000+00:00,38.0,1253,1018.1,0,9685,32.7,5,4.6
17.9,2025-02-28 10:25:13.681000+00:00,38.0,1253,1018.0,0,9685,32.5,4,3.9
17.9,2025-02-28 10:26:13.681000+00:00,39.0,1253,1018.0,0,9685,32.4,5,4.0
17.8,2025-02-28 10:27:13.681000+00:00,40.0,1253,1018.1,0,9685,32.4,14,3.4
17.8,2025-02-28 10:28:13.683000+00:00,40.0,1253,1018.0,0,9685,33.1,12,2.5
18.0,2025-02-28 10:29:13.684000+00:00,39.0,1253,1018.0,0,9685,33.2,19,3.3
18.1,2025-02-28 10:30:13.686000+00:00,39.0,1253,1017.9,0,9685,33.4,41,3.5
18.1,2025-02-28 10:31:13.685000+00:00,40.0,1253,1018.0,0,9685,33.2,22,4.1
18.0,2025-02-28 10:32:13.695000+00:00,40.0,1253,1018.0,0,9685,33.0,39,2.1
18.1,2025-02-28 10:33:13.685000+00:00,40.0,1253,1018.0,0,9685,32.7,47,2.2
18.0,2025-02-28 10:34:13.688000+00:00,40.0,1253,1018.0,0,9685,32.7,31,1.6
18.1,2025-02-28 10:35:13.688000+00:00,40.0,1253,1017.9,0,9685,32.6,15,2.1
18.3,2025-02-28 10:36:13.690000+00:00,40.0,1253,1017.9,0,9685,32.6,23,2.3
18.3,2025-02-28 10:37:13.698000+00:00,39.0,1253,1017.9,0,9685,32.6,18,2.4
18.4,2025-02-28 10:38:13.690000+00:00,39.0,1253,1018.0,0,9685,32.5,24,2.6
18.3,2025-02-28 10:39:13.690000+00:00,39.0,1253,1017.8,0,9685,32.6,35,2.2
18.2,2025-02-28 10:40:13.692000+00:00,39.0,1253,1017.9,0,9685,32.6,15,2.8
18.1,2025-02-28 10:41:13.692000+00:00,39.0,1253,1017.9,0,9685,32.2,2,3.2
18.1,2025-02-28 10:42:13.697000+00:00,39.0,1253,1017.9,0,9685,32.0,31,3.2
18.0,2025-02-28 10:43:13.693000+00:00,39.0,1253,1017.8,0,9685,32.1,44,3.1
17.8,2025-02-28 10:44:13.703000+00:00,39.0,1253,1017.8,0,9685,32.0,42,2.9
17.9,2025-02-28 10:45:13.695000+00:00,39.0,1253,1017.8,0,9685,32.6,11,3.3
18.0,2025-02-28 10:46:13.695000+00:00,38.0,1253,1017.8,0,9685,32.6,36,3.5
18.0,2025-02-28 10:47:13.695000+00:00,38.0,1253,1017.8,0,9685,32.5,16,3.3
18.0,2025-02-28 10:48:13.697000+00:00,38.0,1253,1017.7,0,9685,32.5,24,3.2
18.0,2025-02-28 10:49:13.696000+00:00,38.0,1253,1017.8,0,9685,32.6,13,2.8
18.0,2025-02-28 10:50:13.698000+00:00,38.0,1253,1017.7,0,9685,32.8,36,3.4
18.1,2025-02-28 10:51:13.699000+00:00,40.0,1253,1017.8,0,9685,32.8,24,2.9
18.0,2025-02-28 10:52:13.697000+00:00,41.0,1253,1017.8,0,9685,32.8,16,2.4
18.0,2025-02-28 10:53:13.700000+00:00,39.0,1253,1017.8,0,9685,33.1,343,2.0
17.9,2025-02-28 10:54:13.700000+00:00,40.0,1253,1017.7,0,9685,33.2,21,2.2
18.1,2025-02-28 10:55:13.699000+00:00,39.0,1253,1017.8,0,9685,33.0,4,2.6
18.1,2025-02-28 10:56:13.693000+00:00,38.0,1253,1017.7,0,9685,32.8,8,2.6
18.1,2025-02-28 10:57:13.703000+00:00,37.0,1253,1017.5,0,9685,32.6,9,3.9
18.0,2025-02-28 10:58:13.703000+00:00,37.0,1253,1017.6,0,9685,32.4,8,5.3
18.0,2025-02-28 10:59:13.703000+00:00,37.0,1253,1017.6,0,9685,32.2,4,4.4
18.0,2025-02-28 11:00:13.704000+00:00,38.0,1253,1017.5,0,9685,32.0,9,5.2
18.0,2025-02-28 11:01:13.705000+00:00,38.0,1253,1017.5,0,9685,32.0,358,4.3
17.9,2025-02-28 11:02:13.715000+00:00,38.0,1253,1017.4,0,9685,32.4,3,4.2
18.0,2025-02-28 11:03:13.711000+00:00,37.0,1253,1017.5,0,9685,32.4,353,4.1
18.0,2025-02-28 11:04:13.721000+00:00,37.0,1253,1017.5,0,9685,32.3,12,4.3
18.0,2025-02-28 11:05:13.726000+00:00,39.0,1253,1017.4,0,9685,32.2,14,3.3
18.0,2025-02-28 11:06:13.739000+00:00,40.0,1253,1017.4,0,9685,32.0,32,2.7
17.9,2025-02-28 11:07:13.755000+00:00,40.0,1253,1017.5,0,9685,32.3,20,3.2
17.8,2025-02-28 11:08:13.756000+00:00,38.0,1253,1017.6,0,9685,32.3,22,3.8
17.9,2025-02-28 11:09:13.750000+00:00,37.0,1253,1017.5,0,9685,32.0,11,3.2
17.8,2025-02-28 11:10:13.756000+00:00,38.0,1253,1017.5,0,9685,31.8,33,3.3
17.9,2025-02-28 11:11:13.774000+00:00,38.0,1253,1017.5,0,9685,31.9,12,2.9
17.9,2025-02-28 11:12:13.774000+00:00,39.0,1253,1017.6,0,9685,32.2,17,3.4
17.9,2025-02-28 11:13:13.774000+00:00,39.0,1253,1017.5,0,9685,32.4,2,3.6
17.9,2025-02-28 11:14:13.775000+00:00,38.0,1253,1017.5,0,9685,32.6,352,2.9
18.0,2025-02-28 11:15:13.789000+00:00,38.0,1253,1017.4,0,9685,32.7,3,4.1
18.1,2025-02-28 11:16:13.813000+00:00,38.0,1253,1017.5,0,9685,32.7,9,3.8
18.0,2025-02-28 11:17:13.814000+00:00,38.0,1253,1017.4,0,9685,32.4,10,4.1
17.9,2025-02-28 11:18:13.811000+00:00,38.0,1253,1017.5,0,9685,32.3,9,4.3
18.0,2025-02-28 11:19:13.811000+00:00,38.0,1253,1017.4,0,9685,32.3,32,2.9
18.0,2025-02-28 11:20:13.810000+00:00,38.0,1253,1017.5,0,9685,32.3,14,4.0
18.0,2025-02-28 11:21:13.830000+00:00,38.0,1253,1017.4,0,9685,32.2,355,3.4
18.0,2025-02-28 11:22:13.828000+00:00,38.0,1253,1017.4,0,9685,32.1,14,4.7
18.0,2025-02-28 11:23:13.845000+00:00,38.0,1253,1017.5,0,9685,32.0,22,3.6
17.9,2025-02-28 11:24:13.848000+00:00,38.0,1253,1017.5,0,9685,32.0,30,3.7
17.9,2025-02-28 11:25:13.841000+00:00,38.0,1253,1017.5,0,9685,31.8,23,2.5
17.8,2025-02-28 11:26:13.848000+00:00,37.0,1253,1017.5,0,9685,31.8,8,4.4
17.9,2025-02-28 11:27:13.848000+00:00,38.0,1253,1017.4,0,9685,31.5,12,2.6
18.0,2025-02-28 11:28:13.848000+00:00,38.0,1253,1017.5,0,9685,31.5,358,3.4
18.0,2025-02-28 11:29:13.846000+00:00,37.0,1253,1017.6,0,9685,31.4,1,3.1
18.0,2025-02-28 11:30:13.851000+00:00,37.0,1253,1017.6,0,9685,31.3,24,3.3
17.9,2025-02-28 11:31:13.852000+00:00,38.0,1253,1017.5,0,9685,31.2,25,4.1
17.8,2025-02-28 11:32:13.853000+00:00,38.0,1253,1017.6,0,9685,31.2,16,3.5
17.8,2025-02-28 11:33:13.851000+00:00,38.0,1253,1017.4,0,9685,31.3,11,3.4
17.8,2025-02-28 11:34:13.847000+00:00,37.0,1253,1017.5,0,9685,31.3,13,4.0
17.8,2025-02-28 11:35:13.852000+00:00,37.0,1253,1017.4,0,9685,31.3,20,3.9
17.9,2025-02-28 11:36:13.864000+00:00,37.0,1253,1017.4,0,9685,31.1,10,3.7
18.0,2025-02-28 11:37:13.864000+00:00,37.0,1253,1017.4,0,9685,31.1,26,4.1
17.9,2025-02-28 11:38:13.856000+00:00,38.0,1253,1017.3,0,9685,31.0,11,3.6
17.8,2025-02-28 11:39:13.852000+00:00,38.0,1253,1017.3,0,9685,31.1,24,3.2
17.7,2025-02-28 11:40:13.857000+00:00,39.0,1253,1017.4,0,9685,31.1,31,3.0
17.7,2025-02-28 11:41:13.858000+00:00,39.0,1253,1017.3,0,9685,31.0,17,3.6
17.7,2025-02-28 11:42:13.859000+00:00,39.0,1253,1017.2,0,9685,30.8,24,4.3
17.6,2025-02-28 11:43:13.857000+00:00,39.0,1253,1017.2,0,9685,31.0,20,3.6
17.5,2025-02-28 11:44:13.854000+00:00,39.0,1253,1017.3,0,9685,31.1,10,3.4
17.7,2025-02-28 11:45:13.862000+00:00,38.0,1253,1017.1,0,9685,31.1,11,4.4
17.8,2025-02-28 11:46:13.860000+00:00,38.0,1253,1017.2,0,9685,30.6,8,3.7
17.8,2025-02-28 11:47:13.861000+00:00,39.0,1253,1017.2,0,9685,30.5,25,3.7
17.7,2025-02-28 11:48:13.863000+00:00,39.0,1253,1017.1,0,9685,30.3,3,3.8
17.6,2025-02-28 11:49:13.863000+00:00,39.0,1253,1017.1,0,9685,30.6,2,4.0
17.6,2025-02-28 11:50:13.864000+00:00,39.0,1253,1017.1,0,9685,30.7,3,3.3
17.5,2025-02-28 11:51:13.864000+00:00,39.0,1253,1016.9,0,9685,30.7,30,3.5
17.6,2025-02-28 11:52:13.867000+00:00,39.0,1253,1017.2,0,9685,30.6,4,2.7
17.6,2025-02-28 11:53:13.856000+00:00,37.0,1253,1016.9,0,9685,30.6,7,5.6
17.7,2025-02-28 11:54:13.866000+00:00,37.0,1253,1017.0,0,9685,30.4,4,4.9
17.7,2025-02-28 11:55:13.867000+00:00,37.0,1253,1017.0,0,9685,30.4,8,4.6
17.6,2025-02-28 11:56:13.864000+00:00,36.0,1253,1017.2,0,9685,30.2,16,3.8
17.6,2025-02-28 11:57:13.877000+00:00,37.0,1253,1017.1,0,9685,30.1,19,4.6
17.7,2025-02-28 11:58:13.871000+00:00,38.0,1253,1017.2,0,9685,30.0,8,3.8
17.6,2025-02-28 11:59:13.870000+00:00,38.0,1253,1017.1,0,9685,30.0,19,4.8
17.7,2025-02-28 12:00:13.880000+00:00,39.0,1253,1016.9,0,9685,29.9,0,5.3
17.7,2025-02-28 12:01:13.871000+00:00,39.0,1253,1017.1,0,9685,29.8,9,4.6
17.7,2025-02-28 12:02:13.874000+00:00,39.0,1253,1017.1,0,9685,29.9,17,4.8
17.7,2025-02-28 12:03:13.873000+00:00,38.0,1253,1017.1,0,9685,30.0,11,3.2
17.7,2025-02-28 12:04:13.873000+00:00,38.0,1253,1017.0,0,9685,30.0,358,3.9
17.8,2025-02-28 12:05:13.889000+00:00,38.0,1253,1017.0,0,9685,30.1,5,4.8
17.7,2025-02-28 12:06:13.874000+00:00,37.0,1253,1017.2,0,9685,29.6,18,4.4
17.7,2025-02-28 12:07:13.876000+00:00,38.0,1253,1017.0,0,9685,29.4,359,5.0
17.7,2025-02-28 12:08:13.877000+00:00,38.0,1253,1017.0,0,9685,29.4,10,4.5
17.6,2025-02-28 12:09:13.877000+00:00,38.0,1253,1017.1,0,9685,29.3,16,4.0
17.6,2025-02-28 12:10:13.880000+00:00,38.0,1253,1017.1,0,9685,29.2,8,3.6
17.5,2025-02-28 12:11:13.878000+00:00,38.0,1253,1017.1,0,9685,29.2,5,3.6
17.6,2025-02-28 12:12:13.882000+00:00,38.0,1253,1017.2,0,9685,29.0,16,4.1
17.5,2025-02-28 12:13:13.885000+00:00,38.0,1253,1017.2,0,9685,28.8,9,4.1
17.5,2025-02-28 12:14:13.883000+00:00,38.0,1253,1017.2,0,9685,28.7,2,3.9
17.5,2025-02-28 12:15:13.882000+00:00,39.0,1253,1017.2,0,9685,28.6,356,3.7
17.5,2025-02-28 12:16:13.883000+00:00,39.0,1253,1017.1,0,9685,28.4,15,3.4
17.4,2025-02-28 12:17:13.890000+00:00,40.0,1253,1017.1,0,9685,28.4,3,4.0
17.4,2025-02-28 12:18:13.884000+00:00,40.0,1253,1017.1,0,9685,28.5,11,3.1
17.4,2025-02-28 12:19:13.883000+00:00,40.0,1253,1017.1,0,9685,28.6,1,3.4
17.4,2025-02-28 12:20:13.886000+00:00,39.0,1253,1017.1,0,9685,28.9,15,4.8
17.5,2025-02-28 12:21:13.884000+00:00,38.0,1253,1017.1,0,9685,28.6,21,4.2
17.6,2025-02-28 12:22:13.885000+00:00,39.0,1253,1017.1,0,9685,28.5,0,3.7
17.6,2025-02-28 12:23:13.886000+00:00,39.0,1253,1017.2,0,9685,28.4,40,2.6
17.6,2025-02-28 12:24:13.888000+00:00,39.0,1253,1017.3,0,9685,28.4,15,2.6
17.6,2025-02-28 12:25:13.890000+00:00,39.0,1253,1017.2,0,9685,28.2,11,3.3
17.5,2025-02-28 12:26:13.887000+00:00,39.0,1253,1017.1,0,9685,28.1,14,3.2
17.4,2025-02-28 12:27:13.889000+00:00,40.0,1253,1017.2,0,9685,28.4,31,2.8
17.5,2025-02-28 12:28:13.892000+00:00,39.0,1253,1017.2,0,9685,28.5,30,3.1
17.4,2025-02-28 12:29:13.890000+00:00,39.0,1253,1017.2,0,9685,28.5,11,3.3
17.5,2025-02-28 12:30:13.892000+00:00,39.0,1253,1017.2,0,9685,28.5,19,2.7
17.4,2025-02-28 12:31:13.891000+00:00,39.0,1253,1017.3,0,9685,28.4,0,4.0
17.5,2025-02-28 12:32:13.892000+00:00,39.0,1253,1017.2,0,9685,28.5,7,4.2
17.4,2025-02-28 12:33:13.908000+00:00,40.0,1253,1017.4,0,9685,28.4,14,3.4
17.4,2025-02-28 12:34:13.910000+00:00,39.0,1253,1017.4,0,9685,28.4,10,3.6
17.4,2025-02-28 12:35:13.928000+00:00,39.0,1253,1017.2,0,9685,28.3,14,3.0
17.4,2025-02-28 12:36:13.946000+00:00,38.0,1253,1017.1,0,9685,28.2,12,2.3
17.5,2025-02-28 12:37:13.959000+00:00,38.0,1253,1017.2,0,9685,28.1,18,3.3
17.4,2025-02-28 12:38:13.960000+00:00,38.0,1253,1017.2,0,9685,27.9,350,3.8
17.4,2025-02-28 12:39:13.976000+00:00,38.0,1253,1017.2,0,9685,27.8,6,4.5
17.4,2025-02-28 12:40:13.992000+00:00,37.0,1253,1017.3,0,9685,27.8,9,4.0
17.3,2025-02-28 12:41:14.007000+00:00,37.0,1253,1017.2,0,9685,27.6,354,3.9
17.3,2025-02-28 12:42:14.028000+00:00,38.0,1253,1017.2,0,9685,27.3,358,3.3
17.2,2025-02-28 12:43:14.026000+00:00,39.0,1253,1017.2,0,9685,27.4,1,2.6
17.3,2025-02-28 12:44:14.026000+00:00,39.0,1253,1017.2,0,9685,27.4,332,3.2
17.3,2025-02-28 12:45:14.026000+00:00,39.0,1253,1017.2,0,9685,27.4,357,2.6
17.3,2025-02-28 12:46:14.028000+00:00,38.0,1253,1017.2,0,9685,27.4,4,3.3
17.3,2025-02-28 12:47:14.028000+00:00,39.0,1253,1017.2,0,9685,27.3,13,4.0
17.3,2025-02-28 12:48:14.029000+00:00,39.0,1253,1017.2,0,9685,27.2,18,2.8
17.3,2025-02-28 12:49:14.045000+00:00,38.0,1253,1017.1,0,9685,27.1,15,3.7
17.3,2025-02-28 12:50:14.063000+00:00,39.0,1253,1017.1,0,9685,27.0,13,3.0
17.2,2025-02-28 12:51:14.077000+00:00,39.0,1253,1017.2,0,9685,27.2,21,2.7
17.3,2025-02-28 12:52:14.077000+00:00,39.0,1253,1017.3,0,9685,26.9,30,3.6
17.3,2025-02-28 12:53:14.085000+00:00,39.0,1253,1017.1,0,9685,26.9,21,3.1
17.2,2025-02-28 12:54:14.079000+00:00,40.0,1253,1017.2,0,9685,27.0,22,2.7
17.2,2025-02-28 12:55:14.080000+00:00,40.0,1253,1017.1,0,9685,26.9,34,2.8
17.2,2025-02-28 12:56:14.080000+00:00,40.0,1253,1017.2,0,9685,26.8,38,2.4
17.2,2025-02-28 12:57:14.087000+00:00,40.0,1253,1017.2,0,9685,26.7,26,2.3
17.2,2025-02-28 12:58:14.087000+00:00,40.0,1253,1017.2,0,9685,26.5,12,2.9
17.2,2025-02-28 12:59:14.084000+00:00,40.0,1253,1017.2,0,9685,26.5,20,2.8
17.1,2025-02-28 13:00:14.084000+00:00,40.0,1253,1017.2,0,9685,26.5,28,2.9
17.1,2025-02-28 13:01:14.100000+00:00,40.0,1253,1017.2,0,9685,26.5,14,2.4
17.2,2025-02-28 13:02:14.117000+00:00,40.0,1253,1017.1,0,9685,26.6,5,3.0
17.1,2025-02-28 13:03:14.124000+00:00,40.0,1253,1017.3,0,9685,26.5,24,2.9
17.1,2025-02-28 13:04:14.133000+00:00,40.0,1253,1017.1,0,9685,26.6,15,2.6
17.1,2025-02-28 13:05:14.134000+00:00,40.0,1253,1017.2,0,9685,26.6,4,2.0
17.1,2025-02-28 13:06:14.134000+00:00,40.0,1253,1017.2,0,9685,26.6,356,1.9
17.1,2025-02-28 13:07:14.143000+00:00,40.0,1253,1017.2,0,9685,26.6,10,2.5
17.2,2025-02-28 13:08:14.140000+00:00,39.0,1253,1017.2,0,9685,26.6,15,3.4
17.1,2025-02-28 13:09:14.138000+00:00,40.0,1253,1017.2,0,9685,26.4,16,3.5
17.1,2025-02-28 13:10:14.138000+00:00,40.0,1253,1017.3,0,9685,26.3,23,2.9
17.2,2025-02-28 13:11:14.138000+00:00,41.0,1253,1017.2,0,9685,26.3,26,2.7
17.2,2025-02-28 13:12:14.139000+00:00,41.0,1253,1017.1,0,9685,26.3,22,3.1
17.2,2025-02-28 13:13:14.157000+00:00,41.0,1253,1017.3,0,9685,26.3,28,2.8
17.2,2025-02-28 13:14:14.157000+00:00,40.0,1253,1017.2,0,9685,26.1,16,2.8
17.2,2025-02-28 13:15:14.173000+00:00,40.0,1253,1017.3,0,9685,26.1,14,2.8
17.1,2025-02-28 13:16:14.174000+00:00,40.0,1253,1017.3,0,9685,26.0,10,3.4
17.1,2025-02-28 13:17:14.175000+00:00,40.0,1253,1017.3,0,9685,25.8,36,3.2
17.0,2025-02-28 13:18:14.173000+00:00,41.0,1253,1017.3,0,9685,25.7,20,2.0
17.0,2025-02-28 13:19:14.174000+00:00,40.0,1253,1017.2,0,9685,25.7,11,2.8
17.0,2025-02-28 13:20:14.176000+00:00,40.0,1253,1017.2,0,9685,25.6,8,2.9
17.1,2025-02-28 13:21:14.180000+00:00,41.0,1253,1017.2,0,9685,25.5,357,3.1
17.0,2025-02-28 13:22:14.179000+00:00,41.0,1253,1017.2,0,9685,25.5,13,2.9
17.0,2025-02-28 13:23:14.178000+00:00,40.0,1253,1017.1,0,9685,25.3,10,3.5
17.0,2025-02-28 13:24:14.179000+00:00,40.0,1253,1017.1,0,9685,25.1,349,3.2
17.0,2025-02-28 13:25:14.183000+00:00,40.0,1253,1017.1,0,9685,25.0,13,2.8
16.9,2025-02-28 13:26:14.186000+00:00,41.0,1253,1017.2,0,9685,25.2,13,2.4
16.9,2025-02-28 13:27:14.180000+00:00,40.0,1253,1017.1,0,9685,25.2,7,3.8
16.9,2025-02-28 13:28:14.182000+00:00,41.0,1253,1017.1,0,9685,25.0,7,3.6
16.9,2025-02-28 13:29:14.183000+00:00,40.0,1253,1017.1,0,9685,25.0,12,3.6
16.9,2025-02-28 13:30:14.182000+00:00,41.0,1253,1017.0,0,9685,24.8,17,3.2
16.9,2025-02-28 13:31:14.183000+00:00,41.0,1253,1017.1,0,9685,24.8,352,3.7
16.9,2025-02-28 13:32:14.183000+00:00,41.0,1253,1017.1,0,9685,24.8,9,2.4
16.9,2025-02-28 13:33:14.184000+00:00,41.0,1253,1017.0,0,9685,24.8,0,2.7
16.9,2025-02-28 13:34:14.186000+00:00,41.0,1253,1017.1,0,9685,24.9,356,2.7
16.9,2025-02-28 13:35:14.191000+00:00,41.0,1253,1017.1,0,9685,24.7,20,2.5
16.9,2025-02-28 13:36:14.188000+00:00,41.0,1253,1017.1,0,9685,24.6,355,1.9
16.9,2025-02-28 13:37:14.187000+00:00,40.0,1253,1017.2,0,9685,24.6,10,1.9
16.9,2025-02-28 13:38:14.190000+00:00,41.0,1253,1017.1,0,9685,24.4,28,3.3
16.9,2025-02-28 13:39:14.189000+00:00,41.0,1253,1017.2,0,9685,24.4,19,2.9
16.8,2025-02-28 13:40:14.191000+00:00,41.0,1253,1017.1,0,9685,24.4,13,2.9
16.8,2025-02-28 13:41:14.190000+00:00,41.0,1253,1017.2,0,9685,24.4,349,2.3
16.8,2025-02-28 13:42:14.191000+00:00,41.0,1253,1017.1,0,9685,24.4,354,2.8
16.8,2025-02-28 13:43:14.191000+00:00,41.0,1253,1017.1,0,9685,24.4,9,3.8
16.8,2025-02-28 13:44:14.194000+00:00,41.0,1253,1017.1,0,9685,24.2,355,3.7
16.8,2025-02-28 13:45:14.192000+00:00,41.0,1253,1017.2,0,9685,24.2,5,3.0
16.8,2025-02-28 13:46:14.194000+00:00,41.0,1253,1017.2,0,9685,24.2,0,3.3
16.9,2025-02-28 13:47:14.196000+00:00,42.0,1253,1017.3,0,9685,24.2,13,2.8
16.9,2025-02-28 13:48:14.196000+00:00,42.0,1253,1017.3,0,9685,24.1,11,2.5
16.8,2025-02-28 13:49:14.194000+00:00,42.0,1253,1017.2,0,9685,24.1,357,2.1
16.8,2025-02-28 13:50:14.198000+00:00,42.0,1253,1017.2,0,9685,24.0,29,1.8
16.8,2025-02-28 13:51:14.197000+00:00,42.0,1253,1017.3,0,9685,23.9,17,1.6
16.7,2025-02-28 13:52:14.203000+00:00,41.0,1253,1017.3,0,9685,23.8,15,2.2
16.8,2025-02-28 13:53:14.199000+00:00,42.0,1253,1017.4,0,9685,23.8,342,1.6
16.8,2025-02-28 13:54:14.199000+00:00,41.0,1253,1017.4,0,9685,23.8,29,2.0
16.8,2025-02-28 13:55:14.199000+00:00,42.0,1253,1017.3,0,9685,23.4,14,2.4
16.7,2025-02-28 13:56:14.201000+00:00,42.0,1253,1017.3,0,9685,23.4,32,2.6
16.6,2025-02-28 13:57:14.205000+00:00,42.0,1253,1017.4,0,9685,23.4,7,2.8
16.6,2025-02-28 13:58:14.207000+00:00,42.0,1253,1017.3,0,9685,23.4,24,2.2
16.6,2025-02-28 13:59:14.224000+00:00,42.0,1253,1017.3,0,9685,23.3,1,2.4
16.6,2025-02-28 14:00:14.241000+00:00,42.0,1253,1017.4,0,9685,23.3,10,2.5
16.6,2025-02-28 14:01:14.255000+00:00,42.0,1253,1017.4,0,9685,23.2,26,3.1
16.6,2025-02-28 14:02:14.251000+00:00,42.0,1253,1017.4,0,9685,23.1,21,3.5
16.6,2025-02-28 14:03:14.253000+00:00,43.0,1253,1017.4,0,9685,23.1,22,2.7
16.5,2025-02-28 14:04:14.268000+00:00,42.0,1253,1017.4,0,9685,23.1,39,2.6
16.5,2025-02-28 14:05:14.284000+00:00,43.0,1253,1017.4,0,9685,23.0,28,2.2
16.5,2025-02-28 14:06:14.301000+00:00,43.0,1253,1017.4,0,9685,23.0,24,2.2
16.5,2025-02-28 14:07:14.302000+00:00,43.0,1253,1017.4,0,9685,22.8,18,2.5
16.5,2025-02-28 14:08:14.309000+00:00,43.0,1253,1017.4,0,9685,22.9,21,2.4
16.5,2025-02-28 14:09:14.303000+00:00,43.0,1253,1017.4,0,9685,22.9,13,2.3
16.5,2025-02-28 14:10:14.323000+00:00,43.0,1253,1017.5,0,9685,22.9,10,1.8
16.5,2025-02-28 14:11:14.336000+00:00,43.0,1253,1017.6,0,9685,22.9,16,1.4
16.5,2025-02-28 14:12:14.338000+00:00,43.0,1253,1017.6,0,9685,22.7,22,2.1
16.5,2025-02-28 14:13:14.338000+00:00,43.0,1253,1017.6,0,9685,22.6,3,2.8
16.4,2025-02-28 14:14:14.338000+00:00,43.0,1253,1017.7,0,9685,22.6,13,2.4
16.4,2025-02-28 14:15:14.337000+00:00,43.0,1253,1017.7,0,9685,22.6,35,2.5
16.5,2025-02-28 14:16:14.342000+00:00,42.0,1253,1017.6,0,9685,22.7,22,2.4
16.5,2025-02-28 14:17:14.348000+00:00,42.0,1253,1017.7,0,9685,22.5,12,2.4
16.5,2025-02-28 14:18:14.341000+00:00,42.0,1253,1017.6,0,9685,22.4,15,2.3
16.5,2025-02-28 14:19:14.341000+00:00,43.0,1253,1017.7,0,9685,22.4,13,2.5
16.5,2025-02-28 14:20:14.347000+00:00,43.0,1253,1017.7,0,9685,22.4,36,2.9
16.4,2025-02-28 14:21:14.359000+00:00,42.0,1253,1017.6,0,9685,22.3,10,3.1
16.4,2025-02-28 14:22:14.376000+00:00,43.0,1253,1017.6,0,9685,22.3,26,2.5
16.5,2025-02-28 14:23:14.375000+00:00,43.0,1253,1017.6,0,9685,22.3,21,3.0
16.4,2025-02-28 14:24:14.376000+00:00,43.0,1253,1017.6,0,9685,22.2,8,2.3
16.4,2025-02-28 14:25:14.379000+00:00,43.0,1253,1017.5,0,9685,22.3,28,2.4
16.4,2025-02-28 14:26:14.393000+00:00,43.0,1253,1017.5,0,9685,22.2,19,2.4
16.4,2025-02-28 14:27:14.399000+00:00,42.0,1253,1017.5,0,9685,22.2,21,2.2
16.4,2025-02-28 14:28:14.395000+00:00,42.0,1253,1017.5,0,9685,22.2,27,2.8
16.4,2025-02-28 14:29:14.386000+00:00,42.0,1253,1017.3,0,9685,22.1,4,3.3
16.4,2025-02-28 14:30:14.397000+00:00,42.0,1253,1017.3,0,9685,22.1,24,2.7
16.4,2025-02-28 14:31:14.396000+00:00,41.0,1253,1017.2,0,9685,22.1,11,3.0
16.4,2025-02-28 14:32:14.412000+00:00,41.0,1253,1017.3,0,9685,22.0,28,3.6
16.4,2025-02-28 14:33:14.398000+00:00,41.0,1253,1017.2,0,9685,21.9,24,3.1
16.3,2025-02-28 14:34:14.400000+00:00,41.0,1253,1017.2,0,9685,21.9,17,2.6
16.4,2025-02-28 14:35:14.399000+00:00,41.0,1253,1017.3,0,9685,21.8,23,2.9
16.4,2025-02-28 14:36:14.400000+00:00,41.0,1253,1017.4,0,9685,21.8,26,1.9
16.4,2025-02-28 14:37:14.419000+00:00,41.0,1253,1017.3,0,9685,21.8,358,1.4
16.4,2025-02-28 14:38:14.417000+00:00,41.0,1253,1017.4,0,9685,21.8,34,1.2
16.4,2025-02-28 14:39:14.419000+00:00,41.0,1253,1017.4,0,9685,21.8,8,1.6
16.4,2025-02-28 14:40:14.439000+00:00,40.0,1253,1017.4,0,9685,21.7,22,1.6
16.4,2025-02-28 14:41:14.428000+00:00,41.0,1253,1017.3,0,9685,21.7,31,1.6
16.4,2025-02-28 14:42:14.453000+00:00,40.0,1253,1017.2,0,9685,21.7,25,1.5
16.4,2025-02-28 14:43:14.468000+00:00,40.0,1253,1017.3,0,9685,21.7,334,2.4
16.3,2025-02-28 14:44:14.470000+00:00,40.0,1253,1017.3,0,9685,21.7,25,2.1
16.4,2025-02-28 14:45:14.487000+00:00,40.0,1253,1017.3,0,9685,21.6,15,2.7
16.3,2025-02-28 14:46:14.485000+00:00,40.0,1253,1017.2,0,9685,21.5,35,3.4
16.3,2025-02-28 14:47:14.491000+00:00,40.0,1253,1017.2,0,9685,21.4,20,2.2
16.3,2025-02-28 14:48:14.489000+00:00,40.0,1253,1017.2,0,9685,21.4,22,2.8
16.3,2025-02-28 14:49:14.488000+00:00,40.0,1253,1017.3,0,9685,21.3,352,2.1
16.3,2025-02-28 14:50:14.488000+00:00,40.0,1253,1017.2,0,9685,21.3,2,1.9
16.3,2025-02-28 14:51:14.489000+00:00,40.0,1253,1017.3,0,9685,21.3,20,1.8
16.3,2025-02-28 14:52:14.490000+00:00,40.0,1253,1017.3,0,9685,21.3,20,2.0
16.2,2025-02-28 14:53:14.490000+00:00,39.0,1253,1017.2,0,9685,21.3,21,2.6
16.2,2025-02-28 14:54:14.492000+00:00,39.0,1253,1017.3,0,9685,21.3,32,2.3
16.3,2025-02-28 14:55:14.493000+00:00,39.0,1253,1017.3,0,9685,21.1,16,2.3
16.2,2025-02-28 14:56:14.493000+00:00,40.0,1253,1017.3,0,9685,21.1,26,2.5
16.2,2025-02-28 14:57:14.494000+00:00,40.0,1253,1017.4,0,9685,21.1,10,2.4
16.2,2025-02-28 14:58:14.495000+00:00,40.0,1253,1017.2,0,9685,21.0,20,2.6
16.2,2025-02-28 14:59:14.495000+00:00,40.0,1253,1017.2,0,9685,21.0,8,2.8
16.2,2025-02-28 15:00:14.499000+00:00,41.0,1253,1017.2,0,9685,21.0,23,3.0
16.2,2025-02-28 15:01:14.497000+00:00,41.0,1253,1017.2,0,9685,21.0,8,2.4
16.2,2025-02-28 15:02:14.501000+00:00,41.0,1253,1017.1,0,9685,21.0,17,2.5
16.1,2025-02-28 15:03:14.501000+00:00,41.0,1253,1017.2,0,9685,20.9,4,2.9
16.1,2025-02-28 15:04:14.498000+00:00,41.0,1253,1017.2,0,9685,20.9,5,2.0
16.1,2025-02-28 15:05:14.500000+00:00,41.0,1253,1017.3,0,9685,20.8,4,1.9
16.1,2025-02-28 15:06:14.502000+00:00,41.0,1253,1017.3,0,9685,20.9,349,1.4
16.1,2025-02-28 15:07:14.501000+00:00,41.0,1253,1017.3,0,9685,20.9,34,2.2
16.2,2025-02-28 15:08:14.501000+00:00,41.0,1253,1017.3,0,9685,20.9,5,1.9
16.1,2025-02-28 15:09:14.503000+00:00,42.0,1253,1017.3,0,9685,20.9,40,2.0
16.2,2025-02-28 15:10:14.502000+00:00,42.0,1253,1017.3,0,9685,20.9,36,1.5
16.2,2025-02-28 15:11:14.503000+00:00,42.0,1253,1017.5,0,9685,20.9,36,0.8
16.2,2025-02-28 15:12:14.504000+00:00,42.0,1253,1017.5,0,9685,20.9,35,1.4
16.2,2025-02-28 15:13:14.505000+00:00,42.0,1253,1017.4,0,9685,20.9,19,1.9
16.2,2025-02-28 15:14:14.504000+00:00,42.0,1253,1017.5,0,9685,20.9,9,0.9
16.2,2025-02-28 15:15:14.506000+00:00,42.0,1253,1017.5,0,9685,20.9,9,0.6
16.2,2025-02-28 15:16:14.507000+00:00,42.0,1253,1017.4,0,9685,20.9,15,1.2
16.2,2025-02-28 15:17:14.509000+00:00,42.0,1253,1017.3,0,9685,20.9,24,1.6
16.2,2025-02-28 15:18:14.508000+00:00,42.0,1253,1017.4,0,9685,20.8,358,2.3
16.2,2025-02-28 15:19:14.508000+00:00,42.0,1253,1017.3,0,9685,20.8,17,2.9
16.2,2025-02-28 15:20:14.509000+00:00,42.0,1253,1017.3,0,9685,20.8,355,1.6
16.1,2025-02-28 15:21:14.509000+00:00,42.0,1253,1017.3,0,9685,20.8,6,2.3
16.2,2025-02-28 15:22:14.509000+00:00,42.0,1253,1017.3,0,9685,20.7,8,2.5
16.1,2025-02-28 15:23:14.512000+00:00,42.0,1253,1017.4,0,9685,20.7,357,2.3
16.1,2025-02-28 15:24:14.518000+00:00,42.0,1253,1017.4,0,9685,20.6,5,3.7
16.1,2025-02-28 15:25:14.512000+00:00,42.0,1253,1017.2,0,9685,20.5,13,3.6
16.1,2025-02-28 15:26:14.512000+00:00,42.0,1253,1017.3,0,9685,20.4,1,2.9
16.1,2025-02-28 15:27:14.514000+00:00,42.0,1253,1017.2,0,9685,20.4,22,2.5
16.1,2025-02-28 15:28:14.529000+00:00,42.0,1253,1017.3,0,9685,20.4,27,3.4
16.1,2025-02-28 15:29:14.515000+00:00,42.0,1253,1017.3,0,9685,20.4,29,3.1
16.1,2025-02-28 15:39:01.273000+00:00,42.0,1253,1017.3,0,9685,20.4,17,1.4
16.1,2025-02-28 15:39:14.527000+00:00,42.0,1253,1017.3,0,9685,20.4,17,1.4
16.1,2025-02-28 15:40:14.525000+00:00,42.0,1253,1017.3,0,9685,20.4,41,1.5
16.1,2025-02-28 15:41:14.527000+00:00,43.0,1253,1017.3,0,9685,20.4,34,1.9
16.1,2025-02-28 15:42:14.525000+00:00,43.0,1253,1017.3,0,9685,20.4,29,1.8
16.1,2025-02-28 15:43:14.529000+00:00,43.0,1253,1017.3,0,9685,20.3,5,1.8
16.1,2025-02-28 15:44:14.537000+00:00,43.0,1253,1017.2,0,9685,20.2,1,2.7
16.0,2025-02-28 15:45:14.528000+00:00,43.0,1253,1017.2,0,9685,20.2,27,2.4
16.0,2025-02-28 15:46:14.532000+00:00,44.0,1253,1017.2,0,9685,20.2,18,2.5
16.0,2025-02-28 15:47:14.531000+00:00,44.0,1253,1017.3,0,9685,20.2,40,2.3
16.0,2025-02-28 15:48:14.536000+00:00,43.0,1253,1017.2,0,9685,20.1,50,2.1
16.0,2025-02-28 15:49:14.533000+00:00,44.0,1253,1017.3,0,9685,20.1,76,1.4
16.0,2025-02-28 15:50:14.534000+00:00,44.0,1253,1017.3,0,9685,20.1,14,1.8
16.0,2025-02-28 15:51:14.533000+00:00,43.0,1253,1017.4,0,9685,20.0,7,3.9
16.0,2025-02-28 15:52:14.542000+00:00,44.0,1253,1017.4,0,9685,20.0,5,2.0
16.0,2025-02-28 15:53:14.565000+00:00,44.0,1253,1017.4,0,9685,20.0,16,2.1
16.0,2025-02-28 15:54:14.536000+00:00,44.0,1253,1017.4,0,9685,20.0,349,2.1
16.0,2025-02-28 15:55:14.536000+00:00,43.0,1253,1017.5,0,9685,20.1,18,2.2
16.0,2025-02-28 15:56:14.536000+00:00,43.0,1253,1017.4,0,9685,20.1,33,1.9
16.0,2025-02-28 15:57:14.540000+00:00,43.0,1253,1017.5,0,9685,20.1,12,1.9
16.0,2025-02-28 15:58:14.538000+00:00,43.0,1253,1017.4,0,9685,20.1,22,2.4
16.1,2025-02-28 15:59:14.540000+00:00,43.0,1253,1017.5,0,9685,20.1,38,2.9
16.0,2025-02-28 16:00:14.540000+00:00,43.0,1253,1017.4,0,9685,20.0,31,2.6
16.0,2025-02-28 16:01:14.546000+00:00,43.0,1253,1017.4,0,9685,20.0,14,2.8
16.0,2025-02-28 16:02:14.540000+00:00,43.0,1253,1017.3,0,9685,20.0,3,2.6
16.0,2025-02-28 16:03:14.541000+00:00,43.0,1253,1017.4,0,9685,19.9,18,2.3
16.0,2025-02-28 16:04:14.542000+00:00,43.0,1253,1017.4,0,9685,19.9,7,2.3
16.0,2025-02-28 16:05:14.543000+00:00,43.0,1253,1017.4,0,9685,19.9,22,2.1
16.0,2025-02-28 16:06:14.543000+00:00,43.0,1253,1017.4,0,9685,19.9,34,2.1
